mtllib model_1.mtl
o model_1
v -1.138343334197998 68.781494140625 -199.9108428955078 
v -0.9849352836608887 68.7164077758789 -199.9108428955078 
v -0.9849352836608887 68.7164077758789 -199.69586181640625 
v 28.1694278717041 68.7164077758789 -199.69586181640625 
v -0.9849352836608887 68.71643829345703 -18.03281021118164 
v -1.138343334197998 68.78152465820312 -18.03281021118164 
v -1.138343334197998 68.78152465820312 -17.817829132080078 
v -0.9849352836608887 68.71643829345703 -17.817829132080078 
v 28.1694278717041 68.71643829345703 -17.817829132080078 
v 28.1694278717041 68.71643829345703 -18.03281021118164 
v 28.38559341430664 68.76416778564453 -17.817829132080078 
v 28.32283592224121 68.78152465820312 -18.03281021118164 
v 28.32283592224121 68.781494140625 -199.69586181640625 
v -1.138343334197998 68.781494140625 -199.69586181640625 
v 28.1694278717041 68.71643829345703 -17.596134185791016 
v -0.9849352836608887 68.71643829345703 -17.596134185791016 
v -1.138343334197998 68.78152465820312 -17.817829132080078 
v -1.138343334197998 68.78152465820312 -17.596134185791016 
v -1.138343334197998 68.78153228759766 0.9860194325447083 
v -0.9849352836608887 68.71644592285156 0.9860194325447083 
v -1.110450267791748 68.80973052978516 1.106945276260376 
v -0.9849352836608887 68.78153228759766 1.1405375003814697 
v 28.1694278717041 68.78153228759766 1.1405375003814697 
v 28.1694278717041 68.71644592285156 0.9860194325447083 
v 28.38559341430664 68.71643829345703 -17.596134185791016 
v 28.601757049560547 68.71643829345703 -17.596134185791016 
v 28.601757049560547 68.78152465820312 -17.750652313232422 
v 28.38559341430664 68.78153228759766 1.1405375003814697 
v 28.38559341430664 68.71644592285156 0.9860194325447083 
v 28.601757049560547 68.71644592285156 0.9860194325447083 
v 28.38559341430664 68.78153228759766 1.1405375003814697 
v 28.601757049560547 68.78153228759766 1.1405375003814697 
v 83.23917388916016 68.78153228759766 1.1405375003814697 
v 83.23917388916016 68.71644592285156 0.9860194325447083 
v 83.45533752441406 68.78153228759766 1.1405375003814697 
v 83.45533752441406 68.71644592285156 0.9860194325447083 
v 83.45533752441406 68.71643829345703 -17.596134185791016 
v 83.23917388916016 68.71643829345703 -17.596134185791016 
v 83.45533752441406 68.76416778564453 -17.817829132080078 
v 83.23917388916016 68.78152465820312 -17.750652313232422 
v 83.67150115966797 68.71643829345703 -17.596134185791016 
v 83.67150115966797 68.71644592285156 0.9860194325447083 
v 83.45533752441406 68.78153228759766 1.1405375003814697 
v 83.67150115966797 68.78153228759766 1.1405375003814697 
v 112.82586669921875 68.78153228759766 1.1405375003814697 
v 112.82586669921875 68.71644592285156 0.9860194325447083 
v 112.95137786865234 68.80973052978516 1.106945276260376 
v 112.9792709350586 68.78153228759766 0.9860194325447083 
v 112.9792709350586 68.78152465820312 -17.596134185791016 
v 112.82586669921875 68.71643829345703 -17.596134185791016 
v 83.67150115966797 68.71643829345703 -17.817829132080078 
v 83.67150115966797 68.71643829345703 -18.03281021118164 
v 83.5180892944336 68.78152465820312 -18.03281021118164 
v 112.9792709350586 68.78152465820312 -17.817829132080078 
v 112.82586669921875 68.71643829345703 -17.817829132080078 
v 112.82586669921875 68.71643829345703 -18.03281021118164 
v 112.82586669921875 68.7164077758789 -199.69586181640625 
v 112.9792709350586 68.781494140625 -199.69586181640625 
v 112.9792709350586 68.781494140625 -199.9108428955078 
v 112.82586669921875 68.7164077758789 -199.9108428955078 
v 83.67150115966797 68.7164077758789 -199.9108428955078 
v 83.67150115966797 68.7164077758789 -199.69586181640625 
v 83.5180892944336 68.781494140625 -199.69586181640625 
v 83.45533752441406 68.7641372680664 -199.9108428955078 
v 83.67150115966797 68.7164077758789 -200.13253784179688 
v 112.82586669921875 68.7164077758789 -200.13253784179688 
v 112.9792709350586 68.781494140625 -199.9108428955078 
v 112.9792709350586 68.781494140625 -200.13253784179688 
v 112.9792709350586 68.781494140625 -218.71469116210938 
v 112.82586669921875 68.7164077758789 -218.71469116210938 
v 112.95137786865234 68.80970001220703 -218.8356170654297 
v 112.82586669921875 68.781494140625 -218.8692169189453 
v 83.67150115966797 68.781494140625 -218.8692169189453 
v 83.67150115966797 68.7164077758789 -218.71469116210938 
v 83.45533752441406 68.7164077758789 -200.13253784179688 
v 83.23917388916016 68.7164077758789 -200.13253784179688 
v 83.23917388916016 68.781494140625 -199.97802734375 
v 112.9792709350586 68.78152465820312 -17.817829132080078 
v 112.9792709350586 68.78152465820312 -18.03281021118164 
v 83.45533752441406 68.781494140625 -218.8692169189453 
v 83.45533752441406 68.7164077758789 -218.71469116210938 
v 83.23917388916016 68.7164077758789 -218.71469116210938 
v 28.601757049560547 68.7164077758789 -218.71469116210938 
v 28.601757049560547 68.781494140625 -218.8692169189453 
v 28.38559341430664 68.781494140625 -218.8692169189453 
v 28.38559341430664 68.7164077758789 -218.71469116210938 
v 28.38559341430664 68.7164077758789 -200.13253784179688 
v 28.601757049560547 68.7164077758789 -200.13253784179688 
v 28.601757049560547 68.781494140625 -199.97802734375 
v 28.38559341430664 68.7641372680664 -199.9108428955078 
v 28.1694278717041 68.7164077758789 -200.13253784179688 
v 28.1694278717041 68.7164077758789 -218.71469116210938 
v 28.38559341430664 68.781494140625 -218.8692169189453 
v 28.1694278717041 68.781494140625 -218.8692169189453 
v -0.9849352836608887 68.781494140625 -218.8692169189453 
v -0.9849352836608887 68.7164077758789 -218.71469116210938 
v -1.110450267791748 68.80970001220703 -218.8356170654297 
v -1.138343334197998 68.781494140625 -218.71469116210938 
v -1.138343334197998 68.781494140625 -200.13253784179688 
v -0.9849352836608887 68.7164077758789 -200.13253784179688 
v 28.1694278717041 68.7164077758789 -199.9108428955078 
v 83.45533752441406 68.781494140625 -218.8692169189453 
v 83.23917388916016 68.781494140625 -218.8692169189453 
v -1.138343334197998 68.781494140625 -199.9108428955078 
v -0.9849352836608887 71.08766174316406 -199.9108428955078 
v -0.9849352836608887 71.08766174316406 -200.13253784179688 
v 28.1694278717041 71.08766174316406 -200.13253784179688 
v 28.1694278717041 71.08766174316406 -218.71469116210938 
v 28.1694278717041 71.08766174316406 -199.9108428955078 
v -0.9849352836608887 71.08766174316406 -199.69586181640625 
v -1.138343334197998 71.02474975585938 -199.9108428955078 
v -1.138343334197998 71.02474975585938 -199.69586181640625 
v -1.201098918914795 70.87071228027344 -199.69586181640625 
v -1.138343334197998 71.0247802734375 -18.03281021118164 
v -0.9849352836608887 71.08769226074219 -18.03281021118164 
v 28.1694278717041 71.08766174316406 -199.69586181640625 
v 28.38559341430664 71.03993225097656 -199.9108428955078 
v 28.38559341430664 71.08766174316406 -200.13253784179688 
v 28.38559341430664 71.08766174316406 -218.71469116210938 
v 28.601757049560547 71.08766174316406 -200.13253784179688 
v 28.601757049560547 71.02474975585938 -199.97802734375 
v 83.23917388916016 71.08766174316406 -200.13253784179688 
v 83.23917388916016 71.02474975585938 -199.97802734375 
v 83.45533752441406 71.03993225097656 -199.9108428955078 
v 83.45533752441406 71.08766174316406 -200.13253784179688 
v 83.23917388916016 71.08766174316406 -218.71469116210938 
v 28.601757049560547 71.08766174316406 -218.71469116210938 
v 28.38559341430664 71.02474975585938 -218.8692169189453 
v 28.601757049560547 71.02474975585938 -218.8692169189453 
v 83.23917388916016 71.02474975585938 -218.8692169189453 
v 83.23917388916016 70.87071228027344 -218.92967224121094 
v 28.601757049560547 70.87071228027344 -218.92967224121094 
v 28.38559341430664 70.87071228027344 -218.92967224121094 
v 28.38559341430664 68.93335723876953 -218.92967224121094 
v 28.1694278717041 68.93335723876953 -218.92967224121094 
v 28.38559341430664 68.781494140625 -218.8692169189453 
v 28.1694278717041 68.781494140625 -218.8692169189453 
v -0.9849352836608887 68.93335723876953 -218.92967224121094 
v -0.9849352836608887 68.781494140625 -218.8692169189453 
v -1.110450267791748 68.80970001220703 -218.8356170654297 
v -1.138343334197998 68.93335723876953 -218.8692169189453 
v -0.9849352836608887 70.87071228027344 -218.92967224121094 
v -1.138343334197998 70.87071228027344 -218.8692169189453 
v -1.110450267791748 70.99654388427734 -218.8356170654297 
v -0.9849352836608887 71.02474975585938 -218.8692169189453 
v 28.1694278717041 70.87071228027344 -218.92967224121094 
v 28.1694278717041 71.02474975585938 -218.8692169189453 
v -0.9849352836608887 71.08766174316406 -218.71469116210938 
v -1.138343334197998 71.02474975585938 -218.71469116210938 
v -1.138343334197998 71.02474975585938 -200.13253784179688 
v -1.201098918914795 70.87071228027344 -200.13253784179688 
v -1.201098918914795 70.87071228027344 -199.9108428955078 
v -1.201098918914795 70.87071228027344 -218.71469116210938 
v -1.138343334197998 70.87071228027344 -218.8692169189453 
v -1.201098918914795 68.93335723876953 -218.71469116210938 
v -1.201098918914795 68.93335723876953 -200.13253784179688 
v -1.138343334197998 68.781494140625 -218.71469116210938 
v -1.110450267791748 68.80970001220703 -218.8356170654297 
v -1.138343334197998 68.93335723876953 -218.8692169189453 
v -1.201098918914795 68.93335723876953 -199.9108428955078 
v -1.201098918914795 68.93335723876953 -199.69586181640625 
v -1.138343334197998 68.781494140625 -200.13253784179688 
v -1.138343334197998 68.781494140625 -199.9108428955078 
v -1.138343334197998 68.781494140625 -199.9108428955078 
v -1.138343334197998 68.781494140625 -199.69586181640625 
v -1.201098918914795 68.93338775634766 -18.03281021118164 
v -1.138343334197998 68.78152465820312 -18.03281021118164 
v -1.138343334197998 68.78152465820312 -17.817829132080078 
v -1.201098918914795 68.93338775634766 -17.817829132080078 
v -1.201098918914795 70.87074279785156 -18.03281021118164 
v -1.201098918914795 70.87074279785156 -17.817829132080078 
v -1.138343334197998 71.0247802734375 -17.817829132080078 
v -1.201098918914795 68.93338775634766 -17.596134185791016 
v -1.138343334197998 68.78152465820312 -17.817829132080078 
v -1.138343334197998 68.78152465820312 -17.596134185791016 
v -1.201098918914795 68.93339538574219 0.9860193729400635 
v -1.138343334197998 68.78153228759766 0.9860194325447083 
v -1.110450267791748 68.80973052978516 1.106945276260376 
v -1.138343334197998 68.93339538574219 1.1405375003814697 
v -1.201098918914795 70.8707504272461 0.9860190749168396 
v -1.138343334197998 70.8707504272461 1.140537142753601 
v -1.110450267791748 70.99657440185547 1.1069449186325073 
v -1.138343334197998 71.0247802734375 0.9860190153121948 
v -1.201098918914795 70.87074279785156 -17.596134185791016 
v -1.138343334197998 71.0247802734375 -17.596134185791016 
v -0.9849352836608887 71.08769989013672 0.9860190153121948 
v -0.9849352836608887 71.08769226074219 -17.596134185791016 
v -0.9849352836608887 71.08769226074219 -17.817829132080078 
v 28.1694278717041 71.08769226074219 -18.03281021118164 
v 28.32283592224121 71.0247802734375 -18.03281021118164 
v 28.32283592224121 71.02474975585938 -199.69586181640625 
v 28.38559341430664 71.03996276855469 -17.817829132080078 
v 28.1694278717041 71.08769226074219 -17.817829132080078 
v 28.1694278717041 71.08769226074219 -17.596134185791016 
v 28.1694278717041 71.08769989013672 0.9860190153121948 
v -0.9849352836608887 71.0247802734375 1.140537142753601 
v -0.9849352836608887 70.8707504272461 1.2010000944137573 
v -1.138343334197998 70.8707504272461 1.140537142753601 
v 28.1694278717041 71.0247802734375 1.140537142753601 
v 28.38559341430664 71.0247802734375 1.140537142753601 
v 28.38559341430664 71.08769989013672 0.9860190153121948 
v 28.38559341430664 71.08769226074219 -17.596134185791016 
v 28.601757049560547 71.08769226074219 -17.596134185791016 
v 28.601757049560547 71.0247802734375 -17.750652313232422 
v 83.23917388916016 71.0247802734375 -17.750652313232422 
v 83.23917388916016 71.08769226074219 -17.596134185791016 
v 83.45533752441406 71.03996276855469 -17.817829132080078 
v 28.1694278717041 70.8707504272461 1.2010000944137573 
v 28.601757049560547 71.08769989013672 0.9860190153121948 
v 28.601757049560547 71.0247802734375 1.140537142753601 
v 83.23917388916016 71.08769989013672 0.9860190153121948 
v 83.45533752441406 71.08769989013672 0.9860190153121948 
v 83.45533752441406 71.08769226074219 -17.596134185791016 
v 83.67150115966797 71.08769989013672 0.9860190153121948 
v 83.67150115966797 71.08769226074219 -17.596134185791016 
v 83.45533752441406 71.0247802734375 1.140537142753601 
v 83.23917388916016 71.0247802734375 1.140537142753601 
v 28.601757049560547 70.8707504272461 1.2010000944137573 
v 28.38559341430664 70.8707504272461 1.2010000944137573 
v 28.38559341430664 68.93339538574219 1.201000452041626 
v 28.601757049560547 68.93339538574219 1.201000452041626 
v 28.38559341430664 68.78153228759766 1.1405375003814697 
v 28.601757049560547 68.78153228759766 1.1405375003814697 
v 83.23917388916016 68.93339538574219 1.201000452041626 
v 83.23917388916016 68.78153228759766 1.1405375003814697 
v 83.45533752441406 68.78153228759766 1.1405375003814697 
v 83.45533752441406 68.93339538574219 1.201000452041626 
v 83.23917388916016 70.8707504272461 1.2010000944137573 
v 83.45533752441406 70.8707504272461 1.2010000944137573 
v 83.67150115966797 68.93339538574219 1.201000452041626 
v 83.45533752441406 68.78153228759766 1.1405375003814697 
v 83.67150115966797 68.78153228759766 1.1405375003814697 
v 112.82586669921875 68.93339538574219 1.201000452041626 
v 112.82586669921875 68.78153228759766 1.1405375003814697 
v 112.95137786865234 68.80973052978516 1.106945276260376 
v 112.9792709350586 68.93339538574219 1.1405375003814697 
v 112.82586669921875 70.8707504272461 1.2010000944137573 
v 112.9792709350586 70.8707504272461 1.140537142753601 
v 112.95137786865234 70.99657440185547 1.1069449186325073 
v 112.82586669921875 71.0247802734375 1.140537142753601 
v 83.67150115966797 70.8707504272461 1.2010000944137573 
v 83.67150115966797 71.0247802734375 1.140537142753601 
v 112.82586669921875 71.08769989013672 0.9860190153121948 
v 112.82586669921875 71.08769226074219 -17.596134185791016 
v 112.9792709350586 71.0247802734375 0.9860190153121948 
v 113.04203033447266 70.8707504272461 0.9860190749168396 
v 112.9792709350586 71.0247802734375 -17.596134185791016 
v 113.04203033447266 70.87074279785156 -17.596134185791016 
v 112.9792709350586 71.0247802734375 -17.817829132080078 
v 112.82586669921875 71.08769226074219 -17.817829132080078 
v 83.67150115966797 71.08769226074219 -17.817829132080078 
v 83.67150115966797 71.08769226074219 -18.03281021118164 
v 83.5180892944336 71.0247802734375 -18.03281021118164 
v 83.5180892944336 71.02474975585938 -199.69586181640625 
v 83.67150115966797 71.08766174316406 -199.69586181640625 
v 112.9792709350586 70.8707504272461 1.140537142753601 
v 112.82586669921875 71.08769226074219 -18.03281021118164 
v 112.9792709350586 71.0247802734375 -18.03281021118164 
v 113.04203033447266 70.87074279785156 -18.03281021118164 
v 112.9792709350586 71.02474975585938 -199.69586181640625 
v 112.82586669921875 71.08766174316406 -199.69586181640625 
v 113.04203033447266 70.87074279785156 -17.817829132080078 
v 113.04203033447266 68.93338775634766 -17.817829132080078 
v 113.04203033447266 68.93338775634766 -17.596134185791016 
v 112.9792709350586 68.78152465820312 -17.817829132080078 
v 112.9792709350586 68.78152465820312 -17.596134185791016 
v 112.9792709350586 68.78153228759766 0.9860194325447083 
v 113.04203033447266 68.93339538574219 0.9860193729400635 
v 112.95137786865234 68.80973052978516 1.106945276260376 
v 112.9792709350586 68.93339538574219 1.1405375003814697 
v 113.04203033447266 68.93338775634766 -18.03281021118164 
v 112.9792709350586 68.78152465820312 -17.817829132080078 
v 112.9792709350586 68.78152465820312 -18.03281021118164 
v 113.04203033447266 68.93335723876953 -199.69586181640625 
v 112.9792709350586 68.781494140625 -199.69586181640625 
v 112.9792709350586 68.781494140625 -199.9108428955078 
v 113.04203033447266 68.93335723876953 -199.9108428955078 
v 113.04203033447266 70.87071228027344 -199.69586181640625 
v 112.9792709350586 71.02474975585938 -199.9108428955078 
v 113.04203033447266 70.87071228027344 -199.9108428955078 
v 113.04203033447266 68.93335723876953 -200.13253784179688 
v 112.9792709350586 68.781494140625 -199.9108428955078 
v 112.9792709350586 68.781494140625 -200.13253784179688 
v 113.04203033447266 68.93335723876953 -218.71469116210938 
v 112.9792709350586 68.781494140625 -218.71469116210938 
v 112.95137786865234 68.80970001220703 -218.8356170654297 
v 112.9792709350586 68.93335723876953 -218.8692169189453 
v 113.04203033447266 70.87071228027344 -218.71469116210938 
v 112.9792709350586 70.87071228027344 -218.8692169189453 
v 112.95137786865234 70.99654388427734 -218.8356170654297 
v 112.9792709350586 71.02474975585938 -218.71469116210938 
v 113.04203033447266 70.87071228027344 -200.13253784179688 
v 112.9792709350586 71.02474975585938 -200.13253784179688 
v 112.82586669921875 71.08766174316406 -199.9108428955078 
v 83.67150115966797 71.08766174316406 -199.9108428955078 
v 83.67150115966797 71.08766174316406 -200.13253784179688 
v 112.82586669921875 71.08766174316406 -200.13253784179688 
v 112.82586669921875 71.08766174316406 -218.71469116210938 
v 83.45533752441406 71.08766174316406 -218.71469116210938 
v 83.67150115966797 71.08766174316406 -218.71469116210938 
v 112.82586669921875 71.02474975585938 -218.8692169189453 
v 112.82586669921875 70.87071228027344 -218.92967224121094 
v 112.9792709350586 70.87071228027344 -218.8692169189453 
v 83.45533752441406 71.02474975585938 -218.8692169189453 
v 83.45533752441406 70.87071228027344 -218.92967224121094 
v 83.67150115966797 70.87071228027344 -218.92967224121094 
v 83.67150115966797 71.02474975585938 -218.8692169189453 
v 112.82586669921875 68.93335723876953 -218.92967224121094 
v 112.9792709350586 68.93335723876953 -218.8692169189453 
v 112.95137786865234 68.80970001220703 -218.8356170654297 
v 112.82586669921875 68.781494140625 -218.8692169189453 
v 83.67150115966797 68.93335723876953 -218.92967224121094 
v 83.67150115966797 68.781494140625 -218.8692169189453 
v 83.45533752441406 68.781494140625 -218.8692169189453 
v 83.45533752441406 68.93335723876953 -218.92967224121094 
v 83.23917388916016 68.93335723876953 -218.92967224121094 
v 83.45533752441406 68.781494140625 -218.8692169189453 
v 83.23917388916016 68.781494140625 -218.8692169189453 
v 28.601757049560547 68.93335723876953 -218.92967224121094 
v 28.601757049560547 68.781494140625 -218.8692169189453 
v 28.38559341430664 68.781494140625 -218.8692169189453 
v 28.45183753967285 68.93338775634766 -17.878292083740234 
v 28.38559341430664 68.93338775634766 -18.03281021118164 
v 28.45183753967285 70.87074279785156 -17.878292083740234 
v 28.38559341430664 70.87074279785156 -18.03281021118164 
v 28.38559341430664 71.03996276855469 -17.817829132080078 
v 28.32283592224121 71.0247802734375 -18.03281021118164 
v 28.32283592224121 71.02474975585938 -199.69586181640625 
v 28.38559341430664 70.87071228027344 -199.69586181640625 
v 28.38559341430664 71.03993225097656 -199.9108428955078 
v 28.45183753967285 70.87071228027344 -199.8503875732422 
v 28.45183753967285 68.93335723876953 -199.8503875732422 
v 28.38559341430664 68.93335723876953 -199.69586181640625 
v 28.38559341430664 68.7641372680664 -199.9108428955078 
v 28.32283592224121 68.781494140625 -199.69586181640625 
v 28.32283592224121 68.78152465820312 -18.03281021118164 
v 28.38559341430664 68.76416778564453 -17.817829132080078 
v 83.23917388916016 71.0247802734375 -17.750652313232422 
v 83.23917388916016 70.87074279785156 -17.817829132080078 
v 28.601757049560547 71.0247802734375 -17.750652313232422 
v 28.601757049560547 70.87074279785156 -17.817829132080078 
v 28.38559341430664 71.03996276855469 -17.817829132080078 
v 28.45183753967285 70.87074279785156 -17.878292083740234 
v 28.45183753967285 68.93338775634766 -17.878292083740234 
v 28.601757049560547 68.93338775634766 -17.817829132080078 
v 28.38559341430664 68.76416778564453 -17.817829132080078 
v 28.601757049560547 68.78152465820312 -17.750652313232422 
v 83.23917388916016 68.78152465820312 -17.750652313232422 
v 83.23917388916016 68.93338775634766 -17.817829132080078 
v 83.45533752441406 68.76416778564453 -17.817829132080078 
v 83.38909149169922 68.93338775634766 -17.878292083740234 
v 83.38909149169922 70.87074279785156 -17.878292083740234 
v 83.45533752441406 71.03996276855469 -17.817829132080078 
v 83.45533752441406 71.03996276855469 -17.817829132080078 
v 83.5180892944336 71.0247802734375 -18.03281021118164 
v 83.45533752441406 70.87074279785156 -18.03281021118164 
v 83.45533752441406 70.87071228027344 -199.69586181640625 
v 83.45533752441406 68.93335723876953 -199.69586181640625 
v 83.45533752441406 68.93338775634766 -18.03281021118164 
v 83.5180892944336 68.781494140625 -199.69586181640625 
v 83.5180892944336 68.78152465820312 -18.03281021118164 
v 83.45533752441406 68.76416778564453 -17.817829132080078 
v 83.38909149169922 68.93338775634766 -17.878292083740234 
v 83.38909149169922 70.87074279785156 -17.878292083740234 
v 83.45533752441406 68.7641372680664 -199.9108428955078 
v 83.38909149169922 68.93335723876953 -199.8503875732422 
v 83.38909149169922 70.87071228027344 -199.8503875732422 
v 83.45533752441406 71.03993225097656 -199.9108428955078 
v 83.5180892944336 71.02474975585938 -199.69586181640625 
v 83.38909149169922 70.87071228027344 -199.8503875732422 
v 83.23917388916016 70.87071228027344 -199.9108428955078 
v 83.38909149169922 68.93335723876953 -199.8503875732422 
v 83.23917388916016 68.93335723876953 -199.9108428955078 
v 83.45533752441406 68.7641372680664 -199.9108428955078 
v 83.23917388916016 68.781494140625 -199.97802734375 
v 28.601757049560547 68.781494140625 -199.97802734375 
v 28.601757049560547 68.93335723876953 -199.9108428955078 
v 28.38559341430664 68.7641372680664 -199.9108428955078 
v 28.45183753967285 68.93335723876953 -199.8503875732422 
v 28.45183753967285 70.87071228027344 -199.8503875732422 
v 28.601757049560547 70.87071228027344 -199.9108428955078 
v 28.38559341430664 71.03993225097656 -199.9108428955078 
v 28.601757049560547 71.02474975585938 -199.97802734375 
v 83.23917388916016 71.02474975585938 -199.97802734375 
v 83.45533752441406 71.03993225097656 -199.9108428955078 
v -1.110450267791748 68.80973052978516 1.106945276260376 
v -0.9849352836608887 68.93339538574219 1.201000452041626 
v -1.138343334197998 68.93339538574219 1.1405375003814697 
v 28.1694278717041 68.93339538574219 1.201000452041626 
v 28.38559341430664 68.78153228759766 1.1405375003814697 
v 28.1694278717041 68.78153228759766 1.1405375003814697 
v -0.9849352836608887 68.78153228759766 1.1405375003814697 
v 0.2144322395324707 68.71644592285156 -0.0015370394103229046 
v 10.095256805419922 68.71644592285156 -0.0015370394103229046 
v 10.095256805419922 0.21696625649929047 -0.0015258793719112873 
v 10.248664855957031 0.21696624159812927 -0.06198883056640625 
v 10.220771789550781 0.09113463759422302 -0.08885953575372696 
v 10.311420440673828 0.21696621179580688 -0.21649932861328125 
v 10.248664855957031 68.71644592285156 -0.06199999153614044 
v 10.311420440673828 68.71644592285156 -0.21651048958301544 
v 0.2144322395324707 0.21696625649929047 -0.0015258793719112873 
v 0.2144322395324707 0.0629325807094574 -0.06198880448937416 
v 0.08891724795103073 0.09113463759422302 -0.08885953575372696 
v 0.2144322395324707 0.000016754913303884678 -0.21649929881095886 
v 10.095256805419922 0.0629325807094574 -0.06198880448937416 
v 10.095256805419922 0.000016754913303884678 -0.21649929881095886 
v 10.248664855957031 0.0629325583577156 -0.21649929881095886 
v 10.248664855957031 0.06293094903230667 -10.098770141601562 
v 10.095256805419922 0.000015144883946049958 -10.098770141601562 
v 10.220771789550781 0.0911329835653305 -10.219696044921875 
v 10.095256805419922 0.06293091922998428 -10.246566772460938 
v 0.2144322395324707 0.06293091922998428 -10.246566772460938 
v 0.2144322395324707 0.000015144883946049958 -10.098770141601562 
v 0.06102418154478073 0.0629325583577156 -0.21649929881095886 
v 0.06102418154478073 68.71644592285156 -0.06199999153614044 
v 0.06102418154478073 0.21696624159812927 -0.06198883056640625 
v -0.0017352172872051597 0.21696621179580688 -0.21649932861328125 
v 0.06102418154478073 0.0629325583577156 -0.21649929881095886 
v -0.0017352172872051597 68.71644592285156 -0.21651048958301544 
v -0.0017352172872051597 68.71643829345703 -10.09878158569336 
v -0.0017352172872051597 0.21696460247039795 -10.098770141601562 
v 0.06102418154478073 68.71643829345703 -10.246578216552734 
v 0.06102418154478073 0.21696458756923676 -10.246566772460938 
v 0.2144322395324707 68.71643829345703 -10.31375503540039 
v 0.06102418154478073 0.06293094903230667 -10.098770141601562 
v 0.08891724795103073 0.0911329835653305 -10.219696044921875 
v 0.06102418154478073 0.06293094903230667 -10.098770141601562 
v 0.08891724795103073 0.0911329835653305 -10.219696044921875 
v 0.2144322395324707 0.21696457266807556 -10.313743591308594 
v 0.08891724795103073 0.0911329835653305 -10.219696044921875 
v 0.2144322395324707 0.06293091922998428 -10.246566772460938 
v 10.095256805419922 0.06293091922998428 -10.246566772460938 
v 10.095256805419922 0.21696457266807556 -10.313743591308594 
v 10.220771789550781 0.0911329835653305 -10.219696044921875 
v 10.248664855957031 0.21696458756923676 -10.246566772460938 
v 10.248664855957031 68.71643829345703 -10.246578216552734 
v 10.095256805419922 68.71643829345703 -10.31375503540039 
v 10.248664855957031 68.71643829345703 -10.246578216552734 
v 10.248664855957031 0.21696458756923676 -10.246566772460938 
v 10.311420440673828 68.71643829345703 -10.09878158569336 
v 10.311420440673828 0.21696460247039795 -10.098770141601562 
v 10.248664855957031 0.0629325583577156 -0.21649929881095886 
v 10.220771789550781 0.0911329835653305 -10.219696044921875 
v 10.248664855957031 0.06293094903230667 -10.098770141601562 
v 0.06102418154478073 0.06289715319871902 -217.51214599609375 
v 0.08891724795103073 0.09109918773174286 -217.63978576660156 
v 0.2144322395324707 -0.000018647111573955044 -217.51214599609375 
v 0.2144322395324707 0.06289713084697723 -217.66665649414062 
v 10.095256805419922 -0.000018647111573955044 -217.51214599609375 
v 10.095256805419922 0.06289713084697723 -217.66665649414062 
v 0.06102418154478073 0.06289876252412796 -207.6298828125 
v 0.2144322395324707 -0.000017037082216120325 -207.6298828125 
v 0.08891724795103073 0.09110084176063538 -207.5089569091797 
v 0.2144322395324707 0.06289879232645035 -207.48208618164062 
v 10.095256805419922 0.06289879232645035 -207.48208618164062 
v 10.095256805419922 -0.000017037082216120325 -207.6298828125 
v 10.220771789550781 0.09110084176063538 -207.5089569091797 
v 10.248664855957031 0.06289876252412796 -207.6298828125 
v 10.248664855957031 0.06289715319871902 -217.51214599609375 
v 10.220771789550781 0.09109918773174286 -217.63978576660156 
v 10.095256805419922 0.21693077683448792 -217.7271270751953 
v 0.2144322395324707 0.21693077683448792 -217.7271270751953 
v 0.06102418154478073 0.2169307917356491 -217.6666717529297 
v -0.0017352172872051597 0.2169308215379715 -217.5121612548828 
v 0.06102418154478073 0.06289715319871902 -217.51214599609375 
v -0.0017352172872051597 0.21693243086338043 -207.6298828125 
v 0.06102418154478073 0.06289876252412796 -207.6298828125 
v 0.08891724795103073 0.09110084176063538 -207.5089569091797 
v 0.06102418154478073 0.21693244576454163 -207.48208618164062 
v -0.0017352172872051597 68.7164077758789 -207.62989807128906 
v -0.0017352172872051597 68.7164077758789 -217.5121612548828 
v 0.06102418154478073 68.7164077758789 -217.6666717529297 
v 0.2144322395324707 68.7164077758789 -217.72714233398438 
v 10.095256805419922 68.7164077758789 -217.72714233398438 
v 10.248664855957031 68.7164077758789 -217.6666717529297 
v 10.248664855957031 0.2169307917356491 -217.6666717529297 
v 10.311420440673828 68.7164077758789 -217.5121612548828 
v 10.311420440673828 0.2169308215379715 -217.5121612548828 
v 10.311420440673828 68.7164077758789 -207.62989807128906 
v 10.248664855957031 0.06289715319871902 -217.51214599609375 
v 10.248664855957031 0.06289876252412796 -207.6298828125 
v 10.311420440673828 0.21693243086338043 -207.6298828125 
v 10.220771789550781 0.09110084176063538 -207.5089569091797 
v 10.248664855957031 0.21693244576454163 -207.48208618164062 
v 10.248664855957031 68.7164077758789 -207.4821014404297 
v 10.248664855957031 68.7164077758789 -207.4821014404297 
v 10.095256805419922 68.7164077758789 -207.4149169921875 
v 10.248664855957031 0.21693244576454163 -207.48208618164062 
v 10.095256805419922 0.21693246066570282 -207.4149169921875 
v 10.220771789550781 0.09110084176063538 -207.5089569091797 
v 10.095256805419922 0.06289879232645035 -207.48208618164062 
v 0.2144322395324707 0.06289879232645035 -207.48208618164062 
v 0.2144322395324707 0.21693246066570282 -207.4149169921875 
v 0.08891724795103073 0.09110084176063538 -207.5089569091797 
v 0.06102418154478073 68.7164077758789 -207.4821014404297 
v 0.2144322395324707 68.7164077758789 -207.4149169921875 
v 101.62015533447266 0.0911329835653305 -10.219696044921875 
v 101.74567413330078 0.06293091922998428 -10.246566772460938 
v 101.74567413330078 0.000015144883946049958 -10.098770141601562 
v 111.62649536132812 0.000015144883946049958 -10.098770141601562 
v 111.62649536132812 0.000016754913303884678 -0.21649929881095886 
v 101.74567413330078 0.000016754913303884678 -0.21649929881095886 
v 111.62649536132812 0.0629325807094574 -0.06198880448937416 
v 101.74567413330078 0.0629325807094574 -0.06198880448937416 
v 101.62015533447266 0.09113463759422302 -0.08885953575372696 
v 101.5922622680664 0.0629325583577156 -0.21649929881095886 
v 101.5922622680664 0.06293094903230667 -10.098770141601562 
v 111.62649536132812 0.06293091922998428 -10.246566772460938 
v 111.75201416015625 0.0911329835653305 -10.219696044921875 
v 111.7799072265625 0.06293094903230667 -10.098770141601562 
v 111.7799072265625 0.0629325583577156 -0.21649929881095886 
v 111.75201416015625 0.09113463759422302 -0.08885953575372696 
v 111.62649536132812 0.21696625649929047 -0.0015258793719112873 
v 101.74567413330078 0.21696625649929047 -0.0015258793719112873 
v 101.5922622680664 0.21696624159812927 -0.06198883056640625 
v 101.52951049804688 0.21696621179580688 -0.21649932861328125 
v 101.5922622680664 0.0629325583577156 -0.21649929881095886 
v 101.5922622680664 0.06293094903230667 -10.098770141601562 
v 101.52951049804688 0.21696460247039795 -10.098770141601562 
v 101.62015533447266 0.0911329835653305 -10.219696044921875 
v 101.5922622680664 0.21696458756923676 -10.246566772460938 
v 101.5922622680664 68.71643829345703 -10.246578216552734 
v 101.52951049804688 68.71643829345703 -10.09878158569336 
v 101.52951049804688 68.71644592285156 -0.21651048958301544 
v 101.5922622680664 68.71644592285156 -0.06199999153614044 
v 101.74567413330078 68.71644592285156 -0.0015370394103229046 
v 111.62649536132812 68.71644592285156 -0.0015370394103229046 
v 111.7799072265625 0.21696624159812927 -0.06198883056640625 
v 111.7799072265625 68.71644592285156 -0.06199999153614044 
v 111.84266662597656 0.21696621179580688 -0.21649932861328125 
v 111.84266662597656 68.71644592285156 -0.21651048958301544 
v 111.84266662597656 0.21696460247039795 -10.098770141601562 
v 111.7799072265625 0.0629325583577156 -0.21649929881095886 
v 111.7799072265625 0.06293094903230667 -10.098770141601562 
v 111.75201416015625 0.0911329835653305 -10.219696044921875 
v 111.7799072265625 0.21696458756923676 -10.246566772460938 
v 111.84266662597656 68.71643829345703 -10.09878158569336 
v 111.7799072265625 68.71643829345703 -10.246578216552734 
v 111.62649536132812 0.21696457266807556 -10.313743591308594 
v 111.62649536132812 68.71643829345703 -10.31375503540039 
v 101.74567413330078 0.21696457266807556 -10.313743591308594 
v 111.62649536132812 0.06293091922998428 -10.246566772460938 
v 101.74567413330078 0.06293091922998428 -10.246566772460938 
v 101.62015533447266 0.0911329835653305 -10.219696044921875 
v 101.5922622680664 0.21696458756923676 -10.246566772460938 
v 101.74567413330078 68.71643829345703 -10.31375503540039 
v 111.75201416015625 0.0911329835653305 -10.219696044921875 
v 101.5922622680664 68.71643829345703 -10.246578216552734 
v 111.62649536132812 0.06289713084697723 -217.66665649414062 
v 111.75201416015625 0.09109918773174286 -217.63978576660156 
v 111.62649536132812 -0.000018647111573955044 -217.51214599609375 
v 111.7799072265625 0.06289715319871902 -217.51214599609375 
v 111.62649536132812 -0.000017037082216120325 -207.6298828125 
v 111.7799072265625 0.06289876252412796 -207.6298828125 
v 101.74567413330078 0.06289713084697723 -217.66665649414062 
v 101.74567413330078 -0.000018647111573955044 -217.51214599609375 
v 101.62015533447266 0.09109918773174286 -217.63978576660156 
v 101.5922622680664 0.06289715319871902 -217.51214599609375 
v 101.5922622680664 0.06289876252412796 -207.6298828125 
v 101.74567413330078 -0.000017037082216120325 -207.6298828125 
v 101.62015533447266 0.09110084176063538 -207.5089569091797 
v 101.74567413330078 0.06289879232645035 -207.48208618164062 
v 111.62649536132812 0.06289879232645035 -207.48208618164062 
v 111.75201416015625 0.09110084176063538 -207.5089569091797 
v 111.84266662597656 0.21693243086338043 -207.6298828125 
v 111.84266662597656 0.2169308215379715 -217.5121612548828 
v 111.7799072265625 0.2169307917356491 -217.6666717529297 
v 111.62649536132812 0.21693077683448792 -217.7271270751953 
v 111.62649536132812 0.06289713084697723 -217.66665649414062 
v 101.74567413330078 0.21693077683448792 -217.7271270751953 
v 101.74567413330078 0.06289713084697723 -217.66665649414062 
v 101.62015533447266 0.09109918773174286 -217.63978576660156 
v 101.5922622680664 0.2169307917356491 -217.6666717529297 
v 101.74567413330078 68.7164077758789 -217.72714233398438 
v 111.62649536132812 68.7164077758789 -217.72714233398438 
v 111.7799072265625 68.7164077758789 -217.6666717529297 
v 111.84266662597656 68.7164077758789 -217.5121612548828 
v 111.84266662597656 68.7164077758789 -207.62989807128906 
v 111.7799072265625 68.7164077758789 -207.4821014404297 
v 111.7799072265625 0.21693244576454163 -207.48208618164062 
v 111.62649536132812 68.7164077758789 -207.4149169921875 
v 111.62649536132812 0.21693246066570282 -207.4149169921875 
v 101.74567413330078 68.7164077758789 -207.4149169921875 
v 111.62649536132812 0.06289879232645035 -207.48208618164062 
v 101.74567413330078 0.06289879232645035 -207.48208618164062 
v 101.74567413330078 0.21693246066570282 -207.4149169921875 
v 101.62015533447266 0.09110084176063538 -207.5089569091797 
v 101.5922622680664 0.21693244576454163 -207.48208618164062 
v 101.5922622680664 68.7164077758789 -207.4821014404297 
v 101.5922622680664 68.7164077758789 -207.4821014404297 
v 101.52951049804688 68.7164077758789 -207.62989807128906 
v 101.5922622680664 0.21693244576454163 -207.48208618164062 
v 101.52951049804688 0.21693243086338043 -207.6298828125 
v 101.62015533447266 0.09110084176063538 -207.5089569091797 
v 101.5922622680664 0.06289876252412796 -207.6298828125 
v 101.5922622680664 0.06289715319871902 -217.51214599609375 
v 101.52951049804688 0.2169308215379715 -217.5121612548828 
v 101.62015533447266 0.09109918773174286 -217.63978576660156 
v 101.5922622680664 68.7164077758789 -217.6666717529297 
v 101.52951049804688 68.7164077758789 -217.5121612548828 
v 83.4100112915039 68.76416778564453 -17.858135223388672 
v 83.42395782470703 68.74898529052734 -17.92531967163086 
v 83.45533752441406 68.82491302490234 -17.92531967163086 
v 83.45533752441406 68.82488250732422 -199.80335998535156 
v 83.45533752441406 70.97918701171875 -199.80335998535156 
v 83.45533752441406 70.97921752929688 -17.92531967163086 
v 83.42395782470703 71.05512237548828 -199.80335998535156 
v 83.42395782470703 71.0551528930664 -17.92531967163086 
v 83.34725189208984 71.08766174316406 -199.80335998535156 
v 83.4100112915039 71.04210662841797 -199.87054443359375 
v 83.42395782470703 70.97918701171875 -199.88397216796875 
v 83.42395782470703 68.82488250732422 -199.88397216796875 
v 83.4100112915039 68.7641372680664 -199.87054443359375 
v 83.42395782470703 68.74895477294922 -199.80335998535156 
v 83.34725189208984 68.71643829345703 -17.92531967163086 
v 83.4100112915039 68.76416778564453 -17.858135223388672 
v 83.34725189208984 68.74898529052734 -17.84469985961914 
v 28.493675231933594 68.71643829345703 -17.92531967163086 
v 28.493675231933594 68.74898529052734 -17.84469985961914 
v 28.430917739868164 68.76416778564453 -17.858135223388672 
v 28.41697120666504 68.74898529052734 -17.92531967163086 
v 28.493675231933594 68.7164077758789 -199.80335998535156 
v 28.41697120666504 68.74895477294922 -199.80335998535156 
v 28.430917739868164 68.7641372680664 -199.87054443359375 
v 28.493675231933594 68.74895477294922 -199.88397216796875 
v 83.34725189208984 68.7164077758789 -199.80335998535156 
v 83.4100112915039 68.7641372680664 -199.87054443359375 
v 83.34725189208984 68.74895477294922 -199.88397216796875 
v 83.42395782470703 68.82491302490234 -17.84469985961914 
v 83.42395782470703 70.97921752929688 -17.84469985961914 
v 83.4100112915039 71.0421371459961 -17.858135223388672 
v 28.41697120666504 70.97918701171875 -199.88397216796875 
v 28.38559341430664 70.97918701171875 -199.80335998535156 
v 28.430917739868164 71.04210662841797 -199.87054443359375 
v 28.41697120666504 71.05512237548828 -199.80335998535156 
v 28.493675231933594 71.08766174316406 -199.80335998535156 
v 28.493675231933594 71.08769226074219 -17.92531967163086 
v 83.34725189208984 71.08769226074219 -17.92531967163086 
v 28.41697120666504 71.0551528930664 -17.92531967163086 
v 28.38559341430664 68.82488250732422 -199.80335998535156 
v 28.41697120666504 68.82488250732422 -199.88397216796875 
v 28.430917739868164 68.7641372680664 -199.87054443359375 
v 28.41697120666504 68.74895477294922 -199.80335998535156 
v 28.38559341430664 68.82491302490234 -17.92531967163086 
v 28.41697120666504 68.74898529052734 -17.92531967163086 
v 28.430917739868164 68.76416778564453 -17.858135223388672 
v 28.41697120666504 68.82491302490234 -17.84469985961914 
v 28.38559341430664 70.97921752929688 -17.92531967163086 
v 28.41697120666504 70.97921752929688 -17.84469985961914 
v 28.430917739868164 71.0421371459961 -17.858135223388672 
v 28.493675231933594 71.0551528930664 -17.84469985961914 
v 83.34725189208984 71.0551528930664 -17.84469985961914 
v 83.34725189208984 71.05512237548828 -199.88397216796875 
v 28.493675231933594 70.97921752929688 -17.817829132080078 
v 28.41697120666504 70.97921752929688 -17.84469985961914 
v 28.493675231933594 71.05512237548828 -199.88397216796875 
v 28.493675231933594 70.97918701171875 -199.9108428955078 
v 28.41697120666504 70.97918701171875 -199.88397216796875 
v 28.41697120666504 68.82488250732422 -199.88397216796875 
v 28.493675231933594 68.82488250732422 -199.9108428955078 
v 28.430917739868164 68.7641372680664 -199.87054443359375 
v 28.493675231933594 68.74895477294922 -199.88397216796875 
v 83.34725189208984 68.74895477294922 -199.88397216796875 
v 83.34725189208984 68.82488250732422 -199.9108428955078 
v 83.4100112915039 68.7641372680664 -199.87054443359375 
v 83.42395782470703 68.82488250732422 -199.88397216796875 
v 83.42395782470703 70.97918701171875 -199.88397216796875 
v 83.34725189208984 70.97918701171875 -199.9108428955078 
v 83.34725189208984 70.97921752929688 -17.817829132080078 
v 83.34725189208984 68.82491302490234 -17.817829132080078 
v 83.42395782470703 68.82491302490234 -17.84469985961914 
v 83.4100112915039 68.76416778564453 -17.858135223388672 
v 83.34725189208984 68.74898529052734 -17.84469985961914 
v 28.493675231933594 68.74898529052734 -17.84469985961914 
v 28.493675231933594 68.82491302490234 -17.817829132080078 
v 28.41697120666504 68.82491302490234 -17.84469985961914 
v 28.430917739868164 68.76416778564453 -17.858135223388672 
v 83.42395782470703 70.97921752929688 -17.84469985961914 
v 0.23883867263793945 68.7164077758789 -217.3173370361328 
v 0.3922429084777832 68.7164077758789 -217.384521484375 
v 0.23883867263793945 62.20576858520508 -217.3173370361328 
v 0.3922429084777832 62.20576858520508 -217.384521484375 
v 0.2702145576477051 62.07993698120117 -217.29046630859375 
v 0.3922429084777832 62.051734924316406 -217.3173370361328 
v 111.44868469238281 62.051734924316406 -217.3173370361328 
v 111.44868469238281 61.98881912231445 -217.16282653808594 
v 111.57071685791016 62.07993698120117 -217.29046630859375 
v 111.60209655761719 62.051734924316406 -217.16282653808594 
v 111.44868469238281 68.7164077758789 -217.384521484375 
v 0.3922429084777832 61.98881912231445 -217.16282653808594 
v 108.9976577758789 61.98881912231445 -214.7174530029297 
v 2.843273639678955 61.98881912231445 -214.7174530029297 
v 108.78148651123047 62.051734924316406 -214.5629425048828 
v 3.059441089630127 62.051734924316406 -214.5629425048828 
v 108.56532287597656 62.20576858520508 -214.49575805664062 
v 108.78148651123047 62.07994079589844 -214.49575805664062 
v 108.71873474121094 62.20576858520508 -214.43528747558594 
v 108.56532287597656 68.7164077758789 -214.49575805664062 
v 108.71873474121094 68.7164077758789 -214.43528747558594 
v 2.9966816902160645 62.051734924316406 -214.49575805664062 
v 3.059441089630127 62.07994079589844 -214.49575805664062 
v 3.275604724884033 68.7164077758789 -214.49575805664062 
v 3.275604724884033 62.20576858520508 -214.49575805664062 
v 3.059441089630127 62.07994079589844 -214.49575805664062 
v 3.122196674346924 62.20576858520508 -214.43528747558594 
v 3.122196674346924 68.7164077758789 -214.43528747558594 
v 111.44868469238281 62.20576858520508 -217.384521484375 
v 111.60209655761719 68.7164077758789 -217.3173370361328 
v 111.60209655761719 62.20576858520508 -217.3173370361328 
v 111.57071685791016 62.07993698120117 -217.29046630859375 
v 111.60209655761719 68.71644592285156 -0.41133469343185425 
v 111.60209655761719 62.20580291748047 -0.4113336503505707 
v 111.44868469238281 68.71644592285156 -0.344157874584198 
v 111.44868469238281 62.20580291748047 -0.34415683150291443 
v 0.3922429084777832 68.71644592285156 -0.344157874584198 
v 111.57071685791016 62.07997512817383 -0.4382043480873108 
v 111.44868469238281 62.0517692565918 -0.4113336205482483 
v 0.3922429084777832 62.0517692565918 -0.4113336205482483 
v 0.3922429084777832 61.98885726928711 -0.5658517479896545 
v 0.2702145576477051 62.07997512817383 -0.4382043480873108 
v 0.23883867263793945 62.0517692565918 -0.5658517479896545 
v 111.44868469238281 61.98885726928711 -0.5658517479896545 
v 2.843273639678955 61.988853454589844 -3.0112252235412598 
v 108.9976577758789 61.988853454589844 -3.0112252235412598 
v 3.059441089630127 62.0517692565918 -3.165743350982666 
v 108.78148651123047 62.0517692565918 -3.165743350982666 
v 3.275604724884033 62.20580291748047 -3.2329201698303223 
v 3.059441089630127 62.07997512817383 -3.2329201698303223 
v 3.122196674346924 62.20580291748047 -3.2933831214904785 
v 3.275604724884033 68.71644592285156 -3.2329213619232178 
v 3.122196674346924 68.71644592285156 -3.293384313583374 
v 108.84424591064453 62.0517692565918 -3.2329201698303223 
v 108.78148651123047 62.07997512817383 -3.2329201698303223 
v 108.56532287597656 68.71644592285156 -3.2329213619232178 
v 108.56532287597656 62.20580291748047 -3.2329201698303223 
v 108.78148651123047 62.07997512817383 -3.2329201698303223 
v 108.71873474121094 62.20580291748047 -3.2933831214904785 
v 108.71873474121094 68.71644592285156 -3.293384313583374 
v 0.3922429084777832 62.20580291748047 -0.34415683150291443 
v 0.2702145576477051 62.07997512817383 -0.4382043480873108 
v 0.23883867263793945 62.20580291748047 -0.4113336503505707 
v 0.23883867263793945 68.71644592285156 -0.41133469343185425 
v 111.60209655761719 68.7164077758789 -217.3173370361328 
v 111.66484832763672 68.7164077758789 -217.16282653808594 
v 111.60209655761719 62.20576858520508 -217.3173370361328 
v 111.66484832763672 62.20576858520508 -217.16282653808594 
v 111.57071685791016 62.07993698120117 -217.29046630859375 
v 111.60209655761719 62.051734924316406 -217.16282653808594 
v 111.60209655761719 62.0517692565918 -0.5658517479896545 
v 111.44868469238281 61.98885726928711 -0.5658517479896545 
v 111.57071685791016 62.07997512817383 -0.4382043480873108 
v 111.44868469238281 62.0517692565918 -0.4113336205482483 
v 111.66484832763672 68.71644592285156 -0.5658528208732605 
v 111.44868469238281 61.98881912231445 -217.16282653808594 
v 108.9976577758789 61.988853454589844 -3.0112252235412598 
v 108.9976577758789 61.98881912231445 -214.7174530029297 
v 108.84424591064453 62.0517692565918 -3.2329201698303223 
v 108.84424591064453 62.051734924316406 -214.49575805664062 
v 108.78148651123047 62.20580291748047 -3.4479012489318848 
v 108.78148651123047 62.07997512817383 -3.2329201698303223 
v 108.71873474121094 62.20580291748047 -3.2933831214904785 
v 108.78148651123047 68.71644592285156 -3.4479024410247803 
v 108.71873474121094 68.71644592285156 -3.293384313583374 
v 108.78148651123047 62.051734924316406 -214.5629425048828 
v 108.78148651123047 62.07994079589844 -214.49575805664062 
v 108.78148651123047 68.7164077758789 -214.28077697753906 
v 108.78148651123047 62.20576858520508 -214.28077697753906 
v 108.78148651123047 62.07994079589844 -214.49575805664062 
v 108.71873474121094 62.20576858520508 -214.43528747558594 
v 108.71873474121094 68.7164077758789 -214.43528747558594 
v 111.66484832763672 62.20580291748047 -0.5658517479896545 
v 111.60209655761719 68.71644592285156 -0.41133469343185425 
v 111.60209655761719 62.20580291748047 -0.4113336503505707 
v 111.57071685791016 62.07997512817383 -0.4382043480873108 
v 3.122196674346924 68.7164077758789 -214.43528747558594 
v 3.122196674346924 62.20576858520508 -214.43528747558594 
v 3.059441089630127 68.7164077758789 -214.28077697753906 
v 3.059441089630127 62.20576858520508 -214.28077697753906 
v 3.059441089630127 68.71644592285156 -3.4479024410247803 
v 3.059441089630127 62.07994079589844 -214.49575805664062 
v 2.9966816902160645 62.051734924316406 -214.49575805664062 
v 2.9966816902160645 62.0517692565918 -3.2329201698303223 
v 2.843273639678955 61.988853454589844 -3.0112252235412598 
v 3.059441089630127 62.07997512817383 -3.2329201698303223 
v 3.059441089630127 62.0517692565918 -3.165743350982666 
v 2.843273639678955 61.98881912231445 -214.7174530029297 
v 0.3922429084777832 61.98885726928711 -0.5658517479896545 
v 0.3922429084777832 61.98881912231445 -217.16282653808594 
v 0.23883867263793945 62.0517692565918 -0.5658517479896545 
v 0.23883867263793945 62.051734924316406 -217.16282653808594 
v 0.17607927322387695 62.20580291748047 -0.5658517479896545 
v 0.2702145576477051 62.07997512817383 -0.4382043480873108 
v 0.23883867263793945 62.20580291748047 -0.4113336503505707 
v 0.17607927322387695 68.71644592285156 -0.5658528208732605 
v 0.23883867263793945 68.71644592285156 -0.41133469343185425 
v 0.3922429084777832 62.051734924316406 -217.3173370361328 
v 0.2702145576477051 62.07993698120117 -217.29046630859375 
v 0.17607927322387695 68.7164077758789 -217.16282653808594 
v 0.17607927322387695 62.20576858520508 -217.16282653808594 
v 0.2702145576477051 62.07993698120117 -217.29046630859375 
v 0.23883867263793945 62.20576858520508 -217.3173370361328 
v 0.23883867263793945 68.7164077758789 -217.3173370361328 
v 3.059441089630127 62.20580291748047 -3.4479012489318848 
v 3.059441089630127 62.07997512817383 -3.2329201698303223 
v 3.122196674346924 62.20580291748047 -3.2933831214904785 
v 3.122196674346924 68.71644592285156 -3.293384313583374 
v 2.4248929023742676 68.65351104736328 -109.71417236328125 
v 2.4248929023742676 68.71642303466797 -109.56637573242188 
v 109.4160385131836 68.65351104736328 -109.71417236328125 
v 109.4160385131836 68.71642303466797 -109.56637573242188 
v 109.4160385131836 68.71642303466797 -108.16230010986328 
v 2.4248929023742676 68.71642303466797 -108.16230010986328 
v 2.4248929023742676 68.65351104736328 -108.0145034790039 
v 109.4160385131836 68.65351104736328 -108.0145034790039 
v 2.4248929023742676 68.50164794921875 -107.94731903076172 
v 109.4160385131836 68.50164794921875 -107.94731903076172 
v 2.4248929023742676 63.815547943115234 -107.94731903076172 
v 109.4160385131836 63.815547943115234 -107.94731903076172 
v 2.4248929023742676 63.66151428222656 -108.0145034790039 
v 109.4160385131836 63.66151428222656 -108.0145034790039 
v 2.4248929023742676 63.59859848022461 -108.16230010986328 
v 109.4160385131836 63.59859848022461 -108.16230010986328 
v 109.4160385131836 63.59859848022461 -109.56637573242188 
v 2.4248929023742676 63.59859848022461 -109.56637573242188 
v 2.4248929023742676 63.66151428222656 -109.71417236328125 
v 109.4160385131836 63.66151428222656 -109.71417236328125 
v 2.4248929023742676 63.815547943115234 -109.7813491821289 
v 109.4160385131836 63.815547943115234 -109.7813491821289 
v 109.4160385131836 68.50164794921875 -109.78135681152344 
v 2.4248929023742676 68.50164794921875 -109.78135681152344 
v 2.4248929023742676 68.65351104736328 -109.71417236328125 
v 109.4160385131836 68.65351104736328 -109.71417236328125 
v 2.4248929023742676 63.8155403137207 -155.55149841308594 
v 109.4160385131836 63.8155403137207 -155.55149841308594 
v 2.4248929023742676 63.66150665283203 -155.61866760253906 
v 109.4160385131836 63.66150665283203 -155.61866760253906 
v 2.4248929023742676 63.59859085083008 -155.7664794921875 
v 109.4160385131836 63.59859085083008 -155.7664794921875 
v 2.4248929023742676 63.59859085083008 -157.16383361816406 
v 109.4160385131836 63.59859085083008 -157.16383361816406 
v 2.4248929023742676 63.66150665283203 -157.31834411621094 
v 2.4248929023742676 68.50164031982422 -155.55149841308594 
v 109.4160385131836 68.50164031982422 -155.55149841308594 
v 109.4160385131836 68.65350341796875 -155.61866760253906 
v 2.4248929023742676 68.65350341796875 -155.61866760253906 
v 109.4160385131836 68.71641540527344 -155.7664794921875 
v 2.4248929023742676 68.71641540527344 -155.7664794921875 
v 109.4160385131836 68.71641540527344 -157.16383361816406 
v 2.4248929023742676 68.71641540527344 -157.16383361816406 
v 109.4160385131836 68.65350341796875 -157.31834411621094 
v 2.4248929023742676 68.65350341796875 -157.31834411621094 
v 109.4160385131836 68.65351867675781 -62.11000061035156 
v 2.4248929023742676 68.65351867675781 -62.11000061035156 
v 109.4160385131836 68.50165557861328 -62.177181243896484 
v 2.4248929023742676 68.50165557861328 -62.177181243896484 
v 109.4160385131836 63.815555572509766 -62.177181243896484 
v 2.4248929023742676 63.815555572509766 -62.177181243896484 
v 109.4160385131836 63.661521911621094 -62.11000061035156 
v 2.4248929023742676 63.661521911621094 -62.11000061035156 
v 109.4160385131836 63.59860610961914 -61.96220397949219 
v 2.4248929023742676 63.59860610961914 -61.96220397949219 
v 2.4248929023742676 63.59860610961914 -60.56484603881836 
v 109.4160385131836 63.59860610961914 -60.56484603881836 
v 109.4160385131836 63.661521911621094 -60.41033172607422 
v 2.4248929023742676 63.661521911621094 -60.41033172607422 
v 109.4160385131836 63.815555572509766 -60.3431510925293 
v 2.4248929023742676 63.815555572509766 -60.3431510925293 
v 109.4160385131836 68.50165557861328 -60.3431510925293 
v 2.4248929023742676 68.50165557861328 -60.3431510925293 
v 109.4160385131836 68.65351867675781 -60.41033172607422 
v 2.4248929023742676 68.65351867675781 -60.41033172607422 
v 109.4160385131836 68.7164306640625 -60.56484603881836 
v 2.4248929023742676 68.7164306640625 -60.56484603881836 
v 2.4248929023742676 68.7164306640625 -61.96220397949219 
v 109.4160385131836 68.7164306640625 -61.96220397949219 
v 109.4160385131836 68.65351867675781 -62.11000061035156 
v 2.4248929023742676 68.65351867675781 -62.11000061035156 
v 109.4160385131836 68.65350341796875 -157.31834411621094 
v 2.4248929023742676 68.65350341796875 -157.31834411621094 
v 109.4160385131836 68.50164031982422 -157.38552856445312 
v 2.4248929023742676 68.50164031982422 -157.38552856445312 
v 2.4248929023742676 63.8155403137207 -157.38552856445312 
v 109.4160385131836 63.8155403137207 -157.38552856445312 
v 109.4160385131836 63.66150665283203 -157.31834411621094 
vn -0.7078686952590942 -0.7063339352607727 -0.0037755321245640516 
vn 2.0682311115474694e-13 -1 1.6292099758175027e-7 
vn 2.0682311115474694e-13 -1 1.6292099758175027e-7 
vn -2.0682311115474694e-13 -1 1.6292099758175027e-7 
vn 2.0682311115474694e-13 -1 1.6292099758175027e-7 
vn -0.7078686952590942 -0.7063339352607727 -0.0037755321245640516 
vn -0.7078686952590942 -0.7063339352607727 -0.0037755321245640516 
vn 2.0682311115474694e-13 -1 1.6292099758175027e-7 
vn -2.0682311115474694e-13 -1 1.6292099758175027e-7 
vn -2.0682311115474694e-13 -1 1.6292099758175027e-7 
vn 0.34524840116500854 -0.8742782473564148 -0.34123459458351135 
vn 0.7078787684440613 -0.7063339352607727 1.1507663089105336e-7 
vn 0.7078787684440613 -0.7063339352607727 1.1507663089105336e-7 
vn -0.7078686952590942 -0.7063339352607727 -0.0037755321245640516 
vn -2.0682311115474694e-13 -1 1.6292099758175027e-7 
vn 2.0682311115474694e-13 -1 1.6292099758175027e-7 
vn -0.7078686952590942 -0.7063339352607727 -0.0037755321245640516 
vn -0.7078686952590942 -0.7063339352607727 -0.0037755321245640516 
vn -0.7078686952590942 -0.7063339352607727 0.0037757621612399817 
vn -0.002184688812121749 -0.9999904632568359 0.0037841552402824163 
vn -0.5779946446418762 -0.5760592222213745 0.5779947638511658 
vn 0.0018878303235396743 -0.7063338160514832 0.7078763842582703 
vn 0.0018878303235396743 -0.7063338160514832 0.7078763842582703 
vn -0.002184688812121749 -0.9999904632568359 0.0037841552402824163 
vn -0.002184688812121749 -0.9999904632568359 -0.003783829277381301 
vn -0.002184688812121749 -0.9999904632568359 -0.003783829277381301 
vn 0.0018878303235396743 -0.7063340544700623 -0.7078761458396912 
vn 0.0018878303235396743 -0.7063338160514832 0.7078763842582703 
vn -0.002184688812121749 -0.9999904632568359 0.0037841552402824163 
vn -0.002184688812121749 -0.9999904632568359 0.0037841552402824163 
vn 0.0018878303235396743 -0.7063338160514832 0.7078763842582703 
vn 0.0018878303235396743 -0.7063338160514832 0.7078763842582703 
vn 0.0018878303235396743 -0.7063338160514832 0.7078763842582703 
vn -0.002184688812121749 -0.9999904632568359 0.0037841552402824163 
vn 0.0018878303235396743 -0.7063338160514832 0.7078763842582703 
vn -0.002184688812121749 -0.9999904632568359 0.0037841552402824163 
vn -0.002184688812121749 -0.9999904632568359 -0.003783829277381301 
vn -0.002184688812121749 -0.9999904632568359 -0.003783829277381301 
vn -0.34257784485816956 -0.8742782473564148 -0.34391558170318604 
vn 0.0018878303235396743 -0.7063340544700623 -0.7078761458396912 
vn 2.0682311115474694e-13 -1 1.6292099758175027e-7 
vn -0.002184688812121749 -0.9999904632568359 0.0037841552402824163 
vn 0.0018878303235396743 -0.7063338160514832 0.7078763842582703 
vn 0.0018878303235396743 -0.7063338160514832 0.7078763842582703 
vn 0.0018878303235396743 -0.7063338160514832 0.7078763842582703 
vn 0.004369377624243498 -0.9999904632568359 1.6291944859858631e-7 
vn 0.5779946446418762 -0.5760592222213745 0.5779947638511658 
vn 0.7078787684440613 -0.7063339352607727 1.1507663089105336e-7 
vn 0.7078787684440613 -0.7063339352607727 1.1507663089105336e-7 
vn -2.0682311115474694e-13 -1 1.6292099758175027e-7 
vn 2.0682311115474694e-13 -1 1.6292099758175027e-7 
vn 2.0682311115474694e-13 -1 1.6292099758175027e-7 
vn -0.7078686952590942 -0.7063339352607727 -0.0037755321245640516 
vn 0.7078787684440613 -0.7063339352607727 1.1507663089105336e-7 
vn -2.0682311115474694e-13 -1 1.6292099758175027e-7 
vn -2.0682311115474694e-13 -1 1.6292099758175027e-7 
vn -2.0682311115474694e-13 -1 1.6292099758175027e-7 
vn 0.7078787684440613 -0.7063339352607727 1.1507663089105336e-7 
vn 0.7078787684440613 -0.7063339352607727 1.1507663089105336e-7 
vn -2.0682311115474694e-13 -1 1.6292099758175027e-7 
vn 2.0682311115474694e-13 -1 1.6292099758175027e-7 
vn 2.0682311115474694e-13 -1 1.6292099758175027e-7 
vn -0.7078686952590942 -0.7063339352607727 0.0037757621612399817 
vn -0.34257784485816956 -0.8742781281471252 0.3439158797264099 
vn 2.0682311115474694e-13 -1 1.6292099758175027e-7 
vn -2.0682311115474694e-13 -1 1.6292099758175027e-7 
vn 0.7078787684440613 -0.7063339352607727 1.1507663089105336e-7 
vn 0.7078787684440613 -0.7063339352607727 1.1507663089105336e-7 
vn 0.7078787684440613 -0.7063339352607727 1.1507663089105336e-7 
vn 0.004369377624243498 -0.9999904632568359 1.6291944859858631e-7 
vn 0.5779946446418762 -0.5760594606399536 -0.5779945254325867 
vn 0.0018878303235396743 -0.7063340544700623 -0.7078761458396912 
vn 0.0018878303235396743 -0.7063340544700623 -0.7078761458396912 
vn -0.002184688812121749 -0.9999904632568359 -0.003783829277381301 
vn -0.002184688812121749 -0.9999904632568359 0.0037841552402824163 
vn -0.002184688812121749 -0.9999904632568359 0.0037841552402824163 
vn 0.0018878303235396743 -0.7063338160514832 0.7078763842582703 
vn 0.7078787684440613 -0.7063339352607727 1.1507663089105336e-7 
vn 0.7078787684440613 -0.7063339352607727 1.1507663089105336e-7 
vn 0.0018878303235396743 -0.7063340544700623 -0.7078761458396912 
vn -0.002184688812121749 -0.9999904632568359 -0.003783829277381301 
vn -0.002184688812121749 -0.9999904632568359 -0.003783829277381301 
vn -0.002184688812121749 -0.9999904632568359 -0.003783829277381301 
vn 0.0018878303235396743 -0.7063340544700623 -0.7078761458396912 
vn 0.0018878303235396743 -0.7063340544700623 -0.7078761458396912 
vn -0.002184688812121749 -0.9999904632568359 -0.003783829277381301 
vn -0.002184688812121749 -0.9999904632568359 0.0037841552402824163 
vn -0.002184688812121749 -0.9999904632568359 0.0037841552402824163 
vn 0.0018878303235396743 -0.7063338160514832 0.7078763842582703 
vn 0.34524840116500854 -0.8742781281471252 0.34123489260673523 
vn -2.0682311115474694e-13 -1 1.6292099758175027e-7 
vn -0.002184688812121749 -0.9999904632568359 -0.003783829277381301 
vn 0.0018878303235396743 -0.7063340544700623 -0.7078761458396912 
vn 0.0018878303235396743 -0.7063340544700623 -0.7078761458396912 
vn 0.0018878303235396743 -0.7063340544700623 -0.7078761458396912 
vn -0.002184688812121749 -0.9999904632568359 -0.003783829277381301 
vn -0.5779946446418762 -0.5760594606399536 -0.5779945254325867 
vn -0.7078686952590942 -0.7063339352607727 -0.0037755321245640516 
vn -0.7078686952590942 -0.7063339352607727 -0.0037755321245640516 
vn 2.0682311115474694e-13 -1 1.6292099758175027e-7 
vn -2.0682311115474694e-13 -1 1.6292099758175027e-7 
vn 0.0018878303235396743 -0.7063340544700623 -0.7078761458396912 
vn 0.0018878303235396743 -0.7063340544700623 -0.7078761458396912 
vn -0.7078686952590942 -0.7063339352607727 -0.0037755321245640516 
vn 0 1 -1.6292099758175027e-7 
vn 0 1 -1.6292099758175027e-7 
vn 0 1 -1.6292099758175027e-7 
vn 0.0013502120273187757 0.9999904632568359 -0.0041556884534657 
vn 0 1 -1.6292099758175027e-7 
vn 0 1 -1.6292099758175027e-7 
vn -0.7078787684440613 0.7063339352607727 -1.1507648167707885e-7 
vn -0.7078787684440613 0.7063339352607727 -1.1507648167707885e-7 
vn -0.9995967149734497 0.028397228568792343 -4.626298011345398e-9 
vn -0.7078787684440613 0.7063339352607727 -1.1507648167707885e-7 
vn 0 1 -1.6292099758175027e-7 
vn 0 1 -1.6292099758175027e-7 
vn 0.34124472737312317 0.8742782473564148 0.34523841738700867 
vn 0.0013502120273187757 0.9999904632568359 0.004155362490564585 
vn 0.0013502120273187757 0.9999904632568359 -0.0041556884534657 
vn 0.0013502120273187757 0.9999904632568359 0.004155362490564585 
vn 0.00376924779266119 0.7063340544700623 0.7078686356544495 
vn 0.0013502120273187757 0.9999904632568359 0.004155362490564585 
vn -0.00376924779266119 0.7063340544700623 0.7078686356544495 
vn -0.3439124524593353 0.8742782473564148 0.34258100390434265 
vn -0.0035349009558558464 0.9999904632568359 0.0025680928956717253 
vn 0.0013502120273187757 0.9999904632568359 -0.0041556884534657 
vn 0.0013502120273187757 0.9999904632568359 -0.0041556884534657 
vn 0.00376924779266119 0.7063338160514832 -0.7078688740730286 
vn 0.00376924779266119 0.7063338160514832 -0.7078688740730286 
vn 0.00376924779266119 0.7063338160514832 -0.7078688740730286 
vn -1.0336984767505067e-13 0.02839706651866436 -0.9995967149734497 
vn -1.0336984767505067e-13 0.02839706651866436 -0.9995967149734497 
vn -1.0336984767505067e-13 0.02839706651866436 -0.9995967149734497 
vn -1.0336984767505067e-13 -0.028397390618920326 -0.9995967149734497 
vn -1.0336984767505067e-13 -0.028397390618920326 -0.9995967149734497 
vn 0.0018878303235396743 -0.7063340544700623 -0.7078761458396912 
vn 0.0018878303235396743 -0.7063340544700623 -0.7078761458396912 
vn -1.0336984767505067e-13 -0.028397390618920326 -0.9995967149734497 
vn 0.0018878303235396743 -0.7063340544700623 -0.7078761458396912 
vn -0.5779946446418762 -0.5760594606399536 -0.5779945254325867 
vn -0.7069026231765747 -0.024029456079006195 -0.7069026231765747 
vn -1.0336984767505067e-13 0.02839706651866436 -0.9995967149734497 
vn -0.7069026231765747 0.02402922511100769 -0.7069026231765747 
vn -0.5759913921356201 0.5760592222213745 -0.5799911022186279 
vn -0.00376924779266119 0.7063338160514832 -0.7078688740730286 
vn -1.0336984767505067e-13 0.02839706651866436 -0.9995967149734497 
vn 0.00376924779266119 0.7063338160514832 -0.7078688740730286 
vn -0.0035349009558558464 0.9999904632568359 -0.0025684188585728407 
vn -0.7078787684440613 0.7063339352607727 -1.1507648167707885e-7 
vn -0.7078787684440613 0.7063339352607727 -1.1507648167707885e-7 
vn -0.9995967149734497 0.028397228568792343 -4.626298011345398e-9 
vn -0.9995967149734497 0.028397228568792343 -4.626298011345398e-9 
vn -0.9995967149734497 0.028397228568792343 -4.626298011345398e-9 
vn -0.7069026231765747 0.02402922511100769 -0.7069026231765747 
vn -0.9995967149734497 -0.028397228568792343 4.626711458399768e-9 
vn -0.9995967149734497 -0.028397228568792343 4.626711458399768e-9 
vn -0.7078686952590942 -0.7063339352607727 -0.0037755321245640516 
vn -0.5779946446418762 -0.5760594606399536 -0.5779945254325867 
vn -0.7069026231765747 -0.024029456079006195 -0.7069026231765747 
vn -0.9995967149734497 -0.028397228568792343 4.626711458399768e-9 
vn -0.9995967149734497 -0.028397228568792343 4.626711458399768e-9 
vn -0.7078686952590942 -0.7063339352607727 -0.0037755321245640516 
vn -0.7078686952590942 -0.7063339352607727 -0.0037755321245640516 
vn -0.7078686952590942 -0.7063339352607727 -0.0037755321245640516 
vn -0.7078686952590942 -0.7063339352607727 -0.0037755321245640516 
vn -0.9995967149734497 -0.028397228568792343 4.626711458399768e-9 
vn -0.7078686952590942 -0.7063339352607727 -0.0037755321245640516 
vn -0.7078686952590942 -0.7063339352607727 -0.0037755321245640516 
vn -0.9995967149734497 -0.028397228568792343 4.626711458399768e-9 
vn -0.9995967149734497 0.028397228568792343 -4.626298011345398e-9 
vn -0.9995967149734497 0.028397228568792343 -4.626298011345398e-9 
vn -0.7078787684440613 0.7063339352607727 -1.1507648167707885e-7 
vn -0.9995967149734497 -0.028397228568792343 4.626711458399768e-9 
vn -0.7078686952590942 -0.7063339352607727 -0.0037755321245640516 
vn -0.7078686952590942 -0.7063339352607727 -0.0037755321245640516 
vn -0.9995967149734497 -0.028397228568792343 4.626711458399768e-9 
vn -0.7078686952590942 -0.7063339352607727 0.0037757621612399817 
vn -0.5779946446418762 -0.5760592222213745 0.5779947638511658 
vn -0.7069026231765747 -0.02402922511100769 0.7069026231765747 
vn -0.9995967149734497 0.028397228568792343 -4.626298011345398e-9 
vn -0.7069026231765747 0.024029456079006195 0.7069026231765747 
vn -0.5759913921356201 0.5760594606399536 0.5799908638000488 
vn -0.7078787684440613 0.7063339352607727 -1.1507648167707885e-7 
vn -0.9995967149734497 0.028397228568792343 -4.626298011345398e-9 
vn -0.7078787684440613 0.7063339352607727 -1.1507648167707885e-7 
vn -0.0035349009558558464 0.9999904632568359 0.0025680928956717253 
vn 0 1 -1.6292099758175027e-7 
vn 0 1 -1.6292099758175027e-7 
vn 0 1 -1.6292099758175027e-7 
vn 0.7078787684440613 0.7063339352607727 -1.1507663089105336e-7 
vn 0.7078787684440613 0.7063339352607727 -1.1507663089105336e-7 
vn 0.34124472737312317 0.8742781281471252 -0.34523871541023254 
vn 0 1 -1.6292099758175027e-7 
vn 0 1 -1.6292099758175027e-7 
vn 0.0013502120273187757 0.9999904632568359 0.004155362490564585 
vn -0.00376924779266119 0.7063340544700623 0.7078686356544495 
vn 3.096656503269457e-13 0.028397390618920326 0.9995967149734497 
vn -0.7069026231765747 0.024029456079006195 0.7069026231765747 
vn 0.00376924779266119 0.7063340544700623 0.7078686356544495 
vn 0.00376924779266119 0.7063340544700623 0.7078686356544495 
vn 0.0013502120273187757 0.9999904632568359 0.004155362490564585 
vn 0.0013502120273187757 0.9999904632568359 -0.0041556884534657 
vn 0.0013502120273187757 0.9999904632568359 -0.0041556884534657 
vn 0.00376924779266119 0.7063338160514832 -0.7078688740730286 
vn -0.00376924779266119 0.7063338160514832 -0.7078688740730286 
vn 0.0013502120273187757 0.9999904632568359 -0.0041556884534657 
vn -0.3439124524593353 0.8742781281471252 -0.34258130192756653 
vn 3.096656503269457e-13 0.028397390618920326 0.9995967149734497 
vn 0.0013502120273187757 0.9999904632568359 0.004155362490564585 
vn 0.00376924779266119 0.7063340544700623 0.7078686356544495 
vn 0.0013502120273187757 0.9999904632568359 0.004155362490564585 
vn 0.0013502120273187757 0.9999904632568359 0.004155362490564585 
vn -0.0035349009558558464 0.9999904632568359 -0.0025684188585728407 
vn 0.0013502120273187757 0.9999904632568359 0.004155362490564585 
vn 0 1 -1.6292099758175027e-7 
vn 0.00376924779266119 0.7063340544700623 0.7078686356544495 
vn -0.00376924779266119 0.7063340544700623 0.7078686356544495 
vn 3.096656503269457e-13 0.028397390618920326 0.9995967149734497 
vn 3.096656503269457e-13 0.028397390618920326 0.9995967149734497 
vn 3.096656503269457e-13 -0.02839706651866436 0.9995967149734497 
vn 3.096656503269457e-13 -0.02839706651866436 0.9995967149734497 
vn 0.0018878303235396743 -0.7063338160514832 0.7078763842582703 
vn 0.0018878303235396743 -0.7063338160514832 0.7078763842582703 
vn 3.096656503269457e-13 -0.02839706651866436 0.9995967149734497 
vn 0.0018878303235396743 -0.7063338160514832 0.7078763842582703 
vn 0.0018878303235396743 -0.7063338160514832 0.7078763842582703 
vn 3.096656503269457e-13 -0.02839706651866436 0.9995967149734497 
vn 3.096656503269457e-13 0.028397390618920326 0.9995967149734497 
vn 3.096656503269457e-13 0.028397390618920326 0.9995967149734497 
vn 3.096656503269457e-13 -0.02839706651866436 0.9995967149734497 
vn 0.0018878303235396743 -0.7063338160514832 0.7078763842582703 
vn 0.0018878303235396743 -0.7063338160514832 0.7078763842582703 
vn 3.096656503269457e-13 -0.02839706651866436 0.9995967149734497 
vn 0.0018878303235396743 -0.7063338160514832 0.7078763842582703 
vn 0.5779946446418762 -0.5760592222213745 0.5779947638511658 
vn 0.7069026231765747 -0.02402922511100769 0.7069026231765747 
vn 3.096656503269457e-13 0.028397390618920326 0.9995967149734497 
vn 0.7069026231765747 0.024029456079006195 0.7069026231765747 
vn 0.5786608457565308 0.5760594606399536 0.57732754945755 
vn 0.00376924779266119 0.7063340544700623 0.7078686356544495 
vn 3.096656503269457e-13 0.028397390618920326 0.9995967149734497 
vn 0.00376924779266119 0.7063340544700623 0.7078686356544495 
vn 0.0013502120273187757 0.9999904632568359 0.004155362490564585 
vn 0 1 -1.6292099758175027e-7 
vn 0.7078787684440613 0.7063339352607727 -1.1507663089105336e-7 
vn 0.9995967149734497 0.028397228568792343 -4.626504956917188e-9 
vn 0.7078787684440613 0.7063339352607727 -1.1507663089105336e-7 
vn 0.9995967149734497 0.028397228568792343 -4.626504956917188e-9 
vn 0.7078787684440613 0.7063339352607727 -1.1507663089105336e-7 
vn 0 1 -1.6292099758175027e-7 
vn 0 1 -1.6292099758175027e-7 
vn 0 1 -1.6292099758175027e-7 
vn -0.7078787684440613 0.7063339352607727 -1.1507648167707885e-7 
vn -0.7078787684440613 0.7063339352607727 -1.1507648167707885e-7 
vn 0 1 -1.6292099758175027e-7 
vn 0.7069026231765747 0.024029456079006195 0.7069026231765747 
vn 0 1 -1.6292099758175027e-7 
vn 0.7078787684440613 0.7063339352607727 -1.1507663089105336e-7 
vn 0.9995967149734497 0.028397228568792343 -4.626504956917188e-9 
vn 0.7078787684440613 0.7063339352607727 -1.1507663089105336e-7 
vn 0 1 -1.6292099758175027e-7 
vn 0.9995967149734497 0.028397228568792343 -4.626504956917188e-9 
vn 0.9995967149734497 -0.028397228568792343 4.626504956917188e-9 
vn 0.9995967149734497 -0.028397228568792343 4.626504956917188e-9 
vn 0.7078787684440613 -0.7063339352607727 1.1507663089105336e-7 
vn 0.7078787684440613 -0.7063339352607727 1.1507663089105336e-7 
vn 0.7078787684440613 -0.7063339352607727 1.1507663089105336e-7 
vn 0.9995967149734497 -0.028397228568792343 4.626504956917188e-9 
vn 0.5779946446418762 -0.5760592222213745 0.5779947638511658 
vn 0.7069026231765747 -0.02402922511100769 0.7069026231765747 
vn 0.9995967149734497 -0.028397228568792343 4.626504956917188e-9 
vn 0.7078787684440613 -0.7063339352607727 1.1507663089105336e-7 
vn 0.7078787684440613 -0.7063339352607727 1.1507663089105336e-7 
vn 0.9995967149734497 -0.028397228568792343 4.626504956917188e-9 
vn 0.7078787684440613 -0.7063339352607727 1.1507663089105336e-7 
vn 0.7078787684440613 -0.7063339352607727 1.1507663089105336e-7 
vn 0.9995967149734497 -0.028397228568792343 4.626504956917188e-9 
vn 0.9995967149734497 0.028397228568792343 -4.626504956917188e-9 
vn 0.7078787684440613 0.7063339352607727 -1.1507663089105336e-7 
vn 0.9995967149734497 0.028397228568792343 -4.626504956917188e-9 
vn 0.9995967149734497 -0.028397228568792343 4.626504956917188e-9 
vn 0.7078787684440613 -0.7063339352607727 1.1507663089105336e-7 
vn 0.7078787684440613 -0.7063339352607727 1.1507663089105336e-7 
vn 0.9995967149734497 -0.028397228568792343 4.626504956917188e-9 
vn 0.7078787684440613 -0.7063339352607727 1.1507663089105336e-7 
vn 0.5779946446418762 -0.5760594606399536 -0.5779945254325867 
vn 0.7069026231765747 -0.024029456079006195 -0.7069026231765747 
vn 0.9995967149734497 0.028397228568792343 -4.626504956917188e-9 
vn 0.7069026231765747 0.02402922511100769 -0.7069026231765747 
vn 0.5786608457565308 0.5760592222213745 -0.5773277878761292 
vn 0.7078787684440613 0.7063339352607727 -1.1507663089105336e-7 
vn 0.9995967149734497 0.028397228568792343 -4.626504956917188e-9 
vn 0.7078787684440613 0.7063339352607727 -1.1507663089105336e-7 
vn 0 1 -1.6292099758175027e-7 
vn 0 1 -1.6292099758175027e-7 
vn 0 1 -1.6292099758175027e-7 
vn 0 1 -1.6292099758175027e-7 
vn 0.0013502120273187757 0.9999904632568359 -0.0041556884534657 
vn 0.0013502120273187757 0.9999904632568359 -0.0041556884534657 
vn 0.0013502120273187757 0.9999904632568359 -0.0041556884534657 
vn 0.00376924779266119 0.7063338160514832 -0.7078688740730286 
vn -1.0336984767505067e-13 0.02839706651866436 -0.9995967149734497 
vn 0.7069026231765747 0.02402922511100769 -0.7069026231765747 
vn 0.00376924779266119 0.7063338160514832 -0.7078688740730286 
vn -1.0336984767505067e-13 0.02839706651866436 -0.9995967149734497 
vn -1.0336984767505067e-13 0.02839706651866436 -0.9995967149734497 
vn 0.00376924779266119 0.7063338160514832 -0.7078688740730286 
vn -1.0336984767505067e-13 -0.028397390618920326 -0.9995967149734497 
vn 0.7069026231765747 -0.024029456079006195 -0.7069026231765747 
vn 0.5779946446418762 -0.5760594606399536 -0.5779945254325867 
vn 0.0018878303235396743 -0.7063340544700623 -0.7078761458396912 
vn -1.0336984767505067e-13 -0.028397390618920326 -0.9995967149734497 
vn 0.0018878303235396743 -0.7063340544700623 -0.7078761458396912 
vn 0.0018878303235396743 -0.7063340544700623 -0.7078761458396912 
vn -1.0336984767505067e-13 -0.028397390618920326 -0.9995967149734497 
vn -1.0336984767505067e-13 -0.028397390618920326 -0.9995967149734497 
vn 0.0018878303235396743 -0.7063340544700623 -0.7078761458396912 
vn 0.0018878303235396743 -0.7063340544700623 -0.7078761458396912 
vn -1.0336984767505067e-13 -0.028397390618920326 -0.9995967149734497 
vn 0.0018878303235396743 -0.7063340544700623 -0.7078761458396912 
vn 0.0018878303235396743 -0.7063340544700623 -0.7078761458396912 
vn 0.7064976692199707 -0.04149741679430008 -0.7064976692199707 
vn 0.9995967149734497 -0.028397228568792343 4.626504956917188e-9 
vn 0.7064976692199707 0.041497185826301575 -0.7064976692199707 
vn 0.9995967149734497 0.028397228568792343 -4.626504956917188e-9 
vn 0.34124472737312317 0.8742781281471252 -0.34523871541023254 
vn 0.7078787684440613 0.7063339352607727 -1.1507663089105336e-7 
vn 0.7078787684440613 0.7063339352607727 -1.1507663089105336e-7 
vn 0.9995967149734497 0.028397228568792343 -4.626504956917188e-9 
vn 0.34124472737312317 0.8742782473564148 0.34523841738700867 
vn 0.7064976692199707 0.04149741679430008 0.7064976692199707 
vn 0.7064976692199707 -0.041497185826301575 0.7064976692199707 
vn 0.9995967149734497 -0.028397228568792343 4.626504956917188e-9 
vn 0.34524840116500854 -0.8742781281471252 0.34123489260673523 
vn 0.7078787684440613 -0.7063339352607727 1.1507663089105336e-7 
vn 0.7078787684440613 -0.7063339352607727 1.1507663089105336e-7 
vn 0.34524840116500854 -0.8742782473564148 -0.34123459458351135 
vn -0.00376924779266119 0.7063338160514832 -0.7078688740730286 
vn -1.0336984767505067e-13 0.02839706651866436 -0.9995967149734497 
vn 0.00376924779266119 0.7063338160514832 -0.7078688740730286 
vn -1.0336984767505067e-13 0.02839706651866436 -0.9995967149734497 
vn 0.34124472737312317 0.8742781281471252 -0.34523871541023254 
vn 0.7064976692199707 0.041497185826301575 -0.7064976692199707 
vn 0.7064976692199707 -0.04149741679430008 -0.7064976692199707 
vn -1.0336984767505067e-13 -0.028397390618920326 -0.9995967149734497 
vn 0.34524840116500854 -0.8742782473564148 -0.34123459458351135 
vn 0.0018878303235396743 -0.7063340544700623 -0.7078761458396912 
vn 0.0018878303235396743 -0.7063340544700623 -0.7078761458396912 
vn -1.0336984767505067e-13 -0.028397390618920326 -0.9995967149734497 
vn -0.34257784485816956 -0.8742782473564148 -0.34391558170318604 
vn -0.7064976692199707 -0.04149741679430008 -0.7064976692199707 
vn -0.7064976692199707 0.041497185826301575 -0.7064976692199707 
vn -0.3439124524593353 0.8742781281471252 -0.34258130192756653 
vn -0.3439124524593353 0.8742781281471252 -0.34258130192756653 
vn -0.7078787684440613 0.7063339352607727 -1.1507648167707885e-7 
vn -0.9995967149734497 0.028397228568792343 -4.626298011345398e-9 
vn -0.9995967149734497 0.028397228568792343 -4.626298011345398e-9 
vn -0.9995967149734497 -0.028397228568792343 4.626711458399768e-9 
vn -0.9995967149734497 -0.028397228568792343 4.626711458399768e-9 
vn -0.7078686952590942 -0.7063339352607727 0.0037757621612399817 
vn -0.7078686952590942 -0.7063339352607727 -0.0037755321245640516 
vn -0.34257784485816956 -0.8742782473564148 -0.34391558170318604 
vn -0.7064976692199707 -0.04149741679430008 -0.7064976692199707 
vn -0.7064976692199707 0.041497185826301575 -0.7064976692199707 
vn -0.34257784485816956 -0.8742781281471252 0.3439158797264099 
vn -0.7064976692199707 -0.041497185826301575 0.7064976692199707 
vn -0.7064976692199707 0.04149741679430008 0.7064976692199707 
vn -0.3439124524593353 0.8742782473564148 0.34258100390434265 
vn -0.7078787684440613 0.7063339352607727 -1.1507648167707885e-7 
vn -0.7064976692199707 0.04149741679430008 0.7064976692199707 
vn 3.096656503269457e-13 0.028397390618920326 0.9995967149734497 
vn -0.7064976692199707 -0.041497185826301575 0.7064976692199707 
vn 3.096656503269457e-13 -0.02839706651866436 0.9995967149734497 
vn -0.34257784485816956 -0.8742781281471252 0.3439158797264099 
vn 0.0018878303235396743 -0.7063338160514832 0.7078763842582703 
vn 0.0018878303235396743 -0.7063338160514832 0.7078763842582703 
vn 3.096656503269457e-13 -0.02839706651866436 0.9995967149734497 
vn 0.34524840116500854 -0.8742781281471252 0.34123489260673523 
vn 0.7064976692199707 -0.041497185826301575 0.7064976692199707 
vn 0.7064976692199707 0.04149741679430008 0.7064976692199707 
vn 3.096656503269457e-13 0.028397390618920326 0.9995967149734497 
vn 0.34124472737312317 0.8742782473564148 0.34523841738700867 
vn 0.00376924779266119 0.7063340544700623 0.7078686356544495 
vn -0.00376924779266119 0.7063340544700623 0.7078686356544495 
vn -0.3439124524593353 0.8742782473564148 0.34258100390434265 
vn -0.5779946446418762 -0.5760592222213745 0.5779947638511658 
vn 3.096656503269457e-13 -0.02839706651866436 0.9995967149734497 
vn -0.7069026231765747 -0.02402922511100769 0.7069026231765747 
vn 3.096656503269457e-13 -0.02839706651866436 0.9995967149734497 
vn 0.0018878303235396743 -0.7063338160514832 0.7078763842582703 
vn 0.0018878303235396743 -0.7063338160514832 0.7078763842582703 
vn 0.0018878303235396743 -0.7063338160514832 0.7078763842582703 
vn -0.007551815826445818 0.0021848571486771107 0.9999691247940063 
vn 0.007551815826445818 0.0021848571486771107 0.9999691247940063 
vn 0.007551815826445818 -0.0021845311857759953 0.9999691247940063 
vn 0.7071051001548767 -0.0021845789160579443 0.7071051001548767 
vn 0.5779946446418762 -0.5760592222213745 0.5779947638511658 
vn 0.9999691247940063 -0.0021846930030733347 0.007551816292107105 
vn 0.7071051001548767 0.0021848094183951616 0.7071051001548767 
vn 0.9999691247940063 0.0021846953313797712 0.007551815360784531 
vn -0.007551815826445818 -0.0021845311857759953 0.9999691247940063 
vn -0.005663437303155661 -0.7063338160514832 0.7078562378883362 
vn -0.5779946446418762 -0.5760592222213745 0.5779947638511658 
vn -0.007873271591961384 -0.999961793422699 0.0037917308509349823 
vn 0.0018878303235396743 -0.7063338160514832 0.7078763842582703 
vn 0.005448473151773214 -0.999961793422699 0.006832331884652376 
vn 0.7078384757041931 -0.7063339352607727 0.00755130173638463 
vn 0.7078384757041931 -0.7063339352607727 -0.0075510716997087 
vn 0.005448473151773214 -0.999961793422699 -0.006832005921751261 
vn 0.5779946446418762 -0.5760594606399536 -0.5779945254325867 
vn 0.0018878303235396743 -0.7063340544700623 -0.7078761458396912 
vn -0.005663437303155661 -0.7063340544700623 -0.7078559994697571 
vn -0.007873271591961384 -0.999961793422699 -0.003791404888033867 
vn -0.7078686952590942 -0.7063339352607727 0.0037757621612399817 
vn -0.7071051001548767 0.0021848094183951616 0.7071051001548767 
vn -0.7071051001548767 -0.0021845789160579443 0.7071051001548767 
vn -0.9999691247940063 -0.0021846930030733347 0.007551816292107105 
vn -0.7078686952590942 -0.7063339352607727 0.0037757621612399817 
vn -0.9999691247940063 0.0021846953313797712 0.007551815360784531 
vn -0.9999691247940063 0.0021846930030733347 -0.007551816292107105 
vn -0.9999691247940063 -0.0021846953313797712 -0.007551815360784531 
vn -0.7071051001548767 0.0021845789160579443 -0.7071051001548767 
vn -0.7071051001548767 -0.0021848094183951616 -0.7071051001548767 
vn -0.007551815826445818 0.0021845311857759953 -0.9999691247940063 
vn -0.7078686952590942 -0.7063339352607727 -0.0037755321245640516 
vn -0.5779946446418762 -0.5760594606399536 -0.5779945254325867 
vn -0.7078686952590942 -0.7063339352607727 -0.0037755321245640516 
vn -0.5779946446418762 -0.5760594606399536 -0.5779945254325867 
vn -0.007551815826445818 -0.0021848571486771107 -0.9999691247940063 
vn -0.5779946446418762 -0.5760594606399536 -0.5779945254325867 
vn -0.005663437303155661 -0.7063340544700623 -0.7078559994697571 
vn 0.0018878303235396743 -0.7063340544700623 -0.7078761458396912 
vn 0.007551815826445818 -0.0021848571486771107 -0.9999691247940063 
vn 0.5779946446418762 -0.5760594606399536 -0.5779945254325867 
vn 0.7071051001548767 -0.0021848094183951616 -0.7071051001548767 
vn 0.7071051001548767 0.0021845789160579443 -0.7071051001548767 
vn 0.007551815826445818 -0.0021848571486771107 -0.9999691247940063 
vn 0.7071051001548767 0.0021845789160579443 -0.7071051001548767 
vn 0.7071051001548767 -0.0021848094183951616 -0.7071051001548767 
vn 0.9999691247940063 0.0021846930030733347 -0.007551816292107105 
vn 0.9999691247940063 -0.0021846953313797712 -0.007551815360784531 
vn 0.7078384757041931 -0.7063339352607727 0.00755130173638463 
vn 0.5779946446418762 -0.5760594606399536 -0.5779945254325867 
vn 0.7078384757041931 -0.7063339352607727 -0.0075510716997087 
vn -0.7078686952590942 -0.7063339352607727 -0.0037755321245640516 
vn -0.5779946446418762 -0.5760594606399536 -0.5779945254325867 
vn -0.007873271591961384 -0.999961793422699 -0.003791404888033867 
vn -0.005663437303155661 -0.7063340544700623 -0.7078559994697571 
vn 0.005448473151773214 -0.999961793422699 -0.006832005921751261 
vn 0.0018878303235396743 -0.7063340544700623 -0.7078761458396912 
vn -0.7078686952590942 -0.7063339352607727 0.0037757621612399817 
vn -0.007873271591961384 -0.999961793422699 0.0037917308509349823 
vn -0.5779946446418762 -0.5760592222213745 0.5779947638511658 
vn -0.005663437303155661 -0.7063338160514832 0.7078562378883362 
vn 0.0018878303235396743 -0.7063338160514832 0.7078763842582703 
vn 0.005448473151773214 -0.999961793422699 0.006832331884652376 
vn 0.5779946446418762 -0.5760592222213745 0.5779947638511658 
vn 0.7078384757041931 -0.7063339352607727 0.00755130173638463 
vn 0.7078384757041931 -0.7063339352607727 -0.0075510716997087 
vn 0.5779946446418762 -0.5760594606399536 -0.5779945254325867 
vn 0.007551815826445818 -0.0021848571486771107 -0.9999691247940063 
vn -0.007551815826445818 -0.0021848571486771107 -0.9999691247940063 
vn -0.7071051001548767 -0.0021848094183951616 -0.7071051001548767 
vn -0.9999691247940063 -0.0021846953313797712 -0.007551815360784531 
vn -0.7078686952590942 -0.7063339352607727 -0.0037755321245640516 
vn -0.9999691247940063 -0.0021846930030733347 0.007551816292107105 
vn -0.7078686952590942 -0.7063339352607727 0.0037757621612399817 
vn -0.5779946446418762 -0.5760592222213745 0.5779947638511658 
vn -0.7071051001548767 -0.0021845789160579443 0.7071051001548767 
vn -0.9999691247940063 0.0021846953313797712 0.007551815360784531 
vn -0.9999691247940063 0.0021846930030733347 -0.007551816292107105 
vn -0.7071051001548767 0.0021845789160579443 -0.7071051001548767 
vn -0.007551815826445818 0.0021845311857759953 -0.9999691247940063 
vn 0.007551815826445818 0.0021845311857759953 -0.9999691247940063 
vn 0.7071051001548767 0.0021845789160579443 -0.7071051001548767 
vn 0.7071051001548767 -0.0021848094183951616 -0.7071051001548767 
vn 0.9999691247940063 0.0021846930030733347 -0.007551816292107105 
vn 0.9999691247940063 -0.0021846953313797712 -0.007551815360784531 
vn 0.9999691247940063 0.0021846953313797712 0.007551815360784531 
vn 0.7078384757041931 -0.7063339352607727 -0.0075510716997087 
vn 0.7078384757041931 -0.7063339352607727 0.00755130173638463 
vn 0.9999691247940063 -0.0021846930030733347 0.007551816292107105 
vn 0.5779946446418762 -0.5760592222213745 0.5779947638511658 
vn 0.7071051001548767 -0.0021845789160579443 0.7071051001548767 
vn 0.7071051001548767 0.0021848094183951616 0.7071051001548767 
vn 0.7071051001548767 0.0021848094183951616 0.7071051001548767 
vn 0.007551815826445818 0.0021848571486771107 0.9999691247940063 
vn 0.7071051001548767 -0.0021845789160579443 0.7071051001548767 
vn 0.007551815826445818 -0.0021845311857759953 0.9999691247940063 
vn 0.5779946446418762 -0.5760592222213745 0.5779947638511658 
vn 0.0018878303235396743 -0.7063338160514832 0.7078763842582703 
vn -0.005663437303155661 -0.7063338160514832 0.7078562378883362 
vn -0.007551815826445818 -0.0021845311857759953 0.9999691247940063 
vn -0.5779946446418762 -0.5760592222213745 0.5779947638511658 
vn -0.7071051001548767 0.0021848094183951616 0.7071051001548767 
vn -0.007551815826445818 0.0021848571486771107 0.9999691247940063 
vn -0.5779946446418762 -0.5760594606399536 -0.5779945254325867 
vn -0.005663437303155661 -0.7063340544700623 -0.7078559994697571 
vn -0.007873271591961384 -0.999961793422699 -0.003791404888033867 
vn 0.005448473151773214 -0.999961793422699 -0.006832005921751261 
vn 0.005448473151773214 -0.999961793422699 0.006832331884652376 
vn -0.007873271591961384 -0.999961793422699 0.0037917308509349823 
vn 0.0018878303235396743 -0.7063338160514832 0.7078763842582703 
vn -0.005663437303155661 -0.7063338160514832 0.7078562378883362 
vn -0.5779946446418762 -0.5760592222213745 0.5779947638511658 
vn -0.7078686952590942 -0.7063339352607727 0.0037757621612399817 
vn -0.7078686952590942 -0.7063339352607727 -0.0037755321245640516 
vn 0.0018878303235396743 -0.7063340544700623 -0.7078761458396912 
vn 0.5779946446418762 -0.5760594606399536 -0.5779945254325867 
vn 0.7078384757041931 -0.7063339352607727 -0.0075510716997087 
vn 0.7078384757041931 -0.7063339352607727 0.00755130173638463 
vn 0.5779946446418762 -0.5760592222213745 0.5779947638511658 
vn 0.007551815826445818 -0.0021845311857759953 0.9999691247940063 
vn -0.007551815826445818 -0.0021845311857759953 0.9999691247940063 
vn -0.7071051001548767 -0.0021845789160579443 0.7071051001548767 
vn -0.9999691247940063 -0.0021846930030733347 0.007551816292107105 
vn -0.7078686952590942 -0.7063339352607727 0.0037757621612399817 
vn -0.7078686952590942 -0.7063339352607727 -0.0037755321245640516 
vn -0.9999691247940063 -0.0021846953313797712 -0.007551815360784531 
vn -0.5779946446418762 -0.5760594606399536 -0.5779945254325867 
vn -0.7071051001548767 -0.0021848094183951616 -0.7071051001548767 
vn -0.7071051001548767 -0.0021848094183951616 -0.7071051001548767 
vn -0.9999691247940063 -0.0021846953313797712 -0.007551815360784531 
vn -0.9999691247940063 -0.0021846930030733347 0.007551816292107105 
vn -0.7071051001548767 -0.0021845789160579443 0.7071051001548767 
vn -0.007551815826445818 0.0021848571486771107 0.9999691247940063 
vn 0.007551815826445818 0.0021848571486771107 0.9999691247940063 
vn 0.7071051001548767 -0.0021845789160579443 0.7071051001548767 
vn 0.7071051001548767 0.0021848094183951616 0.7071051001548767 
vn 0.9999691247940063 -0.0021846930030733347 0.007551816292107105 
vn 0.9999691247940063 -0.0021846930030733347 0.007551816292107105 
vn 0.9999691247940063 -0.0021846953313797712 -0.007551815360784531 
vn 0.7078384757041931 -0.7063339352607727 0.00755130173638463 
vn 0.7078384757041931 -0.7063339352607727 -0.0075510716997087 
vn 0.5779946446418762 -0.5760594606399536 -0.5779945254325867 
vn 0.7071051001548767 -0.0021848094183951616 -0.7071051001548767 
vn 0.9999691247940063 0.0021846930030733347 -0.007551816292107105 
vn 0.7071051001548767 0.0021845789160579443 -0.7071051001548767 
vn 0.007551815826445818 -0.0021848571486771107 -0.9999691247940063 
vn 0.007551815826445818 -0.0021848571486771107 -0.9999691247940063 
vn -0.007551815826445818 -0.0021848571486771107 -0.9999691247940063 
vn 0.0018878303235396743 -0.7063340544700623 -0.7078761458396912 
vn -0.005663437303155661 -0.7063340544700623 -0.7078559994697571 
vn -0.5779946446418762 -0.5760594606399536 -0.5779945254325867 
vn -0.7071051001548767 -0.0021848094183951616 -0.7071051001548767 
vn -0.007551815826445818 -0.0021848571486771107 -0.9999691247940063 
vn 0.5779946446418762 -0.5760594606399536 -0.5779945254325867 
vn -0.7071051001548767 -0.0021848094183951616 -0.7071051001548767 
vn 0.0018878303235396743 -0.7063340544700623 -0.7078761458396912 
vn 0.5779946446418762 -0.5760594606399536 -0.5779945254325867 
vn 0.005448473151773214 -0.999961793422699 -0.006832005921751261 
vn 0.7078384757041931 -0.7063339352607727 -0.0075510716997087 
vn 0.005448473151773214 -0.999961793422699 0.006832331884652376 
vn 0.7078384757041931 -0.7063339352607727 0.00755130173638463 
vn -0.005663437303155661 -0.7063340544700623 -0.7078559994697571 
vn -0.007873271591961384 -0.999961793422699 -0.003791404888033867 
vn -0.5779946446418762 -0.5760594606399536 -0.5779945254325867 
vn -0.7078686952590942 -0.7063339352607727 -0.0037755321245640516 
vn -0.7078686952590942 -0.7063339352607727 0.0037757621612399817 
vn -0.007873271591961384 -0.999961793422699 0.0037917308509349823 
vn -0.5779946446418762 -0.5760592222213745 0.5779947638511658 
vn -0.005663437303155661 -0.7063338160514832 0.7078562378883362 
vn 0.0018878303235396743 -0.7063338160514832 0.7078763842582703 
vn 0.5779946446418762 -0.5760592222213745 0.5779947638511658 
vn 0.9999691247940063 -0.0021846930030733347 0.007551816292107105 
vn 0.9999691247940063 -0.0021846953313797712 -0.007551815360784531 
vn 0.7071051001548767 -0.0021848094183951616 -0.7071051001548767 
vn 0.007551815826445818 -0.0021848571486771107 -0.9999691247940063 
vn 0.0018878303235396743 -0.7063340544700623 -0.7078761458396912 
vn -0.007551815826445818 -0.0021848571486771107 -0.9999691247940063 
vn -0.005663437303155661 -0.7063340544700623 -0.7078559994697571 
vn -0.5779946446418762 -0.5760594606399536 -0.5779945254325867 
vn -0.7071051001548767 -0.0021848094183951616 -0.7071051001548767 
vn -0.007551815826445818 0.0021845311857759953 -0.9999691247940063 
vn 0.007551815826445818 0.0021845311857759953 -0.9999691247940063 
vn 0.7071051001548767 0.0021845789160579443 -0.7071051001548767 
vn 0.9999691247940063 0.0021846930030733347 -0.007551816292107105 
vn 0.9999691247940063 0.0021846953313797712 0.007551815360784531 
vn 0.7071051001548767 0.0021848094183951616 0.7071051001548767 
vn 0.7071051001548767 -0.0021845789160579443 0.7071051001548767 
vn 0.007551815826445818 0.0021848571486771107 0.9999691247940063 
vn 0.007551815826445818 -0.0021845311857759953 0.9999691247940063 
vn -0.007551815826445818 -0.0021845311857759953 0.9999691247940063 
vn 0.0018878303235396743 -0.7063338160514832 0.7078763842582703 
vn -0.005663437303155661 -0.7063338160514832 0.7078562378883362 
vn -0.007551815826445818 -0.0021845311857759953 0.9999691247940063 
vn -0.5779946446418762 -0.5760592222213745 0.5779947638511658 
vn -0.7071051001548767 -0.0021845789160579443 0.7071051001548767 
vn -0.7071051001548767 0.0021848094183951616 0.7071051001548767 
vn -0.7071051001548767 0.0021848094183951616 0.7071051001548767 
vn -0.9999691247940063 0.0021846953313797712 0.007551815360784531 
vn -0.7071051001548767 -0.0021845789160579443 0.7071051001548767 
vn -0.9999691247940063 -0.0021846930030733347 0.007551816292107105 
vn -0.5779946446418762 -0.5760592222213745 0.5779947638511658 
vn -0.7078686952590942 -0.7063339352607727 0.0037757621612399817 
vn -0.7078686952590942 -0.7063339352607727 -0.0037755321245640516 
vn -0.9999691247940063 -0.0021846953313797712 -0.007551815360784531 
vn -0.5779946446418762 -0.5760594606399536 -0.5779945254325867 
vn -0.7071051001548767 0.0021845789160579443 -0.7071051001548767 
vn -0.9999691247940063 -0.0021846953313797712 -0.007551815360784531 
vn 0.5779946446418762 -0.5760592222213745 0.5779947638511658 
vn 0.7078787684440613 -0.7063339352607727 1.1507663089105336e-7 
vn 0.9998830556869507 -0.0152922747656703 2.491432615769895e-9 
vn 0.9998830556869507 -0.0152922747656703 2.491432615769895e-9 
vn 0.9998830556869507 0.0152922747656703 -2.491432615769895e-9 
vn 0.9998830556869507 0.0152922747656703 -2.491432615769895e-9 
vn 0.7078787684440613 0.7063339352607727 -1.1507663089105336e-7 
vn 0.7078787684440613 0.7063339352607727 -1.1507663089105336e-7 
vn 0 1 -1.6292099758175027e-7 
vn 0.5786608457565308 0.5760592222213745 -0.5773277878761292 
vn 0.7070645689964294 0.010923146270215511 -0.7070645689964294 
vn 0.7070645689964294 -0.010923377238214016 -0.7070645689964294 
vn 0.5779946446418762 -0.5760594606399536 -0.5779945254325867 
vn 0.7078787684440613 -0.7063339352607727 1.1507663089105336e-7 
vn -2.0682311115474694e-13 -1 1.6292099758175027e-7 
vn 0.5779946446418762 -0.5760592222213745 0.5779947638511658 
vn 0.0018878303235396743 -0.7063338160514832 0.7078763842582703 
vn 2.0682311115474694e-13 -1 1.6292099758175027e-7 
vn 0.0018878303235396743 -0.7063338160514832 0.7078763842582703 
vn -0.5779946446418762 -0.5760592222213745 0.5779947638511658 
vn -0.7078686952590942 -0.7063339352607727 0.0037757621612399817 
vn 2.0682311115474694e-13 -1 1.6292099758175027e-7 
vn -0.7078686952590942 -0.7063339352607727 -0.0037755321245640516 
vn -0.5779946446418762 -0.5760594606399536 -0.5779945254325867 
vn 0.0018878303235396743 -0.7063340544700623 -0.7078761458396912 
vn -2.0682311115474694e-13 -1 1.6292099758175027e-7 
vn 0.5779946446418762 -0.5760594606399536 -0.5779945254325867 
vn 0.0018878303235396743 -0.7063340544700623 -0.7078761458396912 
vn 0.7070645689964294 -0.010923146270215511 0.7070645689964294 
vn 0.7070645689964294 0.010923377238214016 0.7070645689964294 
vn 0.5786608457565308 0.5760594606399536 0.57732754945755 
vn -0.7070645689964294 0.010923146270215511 -0.7070645689964294 
vn -0.9998830556869507 0.0152922747656703 -2.49122589224271e-9 
vn -0.5759913921356201 0.5760592222213745 -0.5799911022186279 
vn -0.7078787684440613 0.7063339352607727 -1.1507648167707885e-7 
vn 0 1 -1.6292099758175027e-7 
vn 0 1 -1.6292099758175027e-7 
vn 0 1 -1.6292099758175027e-7 
vn -0.7078787684440613 0.7063339352607727 -1.1507648167707885e-7 
vn -0.9998830556869507 -0.0152922747656703 2.4916395613416853e-9 
vn -0.7070645689964294 -0.010923377238214016 -0.7070645689964294 
vn -0.5779946446418762 -0.5760594606399536 -0.5779945254325867 
vn -0.7078686952590942 -0.7063339352607727 -0.0037755321245640516 
vn -0.9998830556869507 -0.0152922747656703 2.4916395613416853e-9 
vn -0.7078686952590942 -0.7063339352607727 0.0037757621612399817 
vn -0.5779946446418762 -0.5760592222213745 0.5779947638511658 
vn -0.7070645689964294 -0.010923146270215511 0.7070645689964294 
vn -0.9998830556869507 0.0152922747656703 -2.49122589224271e-9 
vn -0.7070645689964294 0.010923377238214016 0.7070645689964294 
vn -0.5759913921356201 0.5760594606399536 0.5799908638000488 
vn -0.00376924779266119 0.7063340544700623 0.7078686356544495 
vn 0.00376924779266119 0.7063340544700623 0.7078686356544495 
vn 0.00376924779266119 0.7063338160514832 -0.7078688740730286 
vn 3.09754338064655e-13 0.015292437747120857 0.9998830556869507 
vn -0.7070645689964294 0.010923377238214016 0.7070645689964294 
vn -0.00376924779266119 0.7063338160514832 -0.7078688740730286 
vn -1.0339945994688668e-13 0.015292111784219742 -0.9998830556869507 
vn -0.7070645689964294 0.010923146270215511 -0.7070645689964294 
vn -0.7070645689964294 -0.010923377238214016 -0.7070645689964294 
vn -1.0339945994688668e-13 -0.015292437747120857 -0.9998830556869507 
vn -0.5779946446418762 -0.5760594606399536 -0.5779945254325867 
vn 0.0018878303235396743 -0.7063340544700623 -0.7078761458396912 
vn 0.0018878303235396743 -0.7063340544700623 -0.7078761458396912 
vn -1.0339945994688668e-13 -0.015292437747120857 -0.9998830556869507 
vn 0.5779946446418762 -0.5760594606399536 -0.5779945254325867 
vn 0.7070645689964294 -0.010923377238214016 -0.7070645689964294 
vn 0.7070645689964294 0.010923146270215511 -0.7070645689964294 
vn -1.0339945994688668e-13 0.015292111784219742 -0.9998830556869507 
vn 3.09754338064655e-13 0.015292437747120857 0.9998830556869507 
vn 3.09754338064655e-13 -0.015292111784219742 0.9998830556869507 
vn 0.7070645689964294 -0.010923146270215511 0.7070645689964294 
vn 0.5779946446418762 -0.5760592222213745 0.5779947638511658 
vn 0.0018878303235396743 -0.7063338160514832 0.7078763842582703 
vn 0.0018878303235396743 -0.7063338160514832 0.7078763842582703 
vn 3.09754338064655e-13 -0.015292111784219742 0.9998830556869507 
vn -0.7070645689964294 -0.010923146270215511 0.7070645689964294 
vn -0.5779946446418762 -0.5760592222213745 0.5779947638511658 
vn 0.7070645689964294 0.010923377238214016 0.7070645689964294 
vn -0.7071051001548767 -0.0021848094183951616 -0.7071051001548767 
vn -1.0341130485562108e-13 -0.0021848571486771107 -0.999997615814209 
vn -0.7070915699005127 -0.006554155610501766 -0.7070915699005127 
vn -1.0340538240125388e-13 -0.010923424735665321 -0.9999403357505798 
vn -0.5779946446418762 -0.5760594606399536 -0.5779945254325867 
vn 0.0018878303235396743 -0.7063340544700623 -0.7078761458396912 
vn 0.0018878303235396743 -0.7063340544700623 -0.7078761458396912 
vn 0.015745941549539566 -0.9998472929000854 -0.007582683116197586 
vn 0.5779946446418762 -0.5760594606399536 -0.5779945254325867 
vn 0.7078787684440613 -0.7063339352607727 1.1507663089105336e-7 
vn -1.0341130485562108e-13 -0.0021848571486771107 -0.999997615814209 
vn -0.015745941549539566 -0.9998472929000854 -0.007582683116197586 
vn -0.015745941549539566 -0.9998472929000854 0.0075830090790987015 
vn 0.015745941549539566 -0.9998472929000854 0.0075830090790987015 
vn -0.0037783945444971323 -0.7094200849533081 0.7047757506370544 
vn 0.0037783945444971323 -0.7094200849533081 0.7047757506370544 
vn 3.0977209187522947e-13 -0.010923098772764206 0.9999403357505798 
vn -0.4411047697067261 -0.7792953252792358 0.44511279463768005 
vn -0.707024097442627 -0.015292159281671047 0.707024097442627 
vn 3.097898456858039e-13 0.0021848571486771107 0.999997615814209 
vn -0.7071051001548767 0.0021848094183951616 0.7071051001548767 
vn 0.7078787684440613 -0.7063339352607727 1.1507663089105336e-7 
vn 0.4437807500362396 -0.7792953252792358 0.44244489073753357 
vn 3.097898456858039e-13 0.0021848571486771107 0.999997615814209 
vn 3.0977209187522947e-13 -0.010923098772764206 0.9999403357505798 
vn 0.4437807500362396 -0.7792953252792358 0.44244489073753357 
vn 0.707024097442627 -0.015292159281671047 0.707024097442627 
vn 0.7071051001548767 0.0021848094183951616 0.7071051001548767 
vn -1.0340538240125388e-13 -0.010923424735665321 -0.9999403357505798 
vn 0.7071051001548767 -0.0021848094183951616 -0.7071051001548767 
vn 0.7070915699005127 -0.006554155610501766 -0.7070915699005127 
vn 0.5779946446418762 -0.5760594606399536 -0.5779945254325867 
vn 0.7071051001548767 -0.0021845789160579443 0.7071051001548767 
vn 0.7070915699005127 -0.006553925573825836 0.7070915699005127 
vn 3.097898456858039e-13 0.0021848571486771107 0.999997615814209 
vn 3.0977209187522947e-13 -0.010923098772764206 0.9999403357505798 
vn 3.097898456858039e-13 0.0021848571486771107 0.999997615814209 
vn 0.5779946446418762 -0.5760592222213745 0.5779947638511658 
vn 0.0018878303235396743 -0.7063338160514832 0.7078763842582703 
vn 0.0018878303235396743 -0.7063338160514832 0.7078763842582703 
vn -0.015745941549539566 -0.9998472929000854 0.0075830090790987015 
vn -0.5779946446418762 -0.5760592222213745 0.5779947638511658 
vn -0.7078686952590942 -0.7063339352607727 0.0037757621612399817 
vn 0.015745941549539566 -0.9998472929000854 0.0075830090790987015 
vn 0.015745941549539566 -0.9998472929000854 -0.007582683116197586 
vn -0.015745941549539566 -0.9998472929000854 -0.007582683116197586 
vn 0.0037783945444971323 -0.7094203233718872 -0.7047755122184753 
vn -0.0037783945444971323 -0.7094203233718872 -0.7047755122184753 
vn -1.0340538240125388e-13 -0.010923424735665321 -0.9999403357505798 
vn 0.4437807500362396 -0.7792954444885254 -0.44244465231895447 
vn 0.707024097442627 -0.015292390249669552 -0.707024097442627 
vn -1.0341130485562108e-13 0.0021845311857759953 -0.999997615814209 
vn 0.7071051001548767 0.0021845789160579443 -0.7071051001548767 
vn -0.7078686952590942 -0.7063339352607727 -0.0037755321245640516 
vn -0.4411047697067261 -0.7792954444885254 -0.44511255621910095 
vn -1.0341130485562108e-13 0.0021845311857759953 -0.999997615814209 
vn -1.0340538240125388e-13 -0.010923424735665321 -0.9999403357505798 
vn -0.4411047697067261 -0.7792954444885254 -0.44511255621910095 
vn -0.707024097442627 -0.015292390249669552 -0.707024097442627 
vn -0.7071051001548767 0.0021845789160579443 -0.7071051001548767 
vn 3.0977209187522947e-13 -0.010923098772764206 0.9999403357505798 
vn -0.5779946446418762 -0.5760592222213745 0.5779947638511658 
vn -0.7070915699005127 -0.006553925573825836 0.7070915699005127 
vn -0.7071051001548767 0.0021848094183951616 0.7071051001548767 
vn 0.7071051001548767 -0.0021848094183951616 -0.7071051001548767 
vn 0.999997615814209 -0.002184694167226553 3.559325612023656e-10 
vn 0.7070915699005127 -0.006554155610501766 -0.7070915699005127 
vn 0.9999403357505798 -0.010923261754214764 1.7796287776761233e-9 
vn 0.5779946446418762 -0.5760594606399536 -0.5779945254325867 
vn 0.7078787684440613 -0.7063339352607727 1.1507663089105336e-7 
vn 0.7078787684440613 -0.7063339352607727 1.1507663089105336e-7 
vn 0.015745941549539566 -0.9998472929000854 0.0075830090790987015 
vn 0.5779946446418762 -0.5760592222213745 0.5779947638511658 
vn 0.0018878303235396743 -0.7063338160514832 0.7078763842582703 
vn 0.999997615814209 -0.002184694167226553 3.559325612023656e-10 
vn 0.015745941549539566 -0.9998472929000854 -0.007582683116197586 
vn -0.015745941549539566 -0.9998472929000854 -0.007582683116197586 
vn -0.015745941549539566 -0.9998472929000854 0.0075830090790987015 
vn -0.7078686952590942 -0.7063339352607727 -0.0037755321245640516 
vn -0.7078686952590942 -0.7063339352607727 0.0037757621612399817 
vn -0.9999403357505798 -0.010923261754214764 1.7798355012033085e-9 
vn -0.4411047697067261 -0.7792954444885254 -0.44511255621910095 
vn -0.707024097442627 -0.015292390249669552 -0.707024097442627 
vn -0.999997615814209 -0.002184694167226553 3.5613936799627766e-10 
vn -0.7071051001548767 0.0021845789160579443 -0.7071051001548767 
vn -0.0037783945444971323 -0.7094200849533081 0.7047757506370544 
vn -0.4411047697067261 -0.7792953252792358 0.44511279463768005 
vn -0.999997615814209 0.002184694167226553 -3.5572572665287794e-10 
vn -0.9999403357505798 -0.010923261754214764 1.7798355012033085e-9 
vn -0.4411047697067261 -0.7792953252792358 0.44511279463768005 
vn -0.707024097442627 -0.015292159281671047 0.707024097442627 
vn -0.7071051001548767 0.0021848094183951616 0.7071051001548767 
vn 0.9999403357505798 -0.010923261754214764 1.7796287776761233e-9 
vn 0.7071051001548767 -0.0021845789160579443 0.7071051001548767 
vn 0.7070915699005127 -0.006553925573825836 0.7070915699005127 
vn 0.5779946446418762 -0.5760592222213745 0.5779947638511658 
vn 0.7071051001548767 0.0021848094183951616 0.7071051001548767 
vn 0.707024097442627 -0.015292159281671047 0.707024097442627 
vn 0.999997615814209 -0.002184694167226553 3.559325612023656e-10 
vn 0.9999403357505798 -0.010923261754214764 1.7796287776761233e-9 
vn 0.999997615814209 0.002184694167226553 -3.559325612023656e-10 
vn 0.4437807500362396 -0.7792953252792358 0.44244489073753357 
vn 0.7078787684440613 -0.7063339352607727 1.1507663089105336e-7 
vn 0.7078787684440613 -0.7063339352607727 1.1507663089105336e-7 
vn 0.015745941549539566 -0.9998472929000854 -0.007582683116197586 
vn 0.4437807500362396 -0.7792954444885254 -0.44244465231895447 
vn 0.0037783945444971323 -0.7094203233718872 -0.7047755122184753 
vn 0.015745941549539566 -0.9998472929000854 0.0075830090790987015 
vn -0.015745941549539566 -0.9998472929000854 0.0075830090790987015 
vn -0.015745941549539566 -0.9998472929000854 -0.007582683116197586 
vn -0.7078686952590942 -0.7063339352607727 0.0037757621612399817 
vn -0.7078686952590942 -0.7063339352607727 -0.0037755321245640516 
vn -0.9999403357505798 -0.010923261754214764 1.7798355012033085e-9 
vn -0.5779946446418762 -0.5760592222213745 0.5779947638511658 
vn -0.7070915699005127 -0.006553925573825836 0.7070915699005127 
vn -0.999997615814209 0.002184694167226553 -3.5572572665287794e-10 
vn -0.7071051001548767 0.0021848094183951616 0.7071051001548767 
vn 0.0018878303235396743 -0.7063340544700623 -0.7078761458396912 
vn -0.5779946446418762 -0.5760594606399536 -0.5779945254325867 
vn -0.999997615814209 0.002184694167226553 -3.5572572665287794e-10 
vn -0.9999403357505798 -0.010923261754214764 1.7798355012033085e-9 
vn -0.5779946446418762 -0.5760594606399536 -0.5779945254325867 
vn -0.7070915699005127 -0.006554155610501766 -0.7070915699005127 
vn -0.7071051001548767 -0.0021848094183951616 -0.7071051001548767 
vn 0.9999403357505798 -0.010923261754214764 1.7796287776761233e-9 
vn 0.4437807500362396 -0.7792954444885254 -0.44244465231895447 
vn 0.707024097442627 -0.015292390249669552 -0.707024097442627 
vn 0.7071051001548767 0.0021845789160579443 -0.7071051001548767 
vn 0.00376924779266119 0.7063338160514832 -0.7078688740730286 
vn 0.003627474419772625 0.9992268681526184 -0.039146848022937775 
vn 0.00376924779266119 0.7063338160514832 -0.7078688740730286 
vn 0.003627474419772625 0.9992268681526184 -0.039146848022937775 
vn 0.003627474419772625 0.9992268681526184 0.03914652019739151 
vn -0.003627474419772625 0.9992268681526184 0.03914652019739151 
vn 0.00376924779266119 0.7063340544700623 0.7078686356544495 
vn 0.00376924779266119 0.7063340544700623 0.7078686356544495 
vn 3.0977209187522947e-13 0.010923424735665321 0.9999403357505798 
vn 3.0977209187522947e-13 0.010923424735665321 0.9999403357505798 
vn 3.0977209187522947e-13 -0.010923098772764206 0.9999403357505798 
vn 3.0977209187522947e-13 -0.010923098772764206 0.9999403357505798 
vn 0.0018878303235396743 -0.7063338160514832 0.7078763842582703 
vn 0.0018878303235396743 -0.7063338160514832 0.7078763842582703 
vn 1.2214145642705336e-14 -0.9992268681526184 0.03931455314159393 
vn 1.2214145642705336e-14 -0.9992268681526184 0.03931455314159393 
vn -4.065562058693352e-15 -0.9992268681526184 -0.03931422531604767 
vn -4.065562058693352e-15 -0.9992268681526184 -0.03931422531604767 
vn 0.0018878303235396743 -0.7063340544700623 -0.7078761458396912 
vn 0.0018878303235396743 -0.7063340544700623 -0.7078761458396912 
vn -1.0340538240125388e-13 -0.010923424735665321 -0.9999403357505798 
vn -1.0340538240125388e-13 -0.010923424735665321 -0.9999403357505798 
vn -1.0340538240125388e-13 0.010923098772764206 -0.9999403357505798 
vn -1.0340538240125388e-13 0.010923098772764206 -0.9999403357505798 
vn 0.00376924779266119 0.7063338160514832 -0.7078688740730286 
vn 0.00376924779266119 0.7063338160514832 -0.7078688740730286 
vn 3.0977209187522947e-13 -0.010923098772764206 0.9999403357505798 
vn 3.0977209187522947e-13 -0.010923098772764206 0.9999403357505798 
vn 0.0018878303235396743 -0.7063338160514832 0.7078763842582703 
vn 0.0018878303235396743 -0.7063338160514832 0.7078763842582703 
vn 1.2214145642705336e-14 -0.9992268681526184 0.03931455314159393 
vn 1.2214145642705336e-14 -0.9992268681526184 0.03931455314159393 
vn -4.065562058693352e-15 -0.9992268681526184 -0.03931422531604767 
vn -4.065562058693352e-15 -0.9992268681526184 -0.03931422531604767 
vn 0.0018878303235396743 -0.7063340544700623 -0.7078761458396912 
vn 3.0977209187522947e-13 0.010923424735665321 0.9999403357505798 
vn 3.0977209187522947e-13 0.010923424735665321 0.9999403357505798 
vn 0.00376924779266119 0.7063340544700623 0.7078686356544495 
vn 0.00376924779266119 0.7063340544700623 0.7078686356544495 
vn 0.003627474419772625 0.9992268681526184 0.03914652019739151 
vn -0.003627474419772625 0.9992268681526184 0.03914652019739151 
vn 0.003627474419772625 0.9992268681526184 -0.039146848022937775 
vn 0.003627474419772625 0.9992268681526184 -0.039146848022937775 
vn 0.00376924779266119 0.7063338160514832 -0.7078688740730286 
vn 0.00376924779266119 0.7063338160514832 -0.7078688740730286 
vn 0.00376924779266119 0.7063338160514832 -0.7078688740730286 
vn 0.00376924779266119 0.7063338160514832 -0.7078688740730286 
vn -1.0340538240125388e-13 0.010923098772764206 -0.9999403357505798 
vn -1.0340538240125388e-13 0.010923098772764206 -0.9999403357505798 
vn -1.0340538240125388e-13 -0.010923424735665321 -0.9999403357505798 
vn -1.0340538240125388e-13 -0.010923424735665321 -0.9999403357505798 
vn 0.0018878303235396743 -0.7063340544700623 -0.7078761458396912 
vn 0.0018878303235396743 -0.7063340544700623 -0.7078761458396912 
vn -4.065562058693352e-15 -0.9992268681526184 -0.03931422531604767 
vn -4.065562058693352e-15 -0.9992268681526184 -0.03931422531604767 
vn 1.2214145642705336e-14 -0.9992268681526184 0.03931455314159393 
vn 1.2214145642705336e-14 -0.9992268681526184 0.03931455314159393 
vn 0.0018878303235396743 -0.7063338160514832 0.7078763842582703 
vn 0.0018878303235396743 -0.7063338160514832 0.7078763842582703 
vn 3.0977209187522947e-13 -0.010923098772764206 0.9999403357505798 
vn 3.0977209187522947e-13 -0.010923098772764206 0.9999403357505798 
vn 3.0977209187522947e-13 0.010923424735665321 0.9999403357505798 
vn 3.0977209187522947e-13 0.010923424735665321 0.9999403357505798 
vn 0.00376924779266119 0.7063340544700623 0.7078686356544495 
vn 0.00376924779266119 0.7063340544700623 0.7078686356544495 
vn 0.003627474419772625 0.9992268681526184 0.03914652019739151 
vn 0.003627474419772625 0.9992268681526184 0.03914652019739151 
vn 0.003627474419772625 0.9992268681526184 -0.039146848022937775 
vn 0.003627474419772625 0.9992268681526184 -0.039146848022937775 
vn 0.00376924779266119 0.7063338160514832 -0.7078688740730286 
vn 0.00376924779266119 0.7063338160514832 -0.7078688740730286 
vn 0.00376924779266119 0.7063338160514832 -0.7078688740730286 
vn 0.00376924779266119 0.7063338160514832 -0.7078688740730286 
vn -1.0339945994688668e-13 0.015292111784219742 -0.9998830556869507 
vn -1.0339945994688668e-13 0.015292111784219742 -0.9998830556869507 
vn -1.0340538240125388e-13 -0.010923424735665321 -0.9999403357505798 
vn -1.0340538240125388e-13 -0.010923424735665321 -0.9999403357505798 
vn 0.0018878303235396743 -0.7063340544700623 -0.7078761458396912 
vt 0.741569459438324 0.5964601039886475 
vt 0.7408435344696045 0.5964601039886475 
vt 0.7408435344696045 0.5957298278808594 
vt 0.654582679271698 0.5957298278808594 
vt 0.7408435344696045 0.05835366249084473 
vt 0.741569459438324 0.05835366249084473 
vt 0.7413274645805359 0.057745080441236496 
vt 0.7408435344696045 0.057745080441236496 
vt 0.654582679271698 0.057745080441236496 
vt 0.654582679271698 0.05835366249084473 
vt 0.6539777517318726 0.057745080441236496 
vt 0.6539777517318726 0.05835366249084473 
vt 0.6539777517318726 0.5957298278808594 
vt 0.741569459438324 0.5957298278808594 
vt 0.654582679271698 0.057136502116918564 
vt 0.7408435344696045 0.057136502116918564 
vt 0.741569459438324 0.057745080441236496 
vt 0.741569459438324 0.057136502116918564 
vt 0.741569459438324 0.0021208699326962233 
vt 0.7408435344696045 0.0021208699326962233 
vt 0.7412064671516418 0.0015122899785637856 
vt 0.7408435344696045 0.0015122899785637856 
vt 0.654582679271698 0.0015122899785637856 
vt 0.654582679271698 0.0021208699326962233 
vt 0.6539777517318726 0.057136502116918564 
vt 0.6533728241920471 0.057136502116918564 
vt 0.6533728241920471 0.057745080441236496 
vt 0.6539777517318726 0.001755721983499825 
vt 0.6539777517318726 0.0021208699326962233 
vt 0.6533728241920471 0.0021208699326962233 
vt 0.6539777517318726 0.0015122899785637856 
vt 0.6533728241920471 0.0015122899785637856 
vt 0.49173954129219055 0.0015122899785637856 
vt 0.49173954129219055 0.0021208699326962233 
vt 0.4911346137523651 0.001755721983499825 
vt 0.4911346137523651 0.0021208699326962233 
vt 0.4911346137523651 0.057136502116918564 
vt 0.49173954129219055 0.057136502116918564 
vt 0.4911346137523651 0.057745080441236496 
vt 0.49173954129219055 0.057745080441236496 
vt 0.490408718585968 0.057136502116918564 
vt 0.490408718585968 0.0021208699326962233 
vt 0.4911346137523651 0.0015122899785637856 
vt 0.490408718585968 0.0015122899785637856 
vt 0.4042688310146332 0.0015122899785637856 
vt 0.4042688310146332 0.0021208699326962233 
vt 0.4035429358482361 0.001755721983499825 
vt 0.4035429358482361 0.0021208699326962233 
vt 0.4035429358482361 0.057136502116918564 
vt 0.4042688310146332 0.057136502116918564 
vt 0.490408718585968 0.057745080441236496 
vt 0.490408718585968 0.05835366249084473 
vt 0.4911346137523651 0.05835366249084473 
vt 0.4037849009037018 0.057745080441236496 
vt 0.4042688310146332 0.057745080441236496 
vt 0.4042688310146332 0.05835366249084473 
vt 0.4042688310146332 0.5957298278808594 
vt 0.4035429358482361 0.5957298278808594 
vt 0.4037849009037018 0.5964601039886475 
vt 0.4042688310146332 0.5964601039886475 
vt 0.490408718585968 0.5964601039886475 
vt 0.490408718585968 0.5957298278808594 
vt 0.4911346137523651 0.5957298278808594 
vt 0.4911346137523651 0.5964601039886475 
vt 0.490408718585968 0.5970686674118042 
vt 0.4042688310146332 0.5970686674118042 
vt 0.4035429358482361 0.5964601039886475 
vt 0.4035429358482361 0.5970686674118042 
vt 0.4035429358482361 0.6520842909812927 
vt 0.4042688310146332 0.6520842909812927 
vt 0.40390586853027344 0.6526929140090942 
vt 0.4042688310146332 0.6526929140090942 
vt 0.490408718585968 0.6526929140090942 
vt 0.490408718585968 0.6520842909812927 
vt 0.4911346137523651 0.5970686674118042 
vt 0.49173954129219055 0.5970686674118042 
vt 0.49173954129219055 0.5964601039886475 
vt 0.4035429358482361 0.057745080441236496 
vt 0.4035429358482361 0.05835366249084473 
vt 0.4911346137523651 0.6524494290351868 
vt 0.4911346137523651 0.6520842909812927 
vt 0.49173954129219055 0.6520842909812927 
vt 0.6533728241920471 0.6520842909812927 
vt 0.6533728241920471 0.6526929140090942 
vt 0.6539777517318726 0.6524494290351868 
vt 0.6539777517318726 0.6520842909812927 
vt 0.6539777517318726 0.5970686674118042 
vt 0.6533728241920471 0.5970686674118042 
vt 0.6533728241920471 0.5964601039886475 
vt 0.6539777517318726 0.5964601039886475 
vt 0.654582679271698 0.5970686674118042 
vt 0.654582679271698 0.6520842909812927 
vt 0.6539777517318726 0.6526929140090942 
vt 0.654582679271698 0.6526929140090942 
vt 0.7408435344696045 0.6526929140090942 
vt 0.7408435344696045 0.6520842909812927 
vt 0.741569459438324 0.6524494290351868 
vt 0.741569459438324 0.6520842909812927 
vt 0.741569459438324 0.5970686674118042 
vt 0.7408435344696045 0.5970686674118042 
vt 0.654582679271698 0.5964601039886475 
vt 0.4911346137523651 0.6526929140090942 
vt 0.49173954129219055 0.6526929140090942 
vt 0.7413274645805359 0.5964601039886475 
vt 0.019421903416514397 0.5808804631233215 
vt 0.019421903416514397 0.5814890265464783 
vt 0.1085863783955574 0.5814890265464783 
vt 0.1085863783955574 0.6344354748725891 
vt 0.1085863783955574 0.5808804631233215 
vt 0.019421903416514397 0.5802718997001648 
vt 0.018696006387472153 0.5808804631233215 
vt 0.018696006387472153 0.5802718997001648 
vt 0.018091091886162758 0.5802718997001648 
vt 0.018696006387472153 0.06297887116670609 
vt 0.019421903416514397 0.06297887116670609 
vt 0.1085863783955574 0.5802718997001648 
vt 0.1093122735619545 0.5808804631233215 
vt 0.1093122735619545 0.5814890265464783 
vt 0.1093122735619545 0.6344354748725891 
vt 0.10991718620061874 0.5814890265464783 
vt 0.10991718620061874 0.5808804631233215 
vt 0.277236670255661 0.5814890265464783 
vt 0.277236670255661 0.5808804631233215 
vt 0.27784159779548645 0.5808804631233215 
vt 0.27784159779548645 0.5814890265464783 
vt 0.277236670255661 0.6344354748725891 
vt 0.10991718620061874 0.6344354748725891 
vt 0.1093122735619545 0.6350440979003906 
vt 0.10991718620061874 0.6350440979003906 
vt 0.277236670255661 0.6350440979003906 
vt 0.277236670255661 0.6356526613235474 
vt 0.10991718620061874 0.6356526613235474 
vt 0.1093122735619545 0.6356526613235474 
vt 0.1093122735619545 0.6412515640258789 
vt 0.1085863783955574 0.6412515640258789 
vt 0.1093122735619545 0.6416167616844177 
vt 0.1085863783955574 0.6418601870536804 
vt 0.019421903416514397 0.6412515640258789 
vt 0.019421903416514397 0.6418601870536804 
vt 0.01893797144293785 0.6418601870536804 
vt 0.018696006387472153 0.6412515640258789 
vt 0.019421903416514397 0.6356526613235474 
vt 0.018696006387472153 0.6356526613235474 
vt 0.018816988915205002 0.6350440979003906 
vt 0.019421903416514397 0.6350440979003906 
vt 0.1085863783955574 0.6356526613235474 
vt 0.1085863783955574 0.6350440979003906 
vt 0.019421903416514397 0.6344354748725891 
vt 0.018696006387472153 0.6344354748725891 
vt 0.018696006387472153 0.5814890265464783 
vt 0.018091091886162758 0.5814890265464783 
vt 0.018091091886162758 0.5808804631233215 
vt 0.018091091886162758 0.6344354748725891 
vt 0.018091091886162758 0.6350440979003906 
vt 0.012162923812866211 0.6344354748725891 
vt 0.012162923812866211 0.5814890265464783 
vt 0.011437025852501392 0.6344354748725891 
vt 0.011678991839289665 0.6350440979003906 
vt 0.012162923812866211 0.6350440979003906 
vt 0.012162923812866211 0.5808804631233215 
vt 0.012162923812866211 0.5802718997001648 
vt 0.011437025852501392 0.5814890265464783 
vt 0.011437025852501392 0.5808804631233215 
vt 0.011678991839289665 0.5808804631233215 
vt 0.011437025852501392 0.5802718997001648 
vt 0.012162923812866211 0.06297887116670609 
vt 0.011437025852501392 0.06297887116670609 
vt 0.011437025852501392 0.062370289117097855 
vt 0.012162923812866211 0.062370289117097855 
vt 0.018091091886162758 0.06297887116670609 
vt 0.018091091886162758 0.062370289117097855 
vt 0.018696006387472153 0.062370289117097855 
vt 0.012162923812866211 0.06176171079277992 
vt 0.011678991839289665 0.062370289117097855 
vt 0.011437025852501392 0.06176171079277992 
vt 0.012162923812866211 0.008936965838074684 
vt 0.011437025852501392 0.008936965838074684 
vt 0.011437025852501392 0.00857181753963232 
vt 0.012162923812866211 0.008206670172512531 
vt 0.018091091886162758 0.008936965838074684 
vt 0.018091091886162758 0.008206670172512531 
vt 0.018696006387472153 0.008328385651111603 
vt 0.018696006387472153 0.008936965838074684 
vt 0.018091091886162758 0.06176171079277992 
vt 0.018696006387472153 0.06176171079277992 
vt 0.019421903416514397 0.008936965838074684 
vt 0.019421903416514397 0.06176171079277992 
vt 0.019421903416514397 0.062370289117097855 
vt 0.1085863783955574 0.06297887116670609 
vt 0.1093122735619545 0.06297887116670609 
vt 0.1093122735619545 0.5802718997001648 
vt 0.1093122735619545 0.062370289117097855 
vt 0.1085863783955574 0.062370289117097855 
vt 0.1085863783955574 0.06176171079277992 
vt 0.1085863783955574 0.008936965838074684 
vt 0.019421903416514397 0.008206670172512531 
vt 0.019421903416514397 0.00759808998554945 
vt 0.018696006387472153 0.00759808998554945 
vt 0.1085863783955574 0.008206670172512531 
vt 0.1093122735619545 0.008206670172512531 
vt 0.1093122735619545 0.008936965838074684 
vt 0.1093122735619545 0.06176171079277992 
vt 0.10991718620061874 0.06176171079277992 
vt 0.10991718620061874 0.062370289117097855 
vt 0.277236670255661 0.062370289117097855 
vt 0.277236670255661 0.06176171079277992 
vt 0.27784159779548645 0.062370289117097855 
vt 0.1085863783955574 0.00759808998554945 
vt 0.10991718620061874 0.008936965838074684 
vt 0.10991718620061874 0.008206670172512531 
vt 0.277236670255661 0.008936965838074684 
vt 0.27784159779548645 0.008936965838074684 
vt 0.27784159779548645 0.06176171079277992 
vt 0.27856749296188354 0.008936965838074684 
vt 0.27856749296188354 0.06176171079277992 
vt 0.27784159779548645 0.008206670172512531 
vt 0.277236670255661 0.008206670172512531 
vt 0.10991718620061874 0.00759808998554945 
vt 0.1093122735619545 0.00759808998554945 
vt 0.1093122735619545 0.0021208699326962233 
vt 0.10991718620061874 0.0021208699326962233 
vt 0.1093122735619545 0.0016340060392394662 
vt 0.10991718620061874 0.0015122899785637856 
vt 0.277236670255661 0.0021208699326962233 
vt 0.277236670255661 0.0015122899785637856 
vt 0.27784159779548645 0.0015122899785637856 
vt 0.27784159779548645 0.0021208699326962233 
vt 0.277236670255661 0.00759808998554945 
vt 0.27784159779548645 0.00759808998554945 
vt 0.27856749296188354 0.0021208699326962233 
vt 0.27784159779548645 0.0016340060392394662 
vt 0.27856749296188354 0.0015122899785637856 
vt 0.3677319586277008 0.0021208699326962233 
vt 0.3677319586277008 0.0015122899785637856 
vt 0.3682158887386322 0.0015122899785637856 
vt 0.3684578537940979 0.0021208699326962233 
vt 0.3677319586277008 0.00759808998554945 
vt 0.3684578537940979 0.00759808998554945 
vt 0.36833688616752625 0.008206670172512531 
vt 0.3677319586277008 0.008206670172512531 
vt 0.27856749296188354 0.00759808998554945 
vt 0.27856749296188354 0.008206670172512531 
vt 0.3677319586277008 0.008936965838074684 
vt 0.3677319586277008 0.06176171079277992 
vt 0.3684578537940979 0.008936965838074684 
vt 0.36906278133392334 0.008936965838074684 
vt 0.3684578537940979 0.06176171079277992 
vt 0.36906278133392334 0.06176171079277992 
vt 0.3684578537940979 0.062370289117097855 
vt 0.3677319586277008 0.062370289117097855 
vt 0.27856749296188354 0.062370289117097855 
vt 0.27856749296188354 0.06297887116670609 
vt 0.27784159779548645 0.06297887116670609 
vt 0.27784159779548645 0.5802718997001648 
vt 0.27856749296188354 0.5802718997001648 
vt 0.36906278133392334 0.008206670172512531 
vt 0.3677319586277008 0.06297887116670609 
vt 0.3684578537940979 0.06297887116670609 
vt 0.36906278133392334 0.06297887116670609 
vt 0.3684578537940979 0.5802718997001648 
vt 0.3677319586277008 0.5802718997001648 
vt 0.36906278133392334 0.062370289117097855 
vt 0.37499094009399414 0.062370289117097855 
vt 0.37499094009399414 0.06176171079277992 
vt 0.37571683526039124 0.062370289117097855 
vt 0.37571683526039124 0.06176171079277992 
vt 0.37571683526039124 0.008936965838074684 
vt 0.37499094009399414 0.008936965838074684 
vt 0.37547487020492554 0.008206670172512531 
vt 0.37499094009399414 0.008206670172512531 
vt 0.37499094009399414 0.06297887116670609 
vt 0.37547487020492554 0.062370289117097855 
vt 0.37571683526039124 0.06297887116670609 
vt 0.37499094009399414 0.5802718997001648 
vt 0.37571683526039124 0.5802718997001648 
vt 0.37571683526039124 0.5808804631233215 
vt 0.37499094009399414 0.5808804631233215 
vt 0.36906278133392334 0.5802718997001648 
vt 0.3684578537940979 0.5808804631233215 
vt 0.36906278133392334 0.5808804631233215 
vt 0.37499094009399414 0.5814890265464783 
vt 0.37547487020492554 0.5808804631233215 
vt 0.37571683526039124 0.5814890265464783 
vt 0.37499094009399414 0.6344354748725891 
vt 0.37571683526039124 0.6344354748725891 
vt 0.37571683526039124 0.6348006129264832 
vt 0.37499094009399414 0.6350440979003906 
vt 0.36906278133392334 0.6344354748725891 
vt 0.36906278133392334 0.6350440979003906 
vt 0.3684578537940979 0.6349223256111145 
vt 0.3684578537940979 0.6344354748725891 
vt 0.36906278133392334 0.5814890265464783 
vt 0.3684578537940979 0.5814890265464783 
vt 0.3677319586277008 0.5808804631233215 
vt 0.27856749296188354 0.5808804631233215 
vt 0.27856749296188354 0.5814890265464783 
vt 0.3677319586277008 0.5814890265464783 
vt 0.3677319586277008 0.6344354748725891 
vt 0.27784159779548645 0.6344354748725891 
vt 0.27856749296188354 0.6344354748725891 
vt 0.3677319586277008 0.6350440979003906 
vt 0.3677319586277008 0.6356526613235474 
vt 0.3684578537940979 0.6356526613235474 
vt 0.27784159779548645 0.6350440979003906 
vt 0.27784159779548645 0.6356526613235474 
vt 0.27856749296188354 0.6356526613235474 
vt 0.27856749296188354 0.6350440979003906 
vt 0.3677319586277008 0.6412515640258789 
vt 0.3684578537940979 0.6412515640258789 
vt 0.3684578537940979 0.6416167616844177 
vt 0.3677319586277008 0.6418601870536804 
vt 0.27856749296188354 0.6412515640258789 
vt 0.27856749296188354 0.6418601870536804 
vt 0.27784159779548645 0.6418601870536804 
vt 0.27784159779548645 0.6412515640258789 
vt 0.277236670255661 0.6412515640258789 
vt 0.27784159779548645 0.6416167616844177 
vt 0.277236670255661 0.6418601870536804 
vt 0.10991718620061874 0.6412515640258789 
vt 0.10991718620061874 0.6418601870536804 
vt 0.1093122735619545 0.6418601870536804 
vt 0.2376752346754074 0.5301249027252197 
vt 0.2376752346754074 0.5295162796974182 
vt 0.24420832097530365 0.5301249027252197 
vt 0.24420832097530365 0.5295162796974182 
vt 0.24493421614170074 0.5301249027252197 
vt 0.24493421614170074 0.5295162796974182 
vt 0.24493421614170074 0.07478532195091248 
vt 0.24420832097530365 0.07478532195091248 
vt 0.2448132336139679 0.07417674362659454 
vt 0.24420832097530365 0.07429845631122589 
vt 0.2376752346754074 0.07429845631122589 
vt 0.2376752346754074 0.07478532195091248 
vt 0.23694933950901031 0.07429845631122589 
vt 0.23694933950901031 0.07478532195091248 
vt 0.23694933950901031 0.5296379923820496 
vt 0.23707032203674316 0.5301249027252197 
vt 0.21831795573234558 0.07502875477075577 
vt 0.21892286837100983 0.07502875477075577 
vt 0.21831795573234558 0.2333812713623047 
vt 0.21892286837100983 0.2333812713623047 
vt 0.21843893826007843 0.23398984968662262 
vt 0.21892286837100983 0.23398984968662262 
vt 0.22460907697677612 0.23398984968662262 
vt 0.22460907697677612 0.2333812713623047 
vt 0.22521398961544037 0.23398984968662262 
vt 0.22521398961544037 0.2333812713623047 
vt 0.22521398961544037 0.07502875477075577 
vt 0.22460907697677612 0.07502875477075577 
vt 0.22509300708770752 0.07442017644643784 
vt 0.22460907697677612 0.07442017644643784 
vt 0.21892286837100983 0.07442017644643784 
vt 0.21831795573234558 0.07442017644643784 
vt 0.24807977676391602 0.5301249027252197 
vt 0.24795879423618317 0.5296379923820496 
vt 0.24868468940258026 0.5295162796974182 
vt 0.24868468940258026 0.07478532195091248 
vt 0.2552177608013153 0.07478532195091248 
vt 0.2552177608013153 0.5295162796974182 
vt 0.2559436559677124 0.07478532195091248 
vt 0.2559436559677124 0.5295162796974182 
vt 0.2559436559677124 0.5301249027252197 
vt 0.2552177608013153 0.5301249027252197 
vt 0.24868468940258026 0.5301249027252197 
vt 0.2557016909122467 0.07417674362659454 
vt 0.2552177608013153 0.07429845631122589 
vt 0.24868468940258026 0.07429845631122589 
vt 0.24795879423618317 0.07429845631122589 
vt 0.24795879423618317 0.07478532195091248 
vt 0.2651383876800537 0.07429845631122589 
vt 0.2651383876800537 0.07490703463554382 
vt 0.25957316160202026 0.07429845631122589 
vt 0.25957316160202026 0.07490703463554382 
vt 0.2589682340621948 0.07429845631122589 
vt 0.2589682340621948 0.07490703463554382 
vt 0.2589682340621948 0.2331378310918808 
vt 0.25957316160202026 0.2331378310918808 
vt 0.25908923149108887 0.23374642431735992 
vt 0.25957316160202026 0.23374642431735992 
vt 0.2651383876800537 0.23374642431735992 
vt 0.2651383876800537 0.2331378310918808 
vt 0.26574328541755676 0.23374642431735992 
vt 0.26574328541755676 0.2331378310918808 
vt 0.26574328541755676 0.07490703463554382 
vt 0.2656223177909851 0.07429845631122589 
vt 0.018696006387472153 0.001755721983499825 
vt 0.019421903416514397 0.0021208699326962233 
vt 0.018696006387472153 0.0021208699326962233 
vt 0.1085863783955574 0.0021208699326962233 
vt 0.1093122735619545 0.0015122899785637856 
vt 0.1085863783955574 0.0015122899785637856 
vt 0.019421903416514397 0.0015122899785637856 
vt 0.9310287833213806 0.2378847599029541 
vt 0.901871919631958 0.2378847599029541 
vt 0.901871919631958 0.4398116171360016 
vt 0.9012669920921326 0.4398116171360016 
vt 0.9013879895210266 0.4404201805591583 
vt 0.9006620645523071 0.4398116171360016 
vt 0.9012669920921326 0.2378847599029541 
vt 0.9006620645523071 0.2378847599029541 
vt 0.9310287833213806 0.4398116171360016 
vt 0.9310287833213806 0.4404201805591583 
vt 0.931633710861206 0.440298467874527 
vt 0.9310287833213806 0.44102877378463745 
vt 0.901871919631958 0.4404201805591583 
vt 0.901871919631958 0.44102877378463745 
vt 0.9012669920921326 0.44102877378463745 
vt 0.9012669920921326 0.4701188802719116 
vt 0.901871919631958 0.4701188802719116 
vt 0.9015089273452759 0.4708491861820221 
vt 0.901871919631958 0.4708491861820221 
vt 0.9310287833213806 0.4708491861820221 
vt 0.9310287833213806 0.4701188802719116 
vt 0.931633710861206 0.44102877378463745 
vt 0.931633710861206 0.2378847599029541 
vt 0.931633710861206 0.4398116171360016 
vt 0.9323596358299255 0.4398116171360016 
vt 0.9323596358299255 0.4404201805591583 
vt 0.9323596358299255 0.2378847599029541 
vt 0.9613955616950989 0.2378847599029541 
vt 0.9613955616950989 0.4398116171360016 
vt 0.9621214270591736 0.2378847599029541 
vt 0.9621214270591736 0.4398116171360016 
vt 0.962726354598999 0.2378847599029541 
vt 0.931633710861206 0.4701188802719116 
vt 0.931633710861206 0.47048404812812805 
vt 0.9613955616950989 0.4404201805591583 
vt 0.9621214270591736 0.44017675518989563 
vt 0.962726354598999 0.4398116171360016 
vt 0.9623634219169617 0.4404201805591583 
vt 0.962726354598999 0.4404201805591583 
vt 0.9918832778930664 0.4404201805591583 
vt 0.9918832778930664 0.4398116171360016 
vt 0.9924881458282471 0.44017675518989563 
vt 0.9924881458282471 0.4398116171360016 
vt 0.9924881458282471 0.2378847599029541 
vt 0.9918832778930664 0.2378847599029541 
vt 0.8709002733230591 0.2378847599029541 
vt 0.8709002733230591 0.4398116171360016 
vt 0.8715052008628845 0.2378847599029541 
vt 0.8715052008628845 0.4398116171360016 
vt 0.9006620645523071 0.4404201805591583 
vt 0.8711422085762024 0.4404201805591583 
vt 0.8715052008628845 0.4404201805591583 
vt 0.931633710861206 0.03133270889520645 
vt 0.931633710861206 0.03194129094481468 
vt 0.9310287833213806 0.03133270889520645 
vt 0.9310287833213806 0.03194129094481468 
vt 0.901871919631958 0.03133270889520645 
vt 0.901871919631958 0.03194129094481468 
vt 0.931633710861206 0.0021208699326962233 
vt 0.9310287833213806 0.0021208699326962233 
vt 0.9313917756080627 0.0015122899785637856 
vt 0.9310287833213806 0.0015122899785637856 
vt 0.901871919631958 0.0015122899785637856 
vt 0.901871919631958 0.0021208699326962233 
vt 0.9012669920921326 0.001755721983499825 
vt 0.9012669920921326 0.0021208699326962233 
vt 0.9012669920921326 0.03133270889520645 
vt 0.9012669920921326 0.03206300735473633 
vt 0.901871919631958 0.032549869269132614 
vt 0.9310287833213806 0.032549869269132614 
vt 0.931633710861206 0.032549869269132614 
vt 0.9323596358299255 0.032549869269132614 
vt 0.9323596358299255 0.03194129094481468 
vt 0.9613955616950989 0.032549869269132614 
vt 0.9613955616950989 0.03194129094481468 
vt 0.9617584943771362 0.03194129094481468 
vt 0.9621214270591736 0.032549869269132614 
vt 0.9613955616950989 0.2344767153263092 
vt 0.9323596358299255 0.2344767153263092 
vt 0.931633710861206 0.2344767153263092 
vt 0.9310287833213806 0.2344767153263092 
vt 0.901871919631958 0.2344767153263092 
vt 0.9012669920921326 0.2344767153263092 
vt 0.9012669920921326 0.032549869269132614 
vt 0.9006620645523071 0.2344767153263092 
vt 0.9006620645523071 0.032549869269132614 
vt 0.8715052008628845 0.2344767153263092 
vt 0.9006620645523071 0.03194129094481468 
vt 0.8715052008628845 0.03194129094481468 
vt 0.8715052008628845 0.032549869269132614 
vt 0.8709002733230591 0.032184723764657974 
vt 0.8709002733230591 0.032549869269132614 
vt 0.8709002733230591 0.2344767153263092 
vt 0.9924881458282471 0.2344767153263092 
vt 0.9918832778930664 0.2344767153263092 
vt 0.9924881458282471 0.032549869269132614 
vt 0.9918832778930664 0.032549869269132614 
vt 0.9922462105751038 0.03194129094481468 
vt 0.9918832778930664 0.03194129094481468 
vt 0.962726354598999 0.03194129094481468 
vt 0.962726354598999 0.032549869269132614 
vt 0.9621214270591736 0.032184723764657974 
vt 0.9621214270591736 0.2344767153263092 
vt 0.962726354598999 0.2344767153263092 
vt 0.5858643054962158 0.7619938850402832 
vt 0.5864692330360413 0.7617504000663757 
vt 0.5864692330360413 0.7623590230941772 
vt 0.6156261563301086 0.7623590230941772 
vt 0.6156261563301086 0.7915708422660828 
vt 0.5864692330360413 0.7915708422660828 
vt 0.6156261563301086 0.7921794056892395 
vt 0.5864692330360413 0.7921794056892395 
vt 0.5858643054962158 0.7921794056892395 
vt 0.5858643054962158 0.7915708422660828 
vt 0.5858643054962158 0.7623590230941772 
vt 0.6156261563301086 0.7617504000663757 
vt 0.615989089012146 0.7617504000663757 
vt 0.6162310242652893 0.7623590230941772 
vt 0.6162310242652893 0.7915708422660828 
vt 0.61611008644104 0.7921794056892395 
vt 0.6156261563301086 0.792788028717041 
vt 0.5864692330360413 0.792788028717041 
vt 0.5858643054962158 0.792788028717041 
vt 0.5851384401321411 0.792788028717041 
vt 0.5851384401321411 0.7921794056892395 
vt 0.5561025142669678 0.7921794056892395 
vt 0.5561025142669678 0.792788028717041 
vt 0.5553765892982483 0.7924228310585022 
vt 0.5553765892982483 0.792788028717041 
vt 0.5553765892982483 0.9947148561477661 
vt 0.5561025142669678 0.9947148561477661 
vt 0.5851384401321411 0.9947148561477661 
vt 0.5858643054962158 0.9947148561477661 
vt 0.5864692330360413 0.9947148561477661 
vt 0.6156261563301086 0.9947148561477661 
vt 0.6162310242652893 0.792788028717041 
vt 0.6162310242652893 0.9947148561477661 
vt 0.6168359518051147 0.792788028717041 
vt 0.6168359518051147 0.9947148561477661 
vt 0.6459928750991821 0.792788028717041 
vt 0.6168359518051147 0.7921794056892395 
vt 0.6459928750991821 0.7921794056892395 
vt 0.6463558077812195 0.7921794056892395 
vt 0.6465978026390076 0.792788028717041 
vt 0.6459928750991821 0.9947148561477661 
vt 0.6465978026390076 0.9947148561477661 
vt 0.6473236680030823 0.792788028717041 
vt 0.6473236680030823 0.9947148561477661 
vt 0.6763595938682556 0.792788028717041 
vt 0.6473236680030823 0.7921794056892395 
vt 0.6763595938682556 0.7921794056892395 
vt 0.676722526550293 0.7921794056892395 
vt 0.6770855188369751 0.792788028717041 
vt 0.6763595938682556 0.9947148561477661 
vt 0.6465978026390076 0.7924228310585022 
vt 0.6770855188369751 0.9947148561477661 
vt 0.7462877631187439 0.7915708422660828 
vt 0.7462877631187439 0.7921794056892395 
vt 0.7456828355789185 0.7915708422660828 
vt 0.7456828355789185 0.7921794056892395 
vt 0.7165259718894958 0.7915708422660828 
vt 0.7165259718894958 0.7921794056892395 
vt 0.7462877631187439 0.7623590230941772 
vt 0.7456828355789185 0.7623590230941772 
vt 0.7460458278656006 0.7617504000663757 
vt 0.7456828355789185 0.7617504000663757 
vt 0.7165259718894958 0.7617504000663757 
vt 0.7165259718894958 0.7623590230941772 
vt 0.7159210443496704 0.7619938850402832 
vt 0.7159210443496704 0.7623590230941772 
vt 0.7159210443496704 0.7915708422660828 
vt 0.7159210443496704 0.7921794056892395 
vt 0.7165259718894958 0.792788028717041 
vt 0.7456828355789185 0.792788028717041 
vt 0.7462877631187439 0.792788028717041 
vt 0.7470136880874634 0.792788028717041 
vt 0.7470136880874634 0.7921794056892395 
vt 0.7760496139526367 0.792788028717041 
vt 0.7760496139526367 0.7921794056892395 
vt 0.7764125466346741 0.7921794056892395 
vt 0.7767754793167114 0.792788028717041 
vt 0.7760496139526367 0.9947148561477661 
vt 0.7470136880874634 0.9947148561477661 
vt 0.7462877631187439 0.9947148561477661 
vt 0.7456828355789185 0.9947148561477661 
vt 0.7165259718894958 0.9947148561477661 
vt 0.7159210443496704 0.9947148561477661 
vt 0.7159210443496704 0.792788028717041 
vt 0.715316116809845 0.9947148561477661 
vt 0.715316116809845 0.792788028717041 
vt 0.6861591935157776 0.9947148561477661 
vt 0.715316116809845 0.7921794056892395 
vt 0.6861591935157776 0.7921794056892395 
vt 0.6861591935157776 0.792788028717041 
vt 0.6855543255805969 0.7924228310585022 
vt 0.6855543255805969 0.792788028717041 
vt 0.6855543255805969 0.9947148561477661 
vt 0.8071421980857849 0.9947148561477661 
vt 0.8065373301506042 0.9947148561477661 
vt 0.8071421980857849 0.792788028717041 
vt 0.8065373301506042 0.792788028717041 
vt 0.8069002628326416 0.7921794056892395 
vt 0.8065373301506042 0.7921794056892395 
vt 0.7773804068565369 0.7921794056892395 
vt 0.7773804068565369 0.792788028717041 
vt 0.7767754793167114 0.7924228310585022 
vt 0.7767754793167114 0.9947148561477661 
vt 0.7773804068565369 0.9947148561477661 
vt 0.543883204460144 0.836362361907959 
vt 0.5435202717781067 0.8366057872772217 
vt 0.5435202717781067 0.8361188769340515 
vt 0.008896383456885815 0.8361188769340515 
vt 0.008775399997830391 0.8277205228805542 
vt 0.5435202717781067 0.8277205228805542 
vt 0.008775399997830391 0.827233612537384 
vt 0.5435202717781067 0.827233612537384 
vt 0.008775399997830391 0.8269901871681213 
vt 0.008533434011042118 0.827233612537384 
vt 0.008533434011042118 0.8277205228805542 
vt 0.008533434011042118 0.8361188769340515 
vt 0.008654416538774967 0.8366057872772217 
vt 0.008896383456885815 0.8366057872772217 
vt 0.5435202717781067 0.8369709253311157 
vt 0.54376220703125 0.8366057872772217 
vt 0.543883204460144 0.8369709253311157 
vt 0.5435202717781067 0.9981228709220886 
vt 0.543883204460144 0.9981228709220886 
vt 0.543883204460144 0.9983663558959961 
vt 0.5435202717781067 0.9984880685806274 
vt 0.008896383456885815 0.9981228709220886 
vt 0.008896383456885815 0.9984880685806274 
vt 0.008654416538774967 0.9984880685806274 
vt 0.008533434011042118 0.9981228709220886 
vt 0.008896383456885815 0.8369709253311157 
vt 0.008533434011042118 0.836727499961853 
vt 0.008533434011042118 0.8369709253311157 
vt 0.543883204460144 0.8361188769340515 
vt 0.543883204460144 0.8277205228805542 
vt 0.543883204460144 0.827233612537384 
vt 0.008533434011042118 0.6649861931800842 
vt 0.008775399997830391 0.6649861931800842 
vt 0.008533434011042118 0.6653513312339783 
vt 0.008775399997830391 0.6653513312339783 
vt 0.008775399997830391 0.6657165288925171 
vt 0.5435202717781067 0.6657165288925171 
vt 0.5435202717781067 0.8269901871681213 
vt 0.5435202717781067 0.6653513312339783 
vt 0.008775399997830391 0.6564660668373108 
vt 0.008412450551986694 0.6564660668373108 
vt 0.008412450551986694 0.6562226414680481 
vt 0.008775399997830391 0.6559792160987854 
vt 0.5435202717781067 0.6564660668373108 
vt 0.5435202717781067 0.6559792160987854 
vt 0.5436412692070007 0.6559792160987854 
vt 0.54376220703125 0.6564660668373108 
vt 0.5435202717781067 0.6648644804954529 
vt 0.543883204460144 0.6648644804954529 
vt 0.54376220703125 0.6653513312339783 
vt 0.543883204460144 0.6657165288925171 
vt 0.543883204460144 0.8269901871681213 
vt 0.008533434011042118 0.8269901871681213 
vt 0.5441251993179321 0.6657165288925171 
vt 0.5441251993179321 0.6653513312339783 
vt 0.008533434011042118 0.6657165288925171 
vt 0.008170484565198421 0.6657165288925171 
vt 0.008170484565198421 0.6653513312339783 
vt 0.001879369025118649 0.6653513312339783 
vt 0.001879369025118649 0.6657165288925171 
vt 0.0015164200449362397 0.6654730439186096 
vt 0.0015164200449362397 0.6657165288925171 
vt 0.0015164200449362397 0.8269901871681213 
vt 0.001879369025118649 0.8269901871681213 
vt 0.0016374030383303761 0.827233612537384 
vt 0.001879369025118649 0.827233612537384 
vt 0.008170484565198421 0.827233612537384 
vt 0.008170484565198421 0.8269901871681213 
vt 0.5441251993179321 0.8269901871681213 
vt 0.5505372881889343 0.8269901871681213 
vt 0.5505372881889343 0.827233612537384 
vt 0.5507792234420776 0.8271118998527527 
vt 0.5507792234420776 0.8269901871681213 
vt 0.5507792234420776 0.6657165288925171 
vt 0.5505372881889343 0.6657165288925171 
vt 0.5505372881889343 0.6653513312339783 
vt 0.5506582856178284 0.6653513312339783 
vt 0.5441251993179321 0.827233612537384 
vt 0.17718373239040375 0.5740643739700317 
vt 0.17718373239040375 0.5734557509422302 
vt 0.19629904627799988 0.5740643739700317 
vt 0.19629904627799988 0.5734557509422302 
vt 0.19690395891666412 0.573820948600769 
vt 0.19690395891666412 0.5734557509422302 
vt 0.19690395891666412 0.24640488624572754 
vt 0.1976298689842224 0.24640488624572754 
vt 0.19690395891666412 0.2460397332906723 
vt 0.1976298689842224 0.2457963079214096 
vt 0.17718373239040375 0.24640488624572754 
vt 0.1976298689842224 0.5734557509422302 
vt 0.2047678530216217 0.2537078559398651 
vt 0.2047678530216217 0.566152811050415 
vt 0.20537278056144714 0.25431641936302185 
vt 0.20537278056144714 0.5655442476272583 
vt 0.20609867572784424 0.254925012588501 
vt 0.20537278056144714 0.25431641936302185 
vt 0.20609867572784424 0.25431641936302185 
vt 0.22521398961544037 0.254925012588501 
vt 0.22521398961544037 0.25431641936302185 
vt 0.20537278056144714 0.5655442476272583 
vt 0.20537278056144714 0.5655442476272583 
vt 0.22521398961544037 0.5649356245994568 
vt 0.20609867572784424 0.5649356245994568 
vt 0.2057357281446457 0.5655442476272583 
vt 0.20609867572784424 0.5655442476272583 
vt 0.22521398961544037 0.5655442476272583 
vt 0.19629904627799988 0.24640488624572754 
vt 0.17718373239040375 0.2457963079214096 
vt 0.19629904627799988 0.2457963079214096 
vt 0.19666199386119843 0.2457963079214096 
vt 0.11608731746673584 0.5712648630142212 
vt 0.13520263135433197 0.5712648630142212 
vt 0.11608731746673584 0.5706562995910645 
vt 0.13520263135433197 0.5706562995910645 
vt 0.11608731746673584 0.24372713267803192 
vt 0.13592852652072906 0.5710214376449585 
vt 0.13592852652072906 0.5706562995910645 
vt 0.13592852652072906 0.24372713267803192 
vt 0.1365334540605545 0.24372713267803192 
vt 0.13592852652072906 0.24336197972297668 
vt 0.1365334540605545 0.243118554353714 
vt 0.1365334540605545 0.5706562995910645 
vt 0.1436714380979538 0.25090837478637695 
vt 0.1436714380979538 0.5634750723838806 
vt 0.14439734816551208 0.2516386806964874 
vt 0.14439734816551208 0.5628665089607239 
vt 0.14500226080417633 0.25224724411964417 
vt 0.14439734816551208 0.2516386806964874 
vt 0.14500226080417633 0.2516386806964874 
vt 0.16411757469177246 0.25224724411964417 
vt 0.16411757469177246 0.2516386806964874 
vt 0.14439734816551208 0.5628665089607239 
vt 0.14439734816551208 0.5628665089607239 
vt 0.16411757469177246 0.5622578859329224 
vt 0.14500226080417633 0.5622578859329224 
vt 0.14463931322097778 0.5628665089607239 
vt 0.14500226080417633 0.5628665089607239 
vt 0.16411757469177246 0.5628665089607239 
vt 0.13520263135433197 0.24372713267803192 
vt 0.13556557893753052 0.243118554353714 
vt 0.13520263135433197 0.243118554353714 
vt 0.11608731746673584 0.243118554353714 
vt 0.8118605613708496 0.6262805461883545 
vt 0.8118605613708496 0.625671923160553 
vt 0.8306128978729248 0.6262805461883545 
vt 0.8306128978729248 0.625671923160553 
vt 0.8312178254127502 0.626037061214447 
vt 0.8312178254127502 0.625671923160553 
vt 0.8312178254127502 0.002729449886828661 
vt 0.832064688205719 0.002729449886828661 
vt 0.8312178254127502 0.0023643020540475845 
vt 0.832064688205719 0.0021208699326962233 
vt 0.8118605613708496 0.002729449886828661 
vt 0.832064688205719 0.6255502104759216 
vt 0.8411384224891663 0.009667262434959412 
vt 0.8411384224891663 0.6164215207099915 
vt 0.8419853448867798 0.010275841690599918 
vt 0.8419853448867798 0.615569531917572 
vt 0.8425902128219604 0.011006138287484646 
vt 0.8419853448867798 0.010275841690599918 
vt 0.8425902128219604 0.010275841690599918 
vt 0.8612216114997864 0.011006138287484646 
vt 0.8612216114997864 0.010275841690599918 
vt 0.8419853448867798 0.615569531917572 
vt 0.8419853448867798 0.615569531917572 
vt 0.8612216114997864 0.6149609088897705 
vt 0.8425902128219604 0.6149609088897705 
vt 0.8422272801399231 0.615569531917572 
vt 0.8425902128219604 0.615569531917572 
vt 0.8612216114997864 0.615569531917572 
vt 0.8306128978729248 0.002729449886828661 
vt 0.8118605613708496 0.0021208699326962233 
vt 0.8306128978729248 0.0021208699326962233 
vt 0.8309758901596069 0.0021208699326962233 
vt 0.8021818995475769 0.010275841690599918 
vt 0.7835505604743958 0.010275841690599918 
vt 0.8021818995475769 0.011006138287484646 
vt 0.7835505604743958 0.011006138287484646 
vt 0.8021818995475769 0.6149609088897705 
vt 0.7829456329345703 0.010275841690599918 
vt 0.7829456329345703 0.010275841690599918 
vt 0.7829456329345703 0.615569531917572 
vt 0.7820987105369568 0.6164215207099915 
vt 0.7829456329345703 0.615569531917572 
vt 0.7829456329345703 0.615569531917572 
vt 0.7820987105369568 0.009667262434959412 
vt 0.7730250358581543 0.6255502104759216 
vt 0.7730250358581543 0.002729449886828661 
vt 0.7721781134605408 0.625671923160553 
vt 0.7721781134605408 0.002729449886828661 
vt 0.7715731859207153 0.625671923160553 
vt 0.7721781134605408 0.626037061214447 
vt 0.7715731859207153 0.6262805461883545 
vt 0.7528208494186401 0.625671923160553 
vt 0.7528208494186401 0.6262805461883545 
vt 0.7730250358581543 0.0021208699326962233 
vt 0.7721781134605408 0.0023643020540475845 
vt 0.7528208494186401 0.002729449886828661 
vt 0.7715731859207153 0.002729449886828661 
vt 0.7719361782073975 0.0021208699326962233 
vt 0.7715731859207153 0.0021208699326962233 
vt 0.7528208494186401 0.0021208699326962233 
vt 0.7835505604743958 0.6149609088897705 
vt 0.7831875681877136 0.615569531917572 
vt 0.7835505604743958 0.615569531917572 
vt 0.8021818995475769 0.615569531917572 
vt 0.5825977921485901 0.3782232999801636 
vt 0.5819928646087646 0.3782232999801636 
vt 0.5825977921485901 0.06663034856319427 
vt 0.5819928646087646 0.06663034856319427 
vt 0.5777584314346313 0.06663034856319427 
vt 0.5777584314346313 0.3782232999801636 
vt 0.5771535634994507 0.3782232999801636 
vt 0.5771535634994507 0.06663034856319427 
vt 0.5765486359596252 0.3782232999801636 
vt 0.5765486359596252 0.06663034856319427 
vt 0.5628775358200073 0.3782232999801636 
vt 0.5628775358200073 0.06663034856319427 
vt 0.5622726082801819 0.3782232999801636 
vt 0.5622726082801819 0.06663034856319427 
vt 0.5615467429161072 0.3782232999801636 
vt 0.5615467429161072 0.06663034856319427 
vt 0.5574333071708679 0.06663034856319427 
vt 0.5574333071708679 0.3782232999801636 
vt 0.5568283796310425 0.3782232999801636 
vt 0.5568283796310425 0.06663034856319427 
vt 0.556223452091217 0.3782232999801636 
vt 0.556223452091217 0.06663034856319427 
vt 0.5425524115562439 0.06663034856319427 
vt 0.5425524115562439 0.3782232999801636 
vt 0.5418264865875244 0.3782232999801636 
vt 0.5418264865875244 0.06663034856319427 
vt 0.519081711769104 0.3782232999801636 
vt 0.519081711769104 0.06663034856319427 
vt 0.5184767842292786 0.3782232999801636 
vt 0.5184767842292786 0.06663034856319427 
vt 0.5178718566894531 0.3782232999801636 
vt 0.5178718566894531 0.06663034856319427 
vt 0.5137584209442139 0.3782232999801636 
vt 0.5137584209442139 0.06663034856319427 
vt 0.5130325555801392 0.3782232999801636 
vt 0.5327527523040771 0.3782232999801636 
vt 0.5327527523040771 0.06663034856319427 
vt 0.5333576798439026 0.06663034856319427 
vt 0.5333576798439026 0.3782232999801636 
vt 0.5340836048126221 0.06663034856319427 
vt 0.5340836048126221 0.3782232999801636 
vt 0.5381969809532166 0.06663034856319427 
vt 0.5381969809532166 0.3782232999801636 
vt 0.538801908493042 0.06663034856319427 
vt 0.538801908493042 0.3782232999801636 
vt 0.6342574954032898 0.37944045662879944 
vt 0.6342574954032898 0.06784751266241074 
vt 0.6336525678634644 0.37944045662879944 
vt 0.6336525678634644 0.06784751266241074 
vt 0.6199815273284912 0.37944045662879944 
vt 0.6199815273284912 0.06784751266241074 
vt 0.6193765997886658 0.37944045662879944 
vt 0.6193765997886658 0.06784751266241074 
vt 0.6187716722488403 0.37944045662879944 
vt 0.6187716722488403 0.06784751266241074 
vt 0.6145372986793518 0.06784751266241074 
vt 0.6145372986793518 0.37944045662879944 
vt 0.6139323711395264 0.37944045662879944 
vt 0.6139323711395264 0.06784751266241074 
vt 0.6133274435997009 0.37944045662879944 
vt 0.6133274435997009 0.06784751266241074 
vt 0.599656343460083 0.37944045662879944 
vt 0.599656343460083 0.06784751266241074 
vt 0.5990514755249023 0.37944045662879944 
vt 0.5990514755249023 0.06784751266241074 
vt 0.5984465479850769 0.37944045662879944 
vt 0.5984465479850769 0.06784751266241074 
vt 0.5942121148109436 0.06784751266241074 
vt 0.5942121148109436 0.37944045662879944 
vt 0.5936072468757629 0.37944045662879944 
vt 0.5936072468757629 0.06784751266241074 
vt 0.49815163016319275 0.06663034856319427 
vt 0.49815163016319275 0.3782232999801636 
vt 0.4987565577030182 0.06663034856319427 
vt 0.4987565577030182 0.3782232999801636 
vt 0.5124276280403137 0.3782232999801636 
vt 0.5124276280403137 0.06663034856319427 
vt 0.5130325555801392 0.06663034856319427 
s on 
f 1/1/1 2/2/2 3/3/3 
f 2/2/2 4/4/4 3/3/3 
f 3/3/3 4/4/4 3/3/3 
f 4/4/4 5/5/5 3/3/3 
f 3/3/3 5/5/5 6/6/6 
f 5/5/5 5/5/5 6/6/6 
f 6/6/6 5/5/5 7/7/7 
f 5/5/5 5/5/5 7/7/7 
f 7/7/7 5/5/5 8/8/8 
f 5/5/5 5/5/5 8/8/8 
f 8/8/8 5/5/5 9/9/9 
f 5/5/5 10/10/10 9/9/9 
f 9/9/9 10/10/10 11/11/11 
f 10/10/10 10/10/10 11/11/11 
f 11/11/11 10/10/10 12/12/12 
f 10/10/10 10/10/10 12/12/12 
f 12/12/12 10/10/10 13/13/13 
f 10/10/10 10/10/10 13/13/13 
f 13/13/13 10/10/10 4/4/4 
f 10/10/10 5/5/5 4/4/4 
f 4/4/4 5/5/5 5/5/5 
f 5/5/5 1/1/1 5/5/5 
f 5/5/5 1/1/1 1/1/1 
f 1/1/1 3/3/3 1/1/1 
f 1/1/1 3/3/3 14/14/14 
f 3/3/3 6/6/6 14/14/14 
f 14/14/14 6/6/6 6/6/6 
f 6/6/6 11/11/11 6/6/6 
f 6/6/6 11/11/11 11/11/11 
f 11/11/11 15/15/15 11/11/11 
f 11/11/11 15/15/15 9/9/9 
f 15/15/15 15/15/15 9/9/9 
f 9/9/9 15/15/15 8/8/8 
f 15/15/15 16/16/16 8/8/8 
f 8/8/8 16/16/16 17/17/17 
f 16/16/16 16/16/16 17/17/17 
f 17/17/17 16/16/16 18/18/18 
f 16/16/16 16/16/16 18/18/18 
f 18/18/18 16/16/16 19/19/19 
f 16/16/16 20/20/20 19/19/19 
f 19/19/19 20/20/20 21/21/21 
f 20/20/20 20/20/20 21/21/21 
f 21/21/21 20/20/20 22/22/22 
f 20/20/20 20/20/20 22/22/22 
f 22/22/22 20/20/20 23/23/23 
f 20/20/20 20/20/20 23/23/23 
f 23/23/23 20/20/20 24/24/24 
f 20/20/20 16/16/16 24/24/24 
f 24/24/24 16/16/16 24/24/24 
f 16/16/16 15/15/15 24/24/24 
f 24/24/24 15/15/15 25/25/25 
f 15/15/15 11/11/11 25/25/25 
f 25/25/25 11/11/11 26/26/26 
f 11/11/11 27/27/27 26/26/26 
f 26/26/26 27/27/27 27/27/27 
f 27/27/27 23/23/23 27/27/27 
f 27/27/27 23/23/23 23/23/23 
f 23/23/23 24/24/24 23/23/23 
f 23/23/23 24/24/24 28/28/28 
f 24/24/24 24/24/24 28/28/28 
f 28/28/28 24/24/24 29/29/29 
f 24/24/24 25/25/25 29/29/29 
f 29/29/29 25/25/25 29/29/29 
f 25/25/25 26/26/26 29/29/29 
f 29/29/29 26/26/26 29/29/29 
f 26/26/26 30/30/30 29/29/29 
f 29/29/29 30/30/30 31/31/31 
f 30/30/30 30/30/30 31/31/31 
f 31/31/31 30/30/30 32/32/32 
f 30/30/30 30/30/30 32/32/32 
f 32/32/32 30/30/30 33/33/33 
f 30/30/30 34/34/34 33/33/33 
f 33/33/33 34/34/34 35/35/35 
f 34/34/34 34/34/34 35/35/35 
f 35/35/35 34/34/34 36/36/36 
f 34/34/34 34/34/34 36/36/36 
f 36/36/36 34/34/34 37/37/37 
f 34/34/34 38/38/38 37/37/37 
f 37/37/37 38/38/38 39/39/39 
f 38/38/38 38/38/38 39/39/39 
f 39/39/39 38/38/38 40/40/40 
f 38/38/38 38/38/38 40/40/40 
f 40/40/40 38/38/38 27/27/27 
f 38/38/38 38/38/38 27/27/27 
f 27/27/27 38/38/38 26/26/26 
f 38/38/38 38/38/38 26/26/26 
f 26/26/26 38/38/38 30/30/30 
f 38/38/38 34/34/34 30/30/30 
f 30/30/30 34/34/34 34/34/34 
f 34/34/34 39/39/39 34/34/34 
f 34/34/34 39/39/39 39/39/39 
f 39/39/39 41/41/41 39/39/39 
f 39/39/39 41/41/41 37/37/37 
f 41/41/41 41/41/41 37/37/37 
f 37/37/37 41/41/41 36/36/36 
f 41/41/41 42/42/42 36/36/36 
f 36/36/36 42/42/42 43/43/43 
f 42/42/42 42/42/42 43/43/43 
f 43/43/43 42/42/42 44/44/44 
f 42/42/42 42/42/42 44/44/44 
f 44/44/44 42/42/42 45/45/45 
f 42/42/42 46/46/46 45/45/45 
f 45/45/45 46/46/46 47/47/47 
f 46/46/46 46/46/46 47/47/47 
f 47/47/47 46/46/46 48/48/48 
f 46/46/46 46/46/46 48/48/48 
f 48/48/48 46/46/46 49/49/49 
f 46/46/46 46/46/46 49/49/49 
f 49/49/49 46/46/46 50/50/50 
f 46/46/46 42/42/42 50/50/50 
f 50/50/50 42/42/42 50/50/50 
f 42/42/42 41/41/41 50/50/50 
f 50/50/50 41/41/41 51/51/51 
f 41/41/41 39/39/39 51/51/51 
f 51/51/51 39/39/39 52/52/52 
f 39/39/39 53/53/53 52/52/52 
f 52/52/52 53/53/53 53/53/53 
f 53/53/53 49/49/49 53/53/53 
f 53/53/53 49/49/49 49/49/49 
f 49/49/49 50/50/50 49/49/49 
f 49/49/49 50/50/50 54/54/54 
f 50/50/50 50/50/50 54/54/54 
f 54/54/54 50/50/50 55/55/55 
f 50/50/50 51/51/51 55/55/55 
f 55/55/55 51/51/51 55/55/55 
f 51/51/51 52/52/52 55/55/55 
f 55/55/55 52/52/52 56/56/56 
f 52/52/52 57/57/57 56/56/56 
f 56/56/56 57/57/57 58/58/58 
f 57/57/57 57/57/57 58/58/58 
f 58/58/58 57/57/57 59/59/59 
f 57/57/57 57/57/57 59/59/59 
f 59/59/59 57/57/57 60/60/60 
f 57/57/57 57/57/57 60/60/60 
f 60/60/60 57/57/57 61/61/61 
f 57/57/57 57/57/57 61/61/61 
f 61/61/61 57/57/57 62/62/62 
f 57/57/57 52/52/52 62/62/62 
f 62/62/62 52/52/52 62/62/62 
f 52/52/52 53/53/53 62/62/62 
f 62/62/62 53/53/53 62/62/62 
f 53/53/53 63/63/63 62/62/62 
f 62/62/62 63/63/63 62/62/62 
f 63/63/63 64/64/64 62/62/62 
f 62/62/62 64/64/64 61/61/61 
f 64/64/64 65/65/65 61/61/61 
f 61/61/61 65/65/65 60/60/60 
f 65/65/65 66/66/66 60/60/60 
f 60/60/60 66/66/66 67/67/67 
f 66/66/66 66/66/66 67/67/67 
f 67/67/67 66/66/66 68/68/68 
f 66/66/66 66/66/66 68/68/68 
f 68/68/68 66/66/66 69/69/69 
f 66/66/66 70/70/70 69/69/69 
f 69/69/69 70/70/70 71/71/71 
f 70/70/70 70/70/70 71/71/71 
f 71/71/71 70/70/70 72/72/72 
f 70/70/70 70/70/70 72/72/72 
f 72/72/72 70/70/70 73/73/73 
f 70/70/70 70/70/70 73/73/73 
f 73/73/73 70/70/70 74/74/74 
f 70/70/70 66/66/66 74/74/74 
f 74/74/74 66/66/66 74/74/74 
f 66/66/66 65/65/65 74/74/74 
f 74/74/74 65/65/65 75/75/75 
f 65/65/65 64/64/64 75/75/75 
f 75/75/75 64/64/64 76/76/76 
f 64/64/64 77/77/77 76/76/76 
f 76/76/76 77/77/77 77/77/77 
f 77/77/77 55/55/55 77/77/77 
f 77/77/77 55/55/55 55/55/55 
f 55/55/55 56/56/56 55/55/55 
f 55/55/55 56/56/56 78/78/78 
f 56/56/56 56/56/56 78/78/78 
f 78/78/78 56/56/56 79/79/79 
f 56/56/56 58/58/58 79/79/79 
f 79/79/79 58/58/58 58/58/58 
f 58/58/58 73/73/73 58/58/58 
f 58/58/58 73/73/73 73/73/73 
f 73/73/73 74/74/74 73/73/73 
f 73/73/73 74/74/74 80/80/80 
f 74/74/74 74/74/74 80/80/80 
f 80/80/80 74/74/74 81/81/81 
f 74/74/74 75/75/75 81/81/81 
f 81/81/81 75/75/75 81/81/81 
f 75/75/75 76/76/76 81/81/81 
f 81/81/81 76/76/76 82/82/82 
f 76/76/76 83/83/83 82/82/82 
f 82/82/82 83/83/83 84/84/84 
f 83/83/83 83/83/83 84/84/84 
f 84/84/84 83/83/83 85/85/85 
f 83/83/83 83/83/83 85/85/85 
f 85/85/85 83/83/83 86/86/86 
f 83/83/83 83/83/83 86/86/86 
f 86/86/86 83/83/83 87/87/87 
f 83/83/83 83/83/83 87/87/87 
f 87/87/87 83/83/83 88/88/88 
f 83/83/83 76/76/76 88/88/88 
f 88/88/88 76/76/76 88/88/88 
f 76/76/76 77/77/77 88/88/88 
f 88/88/88 77/77/77 88/88/88 
f 77/77/77 89/89/89 88/88/88 
f 88/88/88 89/89/89 88/88/88 
f 89/89/89 90/90/90 88/88/88 
f 88/88/88 90/90/90 87/87/87 
f 90/90/90 91/91/91 87/87/87 
f 87/87/87 91/91/91 86/86/86 
f 91/91/91 92/92/92 86/86/86 
f 86/86/86 92/92/92 93/93/93 
f 92/92/92 92/92/92 93/93/93 
f 93/93/93 92/92/92 94/94/94 
f 92/92/92 92/92/92 94/94/94 
f 94/94/94 92/92/92 95/95/95 
f 92/92/92 96/96/96 95/95/95 
f 95/95/95 96/96/96 97/97/97 
f 96/96/96 96/96/96 97/97/97 
f 97/97/97 96/96/96 98/98/98 
f 96/96/96 96/96/96 98/98/98 
f 98/98/98 96/96/96 99/99/99 
f 96/96/96 96/96/96 99/99/99 
f 99/99/99 96/96/96 100/100/100 
f 96/96/96 92/92/92 100/100/100 
f 100/100/100 92/92/92 100/100/100 
f 92/92/92 91/91/91 100/100/100 
f 100/100/100 91/91/91 101/101/101 
f 91/91/91 90/90/90 101/101/101 
f 101/101/101 90/90/90 4/4/4 
f 90/90/90 13/13/13 4/4/4 
f 4/4/4 13/13/13 13/13/13 
f 13/13/13 81/81/81 13/13/13 
f 13/13/13 81/81/81 81/81/81 
f 81/81/81 82/82/82 81/81/81 
f 81/81/81 82/82/82 102/102/102 
f 82/82/82 82/82/82 102/102/102 
f 102/102/102 82/82/82 103/103/103 
f 82/82/82 84/84/84 103/103/103 
f 103/103/103 84/84/84 84/84/84 
f 84/84/84 4/4/4 84/84/84 
f 84/84/84 4/4/4 4/4/4 
f 4/4/4 2/2/2 4/4/4 
f 4/4/4 2/2/2 101/101/101 
f 2/2/2 2/2/2 101/101/101 
f 101/101/101 2/2/2 100/100/100 
f 2/2/2 104/104/104 100/100/100 
f 100/100/100 104/104/104 99/99/99 
f 104/104/104 99/99/99 99/99/99 
f 99/99/99 99/99/99 105/105/105 
f 99/99/99 105/105/105 105/105/105 
f 105/105/105 105/105/105 106/106/106 
f 105/105/105 107/107/107 106/106/106 
f 106/106/106 107/107/107 108/108/108 
f 107/107/107 108/108/108 108/108/108 
f 108/108/108 108/108/108 107/107/107 
f 108/108/108 107/107/107 107/107/107 
f 107/107/107 107/107/107 109/109/109 
f 107/107/107 105/105/105 109/109/109 
f 109/109/109 105/105/105 110/110/110 
f 105/105/105 111/111/111 110/110/110 
f 110/110/110 111/111/111 112/112/112 
f 111/111/111 113/113/113 112/112/112 
f 112/112/112 113/113/113 112/112/112 
f 113/113/113 114/114/114 112/112/112 
f 112/112/112 114/114/114 112/112/112 
f 114/114/114 115/115/115 112/112/112 
f 112/112/112 115/115/115 110/110/110 
f 115/115/115 116/116/116 110/110/110 
f 110/110/110 116/116/116 109/109/109 
f 116/116/116 117/117/117 109/109/109 
f 109/109/109 117/117/117 107/107/107 
f 117/117/117 118/118/118 107/107/107 
f 107/107/107 118/118/118 108/108/108 
f 118/118/118 118/118/118 108/108/108 
f 108/108/108 118/118/118 119/119/119 
f 118/118/118 118/118/118 119/119/119 
f 119/119/119 118/118/118 120/120/120 
f 118/118/118 117/117/117 120/120/120 
f 120/120/120 117/117/117 120/120/120 
f 117/117/117 121/121/121 120/120/120 
f 120/120/120 121/121/121 122/122/122 
f 121/121/121 123/123/123 122/122/122 
f 122/122/122 123/123/123 122/122/122 
f 123/123/123 124/124/124 122/122/122 
f 122/122/122 124/124/124 122/122/122 
f 124/124/124 125/125/125 122/122/122 
f 122/122/122 125/125/125 122/122/122 
f 125/125/125 126/126/126 122/122/122 
f 122/122/122 126/126/126 122/122/122 
f 126/126/126 127/127/127 122/122/122 
f 122/122/122 127/127/127 120/120/120 
f 127/127/127 127/127/127 120/120/120 
f 120/120/120 127/127/127 119/119/119 
f 127/127/127 128/128/128 119/119/119 
f 119/119/119 128/128/128 108/108/108 
f 128/128/128 108/108/108 108/108/108 
f 108/108/108 108/108/108 106/106/106 
f 108/108/108 106/106/106 106/106/106 
f 106/106/106 106/106/106 105/105/105 
f 106/106/106 111/111/111 105/105/105 
f 105/105/105 111/111/111 111/111/111 
f 111/111/111 128/128/128 111/111/111 
f 111/111/111 128/128/128 128/128/128 
f 128/128/128 127/127/127 128/128/128 
f 128/128/128 127/127/127 129/129/129 
f 127/127/127 130/130/130 129/129/129 
f 129/129/129 130/130/130 129/129/129 
f 130/130/130 131/131/131 129/129/129 
f 129/129/129 131/131/131 129/129/129 
f 131/131/131 132/132/132 129/129/129 
f 129/129/129 132/132/132 128/128/128 
f 132/132/132 132/132/132 128/128/128 
f 128/128/128 132/132/132 133/133/133 
f 132/132/132 134/134/134 133/133/133 
f 133/133/133 134/134/134 135/135/135 
f 134/134/134 136/136/136 135/135/135 
f 135/135/135 136/136/136 135/135/135 
f 136/136/136 137/137/137 135/135/135 
f 135/135/135 137/137/137 138/138/138 
f 137/137/137 139/139/139 138/138/138 
f 138/138/138 139/139/139 138/138/138 
f 139/139/139 140/140/140 138/138/138 
f 138/138/138 140/140/140 138/138/138 
f 140/140/140 141/141/141 138/138/138 
f 138/138/138 141/141/141 142/142/142 
f 141/141/141 143/143/143 142/142/142 
f 142/142/142 143/143/143 142/142/142 
f 143/143/143 144/144/144 142/142/142 
f 142/142/142 144/144/144 142/142/142 
f 144/144/144 145/145/145 142/142/142 
f 142/142/142 145/145/145 142/142/142 
f 145/145/145 146/146/146 142/142/142 
f 142/142/142 146/146/146 138/138/138 
f 146/146/146 146/146/146 138/138/138 
f 138/138/138 146/146/146 135/135/135 
f 146/146/146 146/146/146 135/135/135 
f 135/135/135 146/146/146 133/133/133 
f 146/146/146 146/146/146 133/133/133 
f 133/133/133 146/146/146 128/128/128 
f 146/146/146 147/147/147 128/128/128 
f 128/128/128 147/147/147 108/108/108 
f 147/147/147 148/148/148 108/108/108 
f 108/108/108 148/148/148 106/106/106 
f 148/148/148 149/149/149 106/106/106 
f 106/106/106 149/149/149 106/106/106 
f 149/149/149 150/150/150 106/106/106 
f 106/106/106 150/150/150 111/111/111 
f 150/150/150 151/151/151 111/111/111 
f 111/111/111 151/151/151 111/111/111 
f 151/151/151 152/152/152 111/111/111 
f 111/111/111 152/152/152 113/113/113 
f 152/152/152 113/113/113 113/113/113 
f 113/113/113 113/113/113 130/130/130 
f 113/113/113 130/130/130 130/130/130 
f 130/130/130 130/130/130 126/126/126 
f 130/130/130 127/127/127 126/126/126 
f 126/126/126 127/127/127 127/127/127 
f 127/127/127 146/146/146 127/127/127 
f 127/127/127 146/146/146 146/146/146 
f 146/146/146 145/145/145 146/146/146 
f 146/146/146 145/145/145 147/147/147 
f 145/145/145 145/145/145 147/147/147 
f 147/147/147 145/145/145 148/148/148 
f 145/145/145 144/144/144 148/148/148 
f 148/148/148 144/144/144 149/149/149 
f 144/144/144 153/153/153 149/149/149 
f 149/149/149 153/153/153 150/150/150 
f 153/153/153 151/151/151 150/150/150 
f 150/150/150 151/151/151 151/151/151 
f 151/151/151 144/144/144 151/151/151 
f 151/151/151 144/144/144 144/144/144 
f 144/144/144 154/154/154 144/144/144 
f 144/144/144 154/154/154 153/153/153 
f 154/154/154 155/155/155 153/153/153 
f 153/153/153 155/155/155 156/156/156 
f 155/155/155 155/155/155 156/156/156 
f 156/156/156 155/155/155 157/157/157 
f 155/155/155 155/155/155 157/157/157 
f 157/157/157 155/155/155 158/158/158 
f 155/155/155 155/155/155 158/158/158 
f 158/158/158 155/155/155 159/159/159 
f 155/155/155 154/154/154 159/159/159 
f 159/159/159 154/154/154 154/154/154 
f 154/154/154 153/153/153 154/154/154 
f 154/154/154 153/153/153 153/153/153 
f 153/153/153 156/156/156 153/153/153 
f 153/153/153 156/156/156 151/151/151 
f 156/156/156 160/160/160 151/151/151 
f 151/151/151 160/160/160 152/152/152 
f 160/160/160 161/161/161 152/152/152 
f 152/152/152 161/161/161 113/113/113 
f 161/161/161 113/113/113 113/113/113 
f 113/113/113 113/113/113 157/157/157 
f 113/113/113 157/157/157 157/157/157 
f 157/157/157 157/157/157 156/156/156 
f 157/157/157 162/162/162 156/156/156 
f 156/156/156 162/162/162 156/156/156 
f 162/162/162 163/163/163 156/156/156 
f 156/156/156 163/163/163 160/160/160 
f 163/163/163 160/160/160 160/160/160 
f 160/160/160 160/160/160 160/160/160 
f 160/160/160 160/160/160 160/160/160 
f 160/160/160 160/160/160 161/161/161 
f 160/160/160 164/164/164 161/161/161 
f 161/161/161 164/164/164 161/161/161 
f 164/164/164 165/165/165 161/161/161 
f 161/161/161 165/165/165 166/166/166 
f 165/165/165 167/167/167 166/166/166 
f 166/166/166 167/167/167 166/166/166 
f 167/167/167 168/168/168 166/166/166 
f 166/166/166 168/168/168 166/166/166 
f 168/168/168 169/169/169 166/166/166 
f 166/166/166 169/169/169 170/170/170 
f 169/169/169 171/171/171 170/170/170 
f 170/170/170 171/171/171 170/170/170 
f 171/171/171 172/172/172 170/170/170 
f 170/170/170 172/172/172 114/114/114 
f 172/172/172 115/115/115 114/114/114 
f 114/114/114 115/115/115 115/115/115 
f 115/115/115 166/166/166 115/115/115 
f 115/115/115 166/166/166 166/166/166 
f 166/166/166 170/170/170 166/166/166 
f 166/166/166 170/170/170 161/161/161 
f 170/170/170 170/170/170 161/161/161 
f 161/161/161 170/170/170 113/113/113 
f 170/170/170 114/114/114 113/113/113 
f 113/113/113 114/114/114 114/114/114 
f 114/114/114 171/171/171 114/114/114 
f 114/114/114 171/171/171 171/171/171 
f 171/171/171 169/169/169 171/171/171 
f 171/171/171 169/169/169 173/173/173 
f 169/169/169 174/174/174 173/173/173 
f 173/173/173 174/174/174 173/173/173 
f 174/174/174 175/175/175 173/173/173 
f 173/173/173 175/175/175 176/176/176 
f 175/175/175 177/177/177 176/176/176 
f 176/176/176 177/177/177 176/176/176 
f 177/177/177 178/178/178 176/176/176 
f 176/176/176 178/178/178 176/176/176 
f 178/178/178 179/179/179 176/176/176 
f 176/176/176 179/179/179 180/180/180 
f 179/179/179 181/181/181 180/180/180 
f 180/180/180 181/181/181 180/180/180 
f 181/181/181 182/182/182 180/180/180 
f 180/180/180 182/182/182 180/180/180 
f 182/182/182 183/183/183 180/180/180 
f 180/180/180 183/183/183 184/184/184 
f 183/183/183 185/185/185 184/184/184 
f 184/184/184 185/185/185 184/184/184 
f 185/185/185 172/172/172 184/184/184 
f 184/184/184 172/172/172 184/184/184 
f 172/172/172 171/171/171 184/184/184 
f 184/184/184 171/171/171 184/184/184 
f 171/171/171 173/173/173 184/184/184 
f 184/184/184 173/173/173 180/180/180 
f 173/173/173 176/176/176 180/180/180 
f 180/180/180 176/176/176 176/176/176 
f 176/176/176 185/185/185 176/176/176 
f 176/176/176 185/185/185 185/185/185 
f 185/185/185 183/183/183 185/185/185 
f 185/185/185 183/183/183 186/186/186 
f 183/183/183 182/182/182 186/186/186 
f 186/186/186 182/182/182 182/182/182 
f 182/182/182 186/186/186 182/182/182 
f 182/182/182 186/186/186 186/186/186 
f 186/186/186 187/187/187 186/186/186 
f 186/186/186 187/187/187 185/185/185 
f 187/187/187 187/187/187 185/185/185 
f 185/185/185 187/187/187 172/172/172 
f 187/187/187 188/188/188 172/172/172 
f 172/172/172 188/188/188 115/115/115 
f 188/188/188 189/189/189 115/115/115 
f 115/115/115 189/189/189 116/116/116 
f 189/189/189 190/190/190 116/116/116 
f 116/116/116 190/190/190 116/116/116 
f 190/190/190 191/191/191 116/116/116 
f 116/116/116 191/191/191 117/117/117 
f 191/191/191 117/117/117 117/117/117 
f 117/117/117 117/117/117 190/190/190 
f 117/117/117 190/190/190 190/190/190 
f 190/190/190 190/190/190 192/192/192 
f 190/190/190 189/189/189 192/192/192 
f 192/192/192 189/189/189 193/193/193 
f 189/189/189 188/188/188 193/193/193 
f 193/193/193 188/188/188 193/193/193 
f 188/188/188 187/187/187 193/193/193 
f 193/193/193 187/187/187 194/194/194 
f 187/187/187 187/187/187 194/194/194 
f 194/194/194 187/187/187 195/195/195 
f 187/187/187 186/186/186 195/195/195 
f 195/195/195 186/186/186 196/196/196 
f 186/186/186 182/182/182 196/196/196 
f 196/196/196 182/182/182 197/197/197 
f 182/182/182 198/198/198 197/197/197 
f 197/197/197 198/198/198 198/198/198 
f 198/198/198 194/194/194 198/198/198 
f 198/198/198 194/194/194 194/194/194 
f 194/194/194 192/192/192 194/194/194 
f 194/194/194 192/192/192 193/193/193 
f 192/192/192 193/193/193 193/193/193 
f 193/193/193 193/193/193 197/197/197 
f 193/193/193 197/197/197 197/197/197 
f 197/197/197 197/197/197 196/196/196 
f 197/197/197 199/199/199 196/196/196 
f 196/196/196 199/199/199 195/195/195 
f 199/199/199 200/200/200 195/195/195 
f 195/195/195 200/200/200 195/195/195 
f 200/200/200 201/201/201 195/195/195 
f 195/195/195 201/201/201 194/194/194 
f 201/201/201 202/202/202 194/194/194 
f 194/194/194 202/202/202 192/192/192 
f 202/202/202 203/203/203 192/192/192 
f 192/192/192 203/203/203 204/204/204 
f 203/203/203 203/203/203 204/204/204 
f 204/204/204 203/203/203 205/205/205 
f 203/203/203 206/206/206 205/205/205 
f 205/205/205 206/206/206 207/207/207 
f 206/206/206 207/207/207 207/207/207 
f 207/207/207 207/207/207 197/197/197 
f 207/207/207 197/197/197 197/197/197 
f 197/197/197 197/197/197 199/199/199 
f 197/197/197 208/208/208 199/199/199 
f 199/199/199 208/208/208 200/200/200 
f 208/208/208 200/200/200 200/200/200 
f 200/200/200 200/200/200 206/206/206 
f 200/200/200 206/206/206 206/206/206 
f 206/206/206 206/206/206 209/209/209 
f 206/206/206 203/203/203 209/209/209 
f 209/209/209 203/203/203 209/209/209 
f 203/203/203 202/202/202 209/209/209 
f 209/209/209 202/202/202 209/209/209 
f 202/202/202 201/201/201 209/209/209 
f 209/209/209 201/201/201 209/209/209 
f 201/201/201 200/200/200 209/209/209 
f 209/209/209 200/200/200 209/209/209 
f 200/200/200 210/210/210 209/209/209 
f 209/209/209 210/210/210 209/209/209 
f 210/210/210 211/211/211 209/209/209 
f 209/209/209 211/211/211 206/206/206 
f 211/211/211 212/212/212 206/206/206 
f 206/206/206 212/212/212 213/213/213 
f 212/212/212 214/214/214 213/213/213 
f 213/213/213 214/214/214 213/213/213 
f 214/214/214 215/215/215 213/213/213 
f 213/213/213 215/215/215 213/213/213 
f 215/215/215 207/207/207 213/213/213 
f 213/213/213 207/207/207 206/206/206 
f 207/207/207 206/206/206 206/206/206 
f 206/206/206 206/206/206 214/214/214 
f 206/206/206 214/214/214 214/214/214 
f 214/214/214 214/214/214 216/216/216 
f 214/214/214 212/212/212 216/216/216 
f 216/216/216 212/212/212 216/216/216 
f 212/212/212 211/211/211 216/216/216 
f 216/216/216 211/211/211 217/217/217 
f 211/211/211 210/210/210 217/217/217 
f 217/217/217 210/210/210 218/218/218 
f 210/210/210 200/200/200 218/218/218 
f 218/218/218 200/200/200 219/219/219 
f 200/200/200 208/208/208 219/219/219 
f 219/219/219 208/208/208 219/219/219 
f 208/208/208 220/220/220 219/219/219 
f 219/219/219 220/220/220 221/221/221 
f 220/220/220 222/222/222 221/221/221 
f 221/221/221 222/222/222 221/221/221 
f 222/222/222 223/223/223 221/221/221 
f 221/221/221 223/223/223 224/224/224 
f 223/223/223 225/225/225 224/224/224 
f 224/224/224 225/225/225 224/224/224 
f 225/225/225 226/226/226 224/224/224 
f 224/224/224 226/226/226 224/224/224 
f 226/226/226 227/227/227 224/224/224 
f 224/224/224 227/227/227 228/228/228 
f 227/227/227 229/229/229 228/228/228 
f 228/228/228 229/229/229 228/228/228 
f 229/229/229 216/216/216 228/228/228 
f 228/228/228 216/216/216 228/228/228 
f 216/216/216 217/217/217 228/228/228 
f 228/228/228 217/217/217 228/228/228 
f 217/217/217 218/218/218 228/228/228 
f 228/228/228 218/218/218 224/224/224 
f 218/218/218 218/218/218 224/224/224 
f 224/224/224 218/218/218 221/221/221 
f 218/218/218 219/219/219 221/221/221 
f 221/221/221 219/219/219 219/219/219 
f 219/219/219 229/229/229 219/219/219 
f 219/219/219 229/229/229 229/229/229 
f 229/229/229 227/227/227 229/229/229 
f 229/229/229 227/227/227 230/230/230 
f 227/227/227 231/231/231 230/230/230 
f 230/230/230 231/231/231 230/230/230 
f 231/231/231 232/232/232 230/230/230 
f 230/230/230 232/232/232 233/233/233 
f 232/232/232 234/234/234 233/233/233 
f 233/233/233 234/234/234 233/233/233 
f 234/234/234 235/235/235 233/233/233 
f 233/233/233 235/235/235 233/233/233 
f 235/235/235 236/236/236 233/233/233 
f 233/233/233 236/236/236 237/237/237 
f 236/236/236 238/238/238 237/237/237 
f 237/237/237 238/238/238 237/237/237 
f 238/238/238 239/239/239 237/237/237 
f 237/237/237 239/239/239 237/237/237 
f 239/239/239 240/240/240 237/237/237 
f 237/237/237 240/240/240 241/241/241 
f 240/240/240 242/242/242 241/241/241 
f 241/241/241 242/242/242 216/216/216 
f 242/242/242 242/242/242 216/216/216 
f 216/216/216 242/242/242 214/214/214 
f 242/242/242 243/243/243 214/214/214 
f 214/214/214 243/243/243 214/214/214 
f 243/243/243 244/244/244 214/214/214 
f 214/214/214 244/244/244 215/215/215 
f 244/244/244 215/215/215 215/215/215 
f 215/215/215 215/215/215 237/237/237 
f 215/215/215 237/237/237 237/237/237 
f 237/237/237 237/237/237 233/233/233 
f 237/237/237 241/241/241 233/233/233 
f 233/233/233 241/241/241 230/230/230 
f 241/241/241 241/241/241 230/230/230 
f 230/230/230 241/241/241 229/229/229 
f 241/241/241 216/216/216 229/229/229 
f 229/229/229 216/216/216 216/216/216 
f 216/216/216 242/242/242 216/216/216 
f 216/216/216 242/242/242 242/242/242 
f 242/242/242 240/240/240 242/242/242 
f 242/242/242 240/240/240 243/243/243 
f 240/240/240 239/239/239 243/243/243 
f 243/243/243 239/239/239 245/245/245 
f 239/239/239 246/246/246 245/245/245 
f 245/245/245 246/246/246 247/247/247 
f 246/246/246 248/248/248 247/247/247 
f 247/247/247 248/248/248 247/247/247 
f 248/248/248 249/249/249 247/247/247 
f 247/247/247 249/249/249 244/244/244 
f 249/249/249 250/250/250 244/244/244 
f 244/244/244 250/250/250 215/215/215 
f 250/250/250 251/251/251 215/215/215 
f 215/215/215 251/251/251 207/207/207 
f 251/251/251 252/252/252 207/207/207 
f 207/207/207 252/252/252 253/253/253 
f 252/252/252 252/252/252 253/253/253 
f 253/253/253 252/252/252 254/254/254 
f 252/252/252 255/255/255 254/254/254 
f 254/254/254 255/255/255 124/124/124 
f 255/255/255 124/124/124 124/124/124 
f 124/124/124 124/124/124 243/243/243 
f 124/124/124 243/243/243 243/243/243 
f 243/243/243 243/243/243 244/244/244 
f 243/243/243 245/245/245 244/244/244 
f 244/244/244 245/245/245 247/247/247 
f 245/245/245 247/247/247 247/247/247 
f 247/247/247 247/247/247 246/246/246 
f 247/247/247 246/246/246 246/246/246 
f 246/246/246 246/246/246 256/256/256 
f 246/246/246 239/239/239 256/256/256 
f 256/256/256 239/239/239 239/239/239 
f 239/239/239 251/251/251 239/239/239 
f 239/239/239 251/251/251 251/251/251 
f 251/251/251 250/250/250 251/251/251 
f 251/251/251 250/250/250 257/257/257 
f 250/250/250 249/249/249 257/257/257 
f 257/257/257 249/249/249 258/258/258 
f 249/249/249 259/259/259 258/258/258 
f 258/258/258 259/259/259 258/258/258 
f 259/259/259 260/260/260 258/258/258 
f 258/258/258 260/260/260 258/258/258 
f 260/260/260 261/261/261 258/258/258 
f 258/258/258 261/261/261 257/257/257 
f 261/261/261 252/252/252 257/257/257 
f 257/257/257 252/252/252 251/251/251 
f 252/252/252 251/251/251 251/251/251 
f 251/251/251 251/251/251 252/252/252 
f 251/251/251 252/252/252 252/252/252 
f 252/252/252 252/252/252 255/255/255 
f 252/252/252 261/261/261 255/255/255 
f 255/255/255 261/261/261 261/261/261 
f 261/261/261 259/259/259 261/261/261 
f 261/261/261 259/259/259 259/259/259 
f 259/259/259 249/249/249 259/259/259 
f 259/259/259 249/249/249 262/262/262 
f 249/249/249 248/248/248 262/262/262 
f 262/262/262 248/248/248 263/263/263 
f 248/248/248 264/264/264 263/263/263 
f 263/263/263 264/264/264 265/265/265 
f 264/264/264 264/264/264 265/265/265 
f 265/265/265 264/264/264 266/266/266 
f 264/264/264 264/264/264 266/266/266 
f 266/266/266 264/264/264 267/267/267 
f 264/264/264 268/268/268 267/267/267 
f 267/267/267 268/268/268 269/269/269 
f 268/268/268 268/268/268 269/269/269 
f 269/269/269 268/268/268 270/270/270 
f 268/268/268 268/268/268 270/270/270 
f 270/270/270 268/268/268 256/256/256 
f 268/268/268 268/268/268 256/256/256 
f 256/256/256 268/268/268 246/246/246 
f 268/268/268 264/264/264 246/246/246 
f 246/246/246 264/264/264 248/248/248 
f 264/264/264 248/248/248 248/248/248 
f 248/248/248 248/248/248 262/262/262 
f 248/248/248 262/262/262 262/262/262 
f 262/262/262 262/262/262 271/271/271 
f 262/262/262 263/263/263 271/271/271 
f 271/271/271 263/263/263 271/271/271 
f 263/263/263 272/272/272 271/271/271 
f 271/271/271 272/272/272 271/271/271 
f 272/272/272 273/273/273 271/271/271 
f 271/271/271 273/273/273 274/274/274 
f 273/273/273 275/275/275 274/274/274 
f 274/274/274 275/275/275 274/274/274 
f 275/275/275 276/276/276 274/274/274 
f 274/274/274 276/276/276 274/274/274 
f 276/276/276 277/277/277 274/274/274 
f 274/274/274 277/277/277 274/274/274 
f 277/277/277 278/278/278 274/274/274 
f 274/274/274 278/278/278 271/271/271 
f 278/278/278 259/259/259 271/271/271 
f 271/271/271 259/259/259 262/262/262 
f 259/259/259 262/262/262 262/262/262 
f 262/262/262 262/262/262 259/259/259 
f 262/262/262 259/259/259 259/259/259 
f 259/259/259 259/259/259 260/260/260 
f 259/259/259 278/278/278 260/260/260 
f 260/260/260 278/278/278 279/279/279 
f 278/278/278 278/278/278 279/279/279 
f 279/279/279 278/278/278 280/280/280 
f 278/278/278 277/277/277 280/280/280 
f 280/280/280 277/277/277 281/281/281 
f 277/277/277 282/282/282 281/281/281 
f 281/281/281 282/282/282 281/281/281 
f 282/282/282 283/283/283 281/281/281 
f 281/281/281 283/283/283 284/284/284 
f 283/283/283 285/285/285 284/284/284 
f 284/284/284 285/285/285 284/284/284 
f 285/285/285 286/286/286 284/284/284 
f 284/284/284 286/286/286 284/284/284 
f 286/286/286 287/287/287 284/284/284 
f 284/284/284 287/287/287 288/288/288 
f 287/287/287 289/289/289 288/288/288 
f 288/288/288 289/289/289 288/288/288 
f 289/289/289 290/290/290 288/288/288 
f 288/288/288 290/290/290 288/288/288 
f 290/290/290 291/291/291 288/288/288 
f 288/288/288 291/291/291 292/292/292 
f 291/291/291 293/293/293 292/292/292 
f 292/292/292 293/293/293 292/292/292 
f 293/293/293 279/279/279 292/292/292 
f 292/292/292 279/279/279 292/292/292 
f 279/279/279 280/280/280 292/292/292 
f 292/292/292 280/280/280 292/292/292 
f 280/280/280 281/281/281 292/292/292 
f 292/292/292 281/281/281 288/288/288 
f 281/281/281 284/284/284 288/288/288 
f 288/288/288 284/284/284 284/284/284 
f 284/284/284 260/260/260 284/284/284 
f 284/284/284 260/260/260 260/260/260 
f 260/260/260 279/279/279 260/260/260 
f 260/260/260 279/279/279 261/261/261 
f 279/279/279 294/294/294 261/261/261 
f 261/261/261 294/294/294 255/255/255 
f 294/294/294 295/295/295 255/255/255 
f 255/255/255 295/295/295 124/124/124 
f 295/295/295 295/295/295 124/124/124 
f 124/124/124 295/295/295 296/296/296 
f 295/295/295 295/295/295 296/296/296 
f 296/296/296 295/295/295 297/297/297 
f 295/295/295 294/294/294 297/297/297 
f 297/297/297 294/294/294 297/297/297 
f 294/294/294 279/279/279 297/297/297 
f 297/297/297 279/279/279 297/297/297 
f 279/279/279 293/293/293 297/297/297 
f 297/297/297 293/293/293 298/298/298 
f 293/293/293 291/291/291 298/298/298 
f 298/298/298 291/291/291 290/290/290 
f 291/291/291 290/290/290 290/290/290 
f 290/290/290 290/290/290 124/124/124 
f 290/290/290 124/124/124 124/124/124 
f 124/124/124 124/124/124 125/125/125 
f 124/124/124 296/296/296 125/125/125 
f 125/125/125 296/296/296 299/299/299 
f 296/296/296 296/296/296 299/299/299 
f 299/299/299 296/296/296 300/300/300 
f 296/296/296 297/297/297 300/300/300 
f 300/300/300 297/297/297 300/300/300 
f 297/297/297 298/298/298 300/300/300 
f 300/300/300 298/298/298 301/301/301 
f 298/298/298 290/290/290 301/301/301 
f 301/301/301 290/290/290 302/302/302 
f 290/290/290 303/303/303 302/302/302 
f 302/302/302 303/303/303 303/303/303 
f 303/303/303 125/125/125 303/303/303 
f 303/303/303 125/125/125 125/125/125 
f 125/125/125 299/299/299 125/125/125 
f 125/125/125 299/299/299 126/126/126 
f 299/299/299 304/304/304 126/126/126 
f 126/126/126 304/304/304 130/130/130 
f 304/304/304 304/304/304 130/130/130 
f 130/130/130 304/304/304 131/131/131 
f 304/304/304 304/304/304 131/131/131 
f 131/131/131 304/304/304 305/305/305 
f 304/304/304 304/304/304 305/305/305 
f 305/305/305 304/304/304 306/306/306 
f 304/304/304 307/307/307 306/306/306 
f 306/306/306 307/307/307 302/302/302 
f 307/307/307 307/307/307 302/302/302 
f 302/302/302 307/307/307 301/301/301 
f 307/307/307 307/307/307 301/301/301 
f 301/301/301 307/307/307 300/300/300 
f 307/307/307 304/304/304 300/300/300 
f 300/300/300 304/304/304 299/299/299 
f 304/304/304 299/299/299 299/299/299 
f 299/299/299 299/299/299 306/306/306 
f 299/299/299 306/306/306 306/306/306 
f 306/306/306 306/306/306 308/308/308 
f 306/306/306 302/302/302 308/308/308 
f 308/308/308 302/302/302 308/308/308 
f 302/302/302 303/303/303 308/308/308 
f 308/308/308 303/303/303 308/308/308 
f 303/303/303 309/309/309 308/308/308 
f 308/308/308 309/309/309 308/308/308 
f 309/309/309 310/310/310 308/308/308 
f 308/308/308 310/310/310 308/308/308 
f 310/310/310 311/311/311 308/308/308 
f 308/308/308 311/311/311 312/312/312 
f 311/311/311 313/313/313 312/312/312 
f 312/312/312 313/313/313 312/312/312 
f 313/313/313 314/314/314 312/312/312 
f 312/312/312 314/314/314 312/312/312 
f 314/314/314 315/315/315 312/312/312 
f 312/312/312 315/315/315 306/306/306 
f 315/315/315 315/315/315 306/306/306 
f 306/306/306 315/315/315 305/305/305 
f 315/315/315 316/316/316 305/305/305 
f 305/305/305 316/316/316 131/131/131 
f 316/316/316 131/131/131 131/131/131 
f 131/131/131 131/131/131 308/308/308 
f 131/131/131 308/308/308 308/308/308 
f 308/308/308 308/308/308 306/306/306 
f 308/308/308 312/312/312 306/306/306 
f 306/306/306 312/312/312 312/312/312 
f 312/312/312 315/315/315 312/312/312 
f 312/312/312 315/315/315 315/315/315 
f 315/315/315 317/317/317 315/315/315 
f 315/315/315 317/317/317 316/316/316 
f 317/317/317 318/318/318 316/316/316 
f 316/316/316 318/318/318 319/319/319 
f 318/318/318 320/320/320 319/319/319 
f 319/319/319 320/320/320 319/319/319 
f 320/320/320 321/321/321 319/319/319 
f 319/319/319 321/321/321 319/319/319 
f 321/321/321 134/134/134 319/319/319 
f 319/319/319 134/134/134 319/319/319 
f 134/134/134 132/132/132 319/319/319 
f 319/319/319 132/132/132 316/316/316 
f 132/132/132 131/131/131 316/316/316 
f 316/316/316 131/131/131 131/131/131 
f 131/131/131 322/322/322 131/131/131 
f 131/131/131 322/322/322 322/322/322 
f 322/322/322 323/323/323 322/322/322 
f 322/322/322 323/323/323 324/324/324 
f 323/323/323 325/325/325 324/324/324 
f 324/324/324 325/325/325 326/326/326 
f 325/325/325 325/325/325 326/326/326 
f 326/326/326 325/325/325 327/327/327 
f 325/325/325 325/325/325 327/327/327 
f 327/327/327 325/325/325 328/328/328 
f 325/325/325 329/329/329 328/328/328 
f 328/328/328 329/329/329 330/330/330 
f 329/329/329 329/329/329 330/330/330 
f 330/330/330 329/329/329 331/331/331 
f 329/329/329 329/329/329 331/331/331 
f 331/331/331 329/329/329 332/332/332 
f 329/329/329 333/333/333 332/332/332 
f 332/332/332 333/333/333 334/334/334 
f 333/333/333 333/333/333 334/334/334 
f 334/334/334 333/333/333 335/335/335 
f 333/333/333 333/333/333 335/335/335 
f 335/335/335 333/333/333 336/336/336 
f 333/333/333 323/323/323 336/336/336 
f 336/336/336 323/323/323 337/337/337 
f 323/323/323 322/322/322 337/337/337 
f 337/337/337 322/322/322 322/322/322 
f 322/322/322 325/325/325 322/322/322 
f 322/322/322 325/325/325 325/325/325 
f 325/325/325 323/323/323 325/325/325 
f 325/325/325 323/323/323 329/329/329 
f 323/323/323 333/333/333 329/329/329 
f 329/329/329 333/333/333 333/333/333 
f 333/333/333 338/338/338 333/333/333 
f 333/333/333 338/338/338 338/338/338 
f 338/338/338 339/339/339 338/338/338 
f 338/338/338 339/339/339 340/340/340 
f 339/339/339 341/341/341 340/340/340 
f 340/340/340 341/341/341 342/342/342 
f 341/341/341 341/341/341 342/342/342 
f 342/342/342 341/341/341 343/343/343 
f 341/341/341 341/341/341 343/343/343 
f 343/343/343 341/341/341 344/344/344 
f 341/341/341 345/345/345 344/344/344 
f 344/344/344 345/345/345 346/346/346 
f 345/345/345 345/345/345 346/346/346 
f 346/346/346 345/345/345 347/347/347 
f 345/345/345 345/345/345 347/347/347 
f 347/347/347 345/345/345 348/348/348 
f 345/345/345 349/349/349 348/348/348 
f 348/348/348 349/349/349 350/350/350 
f 349/349/349 349/349/349 350/350/350 
f 350/350/350 349/349/349 351/351/351 
f 349/349/349 349/349/349 351/351/351 
f 351/351/351 349/349/349 352/352/352 
f 349/349/349 339/339/339 352/352/352 
f 352/352/352 339/339/339 353/353/353 
f 339/339/339 338/338/338 353/353/353 
f 353/353/353 338/338/338 338/338/338 
f 338/338/338 341/341/341 338/338/338 
f 338/338/338 341/341/341 341/341/341 
f 341/341/341 339/339/339 341/341/341 
f 341/341/341 339/339/339 345/345/345 
f 339/339/339 349/349/349 345/345/345 
f 345/345/345 349/349/349 349/349/349 
f 349/349/349 354/354/354 349/349/349 
f 349/349/349 354/354/354 354/354/354 
f 354/354/354 355/355/355 354/354/354 
f 354/354/354 355/355/355 356/356/356 
f 355/355/355 357/357/357 356/356/356 
f 356/356/356 357/357/357 356/356/356 
f 357/357/357 358/358/358 356/356/356 
f 356/356/356 358/358/358 359/359/359 
f 358/358/358 360/360/360 359/359/359 
f 359/359/359 360/360/360 359/359/359 
f 360/360/360 361/361/361 359/359/359 
f 359/359/359 361/361/361 359/359/359 
f 361/361/361 362/362/362 359/359/359 
f 359/359/359 362/362/362 359/359/359 
f 362/362/362 363/363/363 359/359/359 
f 359/359/359 363/363/363 356/356/356 
f 363/363/363 364/364/364 356/356/356 
f 356/356/356 364/364/364 354/354/354 
f 364/364/364 354/354/354 354/354/354 
f 354/354/354 354/354/354 360/360/360 
f 354/354/354 360/360/360 360/360/360 
f 360/360/360 360/360/360 365/365/365 
f 360/360/360 358/358/358 365/365/365 
f 365/365/365 358/358/358 366/366/366 
f 358/358/358 358/358/358 366/366/366 
f 366/366/366 358/358/358 367/367/367 
f 358/358/358 357/357/357 367/367/367 
f 367/367/367 357/357/357 368/368/368 
f 357/357/357 357/357/357 368/368/368 
f 368/368/368 357/357/357 369/369/369 
f 357/357/357 355/355/355 369/369/369 
f 369/369/369 355/355/355 355/355/355 
f 355/355/355 370/370/370 355/355/355 
f 355/355/355 370/370/370 370/370/370 
f 370/370/370 371/371/371 370/370/370 
f 370/370/370 371/371/371 372/372/372 
f 371/371/371 373/373/373 372/372/372 
f 372/372/372 373/373/373 374/374/374 
f 373/373/373 373/373/373 374/374/374 
f 374/374/374 373/373/373 375/375/375 
f 373/373/373 373/373/373 375/375/375 
f 375/375/375 373/373/373 376/376/376 
f 373/373/373 377/377/377 376/376/376 
f 376/376/376 377/377/377 378/378/378 
f 377/377/377 377/377/377 378/378/378 
f 378/378/378 377/377/377 379/379/379 
f 377/377/377 377/377/377 379/379/379 
f 379/379/379 377/377/377 380/380/380 
f 377/377/377 381/381/381 380/380/380 
f 380/380/380 381/381/381 382/382/382 
f 381/381/381 381/381/381 382/382/382 
f 382/382/382 381/381/381 383/383/383 
f 381/381/381 381/381/381 383/383/383 
f 383/383/383 381/381/381 384/384/384 
f 381/381/381 371/371/371 384/384/384 
f 384/384/384 371/371/371 385/385/385 
f 371/371/371 370/370/370 385/385/385 
f 385/385/385 370/370/370 370/370/370 
f 370/370/370 373/373/373 370/370/370 
f 370/370/370 373/373/373 373/373/373 
f 373/373/373 371/371/371 373/373/373 
f 373/373/373 371/371/371 377/377/377 
f 371/371/371 381/381/381 377/377/377 
f 377/377/377 381/381/381 381/381/381 
f 381/381/381 386/386/386 381/381/381 
f 381/381/381 386/386/386 386/386/386 
f 386/386/386 387/387/387 386/386/386 
f 386/386/386 387/387/387 388/388/388 
f 387/387/387 387/387/387 388/388/388 
f 388/388/388 387/387/387 198/198/198 
f 387/387/387 387/387/387 198/198/198 
f 198/198/198 387/387/387 197/197/197 
f 387/387/387 387/387/387 197/197/197 
f 197/197/197 387/387/387 208/208/208 
f 387/387/387 389/389/389 208/208/208 
f 208/208/208 389/389/389 220/220/220 
f 389/389/389 389/389/389 220/220/220 
f 220/220/220 389/389/389 390/390/390 
f 389/389/389 389/389/389 390/390/390 
f 390/390/390 389/389/389 391/391/391 
f 389/389/389 389/389/389 391/391/391 
f 391/391/391 389/389/389 392/392/392 
f 389/389/389 387/387/387 392/392/392 
f 392/392/392 387/387/387 386/386/386 
f 387/387/387 386/386/386 386/386/386 
f 386/386/386 386/386/386 393/393/393 
f 386/386/386 393/393/393 393/393/393 
f 393/393/393 393/393/393 394/394/394 
f 393/393/393 395/395/395 394/394/394 
f 394/394/394 395/395/395 396/396/396 
f 395/395/395 397/397/397 396/396/396 
f 396/396/396 397/397/397 396/396/396 
f 397/397/397 398/398/398 396/396/396 
f 396/396/396 398/398/398 399/399/399 
f 398/398/398 400/400/400 399/399/399 
f 399/399/399 400/400/400 400/400/400 
f 400/400/400 394/394/394 400/400/400 
f 400/400/400 394/394/394 394/394/394 
f 394/394/394 396/396/396 394/394/394 
f 394/394/394 396/396/396 399/399/399 
f 396/396/396 399/399/399 399/399/399 
f 399/399/399 399/399/399 393/393/393 
f 399/399/399 393/393/393 393/393/393 
f 393/393/393 393/393/393 395/395/395 
f 393/393/393 401/401/401 395/395/395 
f 395/395/395 401/401/401 402/402/402 
f 401/401/401 403/403/403 402/402/402 
f 402/402/402 403/403/403 402/402/402 
f 403/403/403 404/404/404 402/402/402 
f 402/402/402 404/404/404 405/405/405 
f 404/404/404 406/406/406 405/405/405 
f 405/405/405 406/406/406 397/397/397 
f 406/406/406 406/406/406 397/397/397 
f 397/397/397 406/406/406 407/407/407 
f 406/406/406 406/406/406 407/407/407 
f 407/407/407 406/406/406 408/408/408 
f 406/406/406 409/409/409 408/408/408 
f 408/408/408 409/409/409 410/410/410 
f 409/409/409 409/409/409 410/410/410 
f 410/410/410 409/409/409 411/411/411 
f 409/409/409 409/409/409 411/411/411 
f 411/411/411 409/409/409 412/412/412 
f 409/409/409 409/409/409 412/412/412 
f 412/412/412 409/409/409 413/413/413 
f 409/409/409 406/406/406 413/413/413 
f 413/413/413 406/406/406 413/413/413 
f 406/406/406 404/404/404 413/413/413 
f 413/413/413 404/404/404 414/414/414 
f 404/404/404 403/403/403 414/414/414 
f 414/414/414 403/403/403 403/403/403 
f 403/403/403 402/402/402 403/403/403 
f 403/403/403 402/402/402 402/402/402 
f 402/402/402 405/405/405 402/402/402 
f 402/402/402 405/405/405 395/395/395 
f 405/405/405 397/397/397 395/395/395 
f 395/395/395 397/397/397 397/397/397 
f 397/397/397 393/393/393 397/397/397 
f 397/397/397 393/393/393 393/393/393 
f 393/393/393 415/415/415 393/393/393 
f 393/393/393 415/415/415 401/401/401 
f 415/415/415 416/416/416 401/401/401 
f 401/401/401 416/416/416 403/403/403 
f 416/416/416 417/417/417 403/403/403 
f 403/403/403 417/417/417 418/418/418 
f 417/417/417 418/418/418 418/418/418 
f 418/418/418 418/418/418 415/415/415 
f 418/418/418 415/415/415 415/415/415 
f 415/415/415 415/415/415 416/416/416 
f 415/415/415 419/419/419 416/416/416 
f 416/416/416 419/419/419 417/417/417 
f 419/419/419 420/420/420 417/417/417 
f 417/417/417 420/420/420 421/421/421 
f 420/420/420 422/422/422 421/421/421 
f 421/421/421 422/422/422 423/423/423 
f 422/422/422 424/424/424 423/423/423 
f 423/423/423 424/424/424 424/424/424 
f 424/424/424 414/414/414 424/424/424 
f 424/424/424 414/414/414 414/414/414 
f 414/414/414 425/425/425 414/414/414 
f 414/414/414 425/425/425 413/413/413 
f 425/425/425 426/426/426 413/413/413 
f 413/413/413 426/426/426 412/412/412 
f 426/426/426 412/412/412 412/412/412 
f 412/412/412 412/412/412 418/418/418 
f 412/412/412 418/418/418 418/418/418 
f 418/418/418 418/418/418 427/427/427 
f 418/418/418 417/417/417 427/427/427 
f 427/427/427 417/417/417 427/427/427 
f 417/417/417 421/421/421 427/427/427 
f 427/427/427 421/421/421 428/428/428 
f 421/421/421 423/423/423 428/428/428 
f 428/428/428 423/423/423 423/423/423 
f 423/423/423 424/424/424 423/423/423 
f 423/423/423 424/424/424 424/424/424 
f 424/424/424 429/429/429 424/424/424 
f 424/424/424 429/429/429 423/423/423 
f 429/429/429 429/429/429 423/423/423 
f 423/423/423 429/429/429 430/430/430 
f 429/429/429 429/429/429 430/430/430 
f 430/430/430 429/429/429 431/431/431 
f 429/429/429 429/429/429 431/431/431 
f 431/431/431 429/429/429 432/432/432 
f 429/429/429 433/433/433 432/432/432 
f 432/432/432 433/433/433 434/434/434 
f 433/433/433 433/433/433 434/434/434 
f 434/434/434 433/433/433 435/435/435 
f 433/433/433 433/433/433 435/435/435 
f 435/435/435 433/433/433 436/436/436 
f 433/433/433 433/433/433 436/436/436 
f 436/436/436 433/433/433 437/437/437 
f 433/433/433 429/429/429 437/437/437 
f 437/437/437 429/429/429 424/424/424 
f 429/429/429 424/424/424 424/424/424 
f 424/424/424 424/424/424 438/438/438 
f 424/424/424 438/438/438 438/438/438 
f 438/438/438 438/438/438 439/439/439 
f 438/438/438 440/440/440 439/439/439 
f 439/439/439 440/440/440 441/441/441 
f 440/440/440 400/400/400 441/441/441 
f 441/441/441 400/400/400 441/441/441 
f 400/400/400 398/398/398 441/441/441 
f 441/441/441 398/398/398 442/442/442 
f 398/398/398 397/397/397 442/442/442 
f 442/442/442 397/397/397 397/397/397 
f 397/397/397 439/439/439 397/397/397 
f 397/397/397 439/439/439 439/439/439 
f 439/439/439 441/441/441 439/439/439 
f 439/439/439 441/441/441 443/443/443 
f 441/441/441 441/441/441 443/443/443 
f 443/443/443 441/441/441 444/444/444 
f 441/441/441 442/442/442 444/444/444 
f 444/444/444 442/442/442 442/442/442 
f 442/442/442 445/445/445 442/442/442 
f 442/442/442 445/445/445 445/445/445 
f 445/445/445 446/446/446 445/445/445 
f 445/445/445 446/446/446 447/447/447 
f 446/446/446 448/448/448 447/447/447 
f 447/447/447 448/448/448 449/449/449 
f 448/448/448 450/450/450 449/449/449 
f 449/449/449 450/450/450 450/450/450 
f 450/450/450 445/445/445 450/450/450 
f 450/450/450 445/445/445 445/445/445 
f 445/445/445 447/447/447 445/445/445 
f 445/445/445 447/447/447 451/451/451 
f 447/447/447 452/452/452 451/451/451 
f 451/451/451 452/452/452 453/453/453 
f 452/452/452 452/452/452 453/453/453 
f 453/453/453 452/452/452 454/454/454 
f 452/452/452 452/452/452 454/454/454 
f 454/454/454 452/452/452 455/455/455 
f 452/452/452 456/456/456 455/455/455 
f 455/455/455 456/456/456 457/457/457 
f 456/456/456 456/456/456 457/457/457 
f 457/457/457 456/456/456 458/458/458 
f 456/456/456 456/456/456 458/458/458 
f 458/458/458 456/456/456 459/459/459 
f 456/456/456 449/449/449 459/459/459 
f 459/459/459 449/449/449 460/460/460 
f 449/449/449 450/450/450 460/460/460 
f 460/460/460 450/450/450 461/461/461 
f 450/450/450 450/450/450 461/461/461 
f 461/461/461 450/450/450 462/462/462 
f 450/450/450 448/448/448 462/462/462 
f 462/462/462 448/448/448 462/462/462 
f 448/448/448 446/446/446 462/462/462 
f 462/462/462 446/446/446 463/463/463 
f 446/446/446 446/446/446 463/463/463 
f 463/463/463 446/446/446 464/464/464 
f 446/446/446 465/465/465 464/464/464 
f 464/464/464 465/465/465 466/466/466 
f 465/465/465 467/467/467 466/466/466 
f 466/466/466 467/467/467 466/466/466 
f 467/467/467 468/468/468 466/466/466 
f 466/466/466 468/468/468 466/466/466 
f 468/468/468 469/469/469 466/466/466 
f 466/466/466 469/469/469 466/466/466 
f 469/469/469 470/470/470 466/466/466 
f 466/466/466 470/470/470 466/466/466 
f 470/470/470 471/471/471 466/466/466 
f 466/466/466 471/471/471 464/464/464 
f 471/471/471 472/472/472 464/464/464 
f 464/464/464 472/472/472 463/463/463 
f 472/472/472 473/473/473 463/463/463 
f 463/463/463 473/473/473 462/462/462 
f 473/473/473 474/474/474 462/462/462 
f 462/462/462 474/474/474 461/461/461 
f 474/474/474 475/475/475 461/461/461 
f 461/461/461 475/475/475 476/476/476 
f 475/475/475 477/477/477 476/476/476 
f 476/476/476 477/477/477 478/478/478 
f 477/477/477 479/479/479 478/478/478 
f 478/478/478 479/479/479 479/479/479 
f 479/479/479 449/449/449 479/479/479 
f 479/479/479 449/449/449 449/449/449 
f 449/449/449 456/456/456 449/449/449 
f 449/449/449 456/456/456 447/447/447 
f 456/456/456 452/452/452 447/447/447 
f 447/447/447 452/452/452 452/452/452 
f 452/452/452 461/461/461 452/452/452 
f 452/452/452 461/461/461 461/461/461 
f 461/461/461 476/476/476 461/461/461 
f 461/461/461 476/476/476 460/460/460 
f 476/476/476 478/478/478 460/460/460 
f 460/460/460 478/478/478 480/480/480 
f 478/478/478 478/478/478 480/480/480 
f 480/480/480 478/478/478 481/481/481 
f 478/478/478 482/482/482 481/481/481 
f 481/481/481 482/482/482 483/483/483 
f 482/482/482 482/482/482 483/483/483 
f 483/483/483 482/482/482 484/484/484 
f 482/482/482 482/482/482 484/484/484 
f 484/484/484 482/482/482 485/485/485 
f 482/482/482 482/482/482 485/485/485 
f 485/485/485 482/482/482 479/479/479 
f 482/482/482 478/478/478 479/479/479 
f 479/479/479 478/478/478 478/478/478 
f 478/478/478 486/486/486 478/478/478 
f 478/478/478 486/486/486 486/486/486 
f 486/486/486 487/487/487 486/486/486 
f 486/486/486 487/487/487 488/488/488 
f 487/487/487 489/489/489 488/488/488 
f 488/488/488 489/489/489 490/490/490 
f 489/489/489 489/489/489 490/490/490 
f 490/490/490 489/489/489 491/491/491 
f 489/489/489 489/489/489 491/491/491 
f 491/491/491 489/489/489 492/492/492 
f 489/489/489 493/493/493 492/492/492 
f 492/492/492 493/493/493 494/494/494 
f 493/493/493 493/493/493 494/494/494 
f 494/494/494 493/493/493 469/469/469 
f 493/493/493 495/495/495 469/469/469 
f 469/469/469 495/495/495 470/470/470 
f 495/495/495 470/470/470 470/470/470 
f 470/470/470 470/470/470 487/487/487 
f 470/470/470 487/487/487 487/487/487 
f 487/487/487 487/487/487 489/489/489 
f 487/487/487 496/496/496 489/489/489 
f 489/489/489 496/496/496 493/493/493 
f 496/496/496 495/495/495 493/493/493 
f 493/493/493 495/495/495 495/495/495 
f 495/495/495 497/497/497 495/495/495 
f 495/495/495 497/497/497 497/497/497 
f 497/497/497 498/498/498 497/497/497 
f 497/497/497 498/498/498 499/499/499 
f 498/498/498 500/500/500 499/499/499 
f 499/499/499 500/500/500 499/499/499 
f 500/500/500 501/501/501 499/499/499 
f 499/499/499 501/501/501 502/502/502 
f 501/501/501 503/503/503 502/502/502 
f 502/502/502 503/503/503 502/502/502 
f 503/503/503 504/504/504 502/502/502 
f 502/502/502 504/504/504 502/502/502 
f 504/504/504 505/505/505 502/502/502 
f 502/502/502 505/505/505 502/502/502 
f 505/505/505 506/506/506 502/502/502 
f 502/502/502 506/506/506 499/499/499 
f 506/506/506 507/507/507 499/499/499 
f 499/499/499 507/507/507 497/497/497 
f 507/507/507 497/497/497 497/497/497 
f 497/497/497 497/497/497 498/498/498 
f 497/497/497 498/498/498 498/498/498 
f 498/498/498 498/498/498 500/500/500 
f 498/498/498 508/508/508 500/500/500 
f 500/500/500 508/508/508 500/500/500 
f 508/508/508 509/509/509 500/500/500 
f 500/500/500 509/509/509 500/500/500 
f 509/509/509 510/510/510 500/500/500 
f 500/500/500 510/510/510 501/501/501 
f 510/510/510 511/511/511 501/501/501 
f 501/501/501 511/511/511 501/501/501 
f 511/511/511 512/512/512 501/501/501 
f 501/501/501 512/512/512 503/503/503 
f 512/512/512 513/513/513 503/503/503 
f 503/503/503 513/513/513 504/504/504 
f 513/513/513 514/514/514 504/504/504 
f 504/504/504 514/514/514 505/505/505 
f 514/514/514 515/515/515 505/505/505 
f 505/505/505 515/515/515 505/505/505 
f 515/515/515 516/516/516 505/505/505 
f 505/505/505 516/516/516 517/517/517 
f 516/516/516 516/516/516 517/517/517 
f 517/517/517 516/516/516 518/518/518 
f 516/516/516 519/519/519 518/518/518 
f 518/518/518 519/519/519 520/520/520 
f 519/519/519 519/519/519 520/520/520 
f 520/520/520 519/519/519 521/521/521 
f 519/519/519 519/519/519 521/521/521 
f 521/521/521 519/519/519 522/522/522 
f 519/519/519 519/519/519 522/522/522 
f 522/522/522 519/519/519 523/523/523 
f 519/519/519 516/516/516 523/523/523 
f 523/523/523 516/516/516 524/524/524 
f 516/516/516 515/515/515 524/524/524 
f 524/524/524 515/515/515 525/525/525 
f 515/515/515 514/514/514 525/525/525 
f 525/525/525 514/514/514 526/526/526 
f 514/514/514 513/513/513 526/526/526 
f 526/526/526 513/513/513 527/527/527 
f 513/513/513 528/528/528 527/527/527 
f 527/527/527 528/528/528 529/529/529 
f 528/528/528 530/530/530 529/529/529 
f 529/529/529 530/530/530 531/531/531 
f 530/530/530 530/530/530 531/531/531 
f 531/531/531 530/530/530 532/532/532 
f 530/530/530 533/533/533 532/532/532 
f 532/532/532 533/533/533 532/532/532 
f 533/533/533 534/534/534 532/532/532 
f 532/532/532 534/534/534 532/532/532 
f 534/534/534 535/535/535 532/532/532 
f 532/532/532 535/535/535 532/532/532 
f 535/535/535 536/536/536 532/532/532 
f 532/532/532 536/536/536 537/537/537 
f 536/536/536 536/536/536 537/537/537 
f 537/537/537 536/536/536 538/538/538 
f 536/536/536 539/539/539 538/538/538 
f 538/538/538 539/539/539 540/540/540 
f 539/539/539 539/539/539 540/540/540 
f 540/540/540 539/539/539 541/541/541 
f 539/539/539 542/542/542 541/541/541 
f 541/541/541 542/542/542 541/541/541 
f 542/542/542 543/543/543 541/541/541 
f 541/541/541 543/543/543 541/541/541 
f 543/543/543 544/544/544 541/541/541 
f 541/541/541 544/544/544 541/541/541 
f 544/544/544 545/545/545 541/541/541 
f 541/541/541 545/545/545 541/541/541 
f 545/545/545 546/546/546 541/541/541 
f 541/541/541 546/546/546 540/540/540 
f 546/546/546 540/540/540 540/540/540 
f 540/540/540 540/540/540 513/513/513 
f 540/540/540 513/513/513 513/513/513 
f 513/513/513 513/513/513 528/528/528 
f 513/513/513 512/512/512 528/528/528 
f 528/528/528 512/512/512 530/530/530 
f 512/512/512 533/533/533 530/530/530 
f 530/530/530 533/533/533 533/533/533 
f 533/533/533 532/532/532 533/533/533 
f 533/533/533 532/532/532 532/532/532 
f 532/532/532 537/537/537 532/532/532 
f 532/532/532 537/537/537 531/531/531 
f 537/537/537 531/531/531 531/531/531 
f 531/531/531 531/531/531 536/536/536 
f 531/531/531 536/536/536 536/536/536 
f 536/536/536 536/536/536 539/539/539 
f 536/536/536 547/547/547 539/539/539 
f 539/539/539 547/547/547 542/542/542 
f 547/547/547 542/542/542 542/542/542 
f 542/542/542 542/542/542 546/546/546 
f 542/542/542 546/546/546 546/546/546 
f 546/546/546 546/546/546 548/548/548 
f 546/546/546 545/545/545 548/548/548 
f 548/548/548 545/545/545 545/545/545 
f 545/545/545 549/549/549 545/545/545 
f 545/545/545 549/549/549 549/549/549 
f 549/549/549 550/550/550 549/549/549 
f 549/549/549 550/550/550 551/551/551 
f 550/550/550 552/552/552 551/551/551 
f 551/551/551 552/552/552 553/553/553 
f 552/552/552 554/554/554 553/553/553 
f 553/553/553 554/554/554 554/554/554 
f 554/554/554 549/549/549 554/554/554 
f 554/554/554 549/549/549 549/549/549 
f 549/549/549 551/551/551 549/549/549 
f 549/549/549 551/551/551 555/555/555 
f 551/551/551 556/556/556 555/555/555 
f 555/555/555 556/556/556 557/557/557 
f 556/556/556 556/556/556 557/557/557 
f 557/557/557 556/556/556 558/558/558 
f 556/556/556 556/556/556 558/558/558 
f 558/558/558 556/556/556 559/559/559 
f 556/556/556 560/560/560 559/559/559 
f 559/559/559 560/560/560 561/561/561 
f 560/560/560 560/560/560 561/561/561 
f 561/561/561 560/560/560 562/562/562 
f 560/560/560 560/560/560 562/562/562 
f 562/562/562 560/560/560 563/563/563 
f 560/560/560 553/553/553 563/563/563 
f 563/563/563 553/553/553 564/564/564 
f 553/553/553 554/554/554 564/564/564 
f 564/564/564 554/554/554 565/565/565 
f 554/554/554 554/554/554 565/565/565 
f 565/565/565 554/554/554 566/566/566 
f 554/554/554 552/552/552 566/566/566 
f 566/566/566 552/552/552 566/566/566 
f 552/552/552 550/550/550 566/566/566 
f 566/566/566 550/550/550 567/567/567 
f 550/550/550 550/550/550 567/567/567 
f 567/567/567 550/550/550 568/568/568 
f 550/550/550 569/569/569 568/568/568 
f 568/568/568 569/569/569 570/570/570 
f 569/569/569 571/571/571 570/570/570 
f 570/570/570 571/571/571 570/570/570 
f 571/571/571 572/572/572 570/570/570 
f 570/570/570 572/572/572 570/570/570 
f 572/572/572 573/573/573 570/570/570 
f 570/570/570 573/573/573 570/570/570 
f 573/573/573 574/574/574 570/570/570 
f 570/570/570 574/574/574 570/570/570 
f 574/574/574 575/575/575 570/570/570 
f 570/570/570 575/575/575 568/568/568 
f 575/575/575 576/576/576 568/568/568 
f 568/568/568 576/576/576 567/567/567 
f 576/576/576 577/577/577 567/567/567 
f 567/567/567 577/577/577 566/566/566 
f 577/577/577 578/578/578 566/566/566 
f 566/566/566 578/578/578 565/565/565 
f 578/578/578 579/579/579 565/565/565 
f 565/565/565 579/579/579 580/580/580 
f 579/579/579 581/581/581 580/580/580 
f 580/580/580 581/581/581 582/582/582 
f 581/581/581 583/583/583 582/582/582 
f 582/582/582 583/583/583 583/583/583 
f 583/583/583 551/551/551 583/583/583 
f 583/583/583 551/551/551 551/551/551 
f 551/551/551 553/553/553 551/551/551 
f 551/551/551 553/553/553 556/556/556 
f 553/553/553 560/560/560 556/556/556 
f 556/556/556 560/560/560 560/560/560 
f 560/560/560 565/565/565 560/560/560 
f 560/560/560 565/565/565 565/565/565 
f 565/565/565 580/580/580 565/565/565 
f 565/565/565 580/580/580 564/564/564 
f 580/580/580 582/582/582 564/564/564 
f 564/564/564 582/582/582 584/584/584 
f 582/582/582 582/582/582 584/584/584 
f 584/584/584 582/582/582 585/585/585 
f 582/582/582 586/586/586 585/585/585 
f 585/585/585 586/586/586 587/587/587 
f 586/586/586 586/586/586 587/587/587 
f 587/587/587 586/586/586 588/588/588 
f 586/586/586 586/586/586 588/588/588 
f 588/588/588 586/586/586 589/589/589 
f 586/586/586 586/586/586 589/589/589 
f 589/589/589 586/586/586 583/583/583 
f 586/586/586 582/582/582 583/583/583 
f 583/583/583 582/582/582 582/582/582 
f 582/582/582 590/590/590 582/582/582 
f 582/582/582 590/590/590 590/590/590 
f 590/590/590 591/591/591 590/590/590 
f 590/590/590 591/591/591 592/592/592 
f 591/591/591 593/593/593 592/592/592 
f 592/592/592 593/593/593 594/594/594 
f 593/593/593 593/593/593 594/594/594 
f 594/594/594 593/593/593 595/595/595 
f 593/593/593 593/593/593 595/595/595 
f 595/595/595 593/593/593 596/596/596 
f 593/593/593 597/597/597 596/596/596 
f 596/596/596 597/597/597 598/598/598 
f 597/597/597 597/597/597 598/598/598 
f 598/598/598 597/597/597 573/573/573 
f 597/597/597 599/599/599 573/573/573 
f 573/573/573 599/599/599 574/574/574 
f 599/599/599 574/574/574 574/574/574 
f 574/574/574 574/574/574 591/591/591 
f 574/574/574 591/591/591 591/591/591 
f 591/591/591 591/591/591 593/593/593 
f 591/591/591 600/600/600 593/593/593 
f 593/593/593 600/600/600 597/597/597 
f 600/600/600 599/599/599 597/597/597 
f 597/597/597 599/599/599 599/599/599 
f 599/599/599 601/601/601 599/599/599 
f 599/599/599 601/601/601 601/601/601 
f 601/601/601 602/602/602 601/601/601 
f 601/601/601 602/602/602 603/603/603 
f 602/602/602 604/604/604 603/603/603 
f 603/603/603 604/604/604 603/603/603 
f 604/604/604 605/605/605 603/603/603 
f 603/603/603 605/605/605 606/606/606 
f 605/605/605 607/607/607 606/606/606 
f 606/606/606 607/607/607 608/608/608 
f 607/607/607 607/607/607 608/608/608 
f 608/608/608 607/607/607 609/609/609 
f 607/607/607 607/607/607 609/609/609 
f 609/609/609 607/607/607 610/610/610 
f 607/607/607 605/605/605 610/610/610 
f 610/610/610 605/605/605 611/611/611 
f 605/605/605 605/605/605 611/611/611 
f 611/611/611 605/605/605 612/612/612 
f 605/605/605 604/604/604 612/612/612 
f 612/612/612 604/604/604 613/613/613 
f 604/604/604 604/604/604 613/613/613 
f 613/613/613 604/604/604 614/614/614 
f 604/604/604 602/602/602 614/614/614 
f 614/614/614 602/602/602 615/615/615 
f 602/602/602 616/616/616 615/615/615 
f 615/615/615 616/616/616 615/615/615 
f 616/616/616 617/617/617 615/615/615 
f 615/615/615 617/617/617 618/618/618 
f 617/617/617 619/619/619 618/618/618 
f 618/618/618 619/619/619 618/618/618 
f 619/619/619 620/620/620 618/618/618 
f 618/618/618 620/620/620 618/618/618 
f 620/620/620 621/621/621 618/618/618 
f 618/618/618 621/621/621 622/622/622 
f 621/621/621 623/623/623 622/622/622 
f 622/622/622 623/623/623 622/622/622 
f 623/623/623 624/624/624 622/622/622 
f 622/622/622 624/624/624 622/622/622 
f 624/624/624 625/625/625 622/622/622 
f 622/622/622 625/625/625 622/622/622 
f 625/625/625 626/626/626 622/622/622 
f 622/622/622 626/626/626 618/618/618 
f 626/626/626 626/626/626 618/618/618 
f 618/618/618 626/626/626 615/615/615 
f 626/626/626 626/626/626 615/615/615 
f 615/615/615 626/626/626 614/614/614 
f 626/626/626 626/626/626 614/614/614 
f 614/614/614 626/626/626 627/627/627 
f 626/626/626 626/626/626 627/627/627 
f 627/627/627 626/626/626 628/628/628 
f 626/626/626 625/625/625 628/628/628 
f 628/628/628 625/625/625 625/625/625 
f 625/625/625 601/601/601 625/625/625 
f 625/625/625 601/601/601 601/601/601 
f 601/601/601 603/603/603 601/601/601 
f 601/601/601 603/603/603 629/629/629 
f 603/603/603 603/603/603 629/629/629 
f 629/629/629 603/603/603 630/630/630 
f 603/603/603 606/606/606 630/630/630 
f 630/630/630 606/606/606 631/631/631 
f 606/606/606 608/608/608 631/631/631 
f 631/631/631 608/608/608 608/608/608 
f 608/608/608 632/632/632 608/608/608 
f 608/608/608 632/632/632 632/632/632 
f 632/632/632 633/633/633 632/632/632 
f 632/632/632 633/633/633 634/634/634 
f 633/633/633 635/635/635 634/634/634 
f 634/634/634 635/635/635 636/636/636 
f 635/635/635 637/637/637 636/636/636 
f 636/636/636 637/637/637 638/638/638 
f 637/637/637 638/638/638 638/638/638 
f 638/638/638 638/638/638 637/637/637 
f 638/638/638 637/637/637 637/637/637 
f 637/637/637 637/637/637 639/639/639 
f 637/637/637 635/635/635 639/639/639 
f 639/639/639 635/635/635 633/633/633 
f 635/635/635 633/633/633 633/633/633 
f 633/633/633 633/633/633 633/633/633 
f 633/633/633 633/633/633 633/633/633 
f 633/633/633 633/633/633 640/640/640 
f 633/633/633 632/632/632 640/640/640 
f 640/640/640 632/632/632 640/640/640 
f 632/632/632 641/641/641 640/640/640 
f 640/640/640 641/641/641 640/640/640 
f 641/641/641 642/642/642 640/640/640 
f 640/640/640 642/642/642 640/640/640 
f 642/642/642 643/643/643 640/640/640 
f 640/640/640 643/643/643 644/644/644 
f 643/643/643 645/645/645 644/644/644 
f 644/644/644 645/645/645 644/644/644 
f 645/645/645 646/646/646 644/644/644 
f 644/644/644 646/646/646 644/644/644 
f 646/646/646 647/647/647 644/644/644 
f 644/644/644 647/647/647 648/648/648 
f 647/647/647 649/649/649 648/648/648 
f 648/648/648 649/649/649 648/648/648 
f 649/649/649 650/650/650 648/648/648 
f 648/648/648 650/650/650 639/639/639 
f 650/650/650 650/650/650 639/639/639 
f 639/639/639 650/650/650 637/637/637 
f 650/650/650 651/651/651 637/637/637 
f 637/637/637 651/651/651 638/638/638 
f 651/651/651 652/652/652 638/638/638 
f 638/638/638 652/652/652 638/638/638 
f 652/652/652 631/631/631 638/638/638 
f 638/638/638 631/631/631 638/638/638 
f 631/631/631 608/608/608 638/638/638 
f 638/638/638 608/608/608 638/638/638 
f 608/608/608 609/609/609 638/638/638 
f 638/638/638 609/609/609 636/636/636 
f 609/609/609 609/609/609 636/636/636 
f 636/636/636 609/609/609 653/653/653 
f 609/609/609 610/610/610 653/653/653 
f 653/653/653 610/610/610 610/610/610 
f 610/610/610 644/644/644 610/610/610 
f 610/610/610 644/644/644 644/644/644 
f 644/644/644 648/648/648 644/644/644 
f 644/644/644 648/648/648 640/640/640 
f 648/648/648 648/648/648 640/640/640 
f 640/640/640 648/648/648 633/633/633 
f 648/648/648 639/639/639 633/633/633 
f 633/633/633 639/639/639 639/639/639 
f 639/639/639 651/651/651 639/639/639 
f 639/639/639 651/651/651 651/651/651 
f 651/651/651 650/650/650 651/651/651 
f 651/651/651 650/650/650 654/654/654 
f 650/650/650 655/655/655 654/654/654 
f 654/654/654 655/655/655 655/655/655 
f 655/655/655 652/652/652 655/655/655 
f 655/655/655 652/652/652 652/652/652 
f 652/652/652 651/651/651 652/652/652 
f 652/652/652 651/651/651 654/654/654 
f 651/651/651 654/654/654 654/654/654 
f 654/654/654 654/654/654 653/653/653 
f 654/654/654 653/653/653 653/653/653 
f 653/653/653 653/653/653 636/636/636 
f 653/653/653 656/656/656 636/636/636 
f 636/636/636 656/656/656 634/634/634 
f 656/656/656 657/657/657 634/634/634 
f 634/634/634 657/657/657 658/658/658 
f 657/657/657 657/657/657 658/658/658 
f 658/658/658 657/657/657 659/659/659 
f 657/657/657 660/660/660 659/659/659 
f 659/659/659 660/660/660 661/661/661 
f 660/660/660 660/660/660 661/661/661 
f 661/661/661 660/660/660 662/662/662 
f 660/660/660 660/660/660 662/662/662 
f 662/662/662 660/660/660 663/663/663 
f 660/660/660 664/664/664 663/663/663 
f 663/663/663 664/664/664 665/665/665 
f 664/664/664 664/664/664 665/665/665 
f 665/665/665 664/664/664 666/666/666 
f 664/664/664 664/664/664 666/666/666 
f 666/666/666 664/664/664 667/667/667 
f 664/664/664 668/668/668 667/667/667 
f 667/667/667 668/668/668 610/610/610 
f 668/668/668 668/668/668 610/610/610 
f 610/610/610 668/668/668 653/653/653 
f 668/668/668 668/668/668 653/653/653 
f 653/653/653 668/668/668 656/656/656 
f 668/668/668 668/668/668 656/656/656 
f 656/656/656 668/668/668 657/657/657 
f 668/668/668 668/668/668 657/657/657 
f 657/657/657 668/668/668 660/660/660 
f 668/668/668 664/664/664 660/660/660 
f 660/660/660 664/664/664 664/664/664 
f 664/664/664 652/652/652 664/664/664 
f 664/664/664 652/652/652 652/652/652 
f 652/652/652 654/654/654 652/652/652 
f 652/652/652 654/654/654 669/669/669 
f 654/654/654 670/670/670 669/669/669 
f 669/669/669 670/670/670 671/671/671 
f 670/670/670 670/670/670 671/671/671 
f 671/671/671 670/670/670 672/672/672 
f 670/670/670 670/670/670 672/672/672 
f 672/672/672 670/670/670 673/673/673 
f 670/670/670 670/670/670 673/673/673 
f 673/673/673 670/670/670 674/674/674 
f 670/670/670 670/670/670 674/674/674 
f 674/674/674 670/670/670 675/675/675 
f 670/670/670 654/654/654 675/675/675 
f 675/675/675 654/654/654 675/675/675 
f 654/654/654 655/655/655 675/675/675 
f 675/675/675 655/655/655 675/675/675 
f 655/655/655 676/676/676 675/675/675 
f 675/675/675 676/676/676 675/675/675 
f 676/676/676 677/677/677 675/675/675 
f 675/675/675 677/677/677 674/674/674 
f 677/677/677 674/674/674 674/674/674 
f 674/674/674 674/674/674 652/652/652 
f 674/674/674 652/652/652 652/652/652 
f 652/652/652 652/652/652 631/631/631 
f 652/652/652 669/669/669 631/631/631 
f 631/631/631 669/669/669 678/678/678 
f 669/669/669 671/671/671 678/678/678 
f 678/678/678 671/671/671 671/671/671 
f 671/671/671 679/679/679 671/671/671 
f 671/671/671 679/679/679 679/679/679 
f 679/679/679 680/680/680 679/679/679 
f 679/679/679 680/680/680 681/681/681 
f 680/680/680 682/682/682 681/681/681 
f 681/681/681 682/682/682 683/683/683 
f 682/682/682 682/682/682 683/683/683 
f 683/683/683 682/682/682 684/684/684 
f 682/682/682 685/685/685 684/684/684 
f 684/684/684 685/685/685 686/686/686 
f 685/685/685 687/687/687 686/686/686 
f 686/686/686 687/687/687 688/688/688 
f 687/687/687 688/688/688 688/688/688 
f 688/688/688 688/688/688 682/682/682 
f 688/688/688 682/682/682 682/682/682 
f 682/682/682 682/682/682 689/689/689 
f 682/682/682 680/680/680 689/689/689 
f 689/689/689 680/680/680 680/680/680 
f 680/680/680 684/684/684 680/680/680 
f 680/680/680 684/684/684 684/684/684 
f 684/684/684 686/686/686 684/684/684 
f 684/684/684 686/686/686 690/690/690 
f 686/686/686 691/691/691 690/690/690 
f 690/690/690 691/691/691 692/692/692 
f 691/691/691 693/693/693 692/692/692 
f 692/692/692 693/693/693 694/694/694 
f 693/693/693 693/693/693 694/694/694 
f 694/694/694 693/693/693 695/695/695 
f 693/693/693 696/696/696 695/695/695 
f 695/695/695 696/696/696 695/695/695 
f 696/696/696 697/697/697 695/695/695 
f 695/695/695 697/697/697 698/698/698 
f 697/697/697 699/699/699 698/698/698 
f 698/698/698 699/699/699 699/699/699 
f 699/699/699 700/700/700 699/699/699 
f 699/699/699 700/700/700 700/700/700 
f 700/700/700 692/692/692 700/700/700 
f 700/700/700 692/692/692 701/701/701 
f 692/692/692 694/694/694 701/701/701 
f 701/701/701 694/694/694 694/694/694 
f 694/694/694 698/698/698 694/694/694 
f 694/694/694 698/698/698 698/698/698 
f 698/698/698 702/702/702 698/698/698 
f 698/698/698 702/702/702 695/695/695 
f 702/702/702 703/703/703 695/695/695 
f 695/695/695 703/703/703 694/694/694 
f 703/703/703 703/703/703 694/694/694 
f 694/694/694 703/703/703 704/704/704 
f 703/703/703 703/703/703 704/704/704 
f 704/704/704 703/703/703 705/705/705 
f 703/703/703 703/703/703 705/705/705 
f 705/705/705 703/703/703 706/706/706 
f 703/703/703 702/702/702 706/706/706 
f 706/706/706 702/702/702 702/702/702 
f 702/702/702 682/682/682 702/702/702 
f 702/702/702 682/682/682 682/682/682 
f 682/682/682 689/689/689 682/682/682 
f 682/682/682 689/689/689 707/707/707 
f 689/689/689 708/708/708 707/707/707 
f 707/707/707 708/708/708 707/707/707 
f 708/708/708 709/709/709 707/707/707 
f 707/707/707 709/709/709 707/707/707 
f 709/709/709 710/710/710 707/707/707 
f 707/707/707 710/710/710 707/707/707 
f 710/710/710 685/685/685 707/707/707 
f 707/707/707 685/685/685 682/682/682 
f 685/685/685 682/682/682 682/682/682 
f 682/682/682 682/682/682 711/711/711 
f 682/682/682 711/711/711 711/711/711 
f 711/711/711 711/711/711 712/712/712 
f 711/711/711 713/713/713 712/712/712 
f 712/712/712 713/713/713 714/714/714 
f 713/713/713 715/715/715 714/714/714 
f 714/714/714 715/715/715 715/715/715 
f 715/715/715 712/712/712 715/715/715 
f 715/715/715 712/712/712 712/712/712 
f 712/712/712 714/714/714 712/712/712 
f 712/712/712 714/714/714 716/716/716 
f 714/714/714 714/714/714 716/716/716 
f 716/716/716 714/714/714 717/717/717 
f 714/714/714 718/718/718 717/717/717 
f 717/717/717 718/718/718 719/719/719 
f 718/718/718 720/720/720 719/719/719 
f 719/719/719 720/720/720 721/721/721 
f 720/720/720 721/721/721 721/721/721 
f 721/721/721 721/721/721 717/717/717 
f 721/721/721 717/717/717 717/717/717 
f 717/717/717 717/717/717 722/722/722 
f 717/717/717 719/719/719 722/722/722 
f 722/722/722 719/719/719 722/722/722 
f 719/719/719 723/723/723 722/722/722 
f 722/722/722 723/723/723 724/724/724 
f 723/723/723 725/725/725 724/724/724 
f 724/724/724 725/725/725 726/726/726 
f 725/725/725 725/725/725 726/726/726 
f 726/726/726 725/725/725 727/727/727 
f 725/725/725 728/728/728 727/727/727 
f 727/727/727 728/728/728 727/727/727 
f 728/728/728 729/729/729 727/727/727 
f 727/727/727 729/729/729 730/730/730 
f 729/729/729 731/731/731 730/730/730 
f 730/730/730 731/731/731 731/731/731 
f 731/731/731 732/732/732 731/731/731 
f 731/731/731 732/732/732 732/732/732 
f 732/732/732 724/724/724 732/732/732 
f 732/732/732 724/724/724 733/733/733 
f 724/724/724 726/726/726 733/733/733 
f 733/733/733 726/726/726 726/726/726 
f 726/726/726 730/730/730 726/726/726 
f 726/726/726 730/730/730 730/730/730 
f 730/730/730 734/734/734 730/730/730 
f 730/730/730 734/734/734 727/727/727 
f 734/734/734 735/735/735 727/727/727 
f 727/727/727 735/735/735 726/726/726 
f 735/735/735 735/735/735 726/726/726 
f 726/726/726 735/735/735 736/736/736 
f 735/735/735 735/735/735 736/736/736 
f 736/736/736 735/735/735 737/737/737 
f 735/735/735 735/735/735 737/737/737 
f 737/737/737 735/735/735 738/738/738 
f 735/735/735 734/734/734 738/738/738 
f 738/738/738 734/734/734 734/734/734 
f 734/734/734 715/715/715 734/734/734 
f 734/734/734 715/715/715 715/715/715 
f 715/715/715 739/739/739 715/715/715 
f 715/715/715 739/739/739 714/714/714 
f 739/739/739 739/739/739 714/714/714 
f 714/714/714 739/739/739 718/718/718 
f 739/739/739 739/739/739 718/718/718 
f 718/718/718 739/739/739 740/740/740 
f 739/739/739 739/739/739 740/740/740 
f 740/740/740 739/739/739 741/741/741 
f 739/739/739 739/739/739 741/741/741 
f 741/741/741 739/739/739 742/742/742 
f 739/739/739 715/715/715 742/742/742 
f 742/742/742 715/715/715 715/715/715 
f 715/715/715 743/743/743 715/715/715 
f 715/715/715 743/743/743 743/743/743 
f 743/743/743 744/744/744 743/743/743 
f 743/743/743 744/744/744 745/745/745 
f 744/744/744 746/746/746 745/745/745 
f 745/745/745 746/746/746 747/747/747 
f 746/746/746 746/746/746 747/747/747 
f 747/747/747 746/746/746 748/748/748 
f 746/746/746 749/749/749 748/748/748 
f 748/748/748 749/749/749 750/750/750 
f 749/749/749 751/751/751 750/750/750 
f 750/750/750 751/751/751 752/752/752 
f 751/751/751 752/752/752 752/752/752 
f 752/752/752 752/752/752 746/746/746 
f 752/752/752 746/746/746 746/746/746 
f 746/746/746 746/746/746 753/753/753 
f 746/746/746 744/744/744 753/753/753 
f 753/753/753 744/744/744 744/744/744 
f 744/744/744 748/748/748 744/744/744 
f 744/744/744 748/748/748 748/748/748 
f 748/748/748 750/750/750 748/748/748 
f 748/748/748 750/750/750 754/754/754 
f 750/750/750 755/755/755 754/754/754 
f 754/754/754 755/755/755 756/756/756 
f 755/755/755 757/757/757 756/756/756 
f 756/756/756 757/757/757 758/758/758 
f 757/757/757 757/757/757 758/758/758 
f 758/758/758 757/757/757 759/759/759 
f 757/757/757 760/760/760 759/759/759 
f 759/759/759 760/760/760 759/759/759 
f 760/760/760 761/761/761 759/759/759 
f 759/759/759 761/761/761 762/762/762 
f 761/761/761 763/763/763 762/762/762 
f 762/762/762 763/763/763 763/763/763 
f 763/763/763 764/764/764 763/763/763 
f 763/763/763 764/764/764 764/764/764 
f 764/764/764 756/756/756 764/764/764 
f 764/764/764 756/756/756 765/765/765 
f 756/756/756 758/758/758 765/765/765 
f 765/765/765 758/758/758 758/758/758 
f 758/758/758 762/762/762 758/758/758 
f 758/758/758 762/762/762 762/762/762 
f 762/762/762 766/766/766 762/762/762 
f 762/762/762 766/766/766 759/759/759 
f 766/766/766 767/767/767 759/759/759 
f 759/759/759 767/767/767 758/758/758 
f 767/767/767 767/767/767 758/758/758 
f 758/758/758 767/767/767 768/768/768 
f 767/767/767 767/767/767 768/768/768 
f 768/768/768 767/767/767 769/769/769 
f 767/767/767 767/767/767 769/769/769 
f 769/769/769 767/767/767 770/770/770 
f 767/767/767 766/766/766 770/770/770 
f 770/770/770 766/766/766 766/766/766 
f 766/766/766 746/746/746 766/766/766 
f 766/766/766 746/746/746 746/746/746 
f 746/746/746 753/753/753 746/746/746 
f 746/746/746 753/753/753 771/771/771 
f 753/753/753 772/772/772 771/771/771 
f 771/771/771 772/772/772 771/771/771 
f 772/772/772 773/773/773 771/771/771 
f 771/771/771 773/773/773 771/771/771 
f 773/773/773 774/774/774 771/771/771 
f 771/771/771 774/774/774 771/771/771 
f 774/774/774 749/749/749 771/771/771 
f 771/771/771 749/749/749 746/746/746 
f 749/749/749 746/746/746 746/746/746 
f 746/746/746 746/746/746 775/775/775 
f 746/746/746 775/775/775 775/775/775 
f 775/775/775 775/775/775 776/776/776 
f 775/775/775 777/777/777 776/776/776 
f 776/776/776 777/777/777 778/778/778 
f 777/777/777 779/779/779 778/778/778 
f 778/778/778 779/779/779 779/779/779 
f 779/779/779 776/776/776 779/779/779 
f 779/779/779 776/776/776 776/776/776 
f 776/776/776 778/778/778 776/776/776 
f 776/776/776 778/778/778 780/780/780 
f 778/778/778 778/778/778 780/780/780 
f 780/780/780 778/778/778 781/781/781 
f 778/778/778 782/782/782 781/781/781 
f 781/781/781 782/782/782 783/783/783 
f 782/782/782 784/784/784 783/783/783 
f 783/783/783 784/784/784 785/785/785 
f 784/784/784 785/785/785 785/785/785 
f 785/785/785 785/785/785 781/781/781 
f 785/785/785 781/781/781 781/781/781 
f 781/781/781 781/781/781 786/786/786 
f 781/781/781 783/783/783 786/786/786 
f 786/786/786 783/783/783 786/786/786 
f 783/783/783 787/787/787 786/786/786 
f 786/786/786 787/787/787 788/788/788 
f 787/787/787 789/789/789 788/788/788 
f 788/788/788 789/789/789 790/790/790 
f 789/789/789 789/789/789 790/790/790 
f 790/790/790 789/789/789 791/791/791 
f 789/789/789 792/792/792 791/791/791 
f 791/791/791 792/792/792 791/791/791 
f 792/792/792 793/793/793 791/791/791 
f 791/791/791 793/793/793 794/794/794 
f 793/793/793 795/795/795 794/794/794 
f 794/794/794 795/795/795 795/795/795 
f 795/795/795 796/796/796 795/795/795 
f 795/795/795 796/796/796 796/796/796 
f 796/796/796 788/788/788 796/796/796 
f 796/796/796 788/788/788 797/797/797 
f 788/788/788 790/790/790 797/797/797 
f 797/797/797 790/790/790 790/790/790 
f 790/790/790 794/794/794 790/790/790 
f 790/790/790 794/794/794 794/794/794 
f 794/794/794 798/798/798 794/794/794 
f 794/794/794 798/798/798 791/791/791 
f 798/798/798 799/799/799 791/791/791 
f 791/791/791 799/799/799 790/790/790 
f 799/799/799 799/799/799 790/790/790 
f 790/790/790 799/799/799 800/800/800 
f 799/799/799 799/799/799 800/800/800 
f 800/800/800 799/799/799 801/801/801 
f 799/799/799 799/799/799 801/801/801 
f 801/801/801 799/799/799 802/802/802 
f 799/799/799 798/798/798 802/802/802 
f 802/802/802 798/798/798 798/798/798 
f 798/798/798 779/779/779 798/798/798 
f 798/798/798 779/779/779 779/779/779 
f 779/779/779 803/803/803 779/779/779 
f 779/779/779 803/803/803 778/778/778 
f 803/803/803 803/803/803 778/778/778 
f 778/778/778 803/803/803 782/782/782 
f 803/803/803 803/803/803 782/782/782 
f 782/782/782 803/803/803 804/804/804 
f 803/803/803 803/803/803 804/804/804 
f 804/804/804 803/803/803 805/805/805 
f 803/803/803 803/803/803 805/805/805 
f 805/805/805 803/803/803 806/806/806 
f 803/803/803 779/779/779 806/806/806 
f 806/806/806 779/779/779 779/779/779 
f 779/779/779 807/807/807 779/779/779 
f 779/779/779 807/807/807 807/807/807 
f 807/807/807 808/808/808 807/807/807 
f 807/807/807 808/808/808 809/809/809 
f 808/808/808 808/808/808 809/809/809 
f 809/809/809 808/808/808 810/810/810 
f 808/808/808 808/808/808 810/810/810 
f 810/810/810 808/808/808 811/811/811 
f 808/808/808 812/812/812 811/811/811 
f 811/811/811 812/812/812 811/811/811 
f 812/812/812 813/813/813 811/811/811 
f 811/811/811 813/813/813 814/814/814 
f 813/813/813 815/815/815 814/814/814 
f 814/814/814 815/815/815 816/816/816 
f 815/815/815 817/817/817 816/816/816 
f 816/816/816 817/817/817 818/818/818 
f 817/817/817 819/819/819 818/818/818 
f 818/818/818 819/819/819 820/820/820 
f 819/819/819 821/821/821 820/820/820 
f 820/820/820 821/821/821 822/822/822 
f 821/821/821 821/821/821 822/822/822 
f 822/822/822 821/821/821 823/823/823 
f 821/821/821 824/824/824 823/823/823 
f 823/823/823 824/824/824 823/823/823 
f 824/824/824 825/825/825 823/823/823 
f 823/823/823 825/825/825 826/826/826 
f 825/825/825 827/827/827 826/826/826 
f 826/826/826 827/827/827 828/828/828 
f 827/827/827 827/827/827 828/828/828 
f 828/828/828 827/827/827 829/829/829 
f 827/827/827 830/830/830 829/829/829 
f 829/829/829 830/830/830 829/829/829 
f 830/830/830 831/831/831 829/829/829 
f 829/829/829 831/831/831 832/832/832 
f 831/831/831 832/832/832 832/832/832 
f 832/832/832 832/832/832 833/833/833 
f 832/832/832 833/833/833 833/833/833 
f 833/833/833 833/833/833 834/834/834 
f 833/833/833 835/835/835 834/834/834 
f 834/834/834 835/835/835 836/836/836 
f 835/835/835 837/837/837 836/836/836 
f 836/836/836 837/837/837 838/838/838 
f 837/837/837 839/839/839 838/838/838 
f 838/838/838 839/839/839 840/840/840 
f 839/839/839 841/841/841 840/840/840 
f 840/840/840 841/841/841 841/841/841 
f 841/841/841 833/833/833 841/841/841 
f 841/841/841 833/833/833 833/833/833 
f 833/833/833 834/834/834 833/833/833 
f 833/833/833 834/834/834 842/842/842 
f 834/834/834 843/843/843 842/842/842 
f 842/842/842 843/843/843 842/842/842 
f 843/843/843 844/844/844 842/842/842 
f 842/842/842 844/844/844 845/845/845 
f 844/844/844 846/846/846 845/845/845 
f 845/845/845 846/846/846 847/847/847 
f 846/846/846 848/848/848 847/847/847 
f 847/847/847 848/848/848 849/849/849 
f 848/848/848 850/850/850 849/849/849 
f 849/849/849 850/850/850 851/851/851 
f 850/850/850 851/851/851 851/851/851 
f 851/851/851 851/851/851 852/852/852 
f 851/851/851 852/852/852 852/852/852 
f 852/852/852 852/852/852 853/853/853 
f 852/852/852 854/854/854 853/853/853 
f 853/853/853 854/854/854 855/855/855 
f 854/854/854 856/856/856 855/855/855 
f 855/855/855 856/856/856 857/857/857 
f 856/856/856 858/858/858 857/857/857 
f 857/857/857 858/858/858 859/859/859 
f 858/858/858 860/860/860 859/859/859 
f 859/859/859 860/860/860 861/861/861 
f 860/860/860 860/860/860 861/861/861 
f 861/861/861 860/860/860 862/862/862 
f 860/860/860 863/863/863 862/862/862 
f 862/862/862 863/863/863 862/862/862 
f 863/863/863 864/864/864 862/862/862 
f 862/862/862 864/864/864 865/865/865 
f 864/864/864 866/866/866 865/865/865 
f 865/865/865 866/866/866 867/867/867 
f 866/866/866 868/868/868 867/867/867 
f 867/867/867 868/868/868 869/869/869 
f 868/868/868 870/870/870 869/869/869 
f 869/869/869 870/870/870 871/871/871 
f 870/870/870 872/872/872 871/871/871 
f 871/871/871 872/872/872 873/873/873 
f 872/872/872 872/872/872 873/873/873 
f 873/873/873 872/872/872 874/874/874 
f 872/872/872 875/875/875 874/874/874 
f 874/874/874 875/875/875 874/874/874 
f 875/875/875 876/876/876 874/874/874 
f 874/874/874 876/876/876 877/877/877 
f 876/876/876 877/877/877 877/877/877 
f 877/877/877 877/877/877 878/878/878 
f 877/877/877 878/878/878 878/878/878 
f 878/878/878 878/878/878 879/879/879 
f 878/878/878 880/880/880 879/879/879 
f 879/879/879 880/880/880 881/881/881 
f 880/880/880 880/880/880 881/881/881 
f 881/881/881 880/880/880 882/882/882 
f 880/880/880 883/883/883 882/882/882 
f 882/882/882 883/883/883 882/882/882 
f 883/883/883 884/884/884 882/882/882 
f 882/882/882 884/884/884 841/841/841 
f 884/884/884 840/840/840 841/841/841 

