mtllib model_0.mtl
o model_0
v -116.58312225341797 64.68196105957031 26.31393814086914 
v -108.80699920654297 64.61568450927734 26.432601928710938 
v -117.76132202148438 66.53759002685547 26.84792709350586 
v -107.62879943847656 66.47132110595703 27.025924682617188 
v -117.76132202148438 70.646484375 26.966590881347656 
v -107.62879943847656 70.58021545410156 27.144588470458984 
v -116.58312225341797 73.03229522705078 26.669931411743164 
v -108.80699920654297 72.96602630615234 26.78859519958496 
v -117.64350128173828 74.29147338867188 22.57600975036621 
v -107.62879943847656 74.29147338867188 22.694673538208008 
v -117.52568054199219 74.62283325195312 9.522924423217773 
v -107.39315795898438 74.55656433105469 9.641589164733887 
v -117.2900390625 74.02638244628906 -7.030758857727051 
v -107.15751647949219 74.02638244628906 -6.971426963806152 
v -117.05439758300781 73.03229522705078 -20.20250701904297 
v -107.03970336914062 72.96602630615234 -20.14317512512207 
v -115.75837707519531 71.97193145751953 -24.177764892578125 
v -108.21790313720703 71.97193145751953 -24.177764892578125 
v -116.93657684326172 69.78494262695312 -24.237096786499023 
v -107.03970336914062 69.78494262695312 -24.177764892578125 
v -116.93657684326172 66.07368469238281 -23.465778350830078 
v -107.03970336914062 66.00740814208984 -23.40644645690918 
v -115.75837707519531 64.35060119628906 -22.575796127319336 
v -108.10008239746094 64.35060119628906 -22.516462326049805 
v -119.882080078125 70.44766998291016 -19.846513748168945 
v -120.11772155761719 71.24293518066406 -6.734097957611084 
v -120.35336303710938 71.64057159423828 9.582257270812988 
v -120.58899688720703 71.50802612304688 22.51667594909668 
v -117.76132202148438 70.646484375 26.966590881347656 
v -120.11772155761719 66.67013549804688 -6.2594404220581055 
v -120.35336303710938 66.86894989013672 9.819585800170898 
v -120.58899688720703 66.80268096923828 22.45734405517578 
v -117.76132202148438 66.53759002685547 26.84792709350586 
v -117.52568054199219 64.35060119628906 9.938250541687012 
v -117.76132202148438 64.4168701171875 22.398012161254883 
v -116.58312225341797 64.68196105957031 26.31393814086914 
v -117.1722183227539 64.2843246459961 -5.962779521942139 
v -119.7642593383789 66.33877563476562 -19.0158634185791 
v -116.93657684326172 64.21805572509766 -18.481874465942383 
v -116.93657684326172 66.07368469238281 -23.465778350830078 
v -115.75837707519531 64.35060119628906 -22.575796127319336 
v -116.93657684326172 69.78494262695312 -24.237096786499023 
v -107.27533721923828 0 53.48808670043945 
v -107.27533721923828 0.19881750643253326 46.01222610473633 
v -107.27533721923828 27.039180755615234 54.2000732421875 
v -107.27533721923828 27.23799705505371 46.724212646484375 
v 109.8669204711914 22.66519546508789 51.589454650878906 
v -109.6317367553711 22.66519546508789 52.24210739135742 
v 109.8669204711914 22.797740936279297 48.02952194213867 
v -109.6317367553711 22.731468200683594 48.62284469604492 
v -109.6317367553711 25.846275329589844 48.74150848388672 
v -109.6317367553711 25.78000259399414 52.360774993896484 
v 109.8669204711914 25.846275329589844 48.0888557434082 
v 109.8669204711914 25.78000259399414 51.7081184387207 
v -115.75837707519531 27.039180755615234 54.259403228759766 
v -107.27533721923828 27.039180755615234 54.2000732421875 
v -115.8761978149414 27.23799705505371 46.783546447753906 
v -107.27533721923828 27.23799705505371 46.724212646484375 
v 113.28369903564453 10.934962272644043 48.62284469604492 
v 113.04805755615234 13.121954917907715 -37.468177795410156 
v 113.28369903564453 14.381132125854492 48.74150848388672 
v 113.04805755615234 16.568124771118164 -37.408843994140625 
v 115.75791931152344 64.35060119628906 -23.22844886779785 
v 116.93611907958984 64.21805572509766 -19.193859100341797 
v 108.09961700439453 64.35060119628906 -23.22844886779785 
v 107.03923797607422 64.21805572509766 -19.0751953125 
v 104.21156311035156 66.33877563476562 -19.60918617248535 
v 104.32937622070312 66.6038589477539 -6.793430328369141 
v 104.32937622070312 71.17666625976562 -7.268087863922119 
v 104.56501770019531 71.64057159423828 9.16693115234375 
v 107.3927001953125 74.55656433105469 8.988935470581055 
v 107.62834167480469 74.29147338867188 22.04201889038086 
v 117.52522277832031 74.62283325195312 8.870270729064941 
v 117.6430435180664 74.29147338867188 21.864023208618164 
v 120.58853912353516 71.50802612304688 21.864023208618164 
v 117.76085662841797 70.646484375 26.31393814086914 
v 117.76085662841797 66.53759002685547 26.19527244567871 
v 117.17176055908203 64.2843246459961 -6.615433692932129 
v 107.15705871582031 64.2843246459961 -6.556101322174072 
v 104.56501770019531 66.80268096923828 9.344927787780762 
v 104.6828384399414 71.44175720214844 22.101350784301758 
v 108.8065414428711 72.96602630615234 26.135940551757812 
v 116.58265686035156 73.03229522705078 26.017276763916016 
v 117.52522277832031 64.35060119628906 9.285595893859863 
v 107.3927001953125 64.35060119628906 9.404260635375977 
v 104.6828384399414 66.73640441894531 22.04201889038086 
v 107.62834167480469 70.58021545410156 26.491933822631836 
v 117.76085662841797 64.4168701171875 21.745357513427734 
v 107.62834167480469 64.4168701171875 21.923355102539062 
v 107.62834167480469 66.47132110595703 26.37327003479004 
v 116.58265686035156 64.68196105957031 25.661283493041992 
v 108.8065414428711 64.61568450927734 25.77994728088379 
v 115.75791931152344 0 -47.31732177734375 
v 115.75791931152344 11.465142250061035 -45.77468490600586 
v 115.75791931152344 0 -41.324771881103516 
v 115.75791931152344 11.465142250061035 -37.34951400756836 
v 115.75791931152344 16.23676300048828 -45.95268249511719 
v 115.75791931152344 16.23676300048828 -36.9935188293457 
v 115.75791931152344 28.4309024810791 -45.95268249511719 
v 115.75791931152344 28.4309024810791 -36.9935188293457 
v 115.75791931152344 42.281856536865234 -37.88350296020508 
v 115.75791931152344 42.281856536865234 -47.079994201660156 
v 115.75791931152344 56.06653594970703 -38.77348709106445 
v 115.75791931152344 56.06653594970703 -48.207305908203125 
v 115.75791931152344 69.85121154785156 -39.66346740722656 
v 115.75791931152344 69.85121154785156 -49.334617614746094 
v 115.75791931152344 83.70216369628906 -40.55345153808594 
v 115.75791931152344 83.70216369628906 -50.46192932128906 
v 114.69754028320312 93.31168365478516 -44.82537078857422 
v 114.69754028320312 92.84777069091797 -52.18256378173828 
v 112.34114074707031 105.37327575683594 -49.0972900390625 
v 112.34114074707031 104.51173400878906 -53.962528228759766 
v 108.8065414428711 117.69995880126953 -52.479225158691406 
v 108.8065414428711 116.77214813232422 -56.81047439575195 
v 103.504638671875 127.77337646484375 -54.79317855834961 
v 103.504638671875 126.84556579589844 -59.005767822265625 
v 94.55032348632812 133.34027099609375 -56.276485443115234 
v 94.66813659667969 132.5449981689453 -60.25174331665039 
v 80.52973937988281 135.65980529785156 -56.81047439575195 
v 80.52973937988281 134.7982635498047 -60.72639846801758 
v 115.75791931152344 74.6891098022461 -34.323570251464844 
v 115.75791931152344 63.157691955566406 -33.730247497558594 
v 115.75791931152344 51.56000518798828 -33.07759475708008 
v 115.75791931152344 40.02859115600586 -32.48427200317383 
v 115.75791931152344 28.4309024810791 -31.89095115661621 
v 115.75791931152344 71.17666625976562 -26.729049682617188 
v 115.75791931152344 60.50679397583008 -26.729049682617188 
v 115.75791931152344 49.83692169189453 -26.729049682617188 
v 115.75791931152344 39.16704559326172 -26.729049682617188 
v 115.75791931152344 28.4309024810791 -26.729049682617188 
v 115.75791931152344 70.31512451171875 9.16693115234375 
v 115.75791931152344 59.84406661987305 9.16693115234375 
v 115.75791931152344 49.37301254272461 9.16693115234375 
v 115.75791931152344 38.90195846557617 9.16693115234375 
v 115.75791931152344 28.4309024810791 9.16693115234375 
v 115.75791931152344 70.31512451171875 26.135940551757812 
v 115.75791931152344 59.84406661987305 26.135940551757812 
v 115.75791931152344 49.37301254272461 26.135940551757812 
v 115.75791931152344 38.90195846557617 26.135940551757812 
v 115.75791931152344 28.4309024810791 26.135940551757812 
v 115.75791931152344 68.26067352294922 31.11984634399414 
v 115.75791931152344 62.69378662109375 33.137142181396484 
v 115.75791931152344 50.10200881958008 32.543819427490234 
v 115.75791931152344 38.43804931640625 31.11984634399414 
v 115.75791931152344 28.4309024810791 31.11984634399414 
v 109.39563751220703 13.784680366516113 -36.9935188293457 
v 109.39563751220703 13.784680366516113 -45.95268249511719 
v 109.39563751220703 11.465142250061035 -37.34951400756836 
v 109.39563751220703 11.465142250061035 -45.77468490600586 
v 109.39563751220703 0 -41.324771881103516 
v 109.39563751220703 0 -47.31732177734375 
v 115.75791931152344 0 -47.31732177734375 
v 115.75791931152344 0 -41.324771881103516 
v 109.39563751220703 0 -47.31732177734375 
v 109.39563751220703 0 -41.324771881103516 
v 109.39563751220703 0 -47.31732177734375 
v 109.39563751220703 11.465142250061035 -45.77468490600586 
v 115.75791931152344 0 -47.31732177734375 
v 115.75791931152344 11.465142250061035 -45.77468490600586 
v 109.39563751220703 13.784680366516113 -45.95268249511719 
v 115.75791931152344 16.23676300048828 -45.95268249511719 
v 80.52973937988281 28.4309024810791 -45.95268249511719 
v 80.52973937988281 28.4309024810791 -36.9935188293457 
v 109.39563751220703 28.4309024810791 -45.95268249511719 
v 109.39563751220703 28.4309024810791 -36.9935188293457 
v 107.03923797607422 66.00740814208984 -24.059101104736328 
v 104.21156311035156 70.44766998291016 -20.380504608154297 
v 107.03923797607422 69.78494262695312 -24.830419540405273 
v 107.03923797607422 72.96602630615234 -20.79582977294922 
v 108.21743774414062 71.97193145751953 -24.830419540405273 
v 115.75791931152344 71.97193145751953 -24.889751434326172 
v 116.93611907958984 69.78494262695312 -24.889751434326172 
v 107.15705871582031 74.02638244628906 -7.624081134796143 
v 117.05393981933594 73.03229522705078 -20.855161666870117 
v 119.88162231445312 70.44766998291016 -20.499168395996094 
v 116.93611907958984 69.78494262695312 -24.889751434326172 
v 119.76380157470703 66.33877563476562 -19.66851806640625 
v 116.93611907958984 66.07368469238281 -24.118432998657227 
v 116.93611907958984 64.21805572509766 -19.193859100341797 
v 115.75791931152344 64.35060119628906 -23.22844886779785 
v 117.28958129882812 74.02638244628906 -7.683413028717041 
v 120.11726379394531 71.24293518066406 -7.446084499359131 
v 120.11726379394531 66.67013549804688 -6.912094593048096 
v 117.17176055908203 64.2843246459961 -6.615433692932129 
v 120.35289764404297 71.64057159423828 8.92960262298584 
v 120.35289764404297 66.86894989013672 9.16693115234375 
v 117.52522277832031 64.35060119628906 9.285595893859863 
v 120.58853912353516 66.80268096923828 21.804689407348633 
v 117.76085662841797 64.4168701171875 21.745357513427734 
v 116.58265686035156 64.68196105957031 25.661283493041992 
v 107.03923797607422 69.78494262695312 -24.830419540405273 
v 116.93611907958984 66.07368469238281 -24.118432998657227 
v 107.03923797607422 66.00740814208984 -24.059101104736328 
v 115.75791931152344 64.35060119628906 -23.22844886779785 
v 108.09961700439453 64.35060119628906 -23.22844886779785 
v 107.5105209350586 27.039180755615234 54.259403228759766 
v 116.11138153076172 27.039180755615234 54.2000732421875 
v 107.5105209350586 27.23799705505371 46.783546447753906 
v 116.11138153076172 27.23799705505371 46.724212646484375 
v 80.52973937988281 135.65980529785156 -56.81047439575195 
v 80.52973937988281 130.29173278808594 -55.26783752441406 
v 94.55032348632812 133.34027099609375 -56.276485443115234 
v 91.95828247070312 128.5686492919922 -54.79317855834961 
v 103.504638671875 127.77337646484375 -54.79317855834961 
v 99.38094329833984 124.39348602294922 -53.9031982421875 
v 108.8065414428711 117.69995880126953 -52.479225158691406 
v 103.26899719238281 115.84432983398438 -52.18256378173828 
v 112.34114074707031 105.37327575683594 -49.0972900390625 
v 106.33232116699219 104.51173400878906 -48.85995864868164 
v 114.69754028320312 93.31168365478516 -44.82537078857422 
v 108.5708999633789 92.84777069091797 -44.70670700073242 
v 115.75791931152344 83.70216369628906 -40.55345153808594 
v 109.39563751220703 83.70216369628906 -40.55345153808594 
v 109.39563751220703 74.6891098022461 -34.323570251464844 
v 115.75791931152344 74.6891098022461 -34.323570251464844 
v 115.75791931152344 71.17666625976562 -26.729049682617188 
v 109.39563751220703 71.17666625976562 -26.729049682617188 
v 109.39563751220703 70.31512451171875 9.16693115234375 
v 115.75791931152344 70.31512451171875 9.16693115234375 
v 109.39563751220703 70.31512451171875 26.135940551757812 
v 115.75791931152344 70.31512451171875 26.135940551757812 
v 109.39563751220703 68.26067352294922 31.11984634399414 
v 115.75791931152344 68.26067352294922 31.11984634399414 
v 109.39563751220703 13.784680366516113 -45.95268249511719 
v 109.39563751220703 13.784680366516113 -36.9935188293457 
v 80.52973937988281 13.784680366516113 -45.95268249511719 
v 80.52973937988281 13.784680366516113 -36.9935188293457 
v 72.8714370727539 13.784680366516113 -45.95268249511719 
v 72.8714370727539 13.784680366516113 -36.9935188293457 
v 43.53425979614258 13.784680366516113 -45.95268249511719 
v 43.53425979614258 13.784680366516113 -36.9935188293457 
v 36.818519592285156 13.784680366516113 -45.95268249511719 
v 36.818519592285156 13.784680366516113 -36.9935188293457 
v 6.185319900512695 13.784680366516113 -45.95268249511719 
v 6.185319900512695 13.784680366516113 -36.9935188293457 
v -6.421420097351074 13.784680366516113 -36.9935188293457 
v -6.421420097351074 13.784680366516113 -45.95268249511719 
v -37.05461883544922 13.784680366516113 -36.9935188293457 
v -37.05461883544922 13.784680366516113 -45.95268249511719 
v -43.77035903930664 13.784680366516113 -36.9935188293457 
v -43.77035903930664 13.784680366516113 -45.95268249511719 
v -73.10753631591797 13.784680366516113 -36.9935188293457 
v -73.10753631591797 13.784680366516113 -45.95268249511719 
v -80.76583862304688 13.784680366516113 -36.9935188293457 
v -80.76583862304688 13.784680366516113 -45.95268249511719 
v -109.6317367553711 13.784680366516113 -36.9935188293457 
v -109.6317367553711 13.784680366516113 -45.95268249511719 
v 43.53425979614258 130.29173278808594 -55.26783752441406 
v 43.53425979614258 129.4964599609375 -59.65842056274414 
v 72.8714370727539 130.29173278808594 -55.26783752441406 
v 72.8714370727539 129.4964599609375 -59.65842056274414 
v 6.185319900512695 28.4309024810791 -45.95268249511719 
v 6.185319900512695 28.4309024810791 -36.9935188293457 
v 36.818519592285156 28.4309024810791 -45.95268249511719 
v 36.818519592285156 28.4309024810791 -36.9935188293457 
v -112.81288146972656 28.961082458496094 -37.408843994140625 
v -112.81288146972656 25.514911651611328 -37.468177795410156 
v -113.04852294921875 26.774089813232422 48.74150848388672 
v -113.04852294921875 23.32792091369629 48.62284469604492 
v 72.8714370727539 28.4309024810791 -45.95268249511719 
v 72.8714370727539 28.4309024810791 -36.9935188293457 
v 72.8714370727539 62.163604736328125 -47.96997833251953 
v 72.8714370727539 62.42869567871094 -40.49412155151367 
v 72.8714370727539 95.83003234863281 -53.19121170043945 
v 72.8714370727539 96.36021423339844 -47.257991790771484 
v 72.8714370727539 129.4964599609375 -59.65842056274414 
v 72.8714370727539 130.29173278808594 -55.26783752441406 
v 43.53425979614258 28.4309024810791 -36.9935188293457 
v 43.53425979614258 28.4309024810791 -45.95268249511719 
v 43.53425979614258 62.42869567871094 -40.49412155151367 
v 43.53425979614258 62.163604736328125 -47.96997833251953 
v 43.53425979614258 96.36021423339844 -47.257991790771484 
v 43.53425979614258 95.83003234863281 -53.19121170043945 
v 43.53425979614258 130.29173278808594 -55.26783752441406 
v 43.53425979614258 129.4964599609375 -59.65842056274414 
v 36.818519592285156 28.4309024810791 -45.95268249511719 
v 36.818519592285156 28.4309024810791 -36.9935188293457 
v 36.818519592285156 62.163604736328125 -47.96997833251953 
v 36.818519592285156 62.42869567871094 -40.49412155151367 
v 36.818519592285156 95.83003234863281 -53.19121170043945 
v 36.818519592285156 96.36021423339844 -47.257991790771484 
v 36.818519592285156 129.4964599609375 -59.65842056274414 
v 36.818519592285156 130.29173278808594 -55.26783752441406 
v 6.185319900512695 28.4309024810791 -36.9935188293457 
v 6.185319900512695 28.4309024810791 -45.95268249511719 
v 6.185319900512695 62.42869567871094 -40.49412155151367 
v 6.185319900512695 62.163604736328125 -47.96997833251953 
v 6.185319900512695 96.36021423339844 -47.257991790771484 
v 6.185319900512695 95.83003234863281 -53.19121170043945 
v 6.185319900512695 130.29173278808594 -55.26783752441406 
v 6.185319900512695 129.4964599609375 -59.65842056274414 
v 109.63127899169922 29.027355194091797 -35.510215759277344 
v 110.80947875976562 31.01552963256836 -37.23085021972656 
v 109.63127899169922 28.762264251708984 -27.61903190612793 
v 111.3985824584961 31.081802368164062 -27.975025177001953 
v 109.63127899169922 28.762264251708984 -6.496769428253174 
v 111.51640319824219 31.21434783935547 -6.3781046867370605 
v 111.63421630859375 28.62972068786621 23.70332145690918 
v 113.63716125488281 31.01552963256836 24.059314727783203 
v 112.4589614868164 28.232084274291992 44.41025924682617 
v 114.34407806396484 30.55162239074707 44.825584411621094 
v 108.5708999633789 30.35280418395996 52.53876876831055 
v 109.04218292236328 34.660518646240234 53.1320915222168 
v 103.26899719238281 34.52797317504883 55.446048736572266 
v 103.504638671875 41.02267837524414 56.7513542175293 
v 111.3985824584961 35.52206039428711 -37.82416915893555 
v 112.10549926757812 35.72087860107422 -28.21235466003418 
v 111.98767852783203 35.91969680786133 -6.3781046867370605 
v 114.22625732421875 35.654605865478516 24.415306091308594 
v 114.93318176269531 34.991878509521484 45.35957336425781 
v 109.63127899169922 41.22149658203125 54.437400817871094 
v 103.26899719238281 47.98128890991211 56.69202423095703 
v 112.10549926757812 43.077125549316406 -6.14077615737915 
v 114.34407806396484 42.67948913574219 24.889965057373047 
v 115.75791931152344 41.75167465209961 46.13089370727539 
v 109.27781677246094 48.24637985229492 54.49673080444336 
v 108.5708999633789 53.21681594848633 54.2000732421875 
v 103.03336334228516 52.88545608520508 56.45469665527344 
v 107.03923797607422 56.19908142089844 54.14073944091797 
v 103.03336334228516 55.40380859375 56.15803527832031 
v 102.3264389038086 57.325714111328125 54.2000732421875 
v 98.4383773803711 55.86771774291992 56.573360443115234 
v 89.13059997558594 57.92216491699219 54.259403228759766 
v 85.8316421508789 56.132808685302734 57.04801559448242 
v 63.56365966796875 58.98252487182617 54.55606460571289 
v 61.32508087158203 56.39789581298828 57.8193359375 
v 32.223541259765625 59.84406661987305 54.97138977050781 
v 30.927520751953125 56.59671401977539 58.59065246582031 
v 2.4150800704956055 60.042884826660156 55.14938735961914 
v 2.297260046005249 56.662986755371094 58.88731384277344 
v -27.511199951171875 60.042884826660156 55.32738494873047 
v -26.568639755249023 56.59671401977539 58.76865005493164 
v -57.43748092651367 56.331626892089844 58.056663513183594 
v -26.215179443359375 52.68663787841797 59.89596176147461 
v -56.61273956298828 52.75291061401367 59.0059814453125 
v -26.215179443359375 47.71620178222656 60.251956939697266 
v -56.61273956298828 47.782470703125 59.18397521972656 
v -26.215179443359375 40.75758743286133 60.48928451538086 
v -56.61273956298828 40.95640563964844 58.53132247924805 
v -26.215179443359375 34.32915496826172 59.48063659667969 
v -56.61273956298828 34.461700439453125 57.9379997253418 
v -56.61273956298828 30.153987884521484 57.34467697143555 
v -81.82621765136719 30.220260620117188 56.5140266418457 
v -83.0044174194336 27.966995239257812 55.50537872314453 
v -96.43589782714844 28.09954071044922 55.14938735961914 
v 111.98767852783203 50.6321907043457 -5.784782886505127 
v 114.22625732421875 50.16828155517578 25.24595832824707 
v 115.1688232421875 48.97537612915039 46.427555084228516 
v 114.34407806396484 54.14463424682617 46.48688507080078 
v 112.4589614868164 57.325714111328125 46.427555084228516 
v 107.2748794555664 58.58488845825195 46.13089370727539 
v 93.25430297851562 59.64524841308594 45.596900939941406 
v 66.74479675292969 61.23579025268555 44.94424819946289 
v 34.10866165161133 62.892601013183594 44.52892303466797 
v 2.7685399055480957 62.9588737487793 44.41025924682617 
v -28.925039291381836 63.025146484375 44.88491439819336 
v -59.5582389831543 58.71743392944336 55.030723571777344 
v -83.0044174194336 56.06653594970703 57.522674560546875 
v -81.7083969116211 52.819183349609375 58.17532730102539 
v -81.7083969116211 47.8487434387207 57.99733352661133 
v -81.7083969116211 40.95640563964844 57.878665924072266 
v -81.7083969116211 34.461700439453125 57.22601318359375 
v -95.02205657958984 30.220260620117188 56.039371490478516 
v -101.26651763916016 28.497175216674805 54.91205596923828 
v 92.66519927978516 59.71152114868164 23.881317138671875 
v 106.45014190673828 60.042884826660156 25.008628845214844 
v 111.63421630859375 58.849979400634766 25.423954010009766 
v 113.63716125488281 55.60262680053711 25.483285903930664 
v 111.3985824584961 56.00026321411133 -5.4287896156311035 
v 112.10549926757812 50.10200881958008 -27.915693283081055 
v 112.22332000732422 42.74576187133789 -28.21235466003418 
v 111.63421630859375 42.48067092895508 -37.88350296020508 
v 111.3985824584961 49.704376220703125 -37.58684158325195 
v 111.3985824584961 55.3375358581543 -27.381704330444336 
v 109.51345825195312 59.247615814208984 -5.310125350952148 
v 104.56501770019531 60.50679397583008 -5.547453880310059 
v 91.13353729248047 61.169517517089844 -6.318772792816162 
v 66.98043823242188 62.42869567871094 22.45734405517578 
v 65.92005920410156 63.22396469116211 -7.446084499359131 
v 34.93339920043945 64.35060119628906 21.38936424255371 
v 3.0041799545288086 65.27841186523438 21.033370971679688 
v -29.278499603271484 64.94705200195312 21.270700454711914 
v -62.26810073852539 64.08551025390625 22.279348373413086 
v -62.385921478271484 61.23579025268555 45.53757095336914 
v -89.2488784790039 62.49496841430664 23.52532386779785 
v -90.19143676757812 59.64524841308594 46.427555084228516 
v -105.15457916259766 58.45234680175781 47.08020782470703 
v -100.44178009033203 57.25944137573242 55.09005355834961 
v -105.50804138183594 56.132808685302734 55.14938735961914 
v -101.26651763916016 55.40380859375 56.87002182006836 
v -107.15751647949219 53.150543212890625 55.09005355834961 
v -101.26651763916016 52.819183349609375 56.988685607910156 
v -107.39315795898438 48.18010711669922 54.61539840698242 
v -101.26651763916016 47.98128890991211 56.21736526489258 
v -107.51097869873047 41.22149658203125 54.3187370300293 
v -101.38433837890625 41.088951110839844 55.980037689208984 
v -107.62879943847656 34.59424591064453 54.08140563964844 
v -101.50215911865234 34.52797317504883 56.039371490478516 
v -107.15751647949219 30.28653335571289 53.48808670043945 
v -101.26651763916016 30.28653335571289 55.446048736572266 
v -105.50804138183594 28.09954071044922 53.1320915222168 
v -101.26651763916016 28.497175216674805 54.91205596923828 
v 34.34429931640625 64.48313903808594 -8.276735305786133 
v 2.886359930038452 66.13995361328125 -8.810725212097168 
v -28.925039291381836 65.01332092285156 -8.810725212097168 
v -61.443359375 63.22396469116211 -8.514063835144043 
v -87.9528579711914 62.42869567871094 -8.039406776428223 
v -103.62291717529297 60.17543029785156 24.415306091308594 
v -110.57430267333984 56.928077697753906 47.317535400390625 
v -112.45941925048828 53.94581604003906 47.43619918823242 
v -113.2841567993164 48.90910339355469 47.376869201660156 
v -113.5197982788086 41.75167465209961 46.961544036865234 
v -113.4019775390625 34.92560577392578 46.427555084228516 
v -112.81288146972656 30.55162239074707 45.89356231689453 
v -110.8099365234375 28.232084274291992 45.418907165527344 
v -101.97344207763672 60.771881103515625 -7.624081134796143 
v -109.16046142578125 58.91625213623047 24.83063316345215 
v -111.16339874267578 55.60262680053711 24.83063316345215 
v -111.75250244140625 50.234554290771484 24.65263557434082 
v -111.9881362915039 42.74576187133789 24.2373104095459 
v -111.75250244140625 35.654605865478516 23.821985244750977 
v -111.16339874267578 31.01552963256836 23.465991973876953 
v -109.16046142578125 28.62972068786621 23.10999870300293 
v -107.39315795898438 59.18134307861328 -7.505416393280029 
v -109.39610290527344 55.933990478515625 -7.683413028717041 
v -109.98519897460938 50.56591796875 -8.039406776428223 
v -110.10301971435547 43.077125549316406 -8.395400047302246 
v -109.98519897460938 35.91969680786133 -8.573395729064941 
v -109.39610290527344 31.21434783935547 -8.632728576660156 
v -107.39315795898438 28.762264251708984 -8.632728576660156 
v -111.04557800292969 50.035736083984375 -29.16166877746582 
v -110.33866119384766 55.271263122558594 -28.68701171875 
v -108.3357162475586 58.319801330566406 -28.21235466003418 
v -103.03382110595703 59.446434020996094 -28.271686553955078 
v -88.65978240966797 60.10915756225586 -28.390350341796875 
v -61.91463851928711 61.169517517089844 -28.509016036987305 
v -29.278499603271484 62.22987747192383 -28.509016036987305 
v 2.532900094985962 62.62751388549805 -28.449684143066406 
v 2.4150800704956055 58.98252487182617 -36.9935188293457 
v 34.10866165161133 58.849979400634766 -36.9935188293457 
v 2.297260046005249 54.80735778808594 -40.19746017456055 
v 34.226478576660156 54.80735778808594 -40.25679016113281 
v 2.297260046005249 49.505558013916016 -41.02811050415039 
v 34.34429931640625 49.505558013916016 -41.087440490722656 
v 34.34429931640625 42.281856536865234 -41.38410186767578 
v 66.74479675292969 49.505558013916016 -41.20610809326172 
v 66.74479675292969 42.281856536865234 -41.44343566894531 
v 92.90084075927734 49.505558013916016 -41.265438079833984 
v 93.01866149902344 42.281856536865234 -41.50276565551758 
v 106.92141723632812 42.34812927246094 -41.087440490722656 
v 106.68578338623047 35.3895149230957 -41.02811050415039 
v 111.3985824584961 35.52206039428711 -37.82416915893555 
v 110.80947875976562 31.01552963256836 -37.23085021972656 
v 106.2145004272461 30.882984161376953 -40.25679016113281 
v 92.90084075927734 35.3895149230957 -41.44343566894531 
v 66.74479675292969 35.3895149230957 -41.38410186767578 
v 34.34429931640625 35.3895149230957 -41.265438079833984 
v 2.297260046005249 42.281856536865234 -41.265438079833984 
v -30.103239059448242 49.505558013916016 -40.909446716308594 
v -29.98542022705078 54.80735778808594 -40.078792572021484 
v -29.749780654907227 58.849979400634766 -36.93418884277344 
v -62.7393798828125 58.51861572265625 -36.874855041503906 
v -89.83798217773438 58.1209831237793 -36.81552505493164 
v -104.32984161376953 57.92216491699219 -36.518863677978516 
v -108.80699920654297 57.458255767822266 -35.332218170166016 
v -110.10301971435547 54.741085052490234 -36.874855041503906 
v -110.8099365234375 49.63810348510742 -37.58684158325195 
v -111.16339874267578 42.67948913574219 -29.458330154418945 
v -90.6627197265625 54.67481231689453 -39.90079879760742 
v -63.21065902709961 54.741085052490234 -40.01946258544922 
v -63.56412124633789 49.505558013916016 -40.79077911376953 
v -63.68193817138672 42.281856536865234 -41.087440490722656 
v -30.221059799194336 42.281856536865234 -41.14677429199219 
v -63.56412124633789 35.3895149230957 -41.02811050415039 
v -30.103239059448242 35.3895149230957 -41.087440490722656 
v -29.98542022705078 30.882984161376953 -40.43478775024414 
v 2.297260046005249 35.3895149230957 -41.20610809326172 
v 2.297260046005249 30.882984161376953 -40.49412155151367 
v 34.226478576660156 30.882984161376953 -40.61278533935547 
v 66.39134216308594 30.882984161376953 -40.672115325927734 
v 92.42955780029297 30.882984161376953 -40.672115325927734 
v 105.38976287841797 28.62972068786621 -36.9935188293457 
v 109.63127899169922 29.027355194091797 -35.510215759277344 
v 109.63127899169922 28.762264251708984 -27.61903190612793 
v 104.56501770019531 27.90072250366211 -27.856361389160156 
v 91.84046173095703 28.497175216674805 -37.34951400756836 
v 66.03787994384766 28.497175216674805 -37.468177795410156 
v 34.10866165161133 28.497175216674805 -37.52751159667969 
v 2.4150800704956055 28.497175216674805 -37.52751159667969 
v -29.749780654907227 28.497175216674805 -37.52751159667969 
v -63.21065902709961 30.816713333129883 -40.37545394897461 
v -91.01618194580078 35.3895149230957 -40.909446716308594 
v -91.25182342529297 42.281856536865234 -40.96877670288086 
v -91.13400268554688 49.505558013916016 -40.731449127197266 
v -105.39022064208984 54.67481231689453 -39.4854736328125 
v 91.13353729248047 27.768177032470703 -28.271686553955078 
v 65.68441772460938 27.701904296875 -28.7463436126709 
v 34.10866165161133 27.701904296875 -29.16166877746582 
v 2.532900094985962 27.701904296875 -29.398998260498047 
v -29.278499603271484 27.701904296875 -29.398998260498047 
v -62.621559143066406 28.497175216674805 -37.468177795410156 
v -90.6627197265625 30.816713333129883 -40.25679016113281 
v -105.86150360107422 35.3895149230957 -40.49412155151367 
v -106.09713745117188 42.281856536865234 -40.55345153808594 
v -110.9277572631836 42.414398193359375 -37.82416915893555 
v -110.8099365234375 49.63810348510742 -37.58684158325195 
v 66.03787994384766 27.768177032470703 -8.810725212097168 
v 34.34429931640625 27.701904296875 -9.819372177124023 
v 2.886359930038452 27.701904296875 -10.234697341918945 
v -28.925039291381836 27.701904296875 -10.29403018951416 
v -61.91463851928711 27.701904296875 -29.33966636657715 
v -89.83798217773438 28.497175216674805 -37.34951400756836 
v -105.27239990234375 30.882984161376953 -39.84146499633789 
v -110.8099365234375 35.455787658691406 -37.82416915893555 
v 3.0041799545288086 27.635631561279297 19.016077041625977 
v -29.278499603271484 27.635631561279297 19.3127384185791 
v -62.26810073852539 27.635631561279297 20.32138442993164 
v -61.443359375 27.701904296875 -9.878705024719238 
v -89.13105773925781 27.635631561279297 21.686025619506836 
v -87.83503723144531 27.701904296875 -9.22605037689209 
v -103.62291717529297 27.701904296875 22.63534164428711 
v -101.97344207763672 27.834449768066406 -8.751392364501953 
v -109.16046142578125 28.62972068786621 23.10999870300293 
v -107.39315795898438 28.762264251708984 -8.632728576660156 
v -28.925039291381836 27.304269790649414 42.68962478637695 
v -62.385921478271484 27.304269790649414 43.34227752685547 
v -90.19143676757812 27.304269790649414 44.291595458984375 
v -105.15457916259766 27.370542526245117 45.00358200073242 
v -110.8099365234375 28.232084274291992 45.418907165527344 
v -59.5582389831543 27.23799705505371 52.8947639465332 
v -86.30338287353516 27.23799705505371 52.83543014526367 
v -100.44178009033203 27.304269790649414 52.95409393310547 
v -105.50804138183594 28.09954071044922 53.1320915222168 
v -83.0044174194336 27.966995239257812 55.50537872314453 
v -96.43589782714844 28.09954071044922 55.14938735961914 
v -101.26651763916016 28.497175216674805 54.91205596923828 
v -57.43748092651367 27.966995239257812 56.09870147705078 
v -27.511199951171875 27.171724319458008 53.072757720947266 
v -26.568639755249023 27.966995239257812 56.69202423095703 
v 2.297260046005249 27.966995239257812 56.929351806640625 
v 2.4150800704956055 27.171724319458008 53.072757720947266 
v 2.7685399055480957 27.304269790649414 42.39296340942383 
v 35.05121994018555 27.635631561279297 19.4314022064209 
v 67.09825897216797 27.635631561279297 20.558713912963867 
v 92.78302001953125 27.635631561279297 22.101350784301758 
v 91.25135803222656 27.768177032470703 -7.624081134796143 
v 104.56501770019531 27.90072250366211 -6.793430328369141 
v 109.63127899169922 28.762264251708984 -6.496769428253174 
v 106.45014190673828 27.701904296875 23.169330596923828 
v 93.25430297851562 27.304269790649414 43.460941314697266 
v 66.74479675292969 27.304269790649414 42.80828857421875 
v 34.226478576660156 27.304269790649414 42.39296340942383 
v 32.223541259765625 27.23799705505371 52.83543014526367 
v 30.927520751953125 27.966995239257812 56.573360443115234 
v 63.56365966796875 27.23799705505371 52.360774993896484 
v 89.13059997558594 27.23799705505371 52.06411361694336 
v 102.3264389038086 27.370542526245117 52.00477981567383 
v 107.15705871582031 27.43681526184082 44.054264068603516 
v 107.03923797607422 28.165813446044922 52.123443603515625 
v 112.4589614868164 28.232084274291992 44.41025924682617 
v 103.03336334228516 28.497175216674805 54.2000732421875 
v 98.4383773803711 28.09954071044922 54.55606460571289 
v 85.8316421508789 27.966995239257812 54.97138977050781 
v 61.32508087158203 27.966995239257812 55.74271011352539 
v 110.80947875976562 54.80735778808594 -36.81552505493164 
v 109.63127899169922 58.45234680175781 -26.907045364379883 
v 109.63127899169922 57.52452850341797 -34.976226806640625 
v 104.56501770019531 59.578975677490234 -27.08504295349121 
v 105.38976287841797 57.92216491699219 -36.459529876708984 
v 91.13353729248047 60.17543029785156 -27.441036224365234 
v 65.68441772460938 61.23579025268555 -27.915693283081055 
v 34.10866165161133 62.22987747192383 -28.271686553955078 
v 91.84046173095703 58.187255859375 -36.81552505493164 
v 66.03787994384766 58.51861572265625 -36.93418884277344 
v 66.50916290283203 54.741085052490234 -40.316123962402344 
v 92.54737854003906 54.67481231689453 -40.316123962402344 
v 106.33232116699219 54.67481231689453 -39.90079879760742 
v 110.80947875976562 54.80735778808594 -36.81552505493164 
v 111.3985824584961 49.704376220703125 -37.58684158325195 
v 106.80359649658203 49.57183074951172 -40.79077911376953 
v 111.63421630859375 42.48067092895508 -37.88350296020508 
v 111.63421630859375 28.62972068786621 23.70332145690918 
v -110.9277572631836 42.414398193359375 -37.82416915893555 
v -111.04557800292969 35.654605865478516 -29.458330154418945 
v -110.33866119384766 31.081802368164062 -29.22100257873535 
v -108.3357162475586 28.695993423461914 -28.865009307861328 
v -110.8099365234375 35.455787658691406 -37.82416915893555 
v -110.10301971435547 30.949256896972656 -37.29018020629883 
v -108.68917846679688 29.027355194091797 -35.80687713623047 
v 80.52973937988281 129.4964599609375 -59.65842056274414 
v 80.52973937988281 130.29173278808594 -55.26783752441406 
v 80.52973937988281 95.83003234863281 -53.19121170043945 
v 80.52973937988281 96.36021423339844 -47.257991790771484 
v 80.52973937988281 62.163604736328125 -47.96997833251953 
v 80.52973937988281 62.42869567871094 -40.49412155151367 
v 80.52973937988281 28.4309024810791 -45.95268249511719 
v 80.52973937988281 28.4309024810791 -36.9935188293457 
v -109.6317367553711 25.846275329589844 48.74150848388672 
v 109.8669204711914 25.846275329589844 48.0888557434082 
v -109.6317367553711 22.731468200683594 48.62284469604492 
v 109.8669204711914 22.797740936279297 48.02952194213867 
v 109.8669204711914 25.78000259399414 51.7081184387207 
v -109.6317367553711 25.78000259399414 52.360774993896484 
v 109.8669204711914 22.66519546508789 51.589454650878906 
v -109.6317367553711 22.66519546508789 52.24210739135742 
v 107.03923797607422 28.165813446044922 52.123443603515625 
v 103.03336334228516 30.28653335571289 54.793392181396484 
v 103.03336334228516 28.497175216674805 54.2000732421875 
v 109.39563751220703 28.4309024810791 -45.95268249511719 
v 109.39563751220703 28.4309024810791 -36.9935188293457 
v 109.39563751220703 42.281856536865234 -47.079994201660156 
v 109.39563751220703 42.281856536865234 -37.88350296020508 
v 109.39563751220703 56.06653594970703 -48.207305908203125 
v 109.39563751220703 56.06653594970703 -38.77348709106445 
v 109.39563751220703 69.85121154785156 -49.334617614746094 
v 109.39563751220703 69.85121154785156 -39.66346740722656 
v 109.39563751220703 83.70216369628906 -40.55345153808594 
v 109.39563751220703 74.6891098022461 -34.323570251464844 
v 109.39563751220703 28.4309024810791 -31.89095115661621 
v 109.39563751220703 40.02859115600586 -32.48427200317383 
v 109.39563751220703 51.56000518798828 -33.07759475708008 
v 109.39563751220703 63.157691955566406 -33.730247497558594 
v 109.39563751220703 71.17666625976562 -26.729049682617188 
v 109.39563751220703 28.4309024810791 -26.729049682617188 
v 109.39563751220703 39.16704559326172 -26.729049682617188 
v 109.39563751220703 49.83692169189453 -26.729049682617188 
v 109.39563751220703 60.50679397583008 -26.729049682617188 
v 109.39563751220703 49.37301254272461 9.16693115234375 
v 109.39563751220703 59.84406661987305 9.16693115234375 
v 109.39563751220703 49.37301254272461 26.135940551757812 
v 109.39563751220703 59.84406661987305 26.135940551757812 
v 109.39563751220703 62.69378662109375 33.137142181396484 
v 109.39563751220703 68.26067352294922 31.11984634399414 
v 109.39563751220703 70.31512451171875 26.135940551757812 
v 109.39563751220703 70.31512451171875 9.16693115234375 
v 109.39563751220703 28.4309024810791 31.11984634399414 
v 115.75791931152344 28.4309024810791 31.11984634399414 
v 109.39563751220703 38.43804931640625 31.11984634399414 
v 115.75791931152344 38.43804931640625 31.11984634399414 
v 109.39563751220703 50.10200881958008 32.543819427490234 
v 115.75791931152344 50.10200881958008 32.543819427490234 
v 109.39563751220703 62.69378662109375 33.137142181396484 
v 115.75791931152344 62.69378662109375 33.137142181396484 
v 115.75791931152344 68.26067352294922 31.11984634399414 
v -109.6317367553711 28.4309024810791 -36.9935188293457 
v -80.76583862304688 28.4309024810791 -36.9935188293457 
v -109.6317367553711 28.4309024810791 -45.95268249511719 
v -80.76583862304688 28.4309024810791 -45.95268249511719 
v 109.39563751220703 50.10200881958008 32.543819427490234 
v 109.39563751220703 38.90195846557617 26.135940551757812 
v 109.39563751220703 38.43804931640625 31.11984634399414 
v 109.39563751220703 28.4309024810791 26.135940551757812 
v 109.39563751220703 28.4309024810791 31.11984634399414 
v 109.39563751220703 38.90195846557617 9.16693115234375 
v 109.39563751220703 28.4309024810791 9.16693115234375 
v 109.39563751220703 83.70216369628906 -50.46192932128906 
v 108.5708999633789 92.45013427734375 -52.063899993896484 
v 108.5708999633789 92.84777069091797 -44.70670700073242 
v 106.33232116699219 103.65019226074219 -53.66586685180664 
v 106.33232116699219 104.51173400878906 -48.85995864868164 
v 103.26899719238281 115.1153335571289 -56.3358154296875 
v 103.26899719238281 115.84432983398438 -52.18256378173828 
v 99.38094329833984 123.39939880371094 -58.11578369140625 
v 99.38094329833984 124.39348602294922 -53.9031982421875 
v 92.07610321044922 127.50829315185547 -59.06509780883789 
v 91.95828247070312 128.5686492919922 -54.79317855834961 
v 80.52973937988281 129.4964599609375 -59.65842056274414 
v -115.8761978149414 0 -47.31732177734375 
v -115.8761978149414 0 -41.324771881103516 
v -115.8761978149414 11.465142250061035 -45.77468490600586 
v -115.8761978149414 11.465142250061035 -37.34951400756836 
v -115.8761978149414 16.23676300048828 -45.95268249511719 
v -115.8761978149414 16.23676300048828 -36.9935188293457 
v -115.8761978149414 28.4309024810791 -45.95268249511719 
v -115.8761978149414 28.4309024810791 -36.9935188293457 
v -115.8761978149414 42.281856536865234 -37.88350296020508 
v -115.8761978149414 40.02859115600586 -32.48427200317383 
v -115.8761978149414 51.56000518798828 -33.07759475708008 
v -115.8761978149414 49.83692169189453 -26.729049682617188 
v -115.8761978149414 60.50679397583008 -26.729049682617188 
v -115.8761978149414 59.84406661987305 9.16693115234375 
v -115.8761978149414 70.31512451171875 9.16693115234375 
v -115.8761978149414 70.31512451171875 26.135940551757812 
v -115.8761978149414 28.4309024810791 -31.89095115661621 
v -115.8761978149414 39.16704559326172 -26.729049682617188 
v -115.8761978149414 49.37301254272461 9.16693115234375 
v -115.8761978149414 59.84406661987305 26.135940551757812 
v -115.8761978149414 68.26067352294922 31.11984634399414 
v -115.8761978149414 28.4309024810791 -26.729049682617188 
v -115.8761978149414 38.90195846557617 9.16693115234375 
v -115.8761978149414 49.37301254272461 26.135940551757812 
v -115.8761978149414 62.69378662109375 33.137142181396484 
v -115.8761978149414 28.4309024810791 9.16693115234375 
v -115.8761978149414 38.90195846557617 26.135940551757812 
v -115.8761978149414 50.10200881958008 32.543819427490234 
v -115.8761978149414 28.4309024810791 26.135940551757812 
v -115.8761978149414 38.43804931640625 31.11984634399414 
v -109.6317367553711 28.4309024810791 31.11984634399414 
v -115.8761978149414 28.4309024810791 31.11984634399414 
v -109.6317367553711 28.4309024810791 26.135940551757812 
v -115.8761978149414 28.4309024810791 26.135940551757812 
v -109.6317367553711 28.4309024810791 9.16693115234375 
v -115.8761978149414 28.4309024810791 9.16693115234375 
v -109.6317367553711 28.4309024810791 -26.729049682617188 
v -115.8761978149414 28.4309024810791 -26.729049682617188 
v -109.6317367553711 28.4309024810791 -31.89095115661621 
v -115.8761978149414 28.4309024810791 -31.89095115661621 
v -115.8761978149414 28.4309024810791 -36.9935188293457 
v 6.185319900512695 130.29173278808594 -55.26783752441406 
v 6.185319900512695 129.4964599609375 -59.65842056274414 
v 36.818519592285156 130.29173278808594 -55.26783752441406 
v 36.818519592285156 129.4964599609375 -59.65842056274414 
v -115.8761978149414 71.17666625976562 -26.729049682617188 
v -115.8761978149414 63.157691955566406 -33.730247497558594 
v -115.8761978149414 56.06653594970703 -38.77348709106445 
v -115.8761978149414 42.281856536865234 -47.079994201660156 
v -115.8761978149414 74.6891098022461 -34.323570251464844 
v -115.8761978149414 69.85121154785156 -39.66346740722656 
v -115.8761978149414 56.06653594970703 -48.207305908203125 
v -115.8761978149414 83.70216369628906 -40.55345153808594 
v -115.8761978149414 69.85121154785156 -49.334617614746094 
v -115.8761978149414 83.70216369628906 -50.46192932128906 
v -114.8158187866211 93.31168365478516 -44.82537078857422 
v -114.8158187866211 92.84777069091797 -52.18256378173828 
v -112.57723999023438 105.37327575683594 -49.0972900390625 
v -112.57723999023438 104.51173400878906 -53.962528228759766 
v -109.04264068603516 117.69995880126953 -52.479225158691406 
v -109.04264068603516 116.77214813232422 -56.81047439575195 
v -103.74073791503906 127.77337646484375 -54.79317855834961 
v -103.74073791503906 126.84556579589844 -59.005767822265625 
v -94.78642272949219 133.34027099609375 -56.276485443115234 
v -94.90424346923828 132.5449981689453 -60.25174331665039 
v -80.76583862304688 135.65980529785156 -56.81047439575195 
v -80.76583862304688 134.7982635498047 -60.72639846801758 
v -113.04852294921875 26.774089813232422 48.74150848388672 
v -109.39610290527344 26.774089813232422 48.74150848388672 
v -112.81288146972656 28.961082458496094 -37.408843994140625 
v -109.16046142578125 28.961082458496094 -37.34951400756836 
v -109.6317367553711 14.116042137145996 48.74150848388672 
v -109.6317367553711 14.04977035522461 52.360774993896484 
v 109.8669204711914 14.116042137145996 48.0888557434082 
v 109.8669204711914 14.04977035522461 51.7081184387207 
v -109.16046142578125 16.568124771118164 -37.34951400756836 
v -112.81288146972656 16.568124771118164 -37.408843994140625 
v -109.39610290527344 14.381132125854492 48.74150848388672 
v -113.04852294921875 14.381132125854492 48.74150848388672 
v -109.6317367553711 14.116042137145996 48.74150848388672 
v 109.8669204711914 14.116042137145996 48.0888557434082 
v -109.6317367553711 11.001235008239746 48.62284469604492 
v 109.8669204711914 11.001235008239746 48.02952194213867 
v 107.5105209350586 27.039180755615234 54.259403228759766 
v 107.5105209350586 0 53.54741668701172 
v 116.11138153076172 27.039180755615234 54.2000732421875 
v 116.11138153076172 0 53.48808670043945 
v 107.5105209350586 0.19881750643253326 46.07155990600586 
v 116.11138153076172 0.19881750643253326 46.01222610473633 
v 107.5105209350586 0 53.54741668701172 
v 116.11138153076172 0 53.48808670043945 
v -109.6317367553711 0 -47.31732177734375 
v -115.8761978149414 0 -47.31732177734375 
v -109.6317367553711 11.465142250061035 -45.77468490600586 
v -115.8761978149414 11.465142250061035 -45.77468490600586 
v -109.6317367553711 13.784680366516113 -45.95268249511719 
v -115.8761978149414 16.23676300048828 -45.95268249511719 
v -109.39610290527344 26.774089813232422 48.74150848388672 
v -109.39610290527344 23.32792091369629 48.62284469604492 
v -109.16046142578125 28.961082458496094 -37.34951400756836 
v -109.16046142578125 25.514911651611328 -37.468177795410156 
v 109.39563751220703 16.568124771118164 -37.34951400756836 
v 109.63127899169922 14.381132125854492 48.74150848388672 
v 113.04805755615234 16.568124771118164 -37.408843994140625 
v 113.28369903564453 14.381132125854492 48.74150848388672 
v 109.39563751220703 13.121954917907715 -37.468177795410156 
v 109.63127899169922 10.934962272644043 48.62284469604492 
v 109.39563751220703 16.568124771118164 -37.34951400756836 
v 109.63127899169922 14.381132125854492 48.74150848388672 
v -115.8761978149414 0 -41.324771881103516 
v -109.6317367553711 0 -41.324771881103516 
v -115.8761978149414 11.465142250061035 -37.34951400756836 
v -109.6317367553711 11.465142250061035 -37.34951400756836 
v -115.8761978149414 16.23676300048828 -36.9935188293457 
v -109.6317367553711 13.784680366516113 -36.9935188293457 
v -115.8761978149414 28.4309024810791 -36.9935188293457 
v -109.6317367553711 28.4309024810791 -36.9935188293457 
v -80.76583862304688 13.784680366516113 -36.9935188293457 
v -80.76583862304688 28.4309024810791 -36.9935188293457 
v -73.10753631591797 13.784680366516113 -36.9935188293457 
v -73.10753631591797 28.4309024810791 -36.9935188293457 
v -73.10753631591797 62.42869567871094 -40.49412155151367 
v -80.76583862304688 62.42869567871094 -40.49412155151367 
v -73.10753631591797 96.36021423339844 -47.257991790771484 
v -80.76583862304688 96.36021423339844 -47.257991790771484 
v -73.10753631591797 130.29173278808594 -55.26783752441406 
v -80.76583862304688 130.29173278808594 -55.26783752441406 
v -80.76583862304688 135.65980529785156 -56.81047439575195 
v -73.10753631591797 135.65980529785156 -56.81047439575195 
v -43.77035903930664 130.29173278808594 -55.26783752441406 
v -43.77035903930664 135.65980529785156 -56.81047439575195 
v -37.05461883544922 130.29173278808594 -55.26783752441406 
v -37.05461883544922 135.65980529785156 -56.81047439575195 
v -6.421420097351074 130.29173278808594 -55.26783752441406 
v -6.421420097351074 135.65980529785156 -56.81047439575195 
v 6.185319900512695 130.29173278808594 -55.26783752441406 
v 6.185319900512695 135.65980529785156 -56.81047439575195 
v 36.818519592285156 135.65980529785156 -56.81047439575195 
v 6.185319900512695 96.36021423339844 -47.257991790771484 
v -6.421420097351074 96.36021423339844 -47.257991790771484 
v 6.185319900512695 62.42869567871094 -40.49412155151367 
v -6.421420097351074 62.42869567871094 -40.49412155151367 
v 6.185319900512695 28.4309024810791 -36.9935188293457 
v -6.421420097351074 28.4309024810791 -36.9935188293457 
v 6.185319900512695 13.784680366516113 -36.9935188293457 
v -6.421420097351074 13.784680366516113 -36.9935188293457 
v 36.818519592285156 28.4309024810791 -36.9935188293457 
v 36.818519592285156 13.784680366516113 -36.9935188293457 
v 43.53425979614258 28.4309024810791 -36.9935188293457 
v 43.53425979614258 13.784680366516113 -36.9935188293457 
v 72.8714370727539 28.4309024810791 -36.9935188293457 
v 72.8714370727539 13.784680366516113 -36.9935188293457 
v 80.52973937988281 28.4309024810791 -36.9935188293457 
v 80.52973937988281 13.784680366516113 -36.9935188293457 
v 109.39563751220703 28.4309024810791 -36.9935188293457 
v 109.39563751220703 13.784680366516113 -36.9935188293457 
v 115.75791931152344 28.4309024810791 -36.9935188293457 
v 115.75791931152344 16.23676300048828 -36.9935188293457 
v 36.818519592285156 62.42869567871094 -40.49412155151367 
v 43.53425979614258 62.42869567871094 -40.49412155151367 
v 36.818519592285156 96.36021423339844 -47.257991790771484 
v 43.53425979614258 96.36021423339844 -47.257991790771484 
v 36.818519592285156 130.29173278808594 -55.26783752441406 
v 43.53425979614258 130.29173278808594 -55.26783752441406 
v 43.53425979614258 135.65980529785156 -56.81047439575195 
v 72.8714370727539 135.65980529785156 -56.81047439575195 
v 107.62834167480469 70.58021545410156 26.491933822631836 
v 117.76085662841797 70.646484375 26.31393814086914 
v 107.62834167480469 66.47132110595703 26.37327003479004 
v 117.76085662841797 66.53759002685547 26.19527244567871 
v 108.8065414428711 64.61568450927734 25.77994728088379 
v 116.58265686035156 64.68196105957031 25.661283493041992 
v 72.8714370727539 62.42869567871094 -40.49412155151367 
v 80.52973937988281 62.42869567871094 -40.49412155151367 
v 72.8714370727539 96.36021423339844 -47.257991790771484 
v 80.52973937988281 96.36021423339844 -47.257991790771484 
v 72.8714370727539 130.29173278808594 -55.26783752441406 
v 80.52973937988281 130.29173278808594 -55.26783752441406 
v 80.52973937988281 135.65980529785156 -56.81047439575195 
v 109.39563751220703 11.465142250061035 -37.34951400756836 
v 115.75791931152344 11.465142250061035 -37.34951400756836 
v 109.39563751220703 0 -41.324771881103516 
v 115.75791931152344 0 -41.324771881103516 
v -115.8761978149414 0 -47.31732177734375 
v -109.6317367553711 0 -47.31732177734375 
v -115.8761978149414 0 -41.324771881103516 
v -109.6317367553711 0 -41.324771881103516 
v -109.6317367553711 13.784680366516113 -36.9935188293457 
v -109.6317367553711 11.465142250061035 -37.34951400756836 
v -109.6317367553711 13.784680366516113 -45.95268249511719 
v -109.6317367553711 11.465142250061035 -45.77468490600586 
v -109.6317367553711 0 -41.324771881103516 
v -109.6317367553711 0 -47.31732177734375 
v -115.75837707519531 27.039180755615234 54.259403228759766 
v -115.75837707519531 0 53.54741668701172 
v -107.27533721923828 27.039180755615234 54.2000732421875 
v -107.27533721923828 0 53.48808670043945 
v -115.8761978149414 0.19881750643253326 46.07155990600586 
v -115.75837707519531 0 53.54741668701172 
v -115.8761978149414 27.23799705505371 46.783546447753906 
v -115.75837707519531 27.039180755615234 54.259403228759766 
v -80.76583862304688 135.65980529785156 -56.81047439575195 
v -73.10753631591797 135.65980529785156 -56.81047439575195 
v -80.76583862304688 134.7982635498047 -60.72639846801758 
v -73.10753631591797 134.7982635498047 -60.72639846801758 
v -43.77035903930664 135.65980529785156 -56.81047439575195 
v -43.77035903930664 134.7982635498047 -60.72639846801758 
v -37.05461883544922 135.65980529785156 -56.81047439575195 
v -37.05461883544922 134.7982635498047 -60.72639846801758 
v -6.421420097351074 135.65980529785156 -56.81047439575195 
v -6.421420097351074 134.7982635498047 -60.72639846801758 
v 6.185319900512695 135.65980529785156 -56.81047439575195 
v 6.185319900512695 134.7982635498047 -60.72639846801758 
v 36.818519592285156 134.7982635498047 -60.72639846801758 
v 36.818519592285156 135.65980529785156 -56.81047439575195 
v 43.53425979614258 134.7982635498047 -60.72639846801758 
v 43.53425979614258 135.65980529785156 -56.81047439575195 
v 72.8714370727539 134.7982635498047 -60.72639846801758 
v 72.8714370727539 135.65980529785156 -56.81047439575195 
v 80.52973937988281 134.7982635498047 -60.72639846801758 
v 80.52973937988281 135.65980529785156 -56.81047439575195 
v -43.77035903930664 13.784680366516113 -36.9935188293457 
v -43.77035903930664 28.4309024810791 -36.9935188293457 
v -37.05461883544922 13.784680366516113 -36.9935188293457 
v -37.05461883544922 28.4309024810791 -36.9935188293457 
v -37.05461883544922 62.42869567871094 -40.49412155151367 
v -43.77035903930664 62.42869567871094 -40.49412155151367 
v -37.05461883544922 96.36021423339844 -47.257991790771484 
v -43.77035903930664 96.36021423339844 -47.257991790771484 
v -73.10753631591797 129.4964599609375 -59.65842056274414 
v -43.77035903930664 129.4964599609375 -59.65842056274414 
v -73.10753631591797 130.29173278808594 -55.26783752441406 
v -43.77035903930664 130.29173278808594 -55.26783752441406 
v -80.76583862304688 28.4309024810791 -36.9935188293457 
v -80.76583862304688 62.42869567871094 -40.49412155151367 
v -80.76583862304688 28.4309024810791 -45.95268249511719 
v -80.76583862304688 62.163604736328125 -47.96997833251953 
v -80.76583862304688 96.36021423339844 -47.257991790771484 
v -80.76583862304688 95.83003234863281 -53.19121170043945 
v -80.76583862304688 130.29173278808594 -55.26783752441406 
v -80.76583862304688 129.4964599609375 -59.65842056274414 
v -37.05461883544922 28.4309024810791 -36.9935188293457 
v -6.421420097351074 28.4309024810791 -36.9935188293457 
v -37.05461883544922 28.4309024810791 -45.95268249511719 
v -6.421420097351074 28.4309024810791 -45.95268249511719 
v -6.421420097351074 130.29173278808594 -55.26783752441406 
v -37.05461883544922 130.29173278808594 -55.26783752441406 
v -6.421420097351074 129.4964599609375 -59.65842056274414 
v -37.05461883544922 129.4964599609375 -59.65842056274414 
v -73.10753631591797 28.4309024810791 -45.95268249511719 
v -73.10753631591797 62.163604736328125 -47.96997833251953 
v -73.10753631591797 28.4309024810791 -36.9935188293457 
v -73.10753631591797 62.42869567871094 -40.49412155151367 
v -73.10753631591797 95.83003234863281 -53.19121170043945 
v -73.10753631591797 96.36021423339844 -47.257991790771484 
v -73.10753631591797 129.4964599609375 -59.65842056274414 
v -73.10753631591797 130.29173278808594 -55.26783752441406 
v -43.77035903930664 28.4309024810791 -36.9935188293457 
v -43.77035903930664 62.42869567871094 -40.49412155151367 
v -43.77035903930664 28.4309024810791 -45.95268249511719 
v -43.77035903930664 62.163604736328125 -47.96997833251953 
v -43.77035903930664 96.36021423339844 -47.257991790771484 
v -43.77035903930664 95.83003234863281 -53.19121170043945 
v -43.77035903930664 130.29173278808594 -55.26783752441406 
v -43.77035903930664 129.4964599609375 -59.65842056274414 
v -6.421420097351074 28.4309024810791 -36.9935188293457 
v -6.421420097351074 62.42869567871094 -40.49412155151367 
v -6.421420097351074 28.4309024810791 -45.95268249511719 
v -6.421420097351074 62.163604736328125 -47.96997833251953 
v -6.421420097351074 96.36021423339844 -47.257991790771484 
v -6.421420097351074 95.83003234863281 -53.19121170043945 
v -6.421420097351074 130.29173278808594 -55.26783752441406 
v -6.421420097351074 129.4964599609375 -59.65842056274414 
v -37.05461883544922 130.29173278808594 -55.26783752441406 
v -37.05461883544922 96.36021423339844 -47.257991790771484 
v -37.05461883544922 129.4964599609375 -59.65842056274414 
v -37.05461883544922 95.83003234863281 -53.19121170043945 
v -37.05461883544922 62.42869567871094 -40.49412155151367 
v -37.05461883544922 62.163604736328125 -47.96997833251953 
v -37.05461883544922 28.4309024810791 -36.9935188293457 
v -37.05461883544922 28.4309024810791 -45.95268249511719 
v -80.76583862304688 135.65980529785156 -56.81047439575195 
v -94.78642272949219 133.34027099609375 -56.276485443115234 
v -80.76583862304688 130.29173278808594 -55.26783752441406 
v -92.19438171386719 128.5686492919922 -54.79317855834961 
v -103.74073791503906 127.77337646484375 -54.79317855834961 
v -99.6170425415039 124.39348602294922 -53.9031982421875 
v -109.04264068603516 117.69995880126953 -52.479225158691406 
v -103.50509643554688 115.84432983398438 -52.18256378173828 
v -112.57723999023438 105.37327575683594 -49.0972900390625 
v -106.56842041015625 104.51173400878906 -48.85995864868164 
v -114.8158187866211 93.31168365478516 -44.82537078857422 
v -108.68917846679688 92.84777069091797 -44.70670700073242 
v -115.8761978149414 83.70216369628906 -40.55345153808594 
v -109.6317367553711 83.70216369628906 -40.55345153808594 
v -109.6317367553711 74.6891098022461 -34.323570251464844 
v -115.8761978149414 74.6891098022461 -34.323570251464844 
v -115.8761978149414 71.17666625976562 -26.729049682617188 
v -109.6317367553711 71.17666625976562 -26.729049682617188 
v -109.6317367553711 70.31512451171875 9.16693115234375 
v -115.8761978149414 70.31512451171875 9.16693115234375 
v -109.6317367553711 70.31512451171875 26.135940551757812 
v -115.8761978149414 70.31512451171875 26.135940551757812 
v -109.6317367553711 68.26067352294922 31.11984634399414 
v -107.27533721923828 0 53.48808670043945 
v -115.75837707519531 0 53.54741668701172 
v -107.27533721923828 0.19881750643253326 46.01222610473633 
v -115.8761978149414 0.19881750643253326 46.07155990600586 
v -86.30338287353516 57.855892181396484 55.030723571777344 
v -96.43589782714844 55.86771774291992 57.22601318359375 
v -95.02205657958984 52.819183349609375 57.64133834838867 
v -101.26651763916016 52.819183349609375 56.988685607910156 
v -101.26651763916016 47.98128890991211 56.21736526489258 
v -94.90424346923828 47.915016174316406 57.10734939575195 
v -94.90424346923828 41.02267837524414 57.04801559448242 
v -101.38433837890625 41.088951110839844 55.980037689208984 
v -94.90424346923828 34.461700439453125 56.69202423095703 
v -101.50215911865234 34.52797317504883 56.039371490478516 
v -101.26651763916016 30.28653335571289 55.446048736572266 
v -109.6317367553711 68.26067352294922 31.11984634399414 
v -115.8761978149414 68.26067352294922 31.11984634399414 
v -109.6317367553711 62.69378662109375 33.137142181396484 
v -115.8761978149414 62.69378662109375 33.137142181396484 
v -115.8761978149414 50.10200881958008 32.543819427490234 
v -109.6317367553711 50.10200881958008 32.543819427490234 
v -115.8761978149414 38.43804931640625 31.11984634399414 
v -109.6317367553711 38.43804931640625 31.11984634399414 
v -115.8761978149414 28.4309024810791 31.11984634399414 
v -109.6317367553711 28.4309024810791 31.11984634399414 
v 109.39563751220703 13.121954917907715 -37.468177795410156 
v 113.04805755615234 13.121954917907715 -37.468177795410156 
v 109.63127899169922 10.934962272644043 48.62284469604492 
v 113.28369903564453 10.934962272644043 48.62284469604492 
v -107.27533721923828 0.19881750643253326 46.01222610473633 
v -115.8761978149414 0.19881750643253326 46.07155990600586 
v -107.27533721923828 27.23799705505371 46.724212646484375 
v -115.8761978149414 27.23799705505371 46.783546447753906 
v -109.6317367553711 28.4309024810791 -45.95268249511719 
v -109.6317367553711 42.281856536865234 -47.079994201660156 
v -109.6317367553711 28.4309024810791 -36.9935188293457 
v -109.6317367553711 42.281856536865234 -37.88350296020508 
v -109.6317367553711 28.4309024810791 -31.89095115661621 
v -109.6317367553711 40.02859115600586 -32.48427200317383 
v -109.6317367553711 28.4309024810791 -26.729049682617188 
v -109.6317367553711 39.16704559326172 -26.729049682617188 
v -109.6317367553711 28.4309024810791 9.16693115234375 
v -109.6317367553711 38.90195846557617 9.16693115234375 
v -109.6317367553711 28.4309024810791 26.135940551757812 
v -109.6317367553711 38.90195846557617 26.135940551757812 
v -109.6317367553711 38.43804931640625 31.11984634399414 
v -109.6317367553711 50.10200881958008 32.543819427490234 
v -109.6317367553711 56.06653594970703 -48.207305908203125 
v -109.6317367553711 56.06653594970703 -38.77348709106445 
v -109.6317367553711 51.56000518798828 -33.07759475708008 
v -109.6317367553711 49.83692169189453 -26.729049682617188 
v -109.6317367553711 49.37301254272461 9.16693115234375 
v -109.6317367553711 49.37301254272461 26.135940551757812 
v -109.6317367553711 62.69378662109375 33.137142181396484 
v -109.6317367553711 60.50679397583008 -26.729049682617188 
v -109.6317367553711 59.84406661987305 9.16693115234375 
v -109.6317367553711 59.84406661987305 26.135940551757812 
v -109.6317367553711 68.26067352294922 31.11984634399414 
v -109.6317367553711 70.31512451171875 26.135940551757812 
v -109.6317367553711 70.31512451171875 9.16693115234375 
v -109.6317367553711 71.17666625976562 -26.729049682617188 
v -109.6317367553711 63.157691955566406 -33.730247497558594 
v -109.6317367553711 74.6891098022461 -34.323570251464844 
v -109.6317367553711 69.85121154785156 -39.66346740722656 
v -109.6317367553711 83.70216369628906 -40.55345153808594 
v -109.6317367553711 69.85121154785156 -49.334617614746094 
v -109.6317367553711 83.70216369628906 -50.46192932128906 
v -108.68917846679688 92.45013427734375 -52.063899993896484 
v -108.68917846679688 92.84777069091797 -44.70670700073242 
v -106.56842041015625 103.65019226074219 -53.66586685180664 
v -106.56842041015625 104.51173400878906 -48.85995864868164 
v -103.50509643554688 115.1153335571289 -56.3358154296875 
v -103.50509643554688 115.84432983398438 -52.18256378173828 
v -99.49922180175781 123.39939880371094 -58.11578369140625 
v -99.6170425415039 124.39348602294922 -53.9031982421875 
v -92.31220245361328 127.50829315185547 -59.06509780883789 
v -92.19438171386719 128.5686492919922 -54.79317855834961 
v -80.76583862304688 129.4964599609375 -59.65842056274414 
v -80.76583862304688 130.29173278808594 -55.26783752441406 
v 109.39563751220703 28.4309024810791 31.11984634399414 
v 109.39563751220703 28.4309024810791 26.135940551757812 
v 115.75791931152344 28.4309024810791 31.11984634399414 
v 115.75791931152344 28.4309024810791 26.135940551757812 
v 109.39563751220703 28.4309024810791 9.16693115234375 
v 115.75791931152344 28.4309024810791 9.16693115234375 
v 109.39563751220703 28.4309024810791 -26.729049682617188 
v 115.75791931152344 28.4309024810791 -26.729049682617188 
v 109.39563751220703 28.4309024810791 -31.89095115661621 
v 115.75791931152344 28.4309024810791 -31.89095115661621 
v 115.75791931152344 28.4309024810791 -36.9935188293457 
v 109.39563751220703 28.4309024810791 -36.9935188293457 
v 113.28369903564453 23.32792091369629 48.62284469604492 
v 113.04805755615234 25.514911651611328 -37.468177795410156 
v 113.28369903564453 26.774089813232422 48.74150848388672 
v 113.04805755615234 28.961082458496094 -37.408843994140625 
v 113.28369903564453 26.774089813232422 48.74150848388672 
v 113.04805755615234 28.961082458496094 -37.408843994140625 
v 109.63127899169922 26.774089813232422 48.74150848388672 
v 109.39563751220703 28.961082458496094 -37.34951400756836 
v -115.75837707519531 64.35060119628906 -22.575796127319336 
v -108.10008239746094 64.35060119628906 -22.516462326049805 
v -116.93657684326172 64.21805572509766 -18.481874465942383 
v -107.03970336914062 64.21805572509766 -18.42254066467285 
v -117.1722183227539 64.2843246459961 -5.962779521942139 
v -107.15751647949219 64.2843246459961 -5.903447151184082 
v -117.52568054199219 64.35060119628906 9.938250541687012 
v -107.39315795898438 64.35060119628906 10.056914329528809 
v -117.76132202148438 64.4168701171875 22.398012161254883 
v -107.62879943847656 64.4168701171875 22.57600975036621 
v -116.58312225341797 64.68196105957031 26.31393814086914 
v -108.80699920654297 64.61568450927734 26.432601928710938 
v -104.21202087402344 66.33877563476562 -18.897199630737305 
v -104.32984161376953 66.6038589477539 -6.14077615737915 
v -104.56548309326172 66.80268096923828 9.99758243560791 
v -104.68329620361328 66.73640441894531 22.754005432128906 
v -107.62879943847656 66.47132110595703 27.025924682617188 
v -104.32984161376953 71.17666625976562 -6.615433692932129 
v -104.56548309326172 71.64057159423828 9.819585800170898 
v -104.68329620361328 71.44175720214844 22.754005432128906 
v -107.62879943847656 70.58021545410156 27.144588470458984 
v -104.21202087402344 70.44766998291016 -19.72784996032715 
v -107.03970336914062 69.78494262695312 -24.177764892578125 
v -107.03970336914062 66.00740814208984 -23.40644645690918 
v 113.28369903564453 23.32792091369629 48.62284469604492 
v 109.63127899169922 23.32792091369629 48.62284469604492 
v 113.04805755615234 25.514911651611328 -37.468177795410156 
v 109.39563751220703 25.514911651611328 -37.468177795410156 
v -110.10301971435547 30.949256896972656 -37.29018020629883 
v -104.32984161376953 28.563447952270508 -37.052852630615234 
v -108.68917846679688 29.027355194091797 -35.80687713623047 
v -108.3357162475586 28.695993423461914 -28.865009307861328 
v -103.03382110595703 27.834449768066406 -28.983673095703125 
v -88.65978240966797 27.701904296875 -29.16166877746582 
v 116.11138153076172 0 53.48808670043945 
v 116.11138153076172 0.19881750643253326 46.01222610473633 
v 116.11138153076172 27.039180755615234 54.2000732421875 
v 116.11138153076172 27.23799705505371 46.724212646484375 
v 109.63127899169922 26.774089813232422 48.74150848388672 
v 109.39563751220703 28.961082458496094 -37.34951400756836 
v 109.63127899169922 23.32792091369629 48.62284469604492 
v 109.39563751220703 25.514911651611328 -37.468177795410156 
v 107.5105209350586 27.23799705505371 46.783546447753906 
v 116.11138153076172 27.23799705505371 46.724212646484375 
v 107.5105209350586 0.19881750643253326 46.07155990600586 
v 116.11138153076172 0.19881750643253326 46.01222610473633 
v -109.6317367553711 11.001235008239746 48.62284469604492 
v 109.8669204711914 11.001235008239746 48.02952194213867 
v -109.6317367553711 10.934962272644043 52.24210739135742 
v 109.8669204711914 10.934962272644043 51.589454650878906 
v -109.6317367553711 10.934962272644043 52.24210739135742 
v 109.8669204711914 10.934962272644043 51.589454650878906 
v -109.6317367553711 14.04977035522461 52.360774993896484 
v 109.8669204711914 14.04977035522461 51.7081184387207 
v 107.5105209350586 27.039180755615234 54.259403228759766 
v 107.5105209350586 27.23799705505371 46.783546447753906 
v 107.5105209350586 0 53.54741668701172 
v 107.5105209350586 0.19881750643253326 46.07155990600586 
v 72.8714370727539 28.4309024810791 -36.9935188293457 
v 72.8714370727539 28.4309024810791 -45.95268249511719 
v 43.53425979614258 28.4309024810791 -36.9935188293457 
v 43.53425979614258 28.4309024810791 -45.95268249511719 
v -109.16046142578125 13.121954917907715 -37.468177795410156 
v -109.16046142578125 16.568124771118164 -37.34951400756836 
v -109.39610290527344 10.934962272644043 48.62284469604492 
v -109.39610290527344 14.381132125854492 48.74150848388672 
v -112.81288146972656 16.568124771118164 -37.408843994140625 
v -112.81288146972656 13.121954917907715 -37.468177795410156 
v -113.04852294921875 14.381132125854492 48.74150848388672 
v -113.04852294921875 10.934962272644043 48.62284469604492 
v -109.39610290527344 10.934962272644043 48.62284469604492 
v -113.04852294921875 10.934962272644043 48.62284469604492 
v -109.16046142578125 13.121954917907715 -37.468177795410156 
v -112.81288146972656 13.121954917907715 -37.468177795410156 
v -112.81288146972656 25.514911651611328 -37.468177795410156 
v -109.16046142578125 25.514911651611328 -37.468177795410156 
v -113.04852294921875 23.32792091369629 48.62284469604492 
v -109.39610290527344 23.32792091369629 48.62284469604492 
v -105.86150360107422 49.505558013916016 -40.316123962402344 
v -110.10301971435547 54.741085052490234 -36.874855041503906 
v -73.10753631591797 28.4309024810791 -36.9935188293457 
v -43.77035903930664 28.4309024810791 -36.9935188293457 
v -73.10753631591797 28.4309024810791 -45.95268249511719 
v -43.77035903930664 28.4309024810791 -45.95268249511719 
v -57.43748092651367 27.966995239257812 56.09870147705078 
v -26.215179443359375 30.08771514892578 58.23466110229492 
v 2.1794400215148926 30.08771514892578 58.471988677978516 
v 2.1794400215148926 34.32915496826172 59.36197280883789 
v 30.574060440063477 30.153987884521484 58.056663513183594 
v 30.574060440063477 34.32915496826172 59.0059814453125 
v 60.38251876831055 34.39542770385742 58.056663513183594 
v 30.574060440063477 40.75758743286133 60.42995071411133 
v 60.50033950805664 40.82386016845703 59.42130661010742 
v 30.574060440063477 47.71620178222656 60.13329315185547 
v 60.38251876831055 47.782470703125 59.065311431884766 
v 60.50033950805664 52.75291061401367 58.76865005493164 
v 84.6534423828125 52.819183349609375 57.8193359375 
v -26.568639755249023 27.966995239257812 56.69202423095703 
v 2.297260046005249 27.966995239257812 56.929351806640625 
v 30.927520751953125 27.966995239257812 56.573360443115234 
v 60.50033950805664 30.153987884521484 57.10734939575195 
v 84.6534423828125 34.39542770385742 57.166683197021484 
v 84.6534423828125 40.890132904052734 58.35332489013672 
v 84.6534423828125 47.8487434387207 57.9379997253418 
v 97.1423568725586 52.819183349609375 57.22601318359375 
v 97.1423568725586 47.915016174316406 57.22601318359375 
v 97.1423568725586 41.02267837524414 57.34467697143555 
v 97.1423568725586 34.461700439453125 56.336029052734375 
v 97.1423568725586 30.220260620117188 55.56471252441406 
v 103.03336334228516 30.28653335571289 54.793392181396484 
v 103.03336334228516 28.497175216674805 54.2000732421875 
v 103.26899719238281 34.52797317504883 55.446048736572266 
v 103.504638671875 41.02267837524414 56.7513542175293 
v 103.26899719238281 47.98128890991211 56.69202423095703 
v 103.03336334228516 52.88545608520508 56.45469665527344 
v 61.32508087158203 27.966995239257812 55.74271011352539 
v 84.6534423828125 30.220260620117188 56.15803527832031 
v 85.8316421508789 27.966995239257812 54.97138977050781 
v 98.4383773803711 28.09954071044922 54.55606460571289 
v 2.1794400215148926 40.75758743286133 60.72661209106445 
v 2.1794400215148926 47.64992904663086 60.72661209106445 
v 2.1794400215148926 52.68663787841797 60.13329315185547 
v 30.574060440063477 52.68663787841797 59.77729797363281 
v -73.10753631591797 134.7982635498047 -60.72639846801758 
v -80.76583862304688 129.4964599609375 -59.65842056274414 
v -80.76583862304688 134.7982635498047 -60.72639846801758 
v -92.31220245361328 127.50829315185547 -59.06509780883789 
v -94.90424346923828 132.5449981689453 -60.25174331665039 
v -99.49922180175781 123.39939880371094 -58.11578369140625 
v -103.74073791503906 126.84556579589844 -59.005767822265625 
v -103.50509643554688 115.1153335571289 -56.3358154296875 
v -109.04264068603516 116.77214813232422 -56.81047439575195 
v -106.56842041015625 103.65019226074219 -53.66586685180664 
v -112.57723999023438 104.51173400878906 -53.962528228759766 
v -108.68917846679688 92.45013427734375 -52.063899993896484 
v -114.8158187866211 92.84777069091797 -52.18256378173828 
v -109.6317367553711 83.70216369628906 -50.46192932128906 
v -115.8761978149414 83.70216369628906 -50.46192932128906 
v -115.8761978149414 69.85121154785156 -49.334617614746094 
v -73.10753631591797 129.4964599609375 -59.65842056274414 
v -43.77035903930664 134.7982635498047 -60.72639846801758 
v -43.77035903930664 129.4964599609375 -59.65842056274414 
v -37.05461883544922 134.7982635498047 -60.72639846801758 
v -37.05461883544922 129.4964599609375 -59.65842056274414 
v -6.421420097351074 134.7982635498047 -60.72639846801758 
v -6.421420097351074 129.4964599609375 -59.65842056274414 
v 6.185319900512695 134.7982635498047 -60.72639846801758 
v 6.185319900512695 129.4964599609375 -59.65842056274414 
v 36.818519592285156 129.4964599609375 -59.65842056274414 
v 36.818519592285156 134.7982635498047 -60.72639846801758 
v 43.53425979614258 129.4964599609375 -59.65842056274414 
v 36.818519592285156 95.83003234863281 -53.19121170043945 
v 43.53425979614258 95.83003234863281 -53.19121170043945 
v 36.818519592285156 62.163604736328125 -47.96997833251953 
v 43.53425979614258 62.163604736328125 -47.96997833251953 
v 36.818519592285156 28.4309024810791 -45.95268249511719 
v 43.53425979614258 28.4309024810791 -45.95268249511719 
v 43.53425979614258 13.784680366516113 -45.95268249511719 
v 72.8714370727539 13.784680366516113 -45.95268249511719 
v 72.8714370727539 28.4309024810791 -45.95268249511719 
v 80.52973937988281 13.784680366516113 -45.95268249511719 
v 80.52973937988281 28.4309024810791 -45.95268249511719 
v 80.52973937988281 62.163604736328125 -47.96997833251953 
v 109.39563751220703 13.784680366516113 -45.95268249511719 
v 109.39563751220703 28.4309024810791 -45.95268249511719 
v 115.75791931152344 16.23676300048828 -45.95268249511719 
v 115.75791931152344 28.4309024810791 -45.95268249511719 
v 109.39563751220703 42.281856536865234 -47.079994201660156 
v 115.75791931152344 42.281856536865234 -47.079994201660156 
v 109.39563751220703 56.06653594970703 -48.207305908203125 
v 115.75791931152344 56.06653594970703 -48.207305908203125 
v 109.39563751220703 69.85121154785156 -49.334617614746094 
v 115.75791931152344 69.85121154785156 -49.334617614746094 
v 109.39563751220703 83.70216369628906 -50.46192932128906 
v 115.75791931152344 83.70216369628906 -50.46192932128906 
v 114.69754028320312 92.84777069091797 -52.18256378173828 
v 108.5708999633789 92.45013427734375 -52.063899993896484 
v 112.34114074707031 104.51173400878906 -53.962528228759766 
v 106.33232116699219 103.65019226074219 -53.66586685180664 
v 108.8065414428711 116.77214813232422 -56.81047439575195 
v 103.26899719238281 115.1153335571289 -56.3358154296875 
v 103.504638671875 126.84556579589844 -59.005767822265625 
v 99.38094329833984 123.39939880371094 -58.11578369140625 
v 94.66813659667969 132.5449981689453 -60.25174331665039 
v 92.07610321044922 127.50829315185547 -59.06509780883789 
v 80.52973937988281 134.7982635498047 -60.72639846801758 
v 80.52973937988281 129.4964599609375 -59.65842056274414 
v 72.8714370727539 134.7982635498047 -60.72639846801758 
v 72.8714370727539 129.4964599609375 -59.65842056274414 
v 43.53425979614258 134.7982635498047 -60.72639846801758 
v 72.8714370727539 95.83003234863281 -53.19121170043945 
v 80.52973937988281 95.83003234863281 -53.19121170043945 
v 72.8714370727539 62.163604736328125 -47.96997833251953 
v -109.6317367553711 69.85121154785156 -49.334617614746094 
v -115.8761978149414 56.06653594970703 -48.207305908203125 
v -109.6317367553711 56.06653594970703 -48.207305908203125 
v -115.8761978149414 42.281856536865234 -47.079994201660156 
v -109.6317367553711 42.281856536865234 -47.079994201660156 
v -115.8761978149414 28.4309024810791 -45.95268249511719 
v -109.6317367553711 28.4309024810791 -45.95268249511719 
v -115.8761978149414 16.23676300048828 -45.95268249511719 
v -109.6317367553711 13.784680366516113 -45.95268249511719 
v -80.76583862304688 28.4309024810791 -45.95268249511719 
v -80.76583862304688 13.784680366516113 -45.95268249511719 
v -73.10753631591797 28.4309024810791 -45.95268249511719 
v -73.10753631591797 13.784680366516113 -45.95268249511719 
v -43.77035903930664 28.4309024810791 -45.95268249511719 
v -43.77035903930664 13.784680366516113 -45.95268249511719 
v -37.05461883544922 28.4309024810791 -45.95268249511719 
v -37.05461883544922 13.784680366516113 -45.95268249511719 
v -6.421420097351074 28.4309024810791 -45.95268249511719 
v -6.421420097351074 13.784680366516113 -45.95268249511719 
v 6.185319900512695 28.4309024810791 -45.95268249511719 
v 6.185319900512695 13.784680366516113 -45.95268249511719 
v 36.818519592285156 13.784680366516113 -45.95268249511719 
v 6.185319900512695 62.163604736328125 -47.96997833251953 
v -6.421420097351074 62.163604736328125 -47.96997833251953 
v 6.185319900512695 95.83003234863281 -53.19121170043945 
v -6.421420097351074 95.83003234863281 -53.19121170043945 
v -80.76583862304688 62.163604736328125 -47.96997833251953 
v -73.10753631591797 62.163604736328125 -47.96997833251953 
v -80.76583862304688 95.83003234863281 -53.19121170043945 
v -73.10753631591797 95.83003234863281 -53.19121170043945 
v -37.05461883544922 95.83003234863281 -53.19121170043945 
v -43.77035903930664 95.83003234863281 -53.19121170043945 
v -37.05461883544922 62.163604736328125 -47.96997833251953 
v -43.77035903930664 62.163604736328125 -47.96997833251953 
v 105.9788589477539 111.93424987792969 -48.50396728515625 
v 101.0304183959961 123.33312225341797 -52.479225158691406 
v 106.0966796875 111.86798095703125 -42.39274978637695 
v 101.0304183959961 123.46566772460938 -47.91064453125 
v 99.26312255859375 123.20057678222656 -45.30002975463867 
v 95.61070251464844 126.91183471679688 -47.49531936645508 
v 93.37212371826172 123.995849609375 -44.884700775146484 
v 90.66226196289062 128.104736328125 -47.37665557861328 
v 72.75361633300781 126.64674377441406 -44.528709411621094 
v 72.40016174316406 130.95445251464844 -47.257991790771484 
v 37.99671936035156 128.63491821289062 -44.944034576416016 
v 38.114540100097656 133.2077178955078 -47.55465316772461 
v 0.8834199905395508 128.76747131347656 -46.36800765991211 
v 0.7656000256538391 133.47280883789062 -48.9786262512207 
v -36.936798095703125 133.14144897460938 -47.43598556518555 
v -37.4080810546875 134.1355438232422 -50.10593795776367 
v -73.46099853515625 132.2799072265625 -49.393951416015625 
v -73.57881927490234 132.14736938476562 -53.547203063964844 
v -92.43002319335938 129.2313690185547 -48.800628662109375 
v -93.01911926269531 129.0988311767578 -52.36056137084961 
v -100.08831787109375 123.20057678222656 -47.020660400390625 
v -101.14869689941406 123.13430786132812 -51.11458206176758 
v -105.39022064208984 112.13307189941406 -47.96997833251953 
v 73.22489929199219 131.81600952148438 -49.927940368652344 
v 91.25135803222656 128.90000915527344 -49.927940368652344 
v 96.67108154296875 127.4420166015625 -49.749942779541016 
v 38.585819244384766 134.1355438232422 -50.343265533447266 
v 38.585819244384766 134.06927490234375 -54.733848571777344 
v 0.7656000256538391 134.53317260742188 -51.470577239990234 
v 0.7656000256538391 134.5994415283203 -55.44583511352539 
v -37.4080810546875 134.06927490234375 -54.555850982666016 
v 96.67108154296875 127.24320220947266 -53.7845344543457 
v 91.25135803222656 128.70120239257812 -53.962528228759766 
v 73.22489929199219 131.68345642089844 -54.199859619140625 
v 104.09374237060547 111.73543548583984 -38.89215087890625 
v 97.1423568725586 112.13307189941406 -38.23949432373047 
v 106.92141723632812 95.0347671508789 -32.246944427490234 
v 99.14530181884766 95.16731262207031 -31.95028305053711 
v 107.62834167480469 77.87018585205078 -27.025711059570312 
v 99.38094329833984 78.00273132324219 -26.66971778869629 
v 108.5708999633789 64.61568450927734 -24.177764892578125 
v 99.38094329833984 64.68196105957031 -23.465778350830078 
v 107.5105209350586 60.70560836791992 -23.762439727783203 
v 99.14530181884766 60.50679397583008 -23.287782669067383 
v 100.20568084716797 59.777793884277344 -28.271686553955078 
v 73.93182373046875 60.50679397583008 -23.22844886779785 
v 74.99220275878906 59.777793884277344 -28.21235466003418 
v 38.82146072387695 59.777793884277344 -28.093690872192383 
v 75.11002349853516 60.042884826660156 -37.94283676147461 
v 38.82146072387695 60.042884826660156 -37.82416915893555 
v 73.81400299072266 64.81450653076172 -23.40644645690918 
v 38.350181579589844 60.50679397583008 -23.109785079956055 
v 38.23236083984375 64.94705200195312 -23.287782669067383 
v 1.0012400150299072 65.01332092285156 -23.22844886779785 
v 38.23236083984375 78.99681854248047 -26.55105209350586 
v 1.0012400150299072 79.32818603515625 -26.432388305664062 
v 38.114540100097656 96.9566650390625 -31.831619262695312 
v 1.0012400150299072 97.75193786621094 -31.178964614868164 
v 1.0012400150299072 115.31414794921875 -39.188812255859375 
v -36.58333969116211 114.71769714355469 -38.595489501953125 
v -36.7011604309082 128.4361114501953 -45.122032165527344 
v -72.9897232055664 126.71302032470703 -44.350711822509766 
v -72.51844024658203 131.3520965576172 -46.84266662597656 
v -95.02205657958984 123.53193664550781 -44.70670700073242 
v -90.07362365722656 128.76747131347656 -46.84266662597656 
v -36.34769821166992 97.28803253173828 -30.644973754882812 
v -73.10753631591797 96.1613998413086 -30.941635131835938 
v -73.57881927490234 113.52479553222656 -38.002166748046875 
v -99.26358032226562 112.00052642822266 -38.536155700683594 
v -105.03675842285156 112.00052642822266 -41.7994270324707 
v -107.39315795898438 95.10103607177734 -36.04420471191406 
v -100.67742156982422 95.0347671508789 -32.068946838378906 
v -100.44178009033203 77.60509490966797 -26.847713470458984 
v -72.40061950683594 78.267822265625 -26.195058822631836 
v -72.40061950683594 64.74822998046875 -22.991121292114258 
v -36.229881286621094 64.94705200195312 -23.109785079956055 
v -36.34769821166992 60.50679397583008 -22.93178939819336 
v 1.0012400150299072 60.50679397583008 -22.991121292114258 
v 1.0012400150299072 59.777793884277344 -27.975025177001953 
v -36.8189811706543 59.777793884277344 -27.856361389160156 
v -72.9897232055664 60.440521240234375 -22.81312370300293 
v -100.44178009033203 64.2843246459961 -23.643775939941406 
v -107.27533721923828 77.34000396728516 -31.41629409790039 
v -108.92481994628906 95.83003234863281 -43.757389068603516 
v -109.04264068603516 78.1352767944336 -40.316123962402344 
v -108.57135772705078 64.21805572509766 -38.12083053588867 
v -107.98226165771484 63.886688232421875 -28.568347930908203 
v -103.50509643554688 59.777793884277344 -27.73769760131836 
v -98.79229736328125 60.30797576904297 -23.169116973876953 
v -74.05010223388672 59.71152114868164 -27.73769760131836 
v -74.16792297363281 59.91033935546875 -37.52751159667969 
v -36.8189811706543 60.042884826660156 -37.58684158325195 
v 1.0012400150299072 60.042884826660156 -37.70550537109375 
v -103.74073791503906 60.042884826660156 -37.468177795410156 
v 73.46054077148438 113.39225006103516 -38.12083053588867 
v 38.114540100097656 115.04905700683594 -38.002166748046875 
v 73.81400299072266 95.83003234863281 -31.95028305053711 
v 73.93182373046875 78.4003677368164 -26.61038589477539 
v 109.27781677246094 95.0347671508789 -36.518863677978516 
v 109.51345825195312 95.10103607177734 -44.23204803466797 
v 109.8669204711914 77.67137145996094 -31.712953567504883 
v 109.51345825195312 64.2843246459961 -29.102336883544922 
v 110.69165802001953 77.53882598876953 -40.79077911376953 
v 109.63127899169922 64.48313903808594 -38.71415328979492 
v 108.688720703125 60.440521240234375 -38.12083053588867 
v 108.09961700439453 60.17543029785156 -28.390350341796875 
v 101.0304183959961 60.042884826660156 -38.002166748046875 
v -36.229881286621094 78.99681854248047 -26.313724517822266 
v 101.0304183959961 60.042884826660156 -38.002166748046875 
v 75.11002349853516 60.042884826660156 -37.94283676147461 
v 101.26605987548828 61.03697204589844 -43.342063903808594 
v 74.4030990600586 61.03697204589844 -43.28273391723633 
v 74.52091979980469 65.34468841552734 -44.588043212890625 
v 38.114540100097656 65.47722625732422 -44.46937561035156 
v 74.4030990600586 78.93054962158203 -46.664669036865234 
v 38.114540100097656 79.5270004272461 -46.54600524902344 
v 38.114540100097656 97.42057800292969 -49.334617614746094 
v 1.1190600395202637 79.7920913696289 -46.42734146118164 
v 1.0012400150299072 98.01702880859375 -49.0972900390625 
v -36.465518951416016 97.42057800292969 -49.0972900390625 
v -36.58333969116211 115.1153335571289 -51.17391586303711 
v -74.40355682373047 96.69157409667969 -49.334617614746094 
v -73.93228149414062 113.78987884521484 -52.53855514526367 
v -100.67742156982422 112.3318862915039 -52.00456619262695 
v -73.57881927490234 126.51420593261719 -54.91184616088867 
v -97.49627685546875 123.33312225341797 -53.606536865234375 
v -72.9897232055664 131.08700561523438 -55.56449890136719 
v -92.0765609741211 128.50238037109375 -54.140525817871094 
v -73.57881927490234 132.14736938476562 -53.547203063964844 
v -93.01911926269531 129.0988311767578 -52.36056137084961 
v -37.4080810546875 134.06927490234375 -54.555850982666016 
v -36.936798095703125 133.07518005371094 -56.57314682006836 
v -36.7011604309082 128.63491821289062 -55.149173736572266 
v 0.8834199905395508 129.16510009765625 -55.505165100097656 
v 0.8834199905395508 115.91059875488281 -50.99591827392578 
v 38.114540100097656 115.1153335571289 -51.4112434387207 
v 73.46054077148438 113.52479553222656 -53.013214111328125 
v 74.1674575805664 96.2939453125 -49.80927658081055 
v 100.7947769165039 95.56494140625 -49.80927658081055 
v 102.2086181640625 78.46663665771484 -46.664669036865234 
v 102.3264389038086 65.27841186523438 -44.64737319946289 
v 108.45307922363281 61.169517517089844 -42.92673873901367 
v 108.688720703125 60.440521240234375 -38.12083053588867 
v 37.99671936035156 128.63491821289062 -55.38650131225586 
v 38.114540100097656 133.07518005371094 -56.81047439575195 
v 0.7656000256538391 133.60536193847656 -57.16646957397461 
v 0.7656000256538391 134.5994415283203 -55.44583511352539 
v 1.0012400150299072 65.54350280761719 -44.350711822509766 
v -36.34769821166992 79.5270004272461 -46.30867385864258 
v -36.229881286621094 65.47722625732422 -44.2913818359375 
v -74.05010223388672 79.19564056396484 -46.24934387207031 
v -73.22535705566406 65.34468841552734 -44.1727180480957 
v -103.85855865478516 78.93054962158203 -45.35935974121094 
v -102.44471740722656 64.88077545166016 -43.342063903808594 
v -109.04264068603516 78.1352767944336 -40.316123962402344 
v -108.57135772705078 64.21805572509766 -38.12083053588867 
v -103.38728332519531 96.1613998413086 -48.563297271728516 
v -108.92481994628906 95.83003234863281 -43.757389068603516 
v -105.39022064208984 112.13307189941406 -47.96997833251953 
v -101.14869689941406 123.13430786132812 -51.11458206176758 
v 109.63127899169922 64.48313903808594 -38.71415328979492 
v 109.16000366210938 65.01332092285156 -43.87605667114258 
v 110.69165802001953 77.53882598876953 -40.79077911376953 
v 109.51345825195312 77.87018585205078 -45.715354919433594 
v 108.45307922363281 95.23358154296875 -48.44463348388672 
v 38.585819244384766 134.06927490234375 -54.733848571777344 
v 72.40016174316406 130.6230926513672 -56.2171516418457 
v 72.75361633300781 126.38166046142578 -55.56449890136719 
v 93.37212371826172 123.79702758789062 -55.44583511352539 
v 97.37799835205078 112.1993408203125 -53.19121170043945 
v 99.26312255859375 123.00176239013672 -54.85251235961914 
v 104.21156311035156 111.80170440673828 -51.885902404785156 
v 105.9788589477539 111.93424987792969 -48.50396728515625 
v 109.51345825195312 95.10103607177734 -44.23204803466797 
v 73.22489929199219 131.68345642089844 -54.199859619140625 
v 91.25135803222656 128.70120239257812 -53.962528228759766 
v 90.54444122314453 127.70710754394531 -55.92049026489258 
v 95.61070251464844 126.58047485351562 -55.62383270263672 
v 96.67108154296875 127.24320220947266 -53.7845344543457 
v 101.0304183959961 123.33312225341797 -52.479225158691406 
v -103.74073791503906 60.042884826660156 -37.468177795410156 
v -99.38140106201172 60.83815383911133 -42.33341979980469 
v -74.16792297363281 59.91033935546875 -37.52751159667969 
v -73.22535705566406 60.970699310302734 -42.867408752441406 
v -36.34769821166992 61.03697204589844 -42.92673873901367 
v -36.8189811706543 60.042884826660156 -37.58684158325195 
v 1.0012400150299072 61.03697204589844 -43.04540252685547 
v 1.0012400150299072 60.042884826660156 -37.70550537109375 
v 38.23236083984375 61.03697204589844 -43.16407012939453 
v 38.82146072387695 60.042884826660156 -37.82416915893555 
v 109.39563751220703 68.26067352294922 31.11984634399414 
v 80.52973937988281 130.29173278808594 -55.26783752441406 
v -115.8761978149414 68.26067352294922 31.11984634399414 
v -109.6317367553711 28.4309024810791 -36.9935188293457 
v -115.8761978149414 28.4309024810791 31.11984634399414 
v -109.6317367553711 28.4309024810791 31.11984634399414 
vn -0.15214018523693085 -0.8845678567886353 0.4409002661705017 
vn 0.1353262960910797 -0.8833634257316589 0.4487268626689911 
vn -0.3848245441913605 -0.18532173335552216 0.9041935205459595 
vn 0.3568125367164612 -0.18792285025119781 0.9150791168212891 
vn -0.39172157645225525 0.11145439743995667 0.913308322429657 
vn 0.3625142574310303 0.11107184737920761 0.9253358840942383 
vn -0.17734737694263458 0.7431436777114868 0.6452018022537231 
vn 0.15717709064483643 0.7418774962425232 0.651853621006012 
vn -0.22268010675907135 0.9707789421081543 0.08945280313491821 
vn 0.22460059821605682 0.9694949984550476 0.0981530249118805 
vn -0.20986858010292053 0.9776685833930969 -0.010923261754214764 
vn 0.21725408732891083 0.9760931134223938 -0.006554040592163801 
vn -0.20427733659744263 0.9773897528648376 -0.05459024757146835 
vn 0.2153984010219574 0.9752337336540222 -0.05022686347365379 
vn -0.20791366696357727 0.96908038854599 -0.1328723281621933 
vn 0.2134328931570053 0.9690300822257996 -0.1242060661315918 
vn -0.15754885971546173 0.7533227801322937 -0.6385006904602051 
vn 0.1687159687280655 0.7537522315979004 -0.6351318359375 
vn -0.3786771297454834 -0.018898990005254745 -0.9253358840942383 
vn 0.3869253396987915 -0.015107817947864532 -0.9219872951507568 
vn -0.3685745596885681 -0.3498511016368866 -0.8612531423568726 
vn 0.3834797143936157 -0.34477850794792175 -0.8567795157432556 
vn -0.13363000750541687 -0.9197655320167542 -0.3690181374549866 
vn 0.14098314940929413 -0.9202893972396851 -0.3649536371231079 
vn -0.9252743124961853 0.34034523367881775 -0.16742929816246033 
vn -0.929054856300354 0.36848825216293335 -0.03276457265019417 
vn -0.9348354935646057 0.35453635454177856 -0.01966099627315998 
vn -0.9346894025802612 0.3330594003200531 0.1242060661315918 
vn -0.39172157645225525 0.11145439743995667 0.913308322429657 
vn -0.9266347885131836 -0.37565159797668457 -0.0152922747656703 
vn -0.929445207118988 -0.3686431050300598 -0.0152922747656703 
vn -0.9350082278251648 -0.3367440700531006 0.1111890971660614 
vn -0.3848245441913605 -0.18532173335552216 0.9041935205459595 
vn -0.18767757713794708 -0.9822282791137695 0.002184694167226553 
vn -0.20240981876850128 -0.9788891077041626 0.028397228568792343 
vn -0.15214018523693085 -0.8845678567886353 0.4409002661705017 
vn -0.18025460839271545 -0.9836175441741943 0.002184694167226553 
vn -0.9241243004798889 -0.3613406717777252 -0.1242060661315918 
vn -0.18764175474643707 -0.9820407629013062 -0.01966099627315998 
vn -0.3685745596885681 -0.3498511016368866 -0.8612531423568726 
vn -0.13363000750541687 -0.9197655320167542 -0.3690181374549866 
vn -0.3786771297454834 -0.018898990005254745 -0.9253358840942383 
vn 0.999997615814209 0 -0.002184694167226553 
vn 0.999997615814209 0 -0.002184694167226553 
vn 0.999997615814209 0 -0.002184694167226553 
vn 0.999997615814209 0 -0.002184694167226553 
vn 3.097011308430403e-13 -0.999711275100708 -0.024029340595006943 
vn 3.097011308430403e-13 -0.999711275100708 -0.024029340595006943 
vn 3.097011308430403e-13 -0.999711275100708 -0.024029340595006943 
vn 3.097011308430403e-13 -0.999711275100708 -0.024029340595006943 
vn -1.0338169258378507e-13 0.999711275100708 0.024029340595006943 
vn -1.0338169258378507e-13 0.999711275100708 0.024029340595006943 
vn -1.0338169258378507e-13 0.999711275100708 0.024029340595006943 
vn -1.0338169258378507e-13 0.999711275100708 0.024029340595006943 
vn -1.0338169258378507e-13 0.999711275100708 0.024029340595006943 
vn -1.0338169258378507e-13 0.999711275100708 0.024029340595006943 
vn -1.0338169258378507e-13 0.999711275100708 0.024029340595006943 
vn -1.0338169258378507e-13 0.999711275100708 0.024029340595006943 
vn 0.999997615814209 0 -0.002184694167226553 
vn 0.999997615814209 0 -0.002184694167226553 
vn 0.999997615814209 0 -0.002184694167226553 
vn 0.999997615814209 0 -0.002184694167226553 
vn 0.12989084422588348 -0.9203010201454163 -0.3690181374549866 
vn 0.18764175474643707 -0.9820407629013062 -0.01966099627315998 
vn -0.13725145161151886 -0.9208533763885498 -0.3649536371231079 
vn -0.18765608966350555 -0.9821157455444336 -0.0152922747656703 
vn -0.9298819899559021 -0.3545215427875519 -0.0981530249118805 
vn -0.9266347885131836 -0.37565159797668457 0.0152922747656703 
vn -0.9295339584350586 0.3686783015727997 -0.006554040592163801 
vn -0.9322916269302368 0.3616480827331543 0.006554040592163801 
vn -0.21725408732891083 0.9760931134223938 -0.006554040592163801 
vn -0.22460059821605682 0.9694949984550476 0.0981530249118805 
vn 0.20986858010292053 0.9776685833930969 -0.010923261754214764 
vn 0.2263573706150055 0.9699280858039856 0.08945280313491821 
vn 0.9346894025802612 0.3330594003200531 0.1242060661315918 
vn 0.39172157645225525 0.11145439743995667 0.913308322429657 
vn 0.38317883014678955 -0.18870095908641815 0.9041935205459595 
vn 0.18025460839271545 -0.9836175441741943 0.002184694167226553 
vn -0.18025116622447968 -0.9835987687110901 0.006554040592163801 
vn -0.929445207118988 -0.3686431050300598 0.0152922747656703 
vn -0.9321509003639221 0.3294580280780792 0.15017375349998474 
vn -0.15717709064483643 0.7418774962425232 0.651853621006012 
vn 0.1736801564693451 0.7440093159675598 0.6452018022537231 
vn 0.18767757713794708 -0.9822282791137695 0.002184694167226553 
vn -0.18025116622447968 -0.9835987687110901 0.006554040592163801 
vn -0.9296587705612183 -0.34015321731567383 0.1415284425020218 
vn -0.3613957166671753 0.11465899646282196 0.9253358840942383 
vn 0.20240981876850128 -0.9788891077041626 0.028397228568792343 
vn -0.19495578110218048 -0.980108916759491 0.03713129088282585 
vn -0.3550451695919037 -0.19124092161655426 0.9150791168212891 
vn 0.15585897862911224 -0.8839201927185059 0.4409002661705017 
vn -0.1353262960910797 -0.8833634257316589 0.4487268626689911 
vn 0.999997615814209 0 0.002184694167226553 
vn 0.999997615814209 0 0.002184694167226553 
vn 0.999997615814209 0 0.002184694167226553 
vn 0.999997615814209 0 0.002184694167226553 
vn 0.999997615814209 0 0.002184694167226553 
vn 0.999997615814209 0 0.002184694167226553 
vn 0.999997615814209 0 0.002184694167226553 
vn 0.999997615814209 0 0.002184694167226553 
vn 0.999997615814209 0 0.002184694167226553 
vn 0.999997615814209 0 0.002184694167226553 
vn 0.999997615814209 0 0.002184694167226553 
vn 0.999997615814209 0 0.002184694167226553 
vn 0.999997615814209 0 0.002184694167226553 
vn 0.999997615814209 0 0.002184694167226553 
vn 0.999997615814209 0 0.002184694167226553 
vn 0.999997615814209 0 0.002184694167226553 
vn 0.9896644353866577 0.14298582077026367 -0.010923261754214764 
vn 0.9884998202323914 0.15044690668582916 -0.0152922747656703 
vn 0.9637488722801208 0.2611667513847351 -0.05459024757146835 
vn 0.9637488722801208 0.2611667513847351 -0.05459024757146835 
vn 0.9637488722801208 0.2611667513847351 -0.05459024757146835 
vn 0.9637488722801208 0.2611667513847351 -0.05459024757146835 
vn 0.8904444575309753 0.44438114762306213 -0.0981530249118805 
vn 0.8904444575309753 0.44438114762306213 -0.0981530249118805 
vn 0.5436084270477295 0.8233357667922974 -0.16312000155448914 
vn 0.5436084270477295 0.8233357667922974 -0.16312000155448914 
vn 0.16526982188224792 0.966270923614502 -0.1975002884864807 
vn 0.16526982188224792 0.966270923614502 -0.1975002884864807 
vn 0.999997615814209 0 0.002184694167226553 
vn 0.999997615814209 0 0.002184694167226553 
vn 0.999997615814209 0 0.002184694167226553 
vn 0.999997615814209 0 0.002184694167226553 
vn 0.999997615814209 0 0.002184694167226553 
vn 0.999997615814209 0 0.002184694167226553 
vn 0.999997615814209 0 0.002184694167226553 
vn 0.999997615814209 0 0.002184694167226553 
vn 0.999997615814209 0 0.002184694167226553 
vn 0.999997615814209 0 0.002184694167226553 
vn 0.999997615814209 0 0.002184694167226553 
vn 0.999997615814209 0 0.002184694167226553 
vn 0.999997615814209 0 0.002184694167226553 
vn 0.999997615814209 0 0.002184694167226553 
vn 0.999997615814209 0 0.002184694167226553 
vn 0.999997615814209 0 0.002184694167226553 
vn 0.999997615814209 0 0.002184694167226553 
vn 0.999997615814209 0 0.002184694167226553 
vn 0.999997615814209 0 0.002184694167226553 
vn 0.999997615814209 0 0.002184694167226553 
vn 0.999997615814209 0 0.002184694167226553 
vn 0.999997615814209 0 0.002184694167226553 
vn 0.999997615814209 0 0.002184694167226553 
vn 0.999997615814209 0 0.002184694167226553 
vn 0.999997615814209 0 0.002184694167226553 
vn -0.999997615814209 -2.0682260971124217e-13 0.002184694167226553 
vn -0.999997615814209 -2.0682260971124217e-13 0.002184694167226553 
vn -0.999997615814209 -2.0682260971124217e-13 0.002184694167226553 
vn -0.999997615814209 -2.0682260971124217e-13 0.002184694167226553 
vn -0.999997615814209 -2.0682260971124217e-13 0.002184694167226553 
vn -0.999997615814209 -2.0682260971124217e-13 0.002184694167226553 
vn 3.097898456858039e-13 -0.999997615814209 0.002184694167226553 
vn 3.097898456858039e-13 -0.999997615814209 0.002184694167226553 
vn 3.097898456858039e-13 -0.999997615814209 0.002184694167226553 
vn 3.097898456858039e-13 -0.999997615814209 0.002184694167226553 
vn -1.3964420643593732e-14 0.13503733277320862 -0.990840494632721 
vn 0.007515863515436649 -0.047453295439481735 -0.9988451600074768 
vn -1.3964420643593732e-14 0.13503733277320862 -0.990840494632721 
vn 0.007515863515436649 -0.047453295439481735 -0.9988451600074768 
vn -2.0682311115474694e-13 0 -1 
vn -2.0682311115474694e-13 0 -1 
vn -1.0341130485562108e-13 0.999997615814209 0.002184694167226553 
vn -1.0341130485562108e-13 0.999997615814209 0.002184694167226553 
vn -1.0341130485562108e-13 0.999997615814209 0.002184694167226553 
vn -1.0341130485562108e-13 0.999997615814209 0.002184694167226553 
vn -0.38599422574043274 -0.3419610559940338 -0.8567795157432556 
vn -0.9270380735397339 0.3472321331501007 -0.1415284425020218 
vn -0.3869253396987915 -0.015107817947864532 -0.9219872951507568 
vn -0.2134328931570053 0.9690300822257996 -0.1242060661315918 
vn -0.1687159687280655 0.7537522315979004 -0.6351318359375 
vn 0.15754885971546173 0.7533227801322937 -0.6385006904602051 
vn 0.3784698247909546 -0.022674651816487312 -0.9253358840942383 
vn -0.21171000599861145 0.9760410785675049 -0.05022686347365379 
vn 0.21160240471363068 0.968281626701355 -0.1328723281621933 
vn 0.9252743124961853 0.34034523367881775 -0.16742929816246033 
vn 0.3784698247909546 -0.022674651816487312 -0.9253358840942383 
vn 0.9241243004798889 -0.3613406717777252 -0.1242060661315918 
vn 0.3685745596885681 -0.3498511016368866 -0.8612531423568726 
vn 0.18764175474643707 -0.9820407629013062 -0.01966099627315998 
vn 0.12989084422588348 -0.9203010201454163 -0.3690181374549866 
vn 0.20797088742256165 0.9766104817390442 -0.05459024757146835 
vn 0.929054856300354 0.36848825216293335 -0.03276457265019417 
vn 0.9266347885131836 -0.37565159797668457 -0.0152922747656703 
vn 0.18025460839271545 -0.9836175441741943 0.002184694167226553 
vn 0.9348354935646057 0.35453635454177856 -0.01966099627315998 
vn 0.929445207118988 -0.3686431050300598 -0.0152922747656703 
vn 0.18767757713794708 -0.9822282791137695 0.002184694167226553 
vn 0.9362807273864746 -0.3331897556781769 0.1111890971660614 
vn 0.20240981876850128 -0.9788891077041626 0.028397228568792343 
vn 0.15585897862911224 -0.8839201927185059 0.4409002661705017 
vn -0.3869253396987915 -0.015107817947864532 -0.9219872951507568 
vn 0.3685745596885681 -0.3498511016368866 -0.8612531423568726 
vn -0.38599422574043274 -0.3419610559940338 -0.8567795157432556 
vn 0.12989084422588348 -0.9203010201454163 -0.3690181374549866 
vn -0.13725145161151886 -0.9208533763885498 -0.3649536371231079 
vn -1.0338169258378507e-13 0.999711275100708 0.024029340595006943 
vn -1.0338169258378507e-13 0.999711275100708 0.024029340595006943 
vn -1.0338169258378507e-13 0.999711275100708 0.024029340595006943 
vn -1.0338169258378507e-13 0.999711275100708 0.024029340595006943 
vn 0.0037618461064994335 0.28018245100975037 0.9599394202232361 
vn 0.0037618461064994335 0.28018245100975037 0.9599394202232361 
vn 0.015036527067422867 0.2629587948322296 0.9646899104118347 
vn 0.015036527067422867 0.2629587948322296 0.9646899104118347 
vn 0.0037497419398278 0.21243515610694885 0.9771679639816284 
vn 0.0037497419398278 0.21243515610694885 0.9771679639816284 
vn -0.022491998970508575 0.26665401458740234 0.9635298252105713 
vn -0.022491998970508575 0.26665401458740234 0.9635298252105713 
vn -0.022491998970508575 0.26665401458740234 0.9635298252105713 
vn -0.022491998970508575 0.26665401458740234 0.9635298252105713 
vn -0.011279045604169369 0.3708763122558594 0.9286137819290161 
vn -0.009387599304318428 0.36686667799949646 0.9302261471748352 
vn -0.007525881286710501 0.40719926357269287 0.913308322429657 
vn -0.007525881286710501 0.40719926357269287 0.913308322429657 
vn 0.0018864733865484595 0.7409945726394653 0.6715083718299866 
vn 0.0018864733865484595 0.7409945726394653 0.6715083718299866 
vn -1.0338169258378507e-13 0.999711275100708 0.024029340595006943 
vn -1.0338169258378507e-13 0.999711275100708 0.024029340595006943 
vn -1.0341130485562108e-13 0.999997615814209 0.002184694167226553 
vn -1.0341130485562108e-13 0.999997615814209 0.002184694167226553 
vn -1.0341130485562108e-13 0.999997615814209 0.002184694167226553 
vn -1.0341130485562108e-13 0.999997615814209 0.002184694167226553 
vn -0.0018869141349568963 0.9261600375175476 0.37712597846984863 
vn -0.0018869141349568963 0.9261600375175476 0.37712597846984863 
vn 3.097898456858039e-13 -0.999997615814209 0.002184694167226553 
vn 3.097898456858039e-13 -0.999997615814209 0.002184694167226553 
vn 3.097898456858039e-13 -0.999997615814209 0.002184694167226553 
vn 3.097898456858039e-13 -0.999997615814209 0.002184694167226553 
vn 3.097898456858039e-13 -0.999997615814209 0.002184694167226553 
vn 3.097898456858039e-13 -0.999997615814209 0.002184694167226553 
vn 3.097898456858039e-13 -0.999997615814209 0.002184694167226553 
vn 3.097898456858039e-13 -0.999997615814209 0.002184694167226553 
vn 3.097898456858039e-13 -0.999997615814209 0.002184694167226553 
vn 3.097898456858039e-13 -0.999997615814209 0.002184694167226553 
vn 3.097898456858039e-13 -0.999997615814209 0.002184694167226553 
vn 3.097898456858039e-13 -0.999997615814209 0.002184694167226553 
vn 3.097898456858039e-13 -0.999997615814209 0.002184694167226553 
vn 3.097898456858039e-13 -0.999997615814209 0.002184694167226553 
vn 3.097898456858039e-13 -0.999997615814209 0.002184694167226553 
vn 3.097898456858039e-13 -0.999997615814209 0.002184694167226553 
vn 3.097898456858039e-13 -0.999997615814209 0.002184694167226553 
vn 3.097898456858039e-13 -0.999997615814209 0.002184694167226553 
vn 3.097898456858039e-13 -0.999997615814209 0.002184694167226553 
vn 3.097898456858039e-13 -0.999997615814209 0.002184694167226553 
vn 3.097898456858039e-13 -0.999997615814209 0.002184694167226553 
vn 3.097898456858039e-13 -0.999997615814209 0.002184694167226553 
vn 3.097898456858039e-13 -0.999997615814209 0.002184694167226553 
vn 3.097898456858039e-13 -0.999997615814209 0.002184694167226553 
vn -0.001886497950181365 -0.9836029410362244 0.18033768236637115 
vn -0.001886497950181365 -0.9836029410362244 0.18033768236637115 
vn -0.001886497950181365 -0.9836029410362244 0.18033768236637115 
vn -0.001886497950181365 -0.9836029410362244 0.18033768236637115 
vn -1.0341130485562108e-13 0.999997615814209 0.002184694167226553 
vn -1.0341130485562108e-13 0.999997615814209 0.002184694167226553 
vn -1.0341130485562108e-13 0.999997615814209 0.002184694167226553 
vn -1.0341130485562108e-13 0.999997615814209 0.002184694167226553 
vn -0.999997615814209 -2.0682260971124217e-13 -0.002184694167226553 
vn -0.999997615814209 -2.0682260971124217e-13 -0.002184694167226553 
vn -0.999997615814209 -2.0682260971124217e-13 -0.002184694167226553 
vn -0.999997615814209 -2.0682260971124217e-13 -0.002184694167226553 
vn -0.999997615814209 -2.0682260971124217e-13 0.002184694167226553 
vn -0.999997615814209 -2.0682260971124217e-13 0.002184694167226553 
vn -0.999997615814209 -2.0682260971124217e-13 0.002184694167226553 
vn -0.999997615814209 -2.0682260971124217e-13 0.002184694167226553 
vn -0.999997615814209 -2.0682260971124217e-13 0.002184694167226553 
vn -0.999997615814209 -2.0682260971124217e-13 0.002184694167226553 
vn -0.999997615814209 -2.0682260971124217e-13 0.002184694167226553 
vn -0.999997615814209 -2.0682260971124217e-13 0.002184694167226553 
vn 0.999997615814209 0 -0.002184694167226553 
vn 0.999997615814209 0 -0.002184694167226553 
vn 0.999997615814209 0 -0.002184694167226553 
vn 0.999997615814209 0 -0.002184694167226553 
vn 0.999997615814209 0 0.002184694167226553 
vn 0.999997615814209 0 0.002184694167226553 
vn 0.999997615814209 0 0.002184694167226553 
vn 0.999997615814209 0 0.002184694167226553 
vn -0.999997615814209 -2.0682260971124217e-13 0.002184694167226553 
vn -0.999997615814209 -2.0682260971124217e-13 0.002184694167226553 
vn -0.999997615814209 -2.0682260971124217e-13 0.002184694167226553 
vn -0.999997615814209 -2.0682260971124217e-13 0.002184694167226553 
vn -0.999997615814209 -2.0682260971124217e-13 0.002184694167226553 
vn -0.999997615814209 -2.0682260971124217e-13 0.002184694167226553 
vn -0.999997615814209 -2.0682260971124217e-13 0.002184694167226553 
vn -0.999997615814209 -2.0682260971124217e-13 0.002184694167226553 
vn 0.999997615814209 0 0.002184694167226553 
vn 0.999997615814209 0 0.002184694167226553 
vn 0.999997615814209 0 0.002184694167226553 
vn 0.999997615814209 0 0.002184694167226553 
vn 0.999997615814209 0 0.002184694167226553 
vn 0.999997615814209 0 0.002184694167226553 
vn 0.999997615814209 0 0.002184694167226553 
vn 0.999997615814209 0 0.002184694167226553 
vn 0.42721593379974365 -0.8908528089523315 -0.15449213981628418 
vn 0.8549930453300476 -0.36027970910072327 -0.37307560443878174 
vn 0.4309397339820862 -0.9023146033287048 -0.010923261754214764 
vn 0.9500076174736023 -0.31185203790664673 -0.0152922747656703 
vn 0.42405664920806885 -0.9054222106933594 -0.01966099627315998 
vn 0.9444855451583862 -0.32592180371284485 -0.04149730131030083 
vn 0.4307340681552887 -0.9018839597702026 -0.03276457265019417 
vn 0.9435254335403442 -0.3260127604007721 -0.058952588587999344 
vn 0.4494413137435913 -0.891640305519104 0.05459024757146835 
vn 0.9322254657745361 -0.3330545425415039 0.1415284425020218 
vn 0.6549388766288757 -0.313608318567276 0.6875353455543518 
vn 0.6535598039627075 -0.18618448078632355 0.7336177229881287 
vn 0.24474303424358368 -0.18246492743492126 0.9522643685340881 
vn 0.2327449768781662 -0.08115652203559875 0.9691457152366638 
vn 0.9190966486930847 -0.08293677866458893 -0.3852050006389618 
vn 0.9979826211929321 -0.06036682799458504 -0.01966099627315998 
vn 0.9973157644271851 -0.06032648682594299 -0.04149730131030083 
vn 0.9959504008293152 -0.06787817180156708 -0.058952588587999344 
vn 0.9799349308013916 -0.12044760584831238 0.15880759060382843 
vn 0.6557956337928772 -0.07524553686380386 0.7511792182922363 
vn 0.2275499403476715 0.029957516118884087 0.9733054637908936 
vn 0.999138593673706 0 -0.04149730131030083 
vn 0.9979936480522156 0 -0.0633138045668602 
vn 0.9870499968528748 -0.022638339549303055 0.15880759060382843 
vn 0.6573435068130493 0.06024361774325371 0.7511792182922363 
vn 0.6570046544075012 0.20792174339294434 0.7246471047401428 
vn 0.24164381623268127 0.08128245919942856 0.9669547080993652 
vn 0.41675251722335815 0.7394372820854187 0.528724730014801 
vn 0.23067237436771393 0.4095821678638458 0.882628321647644 
vn 0.08663313090801239 0.9541574120521545 0.2864931523799896 
vn 0.06200074031949043 0.5922985672950745 0.8033295273780823 
vn 0.04527872055768967 0.9505172967910767 0.30735430121421814 
vn 0.03574909642338753 0.5874052047729492 0.8085030317306519 
vn 0.03958114981651306 0.9317710995674133 0.36088213324546814 
vn 0.03387819603085518 0.5624726414680481 0.8261215686798096 
vn 0.018852943554520607 0.9192363023757935 0.3932546079158783 
vn 0.020710432901978493 0.5594937801361084 0.8285757899284363 
vn 0.005657041911035776 0.915940523147583 0.401274174451828 
vn -5.752280704714174e-14 0.5562512278556824 0.8310141563415527 
vn -0.016970261931419373 0.9158007502555847 0.401274174451828 
vn -0.015056656673550606 0.541433572769165 0.8406086564064026 
vn -0.03198542073369026 0.5443718433380127 0.838234007358551 
vn -0.016780538484454155 0.1644209623336792 0.9862475395202637 
vn -0.03121214359998703 0.12245846539735794 0.9919826984405518 
vn -0.029053686186671257 0.026485934853553772 0.9992268681526184 
vn -0.04131331294775009 -0.014182877726852894 0.9990455508232117 
vn -0.03259085863828659 -0.0762501060962677 0.9965559244155884 
vn -0.045759785920381546 -0.07431861013174057 0.9961841106414795 
vn -0.027991849929094315 -0.18032649159431458 0.983208417892456 
vn -0.042268719524145126 -0.13733318448066711 0.9896226525306702 
vn -0.03184676170349121 -0.30778932571411133 0.9509214162826538 
vn -0.030024008825421333 -0.2616715133190155 0.9646899104118347 
vn -0.016975628212094307 -0.829623281955719 0.5580654144287109 
vn -0.033927883952856064 -0.7986888289451599 0.6007870435714722 
vn 0.9973157644271851 0.06032648682594299 -0.04149730131030083 
vn 0.9959504008293152 0.06787817180156708 -0.058952588587999344 
vn 0.9831122756004333 0.08295836299657822 0.16312000155448914 
vn 0.944486677646637 0.28268781304359436 0.16742929816246033 
vn 0.5578932166099548 0.8154062628746033 0.15449213981628418 
vn 0.09230349212884903 0.9913026094436646 0.09380380809307098 
vn 0.056559983640909195 0.9951286911964417 0.08074574917554855 
vn 0.06032252684235573 0.9924440383911133 0.10684575140476227 
vn 0.03207532316446304 0.9906139969825745 0.1328723281621933 
vn 0.007548397872596979 0.9899054169654846 0.1415284425020218 
vn -0.024528197944164276 0.988355278968811 0.15017375349998474 
vn -0.041483018547296524 0.9284959435462952 0.3690181374549866 
vn -0.026355987414717674 0.5628752708435059 0.8261215686798096 
vn -0.039294663816690445 0.07302172482013702 0.9965559244155884 
vn -0.04322846978902817 -0.03680093213915825 0.9983872175216675 
vn -0.04345840588212013 -0.06545453518629074 0.9969087839126587 
vn -0.03136399760842323 -0.11344432830810547 0.9930492043495178 
vn -0.054008323699235916 -0.23180143535137177 0.9712626934051514 
vn -0.17299409210681915 -0.6128702759742737 0.7710143327713013 
vn 0.0603460818529129 0.9976396560668945 0.03276457265019417 
vn 0.07541686296463013 0.9967476725578308 0.028397228568792343 
vn 0.5365904569625854 0.8438400030136108 0.002184694167226553 
vn 0.9579983353614807 0.2830827534198761 -0.04586252197623253 
vn 0.9582790732383728 0.2828059196472168 -0.04149730131030083 
vn 0.9979826211929321 0.06036682799458504 -0.01966099627315998 
vn 0.9998067021369934 0 -0.01966099627315998 
vn 0.9244744777679443 0.007553671952337027 -0.3811691105365753 
vn 0.9207738637924194 0.08297949284315109 -0.3811691105365753 
vn 0.9629926681518555 0.26845434308052063 -0.024029340595006943 
vn 0.5299900770187378 0.8475282788276672 -0.028397228568792343 
vn 0.08297525346279144 0.9965491890907288 -0.002184694167226553 
vn 0.060377199202775955 0.9981541037559509 -0.006554040592163801 
vn 0.0678783655166626 0.997155487537384 0.03276457265019417 
vn 0.06036106497049332 0.9978873133659363 -0.024029340595006943 
vn 0.0377180390059948 0.9984264373779297 0.04149730131030083 
vn 0.005664747674018145 0.9989317059516907 0.04586252197623253 
vn -0.030177012085914612 0.9986827969551086 0.04149730131030083 
vn -0.04526469111442566 0.9982846975326538 0.03713129088282585 
vn -0.041523803025484085 0.987121045589447 0.15449213981628418 
vn -0.07734115421772003 0.9959492683410645 0.04586252197623253 
vn -0.06788292527198792 0.9876039624214172 0.1415284425020218 
vn -0.1467229127883911 0.9818878173828125 0.11986933648586273 
vn -0.08475878089666367 0.9555732607841492 0.28230419754981995 
vn -0.40700796246528625 0.7552111744880676 0.5138099193572998 
vn -0.18824121356010437 0.361155241727829 0.913308322429657 
vn -0.6487732529640198 0.13841471076011658 0.7482877969741821 
vn -0.20601513981819153 -0.05196652561426163 0.9771679639816284 
vn -0.6126520037651062 -0.01883864402770996 0.790128231048584 
vn -0.20183630287647247 -0.06636916846036911 0.9771679639816284 
vn -0.6054390072822571 -0.02638162672519684 0.7954543828964233 
vn -0.20655491948127747 -0.02609395422041416 0.9780870079994202 
vn -0.6240978240966797 -0.08644213527441025 0.7765498161315918 
vn -0.20635803043842316 -0.06626304239034653 0.976230263710022 
vn -0.6348329782485962 -0.3200760781764984 0.7032341957092285 
vn -0.19946233928203583 -0.1968022584915161 0.9599394202232361 
vn -0.3126348853111267 -0.8914203643798828 0.3280687630176544 
vn -0.17299409210681915 -0.6128702759742737 0.7710143327713013 
vn 0.0377180390059948 0.9984264373779297 -0.04149730131030083 
vn 0.005663556978106499 0.9987217783927917 -0.05022686347365379 
vn -0.03208078071475029 0.9979933500289917 -0.05459024757146835 
vn -0.0396256148815155 0.9977222681045532 -0.05459024757146835 
vn -0.06980864703655243 0.9965055584907532 -0.04586252197623253 
vn -0.16526459157466888 0.985550045967102 0.03713129088282585 
vn -0.546911895275116 0.826578676700592 0.1328723281621933 
vn -0.9504191875457764 0.279068261384964 0.1372016966342926 
vn -0.9884682893753052 0.06407887488603592 0.1372016966342926 
vn -0.9905359745025635 -0.0037719702813774347 0.1372016966342926 
vn -0.9891096949577332 -0.07168903201818466 0.12854042649269104 
vn -0.9347432255744934 -0.340218722820282 0.10250037163496017 
vn -0.4307340681552887 -0.9018839597702026 0.03276457265019417 
vn -0.15040382742881775 0.9882166981697083 -0.028397228568792343 
vn -0.5237745046615601 0.8518317341804504 0.006554040592163801 
vn -0.9516265392303467 0.30444198846817017 -0.04149730131030083 
vn -0.9956866502761841 0.07164286077022552 -0.058952588587999344 
vn -0.9982536435127258 0.0037739125546067953 -0.058952588587999344 
vn -0.9963894486427307 -0.056563347578048706 -0.0633138045668602 
vn -0.9369440078735352 -0.3436964452266693 -0.0633138045668602 
vn -0.41019245982170105 -0.9114102721214294 -0.03276457265019417 
vn -0.5237245559692383 0.8517504334449768 -0.0152922747656703 
vn -0.954609215259552 0.29746827483177185 -0.0152922747656703 
vn -0.9980588555335999 0.060371436178684235 -0.0152922747656703 
vn -0.9998830556869507 -2.0679891989377336e-13 -0.0152922747656703 
vn -0.9980588555335999 -0.060371436178684235 -0.0152922747656703 
vn -0.9375578761100769 -0.347493052482605 -0.0152922747656703 
vn -0.40350592136383057 -0.9149535894393921 -0.006554040592163801 
vn -0.9978873133659363 0.06036106497049332 0.024029340595006943 
vn -0.9589198231697083 0.2829950451850891 0.01966099627315998 
vn -0.5234245657920837 0.8512625694274902 -0.03713129088282585 
vn -0.10743536055088043 0.9884541630744934 -0.10684575140476227 
vn -0.04527502506971359 0.9888983368873596 -0.1415284425020218 
vn -0.03209018334746361 0.9838601350784302 -0.1760382205247879 
vn -0.028329195454716682 0.97721928358078 -0.2103329300880432 
vn 0.003776900703087449 0.9737972617149353 -0.22738653421401978 
vn -8.655967923768687e-14 0.8370406627655029 -0.5471406579017639 
vn 0.01132773607969284 0.8533061146736145 -0.5212872624397278 
vn -4.087469295324664e-14 0.39526233077049255 -0.9185682535171509 
vn -0.003785367589443922 0.4072512090206146 -0.913308322429657 
vn -9.02541387980127e-15 0.0872766524553299 -0.9961841106414795 
vn -9.02541387980127e-15 0.0872766524553299 -0.9961841106414795 
vn -0.0040505328215658665 0.012466258369386196 -0.9999141097068787 
vn -9.47544841390811e-15 0.09162852168083191 -0.9957932829856873 
vn -0.0040505328215658665 0.012466258369386196 -0.9999141097068787 
vn 0.013315648771822453 0.09505048394203186 -0.9953833818435669 
vn 0.010896530002355576 0.013663816265761852 -0.9998472929000854 
vn 0.1947706937789917 0.015138776041567326 -0.9807319641113281 
vn 0.19180156290531158 -0.08098139613866806 -0.9780870079994202 
vn 0.9190966486930847 -0.08293677866458893 -0.3852050006389618 
vn 0.8549930453300476 -0.36027970910072327 -0.37307560443878174 
vn 0.15614090859889984 -0.47565844655036926 -0.865661084651947 
vn 0.01130101177841425 -0.06893312186002731 -0.9975572824478149 
vn -0.0037817833945155144 -0.06975089013576508 -0.9975572824478149 
vn -0.0038081351667642593 -0.06538315862417221 -0.9978529810905457 
vn -0.0040505328215658665 0.012466258369386196 -0.9999141097068787 
vn -9.02541387980127e-15 0.0872766524553299 -0.9961841106414795 
vn -0.005672719795256853 0.3912038803100586 -0.9202865362167358 
vn -0.007554671727120876 0.8464413285255432 -0.5324283838272095 
vn -0.020758235827088356 0.8708305358886719 -0.4911448359489441 
vn -0.02455819398164749 0.8933314681053162 -0.4487268626689911 
vn -0.07544470578432083 0.9056681990623474 -0.417220801115036 
vn -0.4897233545780182 0.8331212997436523 -0.25706008076667786 
vn -0.8459828495979309 0.3320237994194031 -0.417220801115036 
vn -0.9028230309486389 0.08666867762804031 -0.42118772864341736 
vn -0.9995967149734497 -2.0673969535010134e-13 0.028397228568792343 
vn -0.009453787468373775 0.40316349267959595 -0.9150791168212891 
vn -0.007555876858532429 0.3992006480693817 -0.916832447052002 
vn -9.02541387980127e-15 0.0872766524553299 -0.9961841106414795 
vn -0.0040505328215658665 0.012466258369386196 -0.9999141097068787 
vn -0.0040505328215658665 0.012466258369386196 -0.9999141097068787 
vn -0.0038385943043977022 -0.06101270765066147 -0.9981296062469482 
vn -0.0038081351667642593 -0.06538315862417221 -0.9978529810905457 
vn 1.4322877194168637e-13 -0.4623406231403351 -0.8867024183273315 
vn -0.0038081351667642593 -0.06538315862417221 -0.9978529810905457 
vn -0.0018922992749139667 -0.46620672941207886 -0.8846737742424011 
vn 0.0018903579330071807 -0.4777628779411316 -0.8784868121147156 
vn -0.003777894424274564 -0.49303221702575684 -0.8700028657913208 
vn 0.009447853080928326 -0.4967535138130188 -0.8678402304649353 
vn 0.05659854784607887 -0.9669498801231384 -0.24860523641109467 
vn 0.42721593379974365 -0.8908528089523315 -0.15449213981628418 
vn 0.4309397339820862 -0.9023146033287048 -0.010923261754214764 
vn 0.05282346159219742 -0.9983147382736206 -0.024029340595006943 
vn 0.00943935476243496 -0.9674633741378784 -0.25283506512641907 
vn 3.0023851243718425e-13 -0.9663954377174377 -0.25706008076667786 
vn 0.0037766085006296635 -0.9641047716140747 -0.26549527049064636 
vn 0.0018883723532781005 -0.96294105052948 -0.26970529556274414 
vn 2.979427143369462e-13 -0.9617552757263184 -0.27391019463539124 
vn -0.0056703295558691025 -0.4584268033504486 -0.888714075088501 
vn -0.01137290708720684 -0.06449896097183228 -0.9978529810905457 
vn -0.010896530002355576 0.013663816265761852 -0.9998472929000854 
vn -0.015155431814491749 0.08595072478055954 -0.9961841106414795 
vn -0.12995578348636627 0.390182763338089 -0.9115201234817505 
vn 0.007548788096755743 -0.9995682239532471 -0.028397228568792343 
vn 3.096656503269457e-13 -0.9995967149734497 -0.028397228568792343 
vn 3.096656503269457e-13 -0.9995967149734497 -0.028397228568792343 
vn 3.096656503269457e-13 -0.9995967149734497 -0.028397228568792343 
vn 3.096656503269457e-13 -0.9995967149734497 -0.028397228568792343 
vn 2.979427143369462e-13 -0.9617552757263184 -0.27391019463539124 
vn -0.009457380510866642 -0.44667330384254456 -0.8946471214294434 
vn -0.1606508493423462 -0.06654375791549683 -0.9847655892372131 
vn -0.16056020557880402 0.011396859772503376 -0.986960232257843 
vn -0.9069656133651733 0.003773950971662998 -0.42118772864341736 
vn -0.9028230309486389 0.08666867762804031 -0.42118772864341736 
vn 3.097898456858039e-13 -0.999997615814209 -0.002184694167226553 
vn 3.097898456858039e-13 -0.999997615814209 -0.002184694167226553 
vn 3.097898456858039e-13 -0.999997615814209 -0.002184694167226553 
vn 3.097898456858039e-13 -0.999997615814209 -0.002184694167226553 
vn 3.096656503269457e-13 -0.9995967149734497 -0.028397228568792343 
vn -0.003776692319661379 -0.9593175053596497 -0.28230419754981995 
vn -0.12674540281295776 -0.4243355691432953 -0.8965907096862793 
vn -0.9009605050086975 -0.0867210105061531 -0.42514660954475403 
vn 3.0978390967890956e-13 -0.9999785423278809 -0.006554040592163801 
vn 3.0978390967890956e-13 -0.9999785423278809 -0.006554040592163801 
vn 3.0978390967890956e-13 -0.9999785423278809 -0.006554040592163801 
vn 3.097898456858039e-13 -0.999997615814209 -0.002184694167226553 
vn 3.0978390967890956e-13 -0.9999785423278809 -0.006554040592163801 
vn 3.097898456858039e-13 -0.999997615814209 -0.002184694167226553 
vn -0.05283556878566742 -0.9985435009002686 -0.010923261754214764 
vn -0.05283859372138977 -0.9986006617546082 -0.002184694167226553 
vn -0.41019245982170105 -0.9114102721214294 -0.03276457265019417 
vn -0.40350592136383057 -0.9149535894393921 -0.006554040592163801 
vn 3.0977209187522947e-13 -0.9999403357505798 -0.010923261754214764 
vn 3.0977209187522947e-13 -0.9999403357505798 -0.010923261754214764 
vn 3.0977209187522947e-13 -0.9999403357505798 -0.010923261754214764 
vn -0.060377199202775955 -0.9981541037559509 -0.006554040592163801 
vn -0.4307340681552887 -0.9018839597702026 0.03276457265019417 
vn -0.001887861406430602 -0.9987360239028931 0.05022686347365379 
vn -0.0018882581498473883 -0.998945951461792 0.04586252197623253 
vn -0.032064229249954224 -0.9974784255027771 0.0633138045668602 
vn -0.3126348853111267 -0.8914203643798828 0.3280687630176544 
vn -0.016975628212094307 -0.829623281955719 0.5580654144287109 
vn -0.033927883952856064 -0.7986888289451599 0.6007870435714722 
vn -0.17299409210681915 -0.6128702759742737 0.7710143327713013 
vn -0.013201562687754631 -0.8463720679283142 0.5324283838272095 
vn -0.0018882581498473883 -0.998945951461792 0.04586252197623253 
vn -0.01131401676684618 -0.8666788935661316 0.4987381398677826 
vn -0.0018854718655347824 -0.8774389028549194 0.4796847105026245 
vn 3.0952372826256735e-13 -0.999138593673706 0.04149730131030083 
vn 3.0977209187522947e-13 -0.9999403357505798 -0.010923261754214764 
vn 3.0978390967890956e-13 -0.9999785423278809 -0.006554040592163801 
vn 3.0978390967890956e-13 -0.9999785423278809 -0.006554040592163801 
vn 3.0977209187522947e-13 -0.9999403357505798 -0.010923261754214764 
vn 3.097898456858039e-13 -0.999997615814209 -0.002184694167226553 
vn 0.05283758416771889 -0.99858158826828 -0.006554040592163801 
vn 0.42405664920806885 -0.9054222106933594 -0.01966099627315998 
vn 0.05283556878566742 -0.9985435009002686 -0.010923261754214764 
vn 3.0977209187522947e-13 -0.9999403357505798 -0.010923261754214764 
vn 3.0977209187522947e-13 -0.9999403357505798 -0.010923261754214764 
vn 3.0977209187522947e-13 -0.9999403357505798 -0.010923261754214764 
vn -0.0018882581498473883 -0.998945951461792 0.04586252197623253 
vn 0.009436271153390408 -0.8710268139839172 0.4911448359489441 
vn -0.0018882581498473883 -0.998945951461792 0.04586252197623253 
vn 0.005664747674018145 -0.9989317059516907 0.04586252197623253 
vn 0.03583495691418648 -0.9973500967025757 0.0633138045668602 
vn 0.06037835404276848 -0.998173177242279 -0.002184694167226553 
vn 0.33937153220176697 -0.8784769177436829 0.3363112509250641 
vn 0.4494413137435913 -0.891640305519104 0.05459024757146835 
vn 0.20944073796272278 -0.6397129893302917 0.7395281791687012 
vn 0.043359678238630295 -0.8237481713294983 0.5652954578399658 
vn 0.020742058753967285 -0.8485398888587952 0.528724730014801 
vn 0.013192693702876568 -0.8578026294708252 0.5138099193572998 
vn 0.8636830449104309 0.32506728172302246 -0.3852050006389618 
vn 0.5348954200744629 0.8434240818023682 -0.05022686347365379 
vn 0.5171324014663696 0.8227581977844238 -0.23588760197162628 
vn 0.09237596392631531 0.9920809864997864 -0.08510008454322815 
vn 0.0810336172580719 0.9226101636886597 -0.37712597846984863 
vn 0.05091783404350281 0.991998016834259 -0.11553031951189041 
vn 0.041523803025484085 0.987121045589447 -0.15449213981628418 
vn 0.030188482254743576 0.9798378944396973 -0.1975002884864807 
vn 0.026415249332785606 0.9102362394332886 -0.41324591636657715 
vn 0.020771460607647896 0.8834089636802673 -0.46814218163490295 
vn -0.0018899185815826058 0.42711883783340454 -0.9041935205459595 
vn 0.015119735151529312 0.44260191917419434 -0.8965907096862793 
vn 0.155757874250412 0.4353140890598297 -0.8867024183273315 
vn 0.8636830449104309 0.32506728172302246 -0.3852050006389618 
vn 0.9207738637924194 0.08297949284315109 -0.3811691105365753 
vn 0.19136638939380646 0.10175131261348724 -0.976230263710022 
vn 0.9244744777679443 0.007553671952337027 -0.3811691105365753 
vn 0.4307340681552887 -0.9018839597702026 -0.03276457265019417 
vn -0.9069656133651733 0.003773950971662998 -0.42118772864341736 
vn -0.9972887635231018 -0.06788744032382965 0.028397228568792343 
vn -0.9424291849136353 -0.33319780230522156 0.028397228568792343 
vn -0.4104039967060089 -0.9118802547454834 0.006554040592163801 
vn -0.9009605050086975 -0.0867210105061531 -0.42514660954475403 
vn -0.8358743190765381 -0.3702273368835449 -0.405272513628006 
vn -0.4029911458492279 -0.8989466428756714 -0.17173540592193604 
vn 0.999997615814209 0 0.002184694167226553 
vn 0.999997615814209 0 0.002184694167226553 
vn 0.999997615814209 0 0.002184694167226553 
vn 0.999997615814209 0 0.002184694167226553 
vn 0.999997615814209 0 0.002184694167226553 
vn 0.999997615814209 0 0.002184694167226553 
vn 0.999997615814209 0 0.002184694167226553 
vn 0.999997615814209 0 0.002184694167226553 
vn -0.005833018571138382 0.02555612474679947 -0.9996563792228699 
vn -0.005833018571138382 0.02555612474679947 -0.9996563792228699 
vn -0.005833018571138382 0.02555612474679947 -0.9996563792228699 
vn -0.005833018571138382 0.02555612474679947 -0.9996563792228699 
vn 0.005333262961357832 -0.025665070861577988 0.9996563792228699 
vn 0.005333262961357832 -0.025665070861577988 0.9996563792228699 
vn 0.005333262961357832 -0.025665070861577988 0.9996563792228699 
vn 0.005333262961357832 -0.025665070861577988 0.9996563792228699 
vn 0.33937153220176697 -0.8784769177436829 0.3363112509250641 
vn 0.2565024495124817 -0.22067922353744507 0.9410139322280884 
vn 0.20944073796272278 -0.6397129893302917 0.7395281791687012 
vn -0.999997615814209 -2.0682260971124217e-13 0.002184694167226553 
vn -0.999997615814209 -2.0682260971124217e-13 0.002184694167226553 
vn -0.999997615814209 -2.0682260971124217e-13 0.002184694167226553 
vn -0.999997615814209 -2.0682260971124217e-13 0.002184694167226553 
vn -0.999997615814209 -2.0682260971124217e-13 0.002184694167226553 
vn -0.999997615814209 -2.0682260971124217e-13 0.002184694167226553 
vn -0.999997615814209 -2.0682260971124217e-13 0.002184694167226553 
vn -0.999997615814209 -2.0682260971124217e-13 0.002184694167226553 
vn -0.999997615814209 -2.0682260971124217e-13 0.002184694167226553 
vn -0.999997615814209 -2.0682260971124217e-13 0.002184694167226553 
vn -0.999997615814209 -2.0682260971124217e-13 0.002184694167226553 
vn -0.999997615814209 -2.0682260971124217e-13 0.002184694167226553 
vn -0.999997615814209 -2.0682260971124217e-13 0.002184694167226553 
vn -0.999997615814209 -2.0682260971124217e-13 0.002184694167226553 
vn -0.999997615814209 -2.0682260971124217e-13 0.002184694167226553 
vn -0.999997615814209 -2.0682260971124217e-13 0.002184694167226553 
vn -0.999997615814209 -2.0682260971124217e-13 0.002184694167226553 
vn -0.999997615814209 -2.0682260971124217e-13 0.002184694167226553 
vn -0.999997615814209 -2.0682260971124217e-13 0.002184694167226553 
vn -0.999997615814209 -2.0682260971124217e-13 0.002184694167226553 
vn -0.999997615814209 -2.0682260971124217e-13 0.002184694167226553 
vn -0.999997615814209 -2.0682260971124217e-13 0.002184694167226553 
vn -0.999997615814209 -2.0682260971124217e-13 0.002184694167226553 
vn -0.999997615814209 -2.0682260971124217e-13 0.002184694167226553 
vn -0.999997615814209 -2.0682260971124217e-13 0.002184694167226553 
vn -0.999997615814209 -2.0682260971124217e-13 0.002184694167226553 
vn -0.999997615814209 -2.0682260971124217e-13 0.002184694167226553 
vn 0 0 1 
vn 0 0 1 
vn -0.0018595322035253048 -0.0698285773396492 0.9975572824478149 
vn -0.0018595322035253048 -0.0698285773396492 0.9975572824478149 
vn 0.003720331471413374 -0.08283961564302444 0.9965559244155884 
vn 0.003720331471413374 -0.08283961564302444 0.9965559244155884 
vn 0.003720331471413374 0.08283961564302444 0.9965559244155884 
vn 0.003720331471413374 0.08283961564302444 0.9965559244155884 
vn -0.001878107083030045 0.3383626937866211 0.9410139322280884 
vn -1.0341130485562108e-13 0.999997615814209 0.002184694167226553 
vn -1.0341130485562108e-13 0.999997615814209 0.002184694167226553 
vn -1.0341130485562108e-13 0.999997615814209 0.002184694167226553 
vn -1.0341130485562108e-13 0.999997615814209 0.002184694167226553 
vn -0.999997615814209 -2.0682260971124217e-13 0.002184694167226553 
vn -0.999997615814209 -2.0682260971124217e-13 0.002184694167226553 
vn -0.999997615814209 -2.0682260971124217e-13 0.002184694167226553 
vn -0.999997615814209 -2.0682260971124217e-13 0.002184694167226553 
vn -0.999997615814209 -2.0682260971124217e-13 0.002184694167226553 
vn -0.999997615814209 -2.0682260971124217e-13 0.002184694167226553 
vn -0.999997615814209 -2.0682260971124217e-13 0.002184694167226553 
vn -0.999997615814209 -2.0682260971124217e-13 0.002184694167226553 
vn -0.9896644353866577 -0.14298582077026367 0.010923261754214764 
vn -0.9907160401344299 -0.1355079710483551 0.010923261754214764 
vn -0.9670737385749817 -0.2503298223018646 0.04586252197623253 
vn -0.9670737385749817 -0.2503298223018646 0.04586252197623253 
vn -0.9670737385749817 -0.2503298223018646 0.04586252197623253 
vn -0.9670737385749817 -0.2503298223018646 0.04586252197623253 
vn -0.9118550419807434 -0.399651437997818 0.09380380809307098 
vn -0.9118550419807434 -0.399651437997818 0.09380380809307098 
vn -0.4984081983566284 -0.8431330919265747 0.2017817199230194 
vn -0.4984081983566284 -0.8431330919265747 0.2017817199230194 
vn -0.16718372702598572 -0.9650563597679138 0.2017817199230194 
vn -0.999997615814209 -2.0682260971124217e-13 0.002184694167226553 
vn -0.999997615814209 -2.0682260971124217e-13 0.002184694167226553 
vn -0.999997615814209 -2.0682260971124217e-13 0.002184694167226553 
vn -0.999997615814209 -2.0682260971124217e-13 0.002184694167226553 
vn -0.999997615814209 -2.0682260971124217e-13 0.002184694167226553 
vn -0.999997615814209 -2.0682260971124217e-13 0.002184694167226553 
vn -0.999997615814209 -2.0682260971124217e-13 0.002184694167226553 
vn -0.999997615814209 -2.0682260971124217e-13 0.002184694167226553 
vn -0.999997615814209 -2.0682260971124217e-13 0.002184694167226553 
vn -0.999997615814209 -2.0682260971124217e-13 0.002184694167226553 
vn -0.999997615814209 -2.0682260971124217e-13 0.002184694167226553 
vn -0.999997615814209 -2.0682260971124217e-13 0.002184694167226553 
vn -0.999997615814209 -2.0682260971124217e-13 0.002184694167226553 
vn -0.999997615814209 -2.0682260971124217e-13 0.002184694167226553 
vn -0.999997615814209 -2.0682260971124217e-13 0.002184694167226553 
vn -0.999997615814209 -2.0682260971124217e-13 0.002184694167226553 
vn -0.999997615814209 -2.0682260971124217e-13 0.002184694167226553 
vn -0.999997615814209 -2.0682260971124217e-13 0.002184694167226553 
vn -0.999997615814209 -2.0682260971124217e-13 0.002184694167226553 
vn -0.999997615814209 -2.0682260971124217e-13 0.002184694167226553 
vn -0.999997615814209 -2.0682260971124217e-13 0.002184694167226553 
vn -0.999997615814209 -2.0682260971124217e-13 0.002184694167226553 
vn -0.999997615814209 -2.0682260971124217e-13 0.002184694167226553 
vn -0.999997615814209 -2.0682260971124217e-13 0.002184694167226553 
vn -0.999997615814209 -2.0682260971124217e-13 0.002184694167226553 
vn -0.999997615814209 -2.0682260971124217e-13 0.002184694167226553 
vn -0.999997615814209 -2.0682260971124217e-13 0.002184694167226553 
vn -0.999997615814209 -2.0682260971124217e-13 0.002184694167226553 
vn -0.999997615814209 -2.0682260971124217e-13 0.002184694167226553 
vn -0.999997615814209 -2.0682260971124217e-13 0.002184694167226553 
vn 3.097898456858039e-13 -0.999997615814209 0.002184694167226553 
vn 3.097898456858039e-13 -0.999997615814209 0.002184694167226553 
vn 3.097898456858039e-13 -0.999997615814209 0.002184694167226553 
vn 3.097898456858039e-13 -0.999997615814209 0.002184694167226553 
vn 3.097898456858039e-13 -0.999997615814209 0.002184694167226553 
vn 3.097898456858039e-13 -0.999997615814209 0.002184694167226553 
vn 3.097898456858039e-13 -0.999997615814209 0.002184694167226553 
vn 3.097898456858039e-13 -0.999997615814209 0.002184694167226553 
vn 3.097898456858039e-13 -0.999997615814209 0.002184694167226553 
vn 3.097898456858039e-13 -0.999997615814209 0.002184694167226553 
vn 3.097898456858039e-13 -0.999997615814209 0.002184694167226553 
vn -0.001886497950181365 -0.9836029410362244 0.18033768236637115 
vn -0.001886497950181365 -0.9836029410362244 0.18033768236637115 
vn -0.001886497950181365 -0.9836029410362244 0.18033768236637115 
vn -0.001886497950181365 -0.9836029410362244 0.18033768236637115 
vn -0.999997615814209 -2.0682260971124217e-13 0.002184694167226553 
vn -0.999997615814209 -2.0682260971124217e-13 0.002184694167226553 
vn -0.999997615814209 -2.0682260971124217e-13 0.002184694167226553 
vn -0.999997615814209 -2.0682260971124217e-13 0.002184694167226553 
vn -0.999997615814209 -2.0682260971124217e-13 0.002184694167226553 
vn -0.999997615814209 -2.0682260971124217e-13 0.002184694167226553 
vn -0.999997615814209 -2.0682260971124217e-13 0.002184694167226553 
vn -0.999997615814209 -2.0682260971124217e-13 0.002184694167226553 
vn -0.999997615814209 -2.0682260971124217e-13 0.002184694167226553 
vn -0.999997615814209 -2.0682260971124217e-13 0.002184694167226553 
vn -0.9896644353866577 0.14298582077026367 -0.010923261754214764 
vn -0.9884998202323914 0.15044690668582916 -0.0152922747656703 
vn -0.9647293090820312 0.2575214207172394 -0.05459024757146835 
vn -0.9647293090820312 0.2575214207172394 -0.05459024757146835 
vn -0.9647293090820312 0.2575214207172394 -0.05459024757146835 
vn -0.9647293090820312 0.2575214207172394 -0.05459024757146835 
vn -0.8904444575309753 0.44438114762306213 -0.0981530249118805 
vn -0.8904444575309753 0.44438114762306213 -0.0981530249118805 
vn -0.5467549562454224 0.8212496042251587 -0.16312000155448914 
vn -0.5467549562454224 0.8212496042251587 -0.16312000155448914 
vn -0.16526982188224792 0.966270923614502 -0.1975002884864807 
vn -0.16526982188224792 0.966270923614502 -0.1975002884864807 
vn -1.0338169258378507e-13 0.999711275100708 0.024029340595006943 
vn -1.0338169258378507e-13 0.999711275100708 0.024029340595006943 
vn -1.0338169258378507e-13 0.999711275100708 0.024029340595006943 
vn -1.0338169258378507e-13 0.999711275100708 0.024029340595006943 
vn -1.0338169258378507e-13 0.999711275100708 0.024029340595006943 
vn -1.0338169258378507e-13 0.999711275100708 0.024029340595006943 
vn -1.0338169258378507e-13 0.999711275100708 0.024029340595006943 
vn -1.0338169258378507e-13 0.999711275100708 0.024029340595006943 
vn -1.0338169258378507e-13 0.999711275100708 0.024029340595006943 
vn -1.0338169258378507e-13 0.999711275100708 0.024029340595006943 
vn -1.0338169258378507e-13 0.999711275100708 0.024029340595006943 
vn -1.0338169258378507e-13 0.999711275100708 0.024029340595006943 
vn -0.005833018571138382 0.02555612474679947 -0.9996563792228699 
vn -0.005833018571138382 0.02555612474679947 -0.9996563792228699 
vn -0.005833018571138382 0.02555612474679947 -0.9996563792228699 
vn -0.005833018571138382 0.02555612474679947 -0.9996563792228699 
vn 0.005333262961357832 -0.025665070861577988 0.9996563792228699 
vn 0.005333262961357832 -0.025665070861577988 0.9996563792228699 
vn 0.005333262961357832 -0.025665070861577988 0.9996563792228699 
vn 0.005333262961357832 -0.025665070861577988 0.9996563792228699 
vn 3.097011308430403e-13 -0.999711275100708 -0.024029340595006943 
vn 3.097011308430403e-13 -0.999711275100708 -0.024029340595006943 
vn 3.097011308430403e-13 -0.999711275100708 -0.024029340595006943 
vn 3.097011308430403e-13 -0.999711275100708 -0.024029340595006943 
vn -1.3964420643593732e-14 0.13503733277320862 -0.990840494632721 
vn -1.3964420643593732e-14 0.13503733277320862 -0.990840494632721 
vn -0.007515863515436649 -0.047453295439481735 -0.9988451600074768 
vn -0.007515863515436649 -0.047453295439481735 -0.9988451600074768 
vn -2.0682311115474694e-13 0 -1 
vn -2.0682311115474694e-13 0 -1 
vn 0.999997615814209 0 0.002184694167226553 
vn 0.999997615814209 0 0.002184694167226553 
vn 0.999997615814209 0 0.002184694167226553 
vn 0.999997615814209 0 0.002184694167226553 
vn -1.0338169258378507e-13 0.999711275100708 0.024029340595006943 
vn -1.0338169258378507e-13 0.999711275100708 0.024029340595006943 
vn -1.0338169258378507e-13 0.999711275100708 0.024029340595006943 
vn -1.0338169258378507e-13 0.999711275100708 0.024029340595006943 
vn -0.999997615814209 -2.0682260971124217e-13 0.002184694167226553 
vn -0.999997615814209 -2.0682260971124217e-13 0.002184694167226553 
vn -0.999997615814209 -2.0682260971124217e-13 0.002184694167226553 
vn -0.999997615814209 -2.0682260971124217e-13 0.002184694167226553 
vn 0.0018757632933557034 -0.32599881291389465 0.9453682899475098 
vn 0.0018757632933557034 -0.32599881291389465 0.9453682899475098 
vn -0.020254243165254593 -0.09826117753982544 0.994954526424408 
vn -0.020254243165254593 -0.09826117753982544 0.994954526424408 
vn 0 0 1 
vn 0 0 1 
vn 0 0 1 
vn 0 0 1 
vn 0 0 1 
vn 0 0 1 
vn 0 0 1 
vn 0 0 1 
vn 0.0018599432660266757 0.1480017900466919 0.9889853596687317 
vn 0.0018599432660266757 0.1480017900466919 0.9889853596687317 
vn 0.0037497419398278 0.21243515610694885 0.9771679639816284 
vn 0.0037497419398278 0.21243515610694885 0.9771679639816284 
vn -0.0018768537556752563 0.27600428462028503 0.961154580116272 
vn -0.0037618461064994335 0.28018245100975037 0.9599394202232361 
vn -0.0037618461064994335 0.28018245100975037 0.9599394202232361 
vn -0.0018768537556752563 0.27600428462028503 0.961154580116272 
vn -0.0018768537556752563 0.27600428462028503 0.961154580116272 
vn -0.0018768537556752563 0.27600428462028503 0.961154580116272 
vn -0.0018768537556752563 0.27600428462028503 0.961154580116272 
vn -0.0018768537556752563 0.27600428462028503 0.961154580116272 
vn -0.0018768537556752563 0.27600428462028503 0.961154580116272 
vn -0.0018768537556752563 0.27600428462028503 0.961154580116272 
vn -0.0018768537556752563 0.27600428462028503 0.961154580116272 
vn -0.0018768537556752563 0.27600428462028503 0.961154580116272 
vn -0.0018768537556752563 0.27600428462028503 0.961154580116272 
vn 0.0037497419398278 0.21243515610694885 0.9771679639816284 
vn 0.0037497419398278 0.21243515610694885 0.9771679639816284 
vn 0.0018599432660266757 0.1480017900466919 0.9889853596687317 
vn 0.0018599432660266757 0.1480017900466919 0.9889853596687317 
vn 0 0 1 
vn 0 0 1 
vn 0 0 1 
vn 0 0 1 
vn 0 0 1 
vn 0 0 1 
vn 0 0 1 
vn 0 0 1 
vn 0 0 1 
vn 0 0 1 
vn 0 0 1 
vn 0 0 1 
vn 0 0 1 
vn 0 0 1 
vn 0 0 1 
vn 0 0 1 
vn 0.0018599432660266757 0.1480017900466919 0.9889853596687317 
vn 0.0018599432660266757 0.1480017900466919 0.9889853596687317 
vn 0.0037497419398278 0.21243515610694885 0.9771679639816284 
vn 0.0037497419398278 0.21243515610694885 0.9771679639816284 
vn -0.0018768537556752563 0.27600428462028503 0.961154580116272 
vn -0.0018768537556752563 0.27600428462028503 0.961154580116272 
vn -0.0018768537556752563 0.27600428462028503 0.961154580116272 
vn -0.0018768537556752563 0.27600428462028503 0.961154580116272 
vn -0.3613957166671753 0.11465899646282196 0.9253358840942383 
vn 0.39172157645225525 0.11145439743995667 0.913308322429657 
vn -0.3550451695919037 -0.19124092161655426 0.9150791168212891 
vn 0.38317883014678955 -0.18870095908641815 0.9041935205459595 
vn -0.1353262960910797 -0.8833634257316589 0.4487268626689911 
vn 0.15585897862911224 -0.8839201927185059 0.4409002661705017 
vn 0.0018599432660266757 0.1480017900466919 0.9889853596687317 
vn 0.0018599432660266757 0.1480017900466919 0.9889853596687317 
vn 0.0037497419398278 0.21243515610694885 0.9771679639816284 
vn 0.0037497419398278 0.21243515610694885 0.9771679639816284 
vn -0.0018768537556752563 0.27600428462028503 0.961154580116272 
vn 0.0037618461064994335 0.28018245100975037 0.9599394202232361 
vn 0.0037618461064994335 0.28018245100975037 0.9599394202232361 
vn 0.016609512269496918 -0.09894249588251114 0.994954526424408 
vn 0.016609512269496918 -0.09894249588251114 0.994954526424408 
vn 0.0018757632933557034 -0.32599881291389465 0.9453682899475098 
vn 0.0018757632933557034 -0.32599881291389465 0.9453682899475098 
vn 3.097898456858039e-13 -0.999997615814209 0.002184694167226553 
vn 3.097898456858039e-13 -0.999997615814209 0.002184694167226553 
vn 3.097898456858039e-13 -0.999997615814209 0.002184694167226553 
vn 3.097898456858039e-13 -0.999997615814209 0.002184694167226553 
vn 0.999997615814209 0 0.002184694167226553 
vn 0.999997615814209 0 0.002184694167226553 
vn 0.999997615814209 0 0.002184694167226553 
vn 0.999997615814209 0 0.002184694167226553 
vn 0.999997615814209 0 0.002184694167226553 
vn 0.999997615814209 0 0.002184694167226553 
vn 0.005333262961357832 -0.025665070861577988 0.9996563792228699 
vn 0.005333262961357832 -0.025665070861577988 0.9996563792228699 
vn 0.005333262961357832 -0.025665070861577988 0.9996563792228699 
vn 0.005333262961357832 -0.025665070861577988 0.9996563792228699 
vn -0.999997615814209 -2.0682260971124217e-13 0.002184694167226553 
vn -0.999997615814209 -2.0682260971124217e-13 0.002184694167226553 
vn -0.999997615814209 -2.0682260971124217e-13 0.002184694167226553 
vn -0.999997615814209 -2.0682260971124217e-13 0.002184694167226553 
vn -0.16526982188224792 0.966270923614502 -0.1975002884864807 
vn 0.0018888761987909675 0.9776279926300049 -0.2103329300880432 
vn -0.16526982188224792 0.966270923614502 -0.1975002884864807 
vn 0.0018888761987909675 0.9776279926300049 -0.2103329300880432 
vn 0.0018888761987909675 0.9776279926300049 -0.2103329300880432 
vn 0.0018888761987909675 0.9776279926300049 -0.2103329300880432 
vn 0.0018888761987909675 0.9776279926300049 -0.2103329300880432 
vn 0.0018888761987909675 0.9776279926300049 -0.2103329300880432 
vn 0.0018888761987909675 0.9776279926300049 -0.2103329300880432 
vn 0.0018888761987909675 0.9776279926300049 -0.2103329300880432 
vn 0.0018888761987909675 0.9776279926300049 -0.2103329300880432 
vn 0.0018888761987909675 0.9776279926300049 -0.2103329300880432 
vn 0.0018888761987909675 0.9776279926300049 -0.2103329300880432 
vn 0.0018888761987909675 0.9776279926300049 -0.2103329300880432 
vn 0.0018888761987909675 0.9776279926300049 -0.2103329300880432 
vn 0.0018888761987909675 0.9776279926300049 -0.2103329300880432 
vn 0.0018888761987909675 0.9776279926300049 -0.2103329300880432 
vn 0.0018888761987909675 0.9776279926300049 -0.2103329300880432 
vn 0.16526982188224792 0.966270923614502 -0.1975002884864807 
vn 0.16526982188224792 0.966270923614502 -0.1975002884864807 
vn 0 0 1 
vn 0 0 1 
vn 0 0 1 
vn 0 0 1 
vn 0.0018599432660266757 0.1480017900466919 0.9889853596687317 
vn 0.0018599432660266757 0.1480017900466919 0.9889853596687317 
vn 0.0037497419398278 0.21243515610694885 0.9771679639816284 
vn 0.0037497419398278 0.21243515610694885 0.9771679639816284 
vn -0.001886497950181365 -0.9836029410362244 0.18033768236637115 
vn -0.001886497950181365 -0.9836029410362244 0.18033768236637115 
vn -0.001886497950181365 -0.9836029410362244 0.18033768236637115 
vn -0.001886497950181365 -0.9836029410362244 0.18033768236637115 
vn -0.999997615814209 -2.0682260971124217e-13 0.002184694167226553 
vn -0.999997615814209 -2.0682260971124217e-13 0.002184694167226553 
vn -0.999997615814209 -2.0682260971124217e-13 0.002184694167226553 
vn -0.999997615814209 -2.0682260971124217e-13 0.002184694167226553 
vn -0.999997615814209 -2.0682260971124217e-13 0.002184694167226553 
vn -0.999997615814209 -2.0682260971124217e-13 0.002184694167226553 
vn -0.999997615814209 -2.0682260971124217e-13 0.002184694167226553 
vn -0.999997615814209 -2.0682260971124217e-13 0.002184694167226553 
vn -1.0341130485562108e-13 0.999997615814209 0.002184694167226553 
vn -1.0341130485562108e-13 0.999997615814209 0.002184694167226553 
vn -1.0341130485562108e-13 0.999997615814209 0.002184694167226553 
vn -1.0341130485562108e-13 0.999997615814209 0.002184694167226553 
vn -0.001886497950181365 -0.9836029410362244 0.18033768236637115 
vn -0.001886497950181365 -0.9836029410362244 0.18033768236637115 
vn -0.001886497950181365 -0.9836029410362244 0.18033768236637115 
vn -0.001886497950181365 -0.9836029410362244 0.18033768236637115 
vn 0.999997615814209 0 0.002184694167226553 
vn 0.999997615814209 0 0.002184694167226553 
vn 0.999997615814209 0 0.002184694167226553 
vn 0.999997615814209 0 0.002184694167226553 
vn 0.999997615814209 0 0.002184694167226553 
vn 0.999997615814209 0 0.002184694167226553 
vn 0.999997615814209 0 0.002184694167226553 
vn 0.999997615814209 0 0.002184694167226553 
vn -0.999997615814209 -2.0682260971124217e-13 0.002184694167226553 
vn -0.999997615814209 -2.0682260971124217e-13 0.002184694167226553 
vn -0.999997615814209 -2.0682260971124217e-13 0.002184694167226553 
vn -0.999997615814209 -2.0682260971124217e-13 0.002184694167226553 
vn -0.999997615814209 -2.0682260971124217e-13 0.002184694167226553 
vn -0.999997615814209 -2.0682260971124217e-13 0.002184694167226553 
vn -0.999997615814209 -2.0682260971124217e-13 0.002184694167226553 
vn -0.999997615814209 -2.0682260971124217e-13 0.002184694167226553 
vn -0.999997615814209 -2.0682260971124217e-13 0.002184694167226553 
vn -0.999997615814209 -2.0682260971124217e-13 0.002184694167226553 
vn -0.999997615814209 -2.0682260971124217e-13 0.002184694167226553 
vn -0.999997615814209 -2.0682260971124217e-13 0.002184694167226553 
vn -0.999997615814209 -2.0682260971124217e-13 0.002184694167226553 
vn -0.999997615814209 -2.0682260971124217e-13 0.002184694167226553 
vn -0.999997615814209 -2.0682260971124217e-13 0.002184694167226553 
vn -0.999997615814209 -2.0682260971124217e-13 0.002184694167226553 
vn 0.999997615814209 0 0.002184694167226553 
vn 0.999997615814209 0 0.002184694167226553 
vn 0.999997615814209 0 0.002184694167226553 
vn 0.999997615814209 0 0.002184694167226553 
vn 0.999997615814209 0 0.002184694167226553 
vn 0.999997615814209 0 0.002184694167226553 
vn 0.999997615814209 0 0.002184694167226553 
vn 0.999997615814209 0 0.002184694167226553 
vn -0.0037618461064994335 0.28018245100975037 0.9599394202232361 
vn -0.015036527067422867 0.2629587948322296 0.9646899104118347 
vn -0.0037618461064994335 0.28018245100975037 0.9599394202232361 
vn -0.015036527067422867 0.2629587948322296 0.9646899104118347 
vn -0.0037497419398278 0.21243515610694885 0.9771679639816284 
vn -0.0037497419398278 0.21243515610694885 0.9771679639816284 
vn 0.022491998970508575 0.26665401458740234 0.9635298252105713 
vn 0.022491998970508575 0.26665401458740234 0.9635298252105713 
vn 0.022491998970508575 0.26665401458740234 0.9635298252105713 
vn 0.022491998970508575 0.26665401458740234 0.9635298252105713 
vn 0.011279045604169369 0.3708763122558594 0.9286137819290161 
vn 0.013141262345016003 0.36675140261650085 0.9302261471748352 
vn 0.007525881286710501 0.40719926357269287 0.913308322429657 
vn 0.007525881286710501 0.40719926357269287 0.913308322429657 
vn 0.0018864733865484595 0.7409945726394653 0.6715083718299866 
vn 0.0018864733865484595 0.7409945726394653 0.6715083718299866 
vn -1.0338169258378507e-13 0.999711275100708 0.024029340595006943 
vn -1.0338169258378507e-13 0.999711275100708 0.024029340595006943 
vn -1.0341130485562108e-13 0.999997615814209 0.002184694167226553 
vn -1.0341130485562108e-13 0.999997615814209 0.002184694167226553 
vn -1.0341130485562108e-13 0.999997615814209 0.002184694167226553 
vn -1.0341130485562108e-13 0.999997615814209 0.002184694167226553 
vn -0.0018869141349568963 0.9261600375175476 0.37712597846984863 
vn 3.097011308430403e-13 -0.999711275100708 -0.024029340595006943 
vn 3.097011308430403e-13 -0.999711275100708 -0.024029340595006943 
vn 3.097011308430403e-13 -0.999711275100708 -0.024029340595006943 
vn 3.097011308430403e-13 -0.999711275100708 -0.024029340595006943 
vn -0.03961608186364174 0.9494169354438782 0.31150925159454346 
vn -0.05076828598976135 0.5502779483795166 0.8334367275238037 
vn -0.06113334000110626 -1.264378785860703e-14 0.9981296062469482 
vn -0.20601513981819153 -0.05196652561426163 0.9771679639816284 
vn -0.20183630287647247 -0.06636916846036911 0.9771679639816284 
vn -0.08403489738702774 -0.046368494629859924 0.9953833818435669 
vn -0.08429636061191559 -0.0359153226017952 0.9957932829856873 
vn -0.20655491948127747 -0.02609395422041416 0.9780870079994202 
vn -0.0712803304195404 -0.09366125613451004 0.9930492043495178 
vn -0.20635803043842316 -0.06626304239034653 0.976230263710022 
vn -0.19946233928203583 -0.1968022584915161 0.9599394202232361 
vn -0.001878107083030045 0.3383626937866211 0.9410139322280884 
vn -0.001878107083030045 0.3383626937866211 0.9410139322280884 
vn 0.003720331471413374 0.08283961564302444 0.9965559244155884 
vn 0.003720331471413374 0.08283961564302444 0.9965559244155884 
vn 0.003720331471413374 -0.08283961564302444 0.9965559244155884 
vn 0.003720331471413374 -0.08283961564302444 0.9965559244155884 
vn -0.0018595322035253048 -0.0698285773396492 0.9975572824478149 
vn -0.0018595322035253048 -0.0698285773396492 0.9975572824478149 
vn 0 0 1 
vn 0 0 1 
vn 3.097011308430403e-13 -0.999711275100708 -0.024029340595006943 
vn 3.097011308430403e-13 -0.999711275100708 -0.024029340595006943 
vn 3.097011308430403e-13 -0.999711275100708 -0.024029340595006943 
vn 3.097011308430403e-13 -0.999711275100708 -0.024029340595006943 
vn -0.005833018571138382 0.02555612474679947 -0.9996563792228699 
vn -0.005833018571138382 0.02555612474679947 -0.9996563792228699 
vn -0.005833018571138382 0.02555612474679947 -0.9996563792228699 
vn -0.005833018571138382 0.02555612474679947 -0.9996563792228699 
vn 0.999997615814209 0 0.002184694167226553 
vn 0.999997615814209 0 0.002184694167226553 
vn 0.999997615814209 0 0.002184694167226553 
vn 0.999997615814209 0 0.002184694167226553 
vn 0.999997615814209 0 0.002184694167226553 
vn 0.999997615814209 0 0.002184694167226553 
vn 0.999997615814209 0 0.002184694167226553 
vn 0.999997615814209 0 0.002184694167226553 
vn 0.999997615814209 0 0.002184694167226553 
vn 0.999997615814209 0 0.002184694167226553 
vn 0.999997615814209 0 0.002184694167226553 
vn 0.999997615814209 0 0.002184694167226553 
vn 0.999997615814209 0 0.002184694167226553 
vn 0.999997615814209 0 0.002184694167226553 
vn 0.999997615814209 0 0.002184694167226553 
vn 0.999997615814209 0 0.002184694167226553 
vn 0.999997615814209 0 0.002184694167226553 
vn 0.999997615814209 0 0.002184694167226553 
vn 0.999997615814209 0 0.002184694167226553 
vn 0.999997615814209 0 0.002184694167226553 
vn 0.999997615814209 0 0.002184694167226553 
vn 0.999997615814209 0 0.002184694167226553 
vn 0.999997615814209 0 0.002184694167226553 
vn 0.999997615814209 0 0.002184694167226553 
vn 0.999997615814209 0 0.002184694167226553 
vn 0.999997615814209 0 0.002184694167226553 
vn 0.999997615814209 0 0.002184694167226553 
vn 0.999997615814209 0 0.002184694167226553 
vn 0.999997615814209 0 0.002184694167226553 
vn 0.999997615814209 0 0.002184694167226553 
vn 0.999997615814209 0 0.002184694167226553 
vn 0.999997615814209 0 0.002184694167226553 
vn 0.999997615814209 0 0.002184694167226553 
vn 0.999997615814209 0 0.002184694167226553 
vn 0.9896644353866577 -0.14298582077026367 0.010923261754214764 
vn 0.9907160401344299 -0.1355079710483551 0.010923261754214764 
vn 0.9680131673812866 -0.24667201936244965 0.04586252197623253 
vn 0.9680131673812866 -0.24667201936244965 0.04586252197623253 
vn 0.9680131673812866 -0.24667201936244965 0.04586252197623253 
vn 0.9680131673812866 -0.24667201936244965 0.04586252197623253 
vn 0.9103339314460754 -0.40310415625572205 0.09380380809307098 
vn 0.9103339314460754 -0.40310415625572205 0.09380380809307098 
vn 0.5016545057296753 -0.8412055969238281 0.2017817199230194 
vn 0.5016545057296753 -0.8412055969238281 0.2017817199230194 
vn 0.16346248984336853 -0.9656935930252075 0.2017817199230194 
vn 0.16346248984336853 -0.9656935930252075 0.2017817199230194 
vn 3.097898456858039e-13 -0.999997615814209 0.002184694167226553 
vn 3.097898456858039e-13 -0.999997615814209 0.002184694167226553 
vn 3.097898456858039e-13 -0.999997615814209 0.002184694167226553 
vn 3.097898456858039e-13 -0.999997615814209 0.002184694167226553 
vn 3.097898456858039e-13 -0.999997615814209 0.002184694167226553 
vn 3.097898456858039e-13 -0.999997615814209 0.002184694167226553 
vn 3.097898456858039e-13 -0.999997615814209 0.002184694167226553 
vn 3.097898456858039e-13 -0.999997615814209 0.002184694167226553 
vn 3.097898456858039e-13 -0.999997615814209 0.002184694167226553 
vn 3.097898456858039e-13 -0.999997615814209 0.002184694167226553 
vn 3.097898456858039e-13 -0.999997615814209 0.002184694167226553 
vn 3.097898456858039e-13 -0.999997615814209 0.002184694167226553 
vn 0.999997615814209 0 -0.002184694167226553 
vn 0.999997615814209 0 -0.002184694167226553 
vn 0.999997615814209 0 -0.002184694167226553 
vn 0.999997615814209 0 -0.002184694167226553 
vn -1.0338169258378507e-13 0.999711275100708 0.024029340595006943 
vn -1.0338169258378507e-13 0.999711275100708 0.024029340595006943 
vn -1.0338169258378507e-13 0.999711275100708 0.024029340595006943 
vn -1.0338169258378507e-13 0.999711275100708 0.024029340595006943 
vn -0.13363000750541687 -0.9197655320167542 -0.3690181374549866 
vn 0.14098314940929413 -0.9202893972396851 -0.3649536371231079 
vn -0.18764175474643707 -0.9820407629013062 -0.01966099627315998 
vn 0.18765608966350555 -0.9821157455444336 -0.0152922747656703 
vn -0.18025460839271545 -0.9836175441741943 0.002184694167226553 
vn 0.18025116622447968 -0.9835987687110901 0.006554040592163801 
vn -0.18767757713794708 -0.9822282791137695 0.002184694167226553 
vn 0.18025116622447968 -0.9835987687110901 0.006554040592163801 
vn -0.20240981876850128 -0.9788891077041626 0.028397228568792343 
vn 0.19495578110218048 -0.980108916759491 0.03713129088282585 
vn -0.15214018523693085 -0.8845678567886353 0.4409002661705017 
vn 0.1353262960910797 -0.8833634257316589 0.4487268626689911 
vn 0.9298819899559021 -0.3545215427875519 -0.0981530249118805 
vn 0.9266347885131836 -0.37565159797668457 0.0152922747656703 
vn 0.929445207118988 -0.3686431050300598 0.0152922747656703 
vn 0.9296587705612183 -0.34015321731567383 0.1415284425020218 
vn 0.3568125367164612 -0.18792285025119781 0.9150791168212891 
vn 0.9295339584350586 0.3686783015727997 -0.006554040592163801 
vn 0.9322916269302368 0.3616480827331543 0.006554040592163801 
vn 0.930886447429657 0.3330138623714447 0.15017375349998474 
vn 0.3625142574310303 0.11107184737920761 0.9253358840942383 
vn 0.9270380735397339 0.3472321331501007 -0.1415284425020218 
vn 0.3869253396987915 -0.015107817947864532 -0.9219872951507568 
vn 0.3834797143936157 -0.34477850794792175 -0.8567795157432556 
vn 3.097011308430403e-13 -0.999711275100708 -0.024029340595006943 
vn 3.097011308430403e-13 -0.999711275100708 -0.024029340595006943 
vn 3.097011308430403e-13 -0.999711275100708 -0.024029340595006943 
vn 3.097011308430403e-13 -0.999711275100708 -0.024029340595006943 
vn -0.8358743190765381 -0.3702273368835449 -0.405272513628006 
vn -0.0566176101565361 -0.957652747631073 -0.28230419754981995 
vn -0.4029911458492279 -0.8989466428756714 -0.17173540592193604 
vn -0.4104039967060089 -0.9118802547454834 0.006554040592163801 
vn -0.04528285190463066 -0.9986851811408997 -0.024029340595006943 
vn 3.096656503269457e-13 -0.9995967149734497 -0.028397228568792343 
vn 0.999997615814209 0 -0.002184694167226553 
vn 0.999997615814209 0 -0.002184694167226553 
vn 0.999997615814209 0 -0.002184694167226553 
vn 0.999997615814209 0 -0.002184694167226553 
vn -0.999997615814209 -2.0682260971124217e-13 0.002184694167226553 
vn -0.999997615814209 -2.0682260971124217e-13 0.002184694167226553 
vn -0.999997615814209 -2.0682260971124217e-13 0.002184694167226553 
vn -0.999997615814209 -2.0682260971124217e-13 0.002184694167226553 
vn -0.005833018571138382 0.02555612474679947 -0.9996563792228699 
vn -0.005833018571138382 0.02555612474679947 -0.9996563792228699 
vn -0.005833018571138382 0.02555612474679947 -0.9996563792228699 
vn -0.005833018571138382 0.02555612474679947 -0.9996563792228699 
vn 3.097011308430403e-13 -0.999711275100708 -0.024029340595006943 
vn 3.097011308430403e-13 -0.999711275100708 -0.024029340595006943 
vn 3.097011308430403e-13 -0.999711275100708 -0.024029340595006943 
vn 3.097011308430403e-13 -0.999711275100708 -0.024029340595006943 
vn 0.005333262961357832 -0.025665070861577988 0.9996563792228699 
vn 0.005333262961357832 -0.025665070861577988 0.9996563792228699 
vn 0.005333262961357832 -0.025665070861577988 0.9996563792228699 
vn 0.005333262961357832 -0.025665070861577988 0.9996563792228699 
vn -0.999997615814209 -2.0682260971124217e-13 0.002184694167226553 
vn -0.999997615814209 -2.0682260971124217e-13 0.002184694167226553 
vn -0.999997615814209 -2.0682260971124217e-13 0.002184694167226553 
vn -0.999997615814209 -2.0682260971124217e-13 0.002184694167226553 
vn -1.0341130485562108e-13 0.999997615814209 0.002184694167226553 
vn -1.0341130485562108e-13 0.999997615814209 0.002184694167226553 
vn -1.0341130485562108e-13 0.999997615814209 0.002184694167226553 
vn -1.0341130485562108e-13 0.999997615814209 0.002184694167226553 
vn 0.999997615814209 0 0.002184694167226553 
vn 0.999997615814209 0 0.002184694167226553 
vn 0.999997615814209 0 0.002184694167226553 
vn 0.999997615814209 0 0.002184694167226553 
vn -0.999997615814209 -2.0682260971124217e-13 -0.002184694167226553 
vn -0.999997615814209 -2.0682260971124217e-13 -0.002184694167226553 
vn -0.999997615814209 -2.0682260971124217e-13 -0.002184694167226553 
vn -0.999997615814209 -2.0682260971124217e-13 -0.002184694167226553 
vn 3.097011308430403e-13 -0.999711275100708 -0.024029340595006943 
vn 3.097011308430403e-13 -0.999711275100708 -0.024029340595006943 
vn 3.097011308430403e-13 -0.999711275100708 -0.024029340595006943 
vn 3.097011308430403e-13 -0.999711275100708 -0.024029340595006943 
vn 3.097011308430403e-13 -0.999711275100708 -0.024029340595006943 
vn 3.097011308430403e-13 -0.999711275100708 -0.024029340595006943 
vn 3.097011308430403e-13 -0.999711275100708 -0.024029340595006943 
vn 3.097011308430403e-13 -0.999711275100708 -0.024029340595006943 
vn -0.1583530604839325 0.09069451689720154 -0.983208417892456 
vn -0.8459828495979309 0.3320237994194031 -0.417220801115036 
vn -1.0341130485562108e-13 0.999997615814209 0.002184694167226553 
vn -1.0341130485562108e-13 0.999997615814209 0.002184694167226553 
vn -1.0341130485562108e-13 0.999997615814209 0.002184694167226553 
vn -1.0341130485562108e-13 0.999997615814209 0.002184694167226553 
vn -0.013201562687754631 -0.8463720679283142 0.5324283838272095 
vn -0.015056527219712734 -0.3544423580169678 0.9349566102027893 
vn 0.0056329527869820595 -0.3669435381889343 0.9302261471748352 
vn 0.005605627782642841 -0.2081211358308792 0.9780870079994202 
vn 0.02442006766796112 -0.34982213377952576 0.9364978075027466 
vn 0.018725356087088585 -0.21164149045944214 0.9771679639816284 
vn 0.03360768407583237 -0.20979343354701996 0.9771679639816284 
vn 0.025492655113339424 -0.08801085501909256 0.9957932829856873 
vn 0.039294663816690445 -0.07302172482013702 0.9965559244155884 
vn 0.022980179637670517 0.05191262438893318 0.9983872175216675 
vn 0.04083481803536415 0.05120524391531944 0.9978529810905457 
vn 0.03860805928707123 0.14288948476314545 0.9889853596687317 
vn 0.04186359420418739 0.11923805624246597 0.9919826984405518 
vn -0.01131401676684618 -0.8666788935661316 0.4987381398677826 
vn -0.0018854718655347824 -0.8774389028549194 0.4796847105026245 
vn 0.009436271153390408 -0.8710268139839172 0.4911448359489441 
vn 0.03380253165960312 -0.3408040702342987 0.9395264387130737 
vn 0.050059642642736435 -0.19768106937408447 0.9789873361587524 
vn 0.05170171707868576 -0.06483190506696701 0.9965559244155884 
vn 0.05120524391531944 0.04083481803536415 0.9978529810905457 
vn 0.06286835670471191 0.08906416594982147 0.9940398335456848 
vn 0.07547910511493683 0.021813618019223213 0.9969087839126587 
vn 0.07910680770874023 -0.06854644417762756 0.9945066571235657 
vn 0.08541077375411987 -0.18044866621494293 0.97986900806427 
vn 0.06892255693674088 -0.2802343964576721 0.9574540853500366 
vn 0.2565024495124817 -0.22067922353744507 0.9410139322280884 
vn 0.20944073796272278 -0.6397129893302917 0.7395281791687012 
vn 0.24474303424358368 -0.18246492743492126 0.9522643685340881 
vn 0.2327449768781662 -0.08115652203559875 0.9691457152366638 
vn 0.2275499403476715 0.029957516118884087 0.9733054637908936 
vn 0.24164381623268127 0.08128245919942856 0.9669547080993652 
vn 0.013192693702876568 -0.8578026294708252 0.5138099193572998 
vn 0.039295464754104614 -0.3236272633075714 0.9453682899475098 
vn 0.020742058753967285 -0.8485398888587952 0.528724730014801 
vn 0.043359678238630295 -0.8237481713294983 0.5652954578399658 
vn 0.003704126225784421 -0.08719801157712936 0.9961841106414795 
vn 0.001840247423388064 0.04800954833626747 0.9988451600074768 
vn 0.0018734870245680213 0.18247652053833008 0.983208417892456 
vn 0.026092717424035072 0.17191840708255768 0.9847655892372131 
vn 0.0037780406419187784 -0.19960573315620422 -0.97986900806427 
vn -0.0075639719143509865 -0.2166038155555725 -0.976230263710022 
vn -0.0075639719143509865 -0.2166038155555725 -0.976230263710022 
vn 0.013205436989665031 -0.2291332334280014 -0.9733054637908936 
vn 0.013205436989665031 -0.2291332334280014 -0.9733054637908936 
vn 0.02078423462808132 -0.22429761290550232 -0.9742990136146545 
vn 0.02078423462808132 -0.22429761290550232 -0.9742990136146545 
vn 0.013205436989665031 -0.2291332334280014 -0.9733054637908936 
vn 0.013205436989665031 -0.2291332334280014 -0.9733054637908936 
vn 0.013205436989665031 -0.2291332334280014 -0.9733054637908936 
vn 0.013205436989665031 -0.2291332334280014 -0.9733054637908936 
vn 0.01702464558184147 -0.16439586877822876 -0.9862475395202637 
vn 0.01702464558184147 -0.16439586877822876 -0.9862475395202637 
vn 0.0018875952810049057 -0.08290162682533264 -0.9965559244155884 
vn 0.0018875952810049057 -0.08290162682533264 -0.9965559244155884 
vn 0.0018875952810049057 -0.08290162682533264 -0.9965559244155884 
vn 0.0037780406419187784 -0.19960573315620422 -0.97986900806427 
vn 0.0037780406419187784 -0.19960573315620422 -0.97986900806427 
vn 0.0037780406419187784 -0.19960573315620422 -0.97986900806427 
vn 0.0037780406419187784 -0.19960573315620422 -0.97986900806427 
vn 0.0037780406419187784 -0.19960573315620422 -0.97986900806427 
vn 0.0037780406419187784 -0.19960573315620422 -0.97986900806427 
vn 0.0037780406419187784 -0.19960573315620422 -0.97986900806427 
vn 0.0037780406419187784 -0.19960573315620422 -0.97986900806427 
vn 0.0037780406419187784 -0.19960573315620422 -0.97986900806427 
vn 0.0037780406419187784 -0.19960573315620422 -0.97986900806427 
vn 0.0037780406419187784 -0.19960573315620422 -0.97986900806427 
vn 0.0037780406419187784 -0.19960573315620422 -0.97986900806427 
vn 0.001889180624857545 -0.16957223415374756 -0.9855159521102905 
vn 0.001889180624857545 -0.16957223415374756 -0.9855159521102905 
vn 0.003804662497714162 -0.10895127803087234 -0.9940398335456848 
vn 0.003804662497714162 -0.10895127803087234 -0.9940398335456848 
vn -2.0682311115474694e-13 0 -1 
vn -2.0682311115474694e-13 0 -1 
vn -2.0682311115474694e-13 0 -1 
vn -2.0682311115474694e-13 0 -1 
vn -2.0682311115474694e-13 0 -1 
vn -2.0682311115474694e-13 0 -1 
vn -2.0682311115474694e-13 0 -1 
vn 0.003804662497714162 -0.10895127803087234 -0.9940398335456848 
vn -2.0682311115474694e-13 0 -1 
vn -2.0682311115474694e-13 0 -1 
vn -2.0682311115474694e-13 0 -1 
vn -2.0682311115474694e-13 0 -1 
vn 0.0018875952810049057 -0.08290162682533264 -0.9965559244155884 
vn 0.0018875952810049057 -0.08290162682533264 -0.9965559244155884 
vn 0.0018875952810049057 -0.08290162682533264 -0.9965559244155884 
vn 0.0018875952810049057 -0.08290162682533264 -0.9965559244155884 
vn 0.0018875952810049057 -0.08290162682533264 -0.9965559244155884 
vn 0.0018875952810049057 -0.08290162682533264 -0.9965559244155884 
vn 0.0018875952810049057 -0.08290162682533264 -0.9965559244155884 
vn 0.0018875952810049057 -0.08290162682533264 -0.9965559244155884 
vn -0.013250683434307575 -0.16474300622940063 -0.9862475395202637 
vn -0.013250683434307575 -0.16474300622940063 -0.9862475395202637 
vn -0.016972294077277184 -0.22888505458831787 -0.9733054637908936 
vn -0.016972294077277184 -0.22888505458831787 -0.9733054637908936 
vn -0.016972294077277184 -0.22888505458831787 -0.9733054637908936 
vn -0.016972294077277184 -0.22888505458831787 -0.9733054637908936 
vn -0.024549314752221107 -0.22391679883003235 -0.9742990136146545 
vn -0.024549314752221107 -0.22391679883003235 -0.9742990136146545 
vn -0.009435007348656654 -0.22931943833827972 -0.9733054637908936 
vn -0.009435007348656654 -0.22931943833827972 -0.9733054637908936 
vn 0.0075639719143509865 -0.2166038155555725 -0.976230263710022 
vn 0.0075639719143509865 -0.2166038155555725 -0.976230263710022 
vn 0.0037780406419187784 -0.19960573315620422 -0.97986900806427 
vn 0.0037780406419187784 -0.19960573315620422 -0.97986900806427 
vn 0.0037780406419187784 -0.19960573315620422 -0.97986900806427 
vn 0.001889180624857545 -0.16957223415374756 -0.9855159521102905 
vn 0.001889180624857545 -0.16957223415374756 -0.9855159521102905 
vn 0.003804662497714162 -0.10895127803087234 -0.9940398335456848 
vn 0.0018875952810049057 -0.08290162682533264 -0.9965559244155884 
vn 0.0018875952810049057 -0.08290162682533264 -0.9965559244155884 
vn 0.0018875952810049057 -0.08290162682533264 -0.9965559244155884 
vn 0.0018875952810049057 -0.08290162682533264 -0.9965559244155884 
vn 0.0018875952810049057 -0.08290162682533264 -0.9965559244155884 
vn -2.0682311115474694e-13 0 -1 
vn -2.0682311115474694e-13 0 -1 
vn -2.0682311115474694e-13 0 -1 
vn -2.0682311115474694e-13 0 -1 
vn -2.0682311115474694e-13 0 -1 
vn -2.0682311115474694e-13 0 -1 
vn -2.0682311115474694e-13 0 -1 
vn -2.0682311115474694e-13 0 -1 
vn -2.0682311115474694e-13 0 -1 
vn -2.0682311115474694e-13 0 -1 
vn -2.0682311115474694e-13 0 -1 
vn -2.0682311115474694e-13 0 -1 
vn -2.0682311115474694e-13 0 -1 
vn -2.0682311115474694e-13 0 -1 
vn -2.0682311115474694e-13 0 -1 
vn -2.0682311115474694e-13 0 -1 
vn -2.0682311115474694e-13 0 -1 
vn 0.003804662497714162 -0.10895127803087234 -0.9940398335456848 
vn 0.003804662497714162 -0.10895127803087234 -0.9940398335456848 
vn 0.001889180624857545 -0.16957223415374756 -0.9855159521102905 
vn 0.001889180624857545 -0.16957223415374756 -0.9855159521102905 
vn 0.003804662497714162 -0.10895127803087234 -0.9940398335456848 
vn 0.003804662497714162 -0.10895127803087234 -0.9940398335456848 
vn 0.001889180624857545 -0.16957223415374756 -0.9855159521102905 
vn 0.001889180624857545 -0.16957223415374756 -0.9855159521102905 
vn 0.001889180624857545 -0.16957223415374756 -0.9855159521102905 
vn 0.001889180624857545 -0.16957223415374756 -0.9855159521102905 
vn 0.003804662497714162 -0.10895127803087234 -0.9940398335456848 
vn 0.003804662497714162 -0.10895127803087234 -0.9940398335456848 
vn 0.9585854411125183 0.23926162719726562 -0.15449213981628418 
vn 0.8691588640213013 0.4299370050430298 -0.24437066912651062 
vn 0.9229849576950073 0.33281630277633667 0.19321508705615997 
vn 0.8294630646705627 0.5355101823806763 0.15880759060382843 
vn 0.339821994304657 0.5810499787330627 0.7395281791687012 
vn 0.27671679854393005 0.7443573474884033 0.607749879360199 
vn 0.06562785804271698 0.49248990416526794 0.8678402304649353 
vn 0.11820946633815765 0.7041711807250977 0.7001210451126099 
vn 0.03577432408928871 0.4725714921951294 0.8805659413337708 
vn 0.06395663321018219 0.7142185568809509 0.6969945430755615 
vn -0.005647588055580854 0.4661763608455658 0.8846737742424011 
vn 0.007533459924161434 0.6953854560852051 0.7185974717140198 
vn -0.0037628754507750273 0.4623253047466278 0.8867024183273315 
vn -6.994245135318045e-14 0.676350474357605 0.736579954624176 
vn 0.0018843116704374552 0.6633715033531189 0.7482877969741821 
vn -0.03018920123577118 0.9894737601280212 0.1415284425020218 
vn -0.086736299097538 0.9889935255050659 0.11986933648586273 
vn -0.0923755094408989 0.9800394177436829 -0.1760382205247879 
vn -0.3168526291847229 0.9238777756690979 0.21460255980491638 
vn -0.34906715154647827 0.920414388179779 -0.1760382205247879 
vn -0.6507381796836853 0.6067371964454651 0.456519216299057 
vn -0.8331204652786255 0.4119901955127716 -0.3690181374549866 
vn -0.9191621541976929 0.15781325101852417 -0.36088213324546814 
vn 0.10363000631332397 0.9883813858032227 0.1111890971660614 
vn 0.180241659283638 0.9787129163742065 0.0981530249118805 
vn 0.48401281237602234 0.8685134053230286 0.10684575140476227 
vn 0.039641644805669785 0.9909116625785828 0.12854042649269104 
vn 0.04527553543448448 0.984102189540863 -0.17173540592193604 
vn -1.0230570324275615e-13 0.9893063306808472 0.1458524912595749 
vn -1.0195180610112972e-13 0.9858840703964233 -0.16742929816246033 
vn -0.03773367404937744 0.9844201803207397 -0.17173540592193604 
vn 0.5095083713531494 0.8321646451950073 -0.21886809170246124 
vn 0.18770785629749298 0.9630336165428162 -0.19321508705615997 
vn 0.10181279480457306 0.9783212542533875 -0.18033768236637115 
vn 0.38512155413627625 0.44497668743133545 0.8085030317306519 
vn 0.03948693722486496 0.39731475710868835 0.916832447052002 
vn 0.41235125064849854 0.3219515085220337 0.8522403836250305 
vn 0.024410396814346313 0.3209434449672699 0.946783721446991 
vn 0.42369478940963745 0.24462030827999115 0.872148871421814 
vn 0.015004503540694714 0.267179936170578 0.9635298252105713 
vn 0.47239357233047485 0.1412068009376526 0.8700028657913208 
vn 0.016796043142676353 0.18602368235588074 0.9824016690254211 
vn 0.32679569721221924 -0.6314001679420471 0.7032341957092285 
vn 0.01695520058274269 -0.7014744281768799 0.7124928832054138 
vn 0.015097145922482014 -0.9994826912879944 0.028397228568792343 
vn 2.160541710816144e-13 -0.6954262852668762 0.7185974717140198 
vn 3.0962423380395676e-13 -0.9994630813598633 0.03276457265019417 
vn 3.0962423380395676e-13 -0.9994630813598633 0.03276457265019417 
vn 0.0018879338167607784 -0.9963706135749817 -0.08510008454322815 
vn 0.0018879338167607784 -0.9963706135749817 -0.08510008454322815 
vn 0.0018687201663851738 0.18677105009555817 0.9824016690254211 
vn 0.003771903458982706 -0.6795519590377808 0.7336177229881287 
vn 0.0018734870245680213 0.18247652053833008 0.983208417892456 
vn 0.0037316959351301193 0.1781492978334427 0.9839963912963867 
vn 0.00939861312508583 0.25477486848831177 0.9669547080993652 
vn 0.005635634530335665 0.2379433512687683 0.9712626934051514 
vn 0.011277965269982815 0.3133816421031952 0.949560284614563 
vn 0.009377574548125267 0.32586929202079773 0.9453682899475098 
vn 0.0018830278422683477 0.4231640100479126 0.9060511589050293 
vn 0.0018830278422683477 0.4231640100479126 0.9060511589050293 
vn 0.009406677447259426 0.4466743767261505 0.8946471214294434 
vn -0.020688818767666817 0.4462941288948059 0.8946471214294434 
vn -0.04144791513681412 0.6587957739830017 0.7511792182922363 
vn -0.13394871354103088 0.490204781293869 0.8612531423568726 
vn -0.12920105457305908 0.6338351964950562 0.762600839138031 
vn 0.0018757632933557034 0.32599881291389465 0.9453682899475098 
vn -0.020660586655139923 0.321206659078598 0.946783721446991 
vn -0.02446945197880268 0.41052690148353577 0.9115201234817505 
vn -0.1403425633907318 0.40758442878723145 0.9023185968399048 
vn -0.7639833688735962 0.37509047985076904 0.5250110030174255 
vn -0.8120284676551819 0.21270014345645905 0.5434780716896057 
vn -0.14892329275608063 0.3129509389400482 0.9380210638046265 
vn -0.14854520559310913 0.25228244066238403 0.9561840295791626 
vn -0.01685706526041031 0.24166442453861237 0.9702134728431702 
vn -0.007501416373997927 0.1909237951040268 0.9815762042999268 
vn 0.0018734870245680213 0.18247652053833008 0.983208417892456 
vn 0.00188484659884125 -0.6827587485313416 0.7306414246559143 
vn 2.0952700295270854e-13 -0.676350474357605 0.736579954624176 
vn 3.0962423380395676e-13 -0.9994630813598633 0.03276457265019417 
vn 3.0962423380395676e-13 -0.9994630813598633 0.03276457265019417 
vn -0.0037707537412643433 -0.6985492706298828 0.715552031993866 
vn -0.1594458967447281 0.17670825123786926 0.9712626934051514 
vn -0.8326275944709778 0.1389409750699997 0.5361219048500061 
vn -0.956344485282898 0.030205462127923965 -0.29067665338516235 
vn -0.9606875777244568 -0.04530487582087517 -0.27391019463539124 
vn -0.9322909712791443 -0.25013241171836853 -0.2612801790237427 
vn -0.8685097694396973 -0.10910994559526443 0.4835140109062195 
vn -0.1485336273908615 -0.9848532676696777 0.08945280313491821 
vn -0.07340296357870102 -0.7224314212799072 0.6875353455543518 
vn 3.096656503269457e-13 -0.9995967149734497 0.028397228568792343 
vn 0.0018886204343289137 -0.9967329502105713 -0.08074574917554855 
vn 0.0018879338167607784 -0.9963706135749817 -0.08510008454322815 
vn 0.0018879338167607784 -0.9963706135749817 -0.08510008454322815 
vn -0.1522183120250702 -0.9815713763237 -0.11553031951189041 
vn 0.022558584809303284 0.38252338767051697 0.9236704111099243 
vn 0.003762831911444664 0.39524441957473755 0.9185682535171509 
vn 0.011277965269982815 0.3133816421031952 0.949560284614563 
vn 0.0075213308446109295 0.2632809281349182 0.9646899104118347 
vn 0.9635674953460693 0.165220245718956 0.2103329300880432 
vn 0.9906567931175232 0.11297659575939178 -0.0763898640871048 
vn 0.9805687069892883 0.05283889174461365 0.18892620503902435 
vn 0.9887051582336426 -0.06031433865427971 0.1372016966342926 
vn 0.9995967149734497 0 -0.028397228568792343 
vn 0.9951253533363342 -0.09801129251718521 -0.010923261754214764 
vn 0.46275779604911804 -0.8845223784446716 -0.058952588587999344 
vn 0.4222731590270996 -0.904823362827301 0.05459024757146835 
vn 0.009439533576369286 -0.9963276982307434 -0.08510008454322815 
vn -2.417389849223e-14 0.23376400768756866 0.9722933769226074 
vn 0.009439533576369286 -0.9963276982307434 -0.08510008454322815 
vn 0.0018879338167607784 -0.9963706135749817 -0.08510008454322815 
vn 0.009444211609661579 -0.7611271739006042 -0.6485338807106018 
vn -0.0018886548932641745 -0.7779221534729004 -0.6283578276634216 
vn -0.0018928318750113249 -0.18677081167697906 -0.9824016690254211 
vn -0.0018983004847541451 -0.1824762523174286 -0.983208417892456 
vn -0.005702008493244648 -0.16086316108703613 -0.986960232257843 
vn -0.003797774901613593 -0.15228596329689026 -0.9883291721343994 
vn -0.017030302435159683 -0.14267802238464355 -0.9896226525306702 
vn -0.0018901845905929804 -0.14800140261650085 -0.9889853596687317 
vn 4.049170192394792e-14 -0.13070669770240784 -0.991421103477478 
vn 0.0056886556558310986 -0.1435781568288803 -0.9896226525306702 
vn 0.013202907517552376 -0.19061440229415894 -0.9815762042999268 
vn 0.001889180624857545 -0.16957223415374756 -0.9855159521102905 
vn 0.005694079678505659 -0.1823972761631012 -0.983208417892456 
vn -0.1250145584344864 -0.1611059606075287 -0.9789873361587524 
vn 0.0037780406419187784 -0.19960573315620422 -0.97986900806427 
vn -0.11419079452753067 -0.09417245537042618 -0.9889853596687317 
vn -0.05063965171575546 0.1975332796573639 -0.9789873361587524 
vn -0.14030511677265167 0.22786998748779297 -0.9635298252105713 
vn -0.0923755094408989 0.9800394177436829 -0.1760382205247879 
vn -0.34906715154647827 0.920414388179779 -0.1760382205247879 
vn -0.03773367404937744 0.9844201803207397 -0.17173540592193604 
vn -0.02070225030183792 0.12466631829738617 -0.9919826984405518 
vn 0.01133181992918253 -0.271572083234787 -0.962351381778717 
vn -0.005673481151461601 -0.30938050150871277 -0.9509214162826538 
vn -0.00378825468942523 -0.19532142579555511 -0.9807319641113281 
vn -0.018912792205810547 -0.19444051384925842 -0.9807319641113281 
vn -0.024471836164593697 -0.18949748575687408 -0.9815762042999268 
vn -0.013211137615144253 -0.1690673679113388 -0.9855159521102905 
vn 0.028359608724713326 -0.1802690178155899 -0.983208417892456 
vn 0.02454373426735401 -0.1634424775838852 -0.9862475395202637 
vn 0.02083614096045494 -0.18129269778728485 -0.983208417892456 
vn 0.37521177530288696 -0.7455490827560425 -0.5507928133010864 
vn 0.46275779604911804 -0.8845223784446716 -0.058952588587999344 
vn -0.02080610580742359 -0.27522537112236023 -0.961154580116272 
vn 0.01696353405714035 0.1252298355102539 -0.9919826984405518 
vn -0.0037817833945155144 0.06975089013576508 -0.9975572824478149 
vn -1.0195180610112972e-13 0.9858840703964233 -0.16742929816246033 
vn 5.535934259831912e-14 -0.17818838357925415 -0.9839963912963867 
vn 0.003797774901613593 -0.15228596329689026 -0.9883291721343994 
vn 5.535934259831912e-14 -0.17818838357925415 -0.9839963912963867 
vn -0.013292316347360611 -0.1604144126176834 -0.986960232257843 
vn -0.015111430548131466 -0.1775464564561844 -0.9839963912963867 
vn -0.1722560077905655 -0.16424576938152313 -0.9712626934051514 
vn -0.17104166746139526 -0.2058033049106598 -0.9635298252105713 
vn -0.9606875777244568 -0.04530487582087517 -0.27391019463539124 
vn -0.9322909712791443 -0.25013241171836853 -0.2612801790237427 
vn -0.1556670069694519 -0.17439435422420502 -0.9722933769226074 
vn -0.956344485282898 0.030205462127923965 -0.29067665338516235 
vn -0.9191621541976929 0.15781325101852417 -0.36088213324546814 
vn -0.8331204652786255 0.4119901955127716 -0.3690181374549866 
vn 0.9951253533363342 -0.09801129251718521 -0.010923261754214764 
vn 0.6041457056999207 -0.1788247972726822 -0.7765498161315918 
vn 0.9995967149734497 0 -0.028397228568792343 
vn 0.5760993957519531 -0.12013456970453262 -0.8085030317306519 
vn 0.5400736927986145 -0.07539321482181549 -0.838234007358551 
vn 0.04527553543448448 0.984102189540863 -0.17173540592193604 
vn 0.02837594598531723 0.2191700041294098 -0.9752739667892456 
vn -0.02460942044854164 -0.2196248173713684 -0.9752739667892456 
vn -0.0018983004847541451 -0.1824762523174286 -0.983208417892456 
vn 0.02072312869131565 -0.18994398415088654 -0.9815762042999268 
vn 0.36260461807250977 -0.015096873044967651 -0.931820809841156 
vn 0.46320295333862305 -0.05287053808569908 -0.8846737742424011 
vn 0.9585854411125183 0.23926162719726562 -0.15449213981628418 
vn 0.9906567931175232 0.11297659575939178 -0.0763898640871048 
vn 0.10181279480457306 0.9783212542533875 -0.18033768236637115 
vn 0.18770785629749298 0.9630336165428162 -0.19321508705615997 
vn 0.059740494936704636 0.2083398550748825 -0.976230263710022 
vn 0.2713637948036194 0.32470446825027466 -0.9060511589050293 
vn 0.5095083713531494 0.8321646451950073 -0.21886809170246124 
vn 0.8691588640213013 0.4299370050430298 -0.24437066912651062 
vn -0.1522183120250702 -0.9815713763237 -0.11553031951189041 
vn -0.0622590146958828 -0.7754290699958801 -0.6283578276634216 
vn 0.0018886204343289137 -0.9967329502105713 -0.08074574917554855 
vn -0.0018886548932641745 -0.7779221534729004 -0.6283578276634216 
vn -0.0037797014228999615 -0.7723944783210754 -0.6351318359375 
vn 0.0018879338167607784 -0.9963706135749817 -0.08510008454322815 
vn -0.0037797014228999615 -0.7723944783210754 -0.6351318359375 
vn 0.0018879338167607784 -0.9963706135749817 -0.08510008454322815 
vn -0.005663375370204449 -0.7751508355140686 -0.6317508816719055 
vn 0.0018879338167607784 -0.9963706135749817 -0.08510008454322815 
vn -0.001878107083030045 0.3383626937866211 0.9410139322280884 
vn -0.16718372702598572 -0.9650563597679138 0.2017817199230194 
vn -0.0018869141349568963 0.9261600375175476 0.37712597846984863 
vn 3.097898456858039e-13 -0.999997615814209 0.002184694167226553 
vn -0.999997615814209 -2.0682260971124217e-13 0.002184694167226553 
vn 0.999997615814209 0 0.002184694167226553 
vt 0.809598982334137 0.04492131993174553 
vt 0.809598982334137 0.06127843260765076 
vt 0.8056174516677856 0.04247995838522911 
vt 0.8054968118667603 0.06384185701608658 
vt 0.7968098521232605 0.04247995838522911 
vt 0.7968098521232605 0.06384185701608658 
vt 0.7917424440383911 0.04492131993174553 
vt 0.7917424440383911 0.06127843260765076 
vt 0.7834174633026123 0.04394477605819702 
vt 0.7832968235015869 0.06188877299427986 
vt 0.7601316571235657 0.04357857257127762 
vt 0.7602522969245911 0.06164463609457016 
vt 0.7298479676246643 0.04406684264540672 
vt 0.730451226234436 0.062254976481199265 
vt 0.705596923828125 0.045409590005874634 
vt 0.7066828012466431 0.06371979415416718 
vt 0.6972719430923462 0.047118544578552246 
vt 0.6983578205108643 0.06335359066724777 
vt 0.692325234413147 0.04504338651895523 
vt 0.6938936710357666 0.066161148250103 
vt 0.684241533279419 0.045653726905584335 
vt 0.6856893301010132 0.0668935626745224 
vt 0.680380642414093 0.04846129193902016 
vt 0.6815871596336365 0.06469633430242538 
vt 0.705958902835846 0.03893998637795448 
vt 0.7298479676246643 0.036742765456438065 
vt 0.7604935765266418 0.03613242506980896 
vt 0.7832968235015869 0.03723103553056717 
vt 0.7928283214569092 0.03869585320353508 
vt 0.7298479676246643 0.027953868731856346 
vt 0.7609761953353882 0.02722145989537239 
vt 0.7842620611190796 0.029296616092324257 
vt 0.7940348386764526 0.02990695647895336 
vt 0.7614588141441345 0.019775312393903732 
vt 0.7859511375427246 0.022704944014549255 
vt 0.7942761778831482 0.024902168661355972 
vt 0.7294860482215881 0.02062978781759739 
vt 0.7058382630348206 0.031493838876485825 
vt 0.7041491270065308 0.02478010021150112 
vt 0.695462167263031 0.03234831616282463 
vt 0.6952208876609802 0.027465594932436943 
vt 0.6957034468650818 0.0410151444375515 
vt 0.8747510313987732 0.12817169725894928 
vt 0.8747510313987732 0.1422095149755478 
vt 0.8240771889686584 0.12817169725894928 
vt 0.8240771889686584 0.1420874446630478 
vt 0.912877082824707 0.1439184695482254 
vt 0.912877082824707 0.5544331669807434 
vt 0.9061205387115479 0.1439184695482254 
vt 0.9061205387115479 0.5544331669807434 
vt 0.9254248738288879 0.5544331669807434 
vt 0.9186683893203735 0.5544331669807434 
vt 0.9254248738288879 0.1439184695482254 
vt 0.9186683893203735 0.1439184695482254 
vt 0.8102022409439087 0.09814296662807465 
vt 0.8102022409439087 0.08215206116437912 
vt 0.8240771889686584 0.09814296662807465 
vt 0.8240771889686584 0.08215206116437912 
vt 0.698961079120636 0.9998592734336853 
vt 0.698961079120636 0.8387295007705688 
vt 0.7053556442260742 0.9998592734336853 
vt 0.7053556442260742 0.8387295007705688 
vt 0.8105641603469849 0.20409798622131348 
vt 0.8027217984199524 0.2072717547416687 
vt 0.809237003326416 0.18883949518203735 
vt 0.801153302192688 0.18847328424453735 
vt 0.8010326623916626 0.1826140284538269 
vt 0.7784707546234131 0.1833464354276657 
vt 0.7790740132331848 0.17516787350177765 
vt 0.7495142817497253 0.17467960715293884 
vt 0.7498762011528015 0.1673555225133896 
vt 0.7268316745758057 0.1675996631383896 
vt 0.7498762011528015 0.14928945899009705 
vt 0.7267110347747803 0.14965566992759705 
vt 0.7268316745758057 0.1429419219493866 
vt 0.717179536819458 0.1444067358970642 
vt 0.7160936594009399 0.13561783730983734 
vt 0.7785913944244385 0.2089807093143463 
vt 0.7781087756156921 0.19006016850471497 
vt 0.7489110231399536 0.1831022948026657 
vt 0.726952314376831 0.17419132590293884 
vt 0.7182654142379761 0.16698932647705078 
vt 0.7182654142379761 0.15063220262527466 
vt 0.7479457855224609 0.2091027796268463 
vt 0.7485490441322327 0.18993809819221497 
vt 0.7265903949737549 0.1820036768913269 
vt 0.7168175578117371 0.17382512986660004 
vt 0.723815381526947 0.2076379656791687 
vt 0.7253838777542114 0.18835121393203735 
vt 0.7168175578117371 0.1832243651151657 
vt 0.7162142992019653 0.20458626747131348 
vt 0.7174208164215088 0.18883949518203735 
vt 0.8690803647041321 0.15990938246250153 
vt 0.8669086694717407 0.1807830035686493 
vt 0.8554466962814331 0.16113005578517914 
vt 0.848086953163147 0.1818816214799881 
vt 0.8673912882804871 0.19140292704105377 
vt 0.8482075929641724 0.19225738942623138 
vt 0.8676325678825378 0.21752546727657318 
vt 0.8497760891914368 0.21801374852657318 
vt 0.8518271446228027 0.24401423335075378 
vt 0.8693217039108276 0.2443804293870926 
vt 0.85267174243927 0.2698926329612732 
vt 0.8705282211303711 0.2703809142112732 
vt 0.8531543016433716 0.296381413936615 
vt 0.8722173571586609 0.2966255247592926 
vt 0.854722797870636 0.324212908744812 
vt 0.8752336502075195 0.323968768119812 
vt 0.8637716770172119 0.34484240412712097 
vt 0.8800597190856934 0.34362170100212097 
vt 0.8735445141792297 0.373040109872818 
vt 0.8852477669715881 0.3709649443626404 
vt 0.8819901347160339 0.40477779507637024 
vt 0.8930901288986206 0.4030688405036926 
vt 0.8859716653823853 0.43321964144706726 
vt 0.8969510197639465 0.4334637522697449 
vt 0.8821108341217041 0.45970839262008667 
vt 0.8926075100898743 0.4625159502029419 
vt 0.8667880296707153 0.49571844935417175 
vt 0.8772847056388855 0.5001128911972046 
vt 0.8419336676597595 0.30565857887268066 
vt 0.8425369262695312 0.2827097773551941 
vt 0.8425369262695312 0.2611037492752075 
vt 0.8419336676597595 0.23974184691905975 
vt 0.8404858708381653 0.218746155500412 
vt 0.8276967406272888 0.2966255247592926 
vt 0.8297478556632996 0.27685052156448364 
vt 0.830954372882843 0.2574416995048523 
vt 0.8315576314926147 0.23815496265888214 
vt 0.8316782712936401 0.2192344218492508 
vt 0.7662848830223083 0.28722628951072693 
vt 0.7682152986526489 0.2703809142112732 
vt 0.769301176071167 0.25329139828681946 
vt 0.7697837948799133 0.23583567142486572 
vt 0.7700250744819641 0.21813581883907318 
vt 0.7413099408149719 0.2828318476676941 
vt 0.7426370978355408 0.2685498893260956 
vt 0.7422751188278198 0.25292518734931946 
vt 0.7416718602180481 0.23595774173736572 
vt 0.7415512204170227 0.218379944562912 
vt 0.7360012531280518 0.27953600883483887 
vt 0.7333468794822693 0.2729443311691284 
vt 0.7323817014694214 0.25475621223449707 
vt 0.7332262396812439 0.23534740507602692 
vt 0.7331055998802185 0.218502014875412 
vt 0.3189072608947754 0.9977841377258301 
vt 0.30237793922424316 0.9949765801429749 
vt 0.3189072608947754 0.9929013848304749 
vt 0.3029811978340149 0.9900938272476196 
vt 0.31408119201660156 0.9725160598754883 
vt 0.3028605580329895 0.9704409241676331 
vt 0.29091599583625793 0.9704409241676331 
vt 0.29091599583625793 0.9573796391487122 
vt 0.3028605580329895 0.9704409241676331 
vt 0.3028605580329895 0.9573796391487122 
vt 0.3028605580329895 0.9704409241676331 
vt 0.3029811978340149 0.9900938272476196 
vt 0.29091599583625793 0.9704409241676331 
vt 0.29091599583625793 0.9899717569351196 
vt 0.30237793922424316 0.9949765801429749 
vt 0.29067471623420715 0.9998592734336853 
vt 0.23855304718017578 0.022949079051613808 
vt 0.24156934022903442 0.0064698997884988785 
vt 0.29176056385040283 0.03259245306253433 
vt 0.29477688670158386 0.016113271936774254 
vt 0.8105641603469849 0.18359056115150452 
vt 0.8019979000091553 0.17577821016311646 
vt 0.8116500377655029 0.17516787350177765 
vt 0.8034456968307495 0.169430673122406 
vt 0.8117706775665283 0.1690644770860672 
vt 0.8128565549850464 0.15282943844795227 
vt 0.8176826238632202 0.15075427293777466 
vt 0.7795566320419312 0.1679658591747284 
vt 0.8045315742492676 0.15112048387527466 
vt 0.8041695952415466 0.1446508765220642 
vt 0.8144250512123108 0.14672602713108063 
vt 0.8042902946472168 0.13720472157001495 
vt 0.8146663308143616 0.13805919885635376 
vt 0.8058587312698364 0.1304909884929657 
vt 0.8149076700210571 0.13317649066448212 
vt 0.7802805304527283 0.14977772533893585 
vt 0.7802805304527283 0.1423315852880478 
vt 0.7802805304527283 0.13366475701332092 
vt 0.780521810054779 0.12634067237377167 
vt 0.7496349215507507 0.14184331893920898 
vt 0.749031662940979 0.13293235003948212 
vt 0.7485490441322327 0.12548619508743286 
vt 0.7258664965629578 0.13500750064849854 
vt 0.724177360534668 0.12841583788394928 
vt 0.715731680393219 0.1306130588054657 
vt 0.816234827041626 0.17187203466892242 
vt 0.8258869647979736 0.15136460959911346 
vt 0.824318528175354 0.17260444164276123 
vt 0.8296272158622742 0.15417218208312988 
vt 0.8285413384437561 0.1704072207212448 
vt 0.12055538594722748 0.4512856900691986 
vt 0.12055538594722748 0.46739867329597473 
vt 0.10655975341796875 0.4512856900691986 
vt 0.10655975341796875 0.46739867329597473 
vt 0.8667880296707153 0.49571844935417175 
vt 0.8536369204521179 0.4870516061782837 
vt 0.8821108341217041 0.45970839262008667 
vt 0.8672705888748169 0.45690080523490906 
vt 0.8859716653823853 0.43321964144706726 
vt 0.8722173571586609 0.4334637522697449 
vt 0.8819901347160339 0.40477779507637024 
vt 0.8676325678825378 0.4084398150444031 
vt 0.8735445141792297 0.373040109872818 
vt 0.8599108457565308 0.37828901410102844 
vt 0.8637716770172119 0.34484240412712097 
vt 0.8514652252197266 0.3503354489803314 
vt 0.854722797870636 0.324212908744812 
vt 0.8439847826957703 0.33068251609802246 
vt 0.8337293267250061 0.3137150704860687 
vt 0.8419336676597595 0.30565857887268066 
vt 0.8276967406272888 0.2966255247592926 
vt 0.8238359093666077 0.3066351115703583 
vt 0.7643544673919678 0.2972358763217926 
vt 0.7662848830223083 0.28722628951072693 
vt 0.7375696897506714 0.29101040959358215 
vt 0.7413099408149719 0.2828318476676941 
vt 0.7297273278236389 0.2850290834903717 
vt 0.7360012531280518 0.27953600883483887 
vt 0.2542378008365631 0.28966766595840454 
vt 0.2543584406375885 0.2728222906589508 
vt 0.3087725043296814 0.28991180658340454 
vt 0.3087725043296814 0.2729443311691284 
vt 0.3231301009654999 0.28978973627090454 
vt 0.3231301009654999 0.2729443311691284 
vt 0.3782680630683899 0.28991180658340454 
vt 0.3782680630683899 0.2730664014816284 
vt 0.3908158540725708 0.28991180658340454 
vt 0.3908158540725708 0.2730664014816284 
vt 0.44824621081352234 0.28991180658340454 
vt 0.44824621081352234 0.2730664014816284 
vt 0.4717733561992645 0.2730664014816284 
vt 0.4717733561992645 0.28978973627090454 
vt 0.5288417339324951 0.2730664014816284 
vt 0.5288417339324951 0.28978973627090454 
vt 0.5413895845413208 0.2730664014816284 
vt 0.5413895845413208 0.28978973627090454 
vt 0.5959242582321167 0.2730664014816284 
vt 0.5959242582321167 0.28978973627090454 
vt 0.6102818250656128 0.2730664014816284 
vt 0.6102818250656128 0.28966766595840454 
vt 0.6638513207435608 0.2729443311691284 
vt 0.6638513207435608 0.28966766595840454 
vt 0.37935391068458557 0.5006011724472046 
vt 0.37935391068458557 0.5090238451957703 
vt 0.32409530878067017 0.5008453130722046 
vt 0.32421594858169556 0.5092679858207703 
vt 0.9281998872756958 0.8093111515045166 
vt 0.9113085865974426 0.8093111515045166 
vt 0.9281998872756958 0.7520612478256226 
vt 0.9113085865974426 0.7520612478256226 
vt 0.6269318461418152 0.043090298771858215 
vt 0.6333264112472534 0.043090298771858215 
vt 0.6269318461418152 0.20422005653381348 
vt 0.6333264112472534 0.20422005653381348 
vt 0.9021390676498413 0.7545025944709778 
vt 0.8853684067726135 0.7545025944709778 
vt 0.9058792591094971 0.6915155053138733 
vt 0.8918836116790771 0.6910272240638733 
vt 0.9156520366668701 0.6285284161567688 
vt 0.9045521020889282 0.6275519132614136 
vt 0.9277172684669495 0.5655413269996643 
vt 0.919512927532196 0.5640765428543091 
vt 0.8853684067726135 0.8093111515045166 
vt 0.9021390676498413 0.8093111515045166 
vt 0.8918836116790771 0.8727865219116211 
vt 0.9058792591094971 0.8722982406616211 
vt 0.9045521020889282 0.9363839030265808 
vt 0.9156520366668701 0.9352853298187256 
vt 0.919512927532196 0.9998592734336853 
vt 0.9277172684669495 0.9983944892883301 
vt 0.9281998872756958 0.7520612478256226 
vt 0.9113085865974426 0.7520612478256226 
vt 0.9318194389343262 0.6890741586685181 
vt 0.9179444313049316 0.6885858774185181 
vt 0.9417129158973694 0.6260870695114136 
vt 0.9306129217147827 0.6251105070114136 
vt 0.953778088092804 0.5630999803543091 
vt 0.9455737471580505 0.5615130662918091 
vt 0.9113085865974426 0.8093111515045166 
vt 0.9281998872756958 0.8093111515045166 
vt 0.9179444313049316 0.8727865219116211 
vt 0.9318194389343262 0.8722982406616211 
vt 0.9306129217147827 0.9363839030265808 
vt 0.9417129158973694 0.9352853298187256 
vt 0.9455737471580505 0.9998592734336853 
vt 0.953778088092804 0.9983944892883301 
vt 0.24241390824317932 0.478384792804718 
vt 0.24543020129203796 0.48302337527275085 
vt 0.22697044909000397 0.4769199788570404 
vt 0.22733239829540253 0.48277923464775085 
vt 0.18582811951637268 0.4758213460445404 
vt 0.18546615540981293 0.48180270195007324 
vt 0.12743255496025085 0.4758213460445404 
vt 0.12694993615150452 0.48180270195007324 
vt 0.08677282184362411 0.47972753643989563 
vt 0.087738037109375 0.4854647219181061 
vt 0.06915763020515442 0.4870516061782837 
vt 0.06988154351711273 0.49571844935417175 
vt 0.05697178095579147 0.49657291173934937 
vt 0.058057647198438644 0.5106107592582703 
vt 0.24627476930618286 0.49205639958381653 
vt 0.2275737076997757 0.49181225895881653 
vt 0.18522486090660095 0.4909577965736389 
vt 0.12670864164829254 0.4905915856361389 
vt 0.08822064846754074 0.49376535415649414 
vt 0.0709674134850502 0.5085355639457703 
vt 0.06143590435385704 0.5252588987350464 
vt 0.18462160229682922 0.5046294331550598 
vt 0.12658798694610596 0.5036528706550598 
vt 0.08918586373329163 0.505728006362915 
vt 0.07374240458011627 0.5213527083396912 
vt 0.07639674842357635 0.5301415920257568 
vt 0.06565872579813004 0.5357567667961121 
vt 0.07724131643772125 0.5362450480461121 
vt 0.06976088881492615 0.5416160225868225 
vt 0.07506957650184631 0.5451560020446777 
vt 0.0684337168931961 0.5515035390853882 
vt 0.07229458540678024 0.5703020095825195 
vt 0.06553807109594345 0.57591712474823 
vt 0.06964024156332016 0.6188850402832031 
vt 0.061556555330753326 0.6227912306785583 
vt 0.06770981103181839 0.6782100796699524 
vt 0.0584196038544178 0.6802852749824524 
vt 0.06698589771986008 0.7344834804534912 
vt 0.05733373761177063 0.7347275614738464 
vt 0.06686524301767349 0.7910009622573853 
vt 0.05769569054245949 0.7894140481948853 
vt 0.06035003438591957 0.8480066657066345 
vt 0.050094615668058395 0.7889257669448853 
vt 0.05323156714439392 0.8469080924987793 
vt 0.04044245555996895 0.7891699075698853 
vt 0.043579407036304474 0.8475184440612793 
vt 0.02729138731956482 0.7896581888198853 
vt 0.03030768781900406 0.8484949469566345 
vt 0.014502275735139847 0.7900243997573853 
vt 0.017639227211475372 0.8492273688316345 
vt 0.00919358804821968 0.8498377203941345 
vt 0.012692496180534363 0.8990311026573181 
vt 0.00810771994292736 0.9019607305526733 
vt 0.010520759969949722 0.9285715818405151 
vt 0.18365637958049774 0.5189113616943359 
vt 0.12646733224391937 0.5170803666114807 
vt 0.09039238095283508 0.5178127288818359 
vt 0.09135760366916656 0.5257471799850464 
vt 0.09159890562295914 0.5311181545257568 
vt 0.09087499231100082 0.5392967462539673 
vt 0.08954782038927078 0.5640765428543091 
vt 0.0885826051235199 0.6136361360549927 
vt 0.08822064846754074 0.6749142408370972 
vt 0.08785869181156158 0.7339951992034912 
vt 0.08737608045339584 0.7934423089027405 
vt 0.06807176768779755 0.8517907857894897 
vt 0.06360764056444168 0.8969559669494629 
vt 0.05709243193268776 0.8951249122619629 
vt 0.0475609228014946 0.8958573341369629 
vt 0.03404790163040161 0.8972001075744629 
vt 0.02125878818333149 0.8981766104698181 
vt 0.014864232391119003 0.9253978133201599 
vt 0.012089235708117485 0.9383370280265808 
vt 0.1287597268819809 0.5668841004371643 
vt 0.12743255496025085 0.5423484444618225 
vt 0.12658798694610596 0.5330712795257568 
vt 0.1263466775417328 0.5264796018600464 
vt 0.18281181156635284 0.5290430188179016 
vt 0.2257639318704605 0.5196437835693359 
vt 0.22697044909000397 0.505361795425415 
vt 0.2459128051996231 0.505728006362915 
vt 0.24470628798007965 0.5200099945068359 
vt 0.2241954505443573 0.5295313000679016 
vt 0.18244986236095428 0.5361229777336121 
vt 0.18281181156635284 0.545888364315033 
vt 0.18413898348808289 0.5705461502075195 
vt 0.1304488480091095 0.6143685579299927 
vt 0.1855868101119995 0.6171761155128479 
vt 0.13153471052646637 0.6739377379417419 
vt 0.13189667463302612 0.7333848476409912 
vt 0.13153471052646637 0.7935643792152405 
vt 0.1304488480091095 0.855208694934845 
vt 0.08677282184362411 0.856429398059845 
vt 0.12900102138519287 0.9048903584480286 
vt 0.08701413124799728 0.9086744785308838 
vt 0.08809999376535416 0.9352853298187256 
vt 0.07253588736057281 0.9296701550483704 
vt 0.07482827454805374 0.9389473795890808 
vt 0.06746850162744522 0.9333322048187256 
vt 0.07422501593828201 0.9446845650672913 
vt 0.06360764056444168 0.9388253092765808 
vt 0.07169132679700851 0.9533513784408569 
vt 0.059626124799251556 0.9493231177330017 
vt 0.06903698295354843 0.9662905931472778 
vt 0.05624786764383316 0.9638492465019226 
vt 0.06746850162744522 0.9789856672286987 
vt 0.05431743711233139 0.9777649641036987 
vt 0.06662394106388092 0.9875304102897644 
vt 0.05383482947945595 0.9869200587272644 
vt 0.06396959722042084 0.9925352334976196 
vt 0.05383482947945595 0.9911924600601196 
vt 0.186552032828331 0.6756466627120972 
vt 0.18703463673591614 0.7338731288909912 
vt 0.1873965859413147 0.7925878167152405 
vt 0.1873965859413147 0.8528894186019897 
vt 0.18703463673591614 0.9019607305526733 
vt 0.12779450416564941 0.9311349987983704 
vt 0.08870325237512589 0.9439521431922913 
vt 0.08846195042133331 0.9489569067955017 
vt 0.08737608045339584 0.9568913578987122 
vt 0.08616956323385239 0.9689760804176331 
vt 0.0852043479681015 0.980938732624054 
vt 0.08484239131212234 0.9891173243522644 
vt 0.08387717604637146 0.9949765801429749 
vt 0.1864313781261444 0.9283274412155151 
vt 0.12694993615150452 0.941144585609436 
vt 0.12658798694610596 0.9478583335876465 
vt 0.12670864164829254 0.9575017094612122 
vt 0.12682928144931793 0.9710512161254883 
vt 0.12682928144931793 0.9842345714569092 
vt 0.12694993615150452 0.9930234551429749 
vt 0.12743255496025085 0.9991268515586853 
vt 0.18631072342395782 0.9388253092765808 
vt 0.18679332733154297 0.9461493492126465 
vt 0.18751724064350128 0.9565251469612122 
vt 0.1882411539554596 0.9708070755004883 
vt 0.18860311806201935 0.9846007823944092 
vt 0.18860311806201935 0.9937558770179749 
vt 0.18848246335983276 0.9998592734336853 
vt 0.22793565690517426 0.9570134282112122 
vt 0.2267291396856308 0.9470038414001465 
vt 0.22540196776390076 0.940168023109436 
vt 0.22516067326068878 0.9297922253608704 
vt 0.2249193638563156 0.9031814336776733 
vt 0.22455741465091705 0.8536218404769897 
vt 0.2241954505443573 0.7931981682777405 
vt 0.22383350133895874 0.7344834804534912 
vt 0.2408454269170761 0.7347275614738464 
vt 0.2408454269170761 0.6761349439620972 
vt 0.25061824917793274 0.7348496317863464 
vt 0.25037693977355957 0.6758908033370972 
vt 0.2603910565376282 0.7349717020988464 
vt 0.2602703869342804 0.6756466627120972 
vt 0.2735421061515808 0.6755245923995972 
vt 0.25978779792785645 0.6158333420753479 
vt 0.27305951714515686 0.6155892014503479 
vt 0.2593051791191101 0.5678606033325195 
vt 0.2725768983364105 0.5673723816871643 
vt 0.27221494913101196 0.5417380928993225 
vt 0.2851247191429138 0.5422263741493225 
vt 0.2860899269580841 0.5313622951507568 
vt 0.29562142491340637 0.5333153605461121 
vt 0.29320839047431946 0.5433249473571777 
vt 0.2851247191429138 0.5676165223121643 
vt 0.28572797775268555 0.6157112717628479 
vt 0.2863312363624573 0.6755245923995972 
vt 0.2736627757549286 0.7349717020988464 
vt 0.260149747133255 0.7949070930480957 
vt 0.25037693977355957 0.7945408821105957 
vt 0.2408454269170761 0.7940526604652405 
vt 0.2408454269170761 0.855086624622345 
vt 0.2409660816192627 0.9052565693855286 
vt 0.2408454269170761 0.9319894909858704 
vt 0.23951825499534607 0.941022515296936 
vt 0.24277585744857788 0.9471259117126465 
vt 0.2443443387746811 0.9572575688362122 
vt 0.22865957021713257 0.9711732864379883 
vt 0.2494117170572281 0.9067214131355286 
vt 0.24989432096481323 0.856063187122345 
vt 0.25966712832450867 0.856795608997345 
vt 0.2729388475418091 0.857039749622345 
vt 0.2735421061515808 0.7950291633605957 
vt 0.28572797775268555 0.857039749622345 
vt 0.2863312363624573 0.7950291633605957 
vt 0.29477688670158386 0.7947850227355957 
vt 0.28645187616348267 0.7349717020988464 
vt 0.29501816630363464 0.7348496317863464 
vt 0.29477688670158386 0.6756466627120972 
vt 0.2942942678928375 0.6160774827003479 
vt 0.2934496998786926 0.5681047439575195 
vt 0.3004475235939026 0.5441794395446777 
vt 0.30165404081344604 0.5356346964836121 
vt 0.31745943427085876 0.5349022746086121 
vt 0.31758010387420654 0.5446677207946777 
vt 0.30093011260032654 0.5690813064575195 
vt 0.30153337121009827 0.6166878342628479 
vt 0.3018953502178192 0.6758908033370972 
vt 0.3020159900188446 0.7347275614738464 
vt 0.30177468061447144 0.7942968010902405 
vt 0.2942942678928375 0.856551468372345 
vt 0.2851247191429138 0.9079420566558838 
vt 0.27233558893203735 0.9080641269683838 
vt 0.25906386971473694 0.9076979160308838 
vt 0.24892911314964294 0.9336984157562256 
vt 0.3178214132785797 0.5698137283325195 
vt 0.31770074367523193 0.6170540452003479 
vt 0.31745943427085876 0.6758908033370972 
vt 0.317218154668808 0.7344834804534912 
vt 0.31685617566108704 0.7935643792152405 
vt 0.3011714220046997 0.855574905872345 
vt 0.293570339679718 0.9072096943855286 
vt 0.28500404953956604 0.9352853298187256 
vt 0.2720943093299866 0.9357736110687256 
vt 0.2717323303222656 0.9468817710876465 
vt 0.2570127844810486 0.9460272789001465 
vt 0.3548615574836731 0.6160774827003479 
vt 0.35353440046310425 0.6751583814620972 
vt 0.35281047224998474 0.7338731288909912 
vt 0.35256919264793396 0.7931981682777405 
vt 0.3163735866546631 0.854354202747345 
vt 0.3004475235939026 0.9059889912605286 
vt 0.29332906007766724 0.9340646266937256 
vt 0.28584861755371094 0.9461493492126465 
vt 0.4074658453464508 0.7336289882659912 
vt 0.40782779455184937 0.7941747307777405 
vt 0.409275621175766 0.856185257434845 
vt 0.35268983244895935 0.8538659811019897 
vt 0.41120606660842896 0.9067214131355286 
vt 0.3531724512577057 0.9035476446151733 
vt 0.4126538634300232 0.9340646266937256 
vt 0.35353440046310425 0.9301584362983704 
vt 0.4134984314441681 0.9445624947547913 
vt 0.35365504026412964 0.940534234046936 
vt 0.4517451226711273 0.7938085198402405 
vt 0.4525896906852722 0.856673538684845 
vt 0.4537962079048157 0.9091627597808838 
vt 0.45476141571998596 0.9372383952140808 
vt 0.45560598373413086 0.9479804039001465 
vt 0.47056683897972107 0.8516687154769897 
vt 0.46996358036994934 0.9019607305526733 
vt 0.46984291076660156 0.9284495115280151 
vt 0.4702048897743225 0.9383370280265808 
vt 0.4752722680568695 0.8958573341369629 
vt 0.4744277000427246 0.9210033416748047 
vt 0.47406575083732605 0.9304025769233704 
vt 0.47672009468078613 0.8476405143737793 
vt 0.4711700975894928 0.7912450432777405 
vt 0.47828856110572815 0.7894140481948853 
vt 0.4787711799144745 0.7350937724113464 
vt 0.47141140699386597 0.7348496317863464 
vt 0.45138317346572876 0.7342393398284912 
vt 0.40806910395622253 0.6735715270042419 
vt 0.40975823998451233 0.6135140657424927 
vt 0.41217127442359924 0.5651751160621643 
vt 0.3564300537109375 0.5688371658325195 
vt 0.3573952615261078 0.5436911582946777 
vt 0.3578778803348541 0.5339257121086121 
vt 0.41386041045188904 0.5394188165664673 
vt 0.45234838128089905 0.5639544725418091 
vt 0.45150381326675415 0.6138802766799927 
vt 0.451262503862381 0.6750363111495972 
vt 0.47080814838409424 0.6788204312324524 
vt 0.478047251701355 0.6810176968574524 
vt 0.4696016311645508 0.6197395324707031 
vt 0.4686363935470581 0.5716447234153748 
vt 0.46827444434165955 0.546742856502533 
vt 0.45319294929504395 0.5375877618789673 
vt 0.4685157537460327 0.5375877618789673 
vt 0.4537962079048157 0.5275781750679016 
vt 0.4728592336177826 0.5451560020446777 
vt 0.47334182262420654 0.5538228154182434 
vt 0.4743070602416992 0.5776260495185852 
vt 0.4761168360710144 0.6240119338035583 
vt 0.2426552027463913 0.5301415920257568 
vt 0.22298893332481384 0.5363670587539673 
vt 0.23891499638557434 0.5361229777336121 
vt 0.22298893332481384 0.545888364315033 
vt 0.24072477221488953 0.5446677207946777 
vt 0.223230242729187 0.5709123611450195 
vt 0.223471537232399 0.6179085373878479 
vt 0.22359219193458557 0.6762570142745972 
vt 0.24072477221488953 0.5698137283325195 
vt 0.24072477221488953 0.6171761155128479 
vt 0.250014990568161 0.6164436936378479 
vt 0.24977368116378784 0.5685930252075195 
vt 0.2494117170572281 0.5436911582946777 
vt 0.24615411460399628 0.5335595011711121 
vt 0.2570127844810486 0.5313622951507568 
vt 0.2587019205093384 0.5423484444618225 
vt 0.2718529999256134 0.5305078029632568 
vt 0.4148256182670593 0.5294092297554016 
vt 0.2450682520866394 0.9715394973754883 
vt 0.22890087962150574 0.9847228527069092 
vt 0.2284182757139206 0.9937558770179749 
vt 0.22769436240196228 0.9997372031211853 
vt 0.2450682520866394 0.9850890636444092 
vt 0.24410302937030792 0.9940000176429749 
vt 0.24132803082466125 0.9986386299133301 
vt 0.04804353043437004 0.014160184189677238 
vt 0.04804353043437004 0.005859559867531061 
vt 0.11223039776086807 0.013671912252902985 
vt 0.11319561302661896 0.0025637238286435604 
vt 0.17593465745449066 0.015258795581758022 
vt 0.17798574268817902 0.0014651118544861674 
vt 0.23855304718017578 0.022949079051613808 
vt 0.24156934022903442 0.0064698997884988785 
vt 0.9254248738288879 0.5544331669807434 
vt 0.9254248738288879 0.1439184695482254 
vt 0.9312161803245544 0.5544331669807434 
vt 0.9312161803245544 0.1439184695482254 
vt 0.9186683893203735 0.1439184695482254 
vt 0.9186683893203735 0.5544331669807434 
vt 0.912877082824707 0.1439184695482254 
vt 0.912877082824707 0.5544331669807434 
vt 0.06674458831548691 0.48192477226257324 
vt 0.0567304752767086 0.4874178171157837 
vt 0.05697178095579147 0.48326751589775085 
vt 0.028256604447960854 0.02697732299566269 
vt 0.0450272336602211 0.026733187958598137 
vt 0.026567475870251656 0.05285574123263359 
vt 0.043820712715387344 0.05261160433292389 
vt 0.024999000132083893 0.07873415946960449 
vt 0.04261419177055359 0.07836794853210449 
vt 0.023309871554374695 0.1046125739812851 
vt 0.04140767082571983 0.10424637049436569 
vt 0.040201153606176376 0.1301247775554657 
vt 0.05154243856668472 0.11315733194351196 
vt 0.05455873906612396 0.026489051058888435 
vt 0.05383482947945595 0.048217155039310455 
vt 0.053110916167497635 0.06982319056987762 
vt 0.052266351878643036 0.0914292261004448 
vt 0.06565872579813004 0.10632152110338211 
vt 0.06421089917421341 0.026366984471678734 
vt 0.06457285583019257 0.04638613760471344 
vt 0.06493481248617172 0.066283218562603 
vt 0.06529676914215088 0.08630236983299255 
vt 0.1320173293352127 0.06433013081550598 
vt 0.13237927854061127 0.08386100828647614 
vt 0.16374880075454712 0.06371979415416718 
vt 0.16411074995994568 0.08337274193763733 
vt 0.1772618293762207 0.08837752789258957 
vt 0.17376291751861572 0.09887537360191345 
vt 0.16447271406650543 0.10290361940860748 
vt 0.13274124264717102 0.10351396352052689 
vt 0.7224882245063782 0.218502014875412 
vt 0.7331055998802185 0.218502014875412 
vt 0.7226088643074036 0.23534740507602692 
vt 0.7332262396812439 0.23534740507602692 
vt 0.7223675847053528 0.25524449348449707 
vt 0.7323817014694214 0.25475621223449707 
vt 0.7247806191444397 0.27562984824180603 
vt 0.7333468794822693 0.2729443311691284 
vt 0.7360012531280518 0.27953600883483887 
vt 0.6957034468650818 0.3225039541721344 
vt 0.6850860714912415 0.2695264518260956 
vt 0.7121121287345886 0.3192081153392792 
vt 0.7016153931617737 0.26623061299324036 
vt 0.17581400275230408 0.06494047492742538 
vt 0.16338683664798737 0.04418891295790672 
vt 0.17267705500125885 0.043090298771858215 
vt 0.1630248874425888 0.02465803176164627 
vt 0.17243574559688568 0.02441389672458172 
vt 0.13165536522865295 0.04479925334453583 
vt 0.1312934160232544 0.025146303698420525 
vt 0.021741395816206932 0.1304909884929657 
vt 0.018966399133205414 0.14697016775608063 
vt 0.03272072970867157 0.14745843410491943 
vt 0.01631205528974533 0.1684541404247284 
vt 0.02536095678806305 0.169796884059906 
vt 0.011727279983460903 0.19054844975471497 
vt 0.019449008628726006 0.19189119338989258 
vt 0.008349023759365082 0.2078821063041687 
vt 0.01631205528974533 0.2094689905643463 
vt 0.005091419909149408 0.22314059734344482 
vt 0.013054451905190945 0.22509369254112244 
vt 0.00014468800509348512 0.2445024996995926 
vt 0.0341685526072979 0.18725261092185974 
vt 0.04780222848057747 0.18835121393203735 
vt 0.03634028881788254 0.2080041617155075 
vt 0.05516200140118599 0.2092248499393463 
vt 0.035857681185007095 0.218746155500412 
vt 0.055041346698999405 0.2196006327867508 
vt 0.035616375505924225 0.2447466403245926 
vt 0.05359352380037308 0.2452349066734314 
vt 0.05142178758978844 0.2712354063987732 
vt 0.061315253376960754 0.26708507537841797 
vt 0.06083264574408531 0.28832492232322693 
vt 0.07229458540678024 0.2846628725528717 
vt 0.0735011026263237 0.30419376492500305 
vt 0.13503362238407135 0.2976020872592926 
vt 0.13696405291557312 0.31444746255874634 
vt 0.16193902492523193 0.3100530207157135 
vt 0.06276307255029678 0.2459673136472702 
vt 0.07169132679700851 0.26537612080574036 
vt 0.13394775986671448 0.28051257133483887 
vt 0.1606118530035019 0.295771062374115 
vt 0.1672477126121521 0.3067571818828583 
vt 0.07169132679700851 0.246577650308609 
vt 0.13346514105796814 0.26305684447288513 
vt 0.16097380220890045 0.28014636039733887 
vt 0.16990205645561218 0.3002875745296478 
vt 0.13322384655475616 0.2453569769859314 
vt 0.16157706081867218 0.26317891478538513 
vt 0.17086726427078247 0.2819773852825165 
vt 0.16169771552085876 0.2456011176109314 
vt 0.17002271115779877 0.26269063353538513 
vt 0.6581807136535645 0.08495962619781494 
vt 0.6698839664459229 0.08495962619781494 
vt 0.6581807136535645 0.09435886144638062 
vt 0.6698839664459229 0.09435886144638062 
vt 0.6583013534545898 0.12634067237377167 
vt 0.6698839664459229 0.12634067237377167 
vt 0.6583013534545898 0.194088414311409 
vt 0.6700046062469482 0.194088414311409 
vt 0.6583013534545898 0.20373179018497467 
vt 0.6700046062469482 0.20373179018497467 
vt 0.6700046062469482 0.21337516605854034 
vt 0.4495733976364136 0.5001128911972046 
vt 0.4495733976364136 0.5085355639457703 
vt 0.39202237129211426 0.5006011724472046 
vt 0.39202237129211426 0.5090238451957703 
vt 0.07555218786001205 0.323968768119812 
vt 0.06071199104189873 0.3100530207157135 
vt 0.05057722330093384 0.2971138060092926 
vt 0.03392724692821503 0.2716015875339508 
vt 0.06143590435385704 0.3328797221183777 
vt 0.050094615668058395 0.323602557182312 
vt 0.03272072970867157 0.2976020872592926 
vt 0.04852614179253578 0.3514340817928314 
vt 0.031031599268317223 0.323846697807312 
vt 0.028015300631523132 0.3513120114803314 
vt 0.03947724029421806 0.372063547372818 
vt 0.02318922057747841 0.3708428740501404 
vt 0.02970442734658718 0.400383323431015 
vt 0.01800118386745453 0.3981861174106598 
vt 0.02125878818333149 0.43199893832206726 
vt 0.01015880424529314 0.43028998374938965 
vt 0.017277272418141365 0.4604407846927643 
vt 0.006297939922660589 0.4608069956302643 
vt 0.021138135343790054 0.4870516061782837 
vt 0.010641411878168583 0.4897371232509613 
vt 0.036460939794778824 0.5230616927146912 
vt 0.025964215397834778 0.5273340344429016 
vt 0.6269318461418152 0.20422005653381348 
vt 0.620175302028656 0.20422005653381348 
vt 0.6269318461418152 0.043090298771858215 
vt 0.620175302028656 0.043090298771858215 
vt 0.9826139211654663 0.9998592734336853 
vt 0.9758574366569519 0.9998592734336853 
vt 0.9826139211654663 0.5893446207046509 
vt 0.9758574366569519 0.5893446207046509 
vt 0.9602932929992676 0.5519918203353882 
vt 0.9535368084907532 0.5519918203353882 
vt 0.9602932929992676 0.39086201786994934 
vt 0.9535368084907532 0.39086201786994934 
vt 0.9826139211654663 0.9998592734336853 
vt 0.9826139211654663 0.5893446207046509 
vt 0.9884052276611328 0.9998592734336853 
vt 0.9884052276611328 0.5893446207046509 
vt 0.10655975341796875 0.4373699426651001 
vt 0.05600656569004059 0.4372478723526001 
vt 0.10655975341796875 0.421256959438324 
vt 0.05600656569004059 0.421256959438324 
vt 0.05600656569004059 0.4512856900691986 
vt 0.05600656569004059 0.46727660298347473 
vt 0.04201093316078186 0.4512856900691986 
vt 0.04201093316078186 0.46727660298347473 
vt 0.2693192958831787 0.9704409241676331 
vt 0.2812638580799103 0.9704409241676331 
vt 0.2693192958831787 0.9902158975601196 
vt 0.28138449788093567 0.9899717569351196 
vt 0.26992255449295044 0.9949765801429749 
vt 0.28162580728530884 0.9998592734336853 
vt 0.620175302028656 0.20422005653381348 
vt 0.6136600971221924 0.20422005653381348 
vt 0.620175302028656 0.043090298771858215 
vt 0.6136600971221924 0.043090298771858215 
vt 0.7121121287345886 0.8387295007705688 
vt 0.7121121287345886 0.9998592734336853 
vt 0.7053556442260742 0.8387295007705688 
vt 0.7053556442260742 0.9998592734336853 
vt 0.7186273336410522 0.8387295007705688 
vt 0.7186273336410522 0.9998592734336853 
vt 0.7121121287345886 0.8387295007705688 
vt 0.7121121287345886 0.9998592734336853 
vt 0.6701252460479736 0.26378923654556274 
vt 0.6584219932556152 0.26378923654556274 
vt 0.6700046062469482 0.2453569769859314 
vt 0.6584219932556152 0.2453569769859314 
vt 0.6700046062469482 0.23644600808620453 
vt 0.6583013534545898 0.24108459055423737 
vt 0.6700046062469482 0.21337516605854034 
vt 0.6583013534545898 0.21337516605854034 
vt 0.6046112179756165 0.24108459055423737 
vt 0.6046112179756165 0.21337516605854034 
vt 0.5902535915374756 0.24108459055423737 
vt 0.5902535915374756 0.21337516605854034 
vt 0.5902535915374756 0.14904531836509705 
vt 0.6046112179756165 0.14904531836509705 
vt 0.5902535915374756 0.08373894542455673 
vt 0.6046112179756165 0.08373894542455673 
vt 0.5902535915374756 0.01806635968387127 
vt 0.6046112179756165 0.01806635968387127 
vt 0.6046112179756165 0.00756851164624095 
vt 0.5902535915374756 0.00756851164624095 
vt 0.5357189178466797 0.01806635968387127 
vt 0.5357189178466797 0.00756851164624095 
vt 0.5231711268424988 0.01806635968387127 
vt 0.5231711268424988 0.00756851164624095 
vt 0.4661027193069458 0.01806635968387127 
vt 0.4661027193069458 0.00756851164624095 
vt 0.442696213722229 0.01806635968387127 
vt 0.442696213722229 0.00756851164624095 
vt 0.3856278359889984 0.00756851164624095 
vt 0.442696213722229 0.08373894542455673 
vt 0.4661027193069458 0.08373894542455673 
vt 0.442696213722229 0.14904531836509705 
vt 0.4661027193069458 0.14904531836509705 
vt 0.442696213722229 0.21337516605854034 
vt 0.4661027193069458 0.21337516605854034 
vt 0.442696213722229 0.24108459055423737 
vt 0.4661027193069458 0.24108459055423737 
vt 0.3856278359889984 0.21337516605854034 
vt 0.3856278359889984 0.24108459055423737 
vt 0.3730800151824951 0.21337516605854034 
vt 0.3730800151824951 0.24108459055423737 
vt 0.31854531168937683 0.21337516605854034 
vt 0.31854531168937683 0.24108459055423737 
vt 0.30418771505355835 0.21337516605854034 
vt 0.30418771505355835 0.24108459055423737 
vt 0.25049757957458496 0.21337516605854034 
vt 0.25049757957458496 0.24108459055423737 
vt 0.23879434168338776 0.21337516605854034 
vt 0.23879434168338776 0.23644600808620453 
vt 0.3856278359889984 0.14904531836509705 
vt 0.3730800151824951 0.14904531836509705 
vt 0.3856278359889984 0.08373894542455673 
vt 0.3730800151824951 0.08373894542455673 
vt 0.3856278359889984 0.01806635968387127 
vt 0.3730800151824951 0.01806635968387127 
vt 0.3730800151824951 0.00756851164624095 
vt 0.31854531168937683 0.00756851164624095 
vt 0.7131980061531067 0.169552743434906 
vt 0.7131980061531067 0.14819084107875824 
vt 0.7045110464096069 0.169552743434906 
vt 0.7045110464096069 0.14819084107875824 
vt 0.7004088759422302 0.16698932647705078 
vt 0.7004088759422302 0.15063220262527466 
vt 0.31854531168937683 0.14904531836509705 
vt 0.30418771505355835 0.14904531836509705 
vt 0.31854531168937683 0.08373894542455673 
vt 0.30418771505355835 0.08373894542455673 
vt 0.31854531168937683 0.01806635968387127 
vt 0.30418771505355835 0.01806635968387127 
vt 0.30418771505355835 0.00756851164624095 
vt 0.25049757957458496 0.2453569769859314 
vt 0.23879434168338776 0.2453569769859314 
vt 0.25037693977355957 0.26378923654556274 
vt 0.23867368698120117 0.26378923654556274 
vt 0.2812638580799103 0.9704409241676331 
vt 0.2693192958831787 0.9704409241676331 
vt 0.2812638580799103 0.9573796391487122 
vt 0.2693192958831787 0.9575017094612122 
vt 0.2533932328224182 0.9979062080383301 
vt 0.2533932328224182 0.9930234551429749 
vt 0.26992255449295044 0.9949765801429749 
vt 0.2693192958831787 0.9902158975601196 
vt 0.25809866189956665 0.9726381301879883 
vt 0.2693192958831787 0.9704409241676331 
vt 0.8240771889686584 0.11218078434467316 
vt 0.8747510313987732 0.11218078434467316 
vt 0.8240771889686584 0.12817169725894928 
vt 0.8747510313987732 0.12817169725894928 
vt 0.8747510313987732 0.09814296662807465 
vt 0.8747510313987732 0.11218078434467316 
vt 0.8240771889686584 0.09814296662807465 
vt 0.8240771889686584 0.11218078434467316 
vt 0.6046112179756165 0.00756851164624095 
vt 0.5902535915374756 0.00756851164624095 
vt 0.6046112179756165 2.9582301408481726e-7 
vt 0.5902535915374756 2.9582301408481726e-7 
vt 0.5357189178466797 0.00756851164624095 
vt 0.5357189178466797 2.9582301408481726e-7 
vt 0.5231711268424988 0.00756851164624095 
vt 0.5231711268424988 2.9582301408481726e-7 
vt 0.4661027193069458 0.00756851164624095 
vt 0.4661027193069458 2.9582301408481726e-7 
vt 0.442696213722229 0.00756851164624095 
vt 0.442696213722229 2.9582301408481726e-7 
vt 0.3856278359889984 2.9582301408481726e-7 
vt 0.3856278359889984 0.00756851164624095 
vt 0.3730800151824951 2.9582301408481726e-7 
vt 0.3730800151824951 0.00756851164624095 
vt 0.31854531168937683 2.9582301408481726e-7 
vt 0.31854531168937683 0.00756851164624095 
vt 0.30418771505355835 2.9582301408481726e-7 
vt 0.30418771505355835 0.00756851164624095 
vt 0.5357189178466797 0.24108459055423737 
vt 0.5357189178466797 0.21337516605854034 
vt 0.5231711268424988 0.24108459055423737 
vt 0.5231711268424988 0.21337516605854034 
vt 0.5231711268424988 0.14904531836509705 
vt 0.5357189178466797 0.14904531836509705 
vt 0.5231711268424988 0.08373894542455673 
vt 0.5357189178466797 0.08373894542455673 
vt 0.5974927544593811 0.507314920425415 
vt 0.5429580211639404 0.507681131362915 
vt 0.5973721146583557 0.499014288187027 
vt 0.5429580211639404 0.4993804693222046 
vt 0.6850860714912415 0.2695264518260956 
vt 0.6791741251945496 0.2059290111064911 
vt 0.7016153931617737 0.26623061299324036 
vt 0.6929284930229187 0.20373179018497467 
vt 0.6791741251945496 0.14123296737670898 
vt 0.6901534795761108 0.14001229405403137 
vt 0.6813458800315857 0.07604865729808807 
vt 0.6896708607673645 0.07592659443616867 
vt 0.8594282269477844 0.8093111515045166 
vt 0.8594282269477844 0.7520612478256226 
vt 0.8761988878250122 0.8093111515045166 
vt 0.8761988878250122 0.7520612478256226 
vt 0.4731005132198334 0.4999908208847046 
vt 0.5302895903587341 0.4993804693222046 
vt 0.4731005132198334 0.5082914233207703 
vt 0.5304102301597595 0.507803201675415 
vt 0.8501380085945129 0.8093111515045166 
vt 0.8538782596588135 0.8722982406616211 
vt 0.8333674073219299 0.8093111515045166 
vt 0.840003252029419 0.8729085922241211 
vt 0.8636510372161865 0.9354074001312256 
vt 0.85267174243927 0.9363839030265808 
vt 0.8757162690162659 0.9983944892883301 
vt 0.8675119280815125 0.9998592734336853 
vt 0.8333674073219299 0.7545025944709778 
vt 0.8398826122283936 0.6910272240638733 
vt 0.8501380085945129 0.7545025944709778 
vt 0.8538782596588135 0.6915155053138733 
vt 0.85267174243927 0.6275519132614136 
vt 0.8636510372161865 0.6285284161567688 
vt 0.8675119280815125 0.5640765428543091 
vt 0.8757162690162659 0.5655413269996643 
vt 0.8594282269477844 0.7520612478256226 
vt 0.865943431854248 0.6885858774185181 
vt 0.8761988878250122 0.7520612478256226 
vt 0.879939079284668 0.6890741586685181 
vt 0.8787325620651245 0.6251105070114136 
vt 0.889711856842041 0.6260870695114136 
vt 0.8935727477073669 0.5615130662918091 
vt 0.9017770886421204 0.5630999803543091 
vt 0.8935727477073669 0.9998592734336853 
vt 0.8787325620651245 0.9363839030265808 
vt 0.9017770886421204 0.9983944892883301 
vt 0.889711856842041 0.9352853298187256 
vt 0.865943431854248 0.8727865219116211 
vt 0.879939079284668 0.8722982406616211 
vt 0.8594282269477844 0.8093111515045166 
vt 0.8761988878250122 0.8093111515045166 
vt 0.036460939794778824 0.5230616927146912 
vt 0.021138135343790054 0.4870516061782837 
vt 0.04961200803518295 0.5142728090286255 
vt 0.03597833216190338 0.48424404859542847 
vt 0.017277272418141365 0.4604407846927643 
vt 0.031031599268317223 0.4606849253177643 
vt 0.02125878818333149 0.43199893832206726 
vt 0.035616375505924225 0.4356609880924225 
vt 0.02970442734658718 0.400383323431015 
vt 0.0433381050825119 0.40551018714904785 
vt 0.03947724029421806 0.372063547372818 
vt 0.05178374424576759 0.37755662202835083 
vt 0.04852614179253578 0.3514340817928314 
vt 0.0592641681432724 0.3579036593437195 
vt 0.06951958686113358 0.34093621373176575 
vt 0.06143590435385704 0.3328797221183777 
vt 0.07555218786001205 0.323968768119812 
vt 0.0794130489230156 0.3338562846183777 
vt 0.1388944834470749 0.324579119682312 
vt 0.13696405291557312 0.31444746255874634 
vt 0.1656792312860489 0.31823158264160156 
vt 0.16193902492523193 0.3100530207157135 
vt 0.17352160811424255 0.3122502267360687 
vt 0.8887466788291931 0.08215206116437912 
vt 0.8887466788291931 0.09814296662807465 
vt 0.8747510313987732 0.08215206116437912 
vt 0.8747510313987732 0.09814296662807465 
vt 0.07000219821929932 0.9026931524276733 
vt 0.06638263911008835 0.9228343963623047 
vt 0.05998808145523071 0.9208812713623047 
vt 0.0617978610098362 0.9339425563812256 
vt 0.05166309326887131 0.9351632595062256 
vt 0.05021526664495468 0.9219799041748047 
vt 0.036460939794778824 0.9234446883201599 
vt 0.037788111716508865 0.9365059733390808 
vt 0.02343052439391613 0.9244212508201599 
vt 0.02451639249920845 0.9376046061515808 
vt 0.015950100496411324 0.9380928874015808 
vt 0.17352160811424255 0.3122502267360687 
vt 0.1672477126121521 0.3067571818828583 
vt 0.17846834659576416 0.30297306180000305 
vt 0.16990205645561218 0.3002875745296478 
vt 0.17086726427078247 0.2819773852825165 
vt 0.18088138103485107 0.2824656367301941 
vt 0.17002271115779877 0.26269063353538513 
vt 0.1806400865316391 0.26256856322288513 
vt 0.17014335095882416 0.2457231730222702 
vt 0.1807607263326645 0.2457231730222702 
vt 0.6922045350074768 0.8387295007705688 
vt 0.698961079120636 0.8387295007705688 
vt 0.6922045350074768 0.9998592734336853 
vt 0.698961079120636 0.9998592734336853 
vt 0.8747510313987732 0.08215206116437912 
vt 0.8747510313987732 0.09814296662807465 
vt 0.8240771889686584 0.08215206116437912 
vt 0.8240771889686584 0.09814296662807465 
vt 0.2048911303281784 0.12206829339265823 
vt 0.2065802663564682 0.14794671535491943 
vt 0.188120499253273 0.12182416021823883 
vt 0.18932703137397766 0.14758050441741943 
vt 0.17858900129795074 0.12158002704381943 
vt 0.17931291460990906 0.1433081328868866 
vt 0.1689368337392807 0.12145795673131943 
vt 0.16857488453388214 0.14135503768920898 
vt 0.10185432434082031 0.12023727595806122 
vt 0.10149236768484116 0.13976815342903137 
vt 0.0701228454709053 0.11962693929672241 
vt 0.06976088881492615 0.13927988708019257 
vt 0.060470689088106155 0.13818126916885376 
vt 0.05733373761177063 0.16003143787384033 
vt 0.20814873278141022 0.17382512986660004 
vt 0.19053354859352112 0.17345891892910004 
vt 0.18003681302070618 0.16491416096687317 
vt 0.1682129204273224 0.16137419641017914 
vt 0.101130411028862 0.15942110121250153 
vt 0.06939893960952759 0.15881076455116272 
vt 0.055885910987854004 0.1834685057401657 
vt 0.16785097122192383 0.1813933402299881 
vt 0.10076845437288284 0.17895197868347168 
vt 0.06903698295354843 0.17834164202213287 
vt 0.05950547382235527 0.193966343998909 
vt 0.06867502629756927 0.19799458980560303 
vt 0.10040649771690369 0.19848287105560303 
vt 0.16748900711536407 0.20129042863845825 
vt 0.18088138103485107 0.18652020394802094 
vt 0.1816052943468094 0.2081262320280075 
vt 0.19174006581306458 0.19933733344078064 
vt 0.19294658303260803 0.22521576285362244 
vt 0.2098378688097 0.19970354437828064 
vt 0.21140633523464203 0.22558195888996124 
vt 0.2141813337802887 0.24206113815307617 
vt 0.20042701065540314 0.24254940450191498 
vt 0.21683567762374878 0.26354509592056274 
vt 0.20778678357601166 0.26488786935806274 
vt 0.22142045199871063 0.2856394052505493 
vt 0.21369872987270355 0.2869821786880493 
vt 0.22479870915412903 0.30297306180000305 
vt 0.21683567762374878 0.30455994606018066 
vt 0.22805631160736084 0.31823158264160156 
vt 0.2200932800769806 0.3201846480369568 
vt 0.23300305008888245 0.33959347009658813 
vt 0.22479870915412903 0.34130242466926575 
vt 0.25061824917793274 0.08495962619781494 
vt 0.25061824917793274 0.09448092430830002 
vt 0.23891499638557434 0.08495962619781494 
vt 0.23891499638557434 0.09435886144638062 
vt 0.25061824917793274 0.12634067237377167 
vt 0.23891499638557434 0.12634067237377167 
vt 0.25049757957458496 0.194088414311409 
vt 0.23879434168338776 0.194088414311409 
vt 0.25049757957458496 0.20373179018497467 
vt 0.23879434168338776 0.20373179018497467 
vt 0.23879434168338776 0.21337516605854034 
vt 0.25049757957458496 0.21337516605854034 
vt 0.7344327569007874 0.9998592734336853 
vt 0.7344327569007874 0.8387295007705688 
vt 0.740947961807251 0.9998592734336853 
vt 0.740947961807251 0.8387295007705688 
vt 0.740947961807251 0.9998592734336853 
vt 0.740947961807251 0.8387295007705688 
vt 0.7477045059204102 0.9998592734336853 
vt 0.7477045059204102 0.8387295007705688 
vt 0.6994436979293823 0.09838710725307465 
vt 0.7007708549499512 0.08312860131263733 
vt 0.7074066996574402 0.10156086832284927 
vt 0.7089751958847046 0.08276239782571793 
vt 0.7315371036529541 0.10326982289552689 
vt 0.7320197224617004 0.08434928208589554 
vt 0.7621827125549316 0.10339189320802689 
vt 0.7615794539451599 0.08422721922397614 
vt 0.7863131165504456 0.10192707926034927 
vt 0.7846239805221558 0.08264033496379852 
vt 0.7939141988754272 0.09887537360191345 
vt 0.7925870418548584 0.08312860131263733 
vt 0.70909583568573 0.07690313458442688 
vt 0.7316577434539795 0.07763554155826569 
vt 0.7610968351364136 0.07751347869634628 
vt 0.7835381031036377 0.07629279792308807 
vt 0.7933109402656555 0.07751347869634628 
vt 0.7310544848442078 0.06945698708295822 
vt 0.7606142163276672 0.06896871328353882 
vt 0.7830555438995361 0.06848044693470001 
vt 0.7931903004646301 0.06811424344778061 
vt 0.7081305980682373 0.07006733119487762 
vt 0.6983578205108643 0.06945698708295822 
vt 0.6994436979293823 0.07787968218326569 
vt 0.7344327569007874 0.9998592734336853 
vt 0.727676272392273 0.9998592734336853 
vt 0.7344327569007874 0.8387295007705688 
vt 0.727676272392273 0.8387295007705688 
vt 0.2952594757080078 0.9441962838172913 
vt 0.29996490478515625 0.9327219128608704 
vt 0.30093011260032654 0.941632866859436 
vt 0.31492576003074646 0.941632866859436 
vt 0.315287709236145 0.9311349987983704 
vt 0.31577032804489136 0.9042800664901733 
vt 0.05600656569004059 0.421256959438324 
vt 0.05600656569004059 0.40734121203422546 
vt 0.10655975341796875 0.421256959438324 
vt 0.10655975341796875 0.40734121203422546 
vt 0.7477045059204102 0.9998592734336853 
vt 0.7477045059204102 0.8387295007705688 
vt 0.7540990114212036 0.9998592734336853 
vt 0.7540990114212036 0.8387295007705688 
vt 0.10655975341796875 0.4512856900691986 
vt 0.10655975341796875 0.46739867329597473 
vt 0.05600656569004059 0.4512856900691986 
vt 0.05600656569004059 0.46727660298347473 
vt 0.9633095860481262 0.9998592734336853 
vt 0.9633095860481262 0.5893446207046509 
vt 0.9700661301612854 0.9998592734336853 
vt 0.9700661301612854 0.5893446207046509 
vt 0.9700661301612854 0.9998592734336853 
vt 0.9700661301612854 0.5893446207046509 
vt 0.9758574366569519 0.9998592734336853 
vt 0.9758574366569519 0.5893446207046509 
vt 0.10655975341796875 0.4373699426651001 
vt 0.10655975341796875 0.4512856900691986 
vt 0.05600656569004059 0.4372478723526001 
vt 0.05600656569004059 0.4512856900691986 
vt 0.8853684067726135 0.7545025944709778 
vt 0.9021390676498413 0.7545025944709778 
vt 0.8853684067726135 0.8093111515045166 
vt 0.9021390676498413 0.8093111515045166 
vt 0.9666878581047058 0.5519918203353882 
vt 0.9602932929992676 0.5519918203353882 
vt 0.9666878581047058 0.39086201786994934 
vt 0.9602932929992676 0.39086201786994934 
vt 0.9535368084907532 0.5519918203353882 
vt 0.9470216035842896 0.5519918203353882 
vt 0.9535368084907532 0.39086201786994934 
vt 0.9470216035842896 0.39086201786994934 
vt 0.9402650594711304 0.39086201786994934 
vt 0.9470216035842896 0.39086201786994934 
vt 0.9402650594711304 0.5519918203353882 
vt 0.9470216035842896 0.5519918203353882 
vt 0.6333264112472534 0.043090298771858215 
vt 0.6400828957557678 0.043090298771858215 
vt 0.6333264112472534 0.20422005653381348 
vt 0.6400828957557678 0.20422005653381348 
vt 0.2584606111049652 0.9351632595062256 
vt 0.24639542400836945 0.9439521431922913 
vt 0.8333674073219299 0.8093111515045166 
vt 0.8333674073219299 0.7545025944709778 
vt 0.8501380085945129 0.8093111515045166 
vt 0.8501380085945129 0.7545025944709778 
vt 0.004367507994174957 0.8516687154769897 
vt 0.006056636106222868 0.7902685403823853 
vt 0.0054533760994672775 0.7344834804534912 
vt 0.013778364285826683 0.7346054911613464 
vt 0.006659896112978458 0.6790645718574524 
vt 0.015105536207556725 0.6794307827949524 
vt 0.01848379150032997 0.6212043762207031 
vt 0.027894647791981697 0.6799190640449524 
vt 0.03139355778694153 0.6220588088035583 
vt 0.04116636887192726 0.6805294156074524 
vt 0.04478592798113823 0.6231574416160583 
vt 0.05431743711233139 0.6238898634910583 
vt 0.05878156051039696 0.5775039792060852 
vt 0.0008685999782755971 0.7911230325698853 
vt 0.00014468800509348512 0.7343614101409912 
vt 0.0014718599850311875 0.6779659390449524 
vt 0.01003815233707428 0.6204719543457031 
vt 0.022706611081957817 0.5738419890403748 
vt 0.035616375505924225 0.57506263256073 
vt 0.049250051379203796 0.57652747631073 
vt 0.06191851198673248 0.5530903935432434 
vt 0.05214570090174675 0.5519918203353882 
vt 0.038391370326280594 0.5502828359603882 
vt 0.025240303948521614 0.5489400625228882 
vt 0.016674011945724487 0.547963559627533 
vt 0.017759880051016808 0.5360009074211121 
vt 0.013899016194045544 0.5355126261711121 
vt 0.026326172053813934 0.5364891290664673 
vt 0.039718542248010635 0.5374656915664673 
vt 0.05383482947945595 0.5392967462539673 
vt 0.06409024447202682 0.5408836007118225 
vt 0.005212071817368269 0.6183967590332031 
vt 0.014140320010483265 0.5728654265403748 
vt 0.009434891864657402 0.5699357986450195 
vt 0.012209887616336346 0.5446677207946777 
vt 0.026567475870251656 0.7346054911613464 
vt 0.03983919695019722 0.7347275614738464 
vt 0.04949135705828667 0.7347275614738464 
vt 0.050697874277830124 0.6808956265449524 
vt 0.5976133942604065 0.5173245072364807 
vt 0.6118503212928772 0.507192850112915 
vt 0.6119709610939026 0.5173245072364807 
vt 0.6332057118415833 0.5031645894050598 
vt 0.6382731199264526 0.5126858949661255 
vt 0.646477460861206 0.49510809779167175 
vt 0.6545611619949341 0.5015777349472046 
vt 0.6533546447753906 0.47911718487739563 
vt 0.6637306809425354 0.48204684257507324 
vt 0.6583013534545898 0.45726701617240906 
vt 0.6695219874382019 0.45860975980758667 
vt 0.6619209051132202 0.4361492693424225 
vt 0.6733828186988831 0.4366375207901001 
vt 0.6634894013404846 0.41954800486564636 
vt 0.6750719547271729 0.41942593455314636 
vt 0.6748306751251221 0.39391374588012695 
vt 0.5974927544593811 0.507314920425415 
vt 0.5430786609649658 0.5176906585693359 
vt 0.5429580211639404 0.507681131362915 
vt 0.5305308699607849 0.5178127288818359 
vt 0.5304102301597595 0.507803201675415 
vt 0.47322118282318115 0.5184230804443359 
vt 0.4731005132198334 0.5082914233207703 
vt 0.44969403743743896 0.5186672210693359 
vt 0.4495733976364136 0.5085355639457703 
vt 0.39202237129211426 0.5090238451957703 
vt 0.39214304089546204 0.5191555023193359 
vt 0.37935391068458557 0.5090238451957703 
vt 0.3916604220867157 0.44469401240348816 
vt 0.378991961479187 0.44469401240348816 
vt 0.39117783308029175 0.38073039054870605 
vt 0.37863001227378845 0.38085246086120605 
vt 0.3909365236759186 0.31749916076660156 
vt 0.3782680630683899 0.31749916076660156 
vt 0.3782680630683899 0.28991180658340454 
vt 0.3231301009654999 0.28978973627090454 
vt 0.3231301009654999 0.31749916076660156 
vt 0.3087725043296814 0.28991180658340454 
vt 0.308651864528656 0.31749916076660156 
vt 0.3088931441307068 0.38097453117370605 
vt 0.2542378008365631 0.28966766595840454 
vt 0.2542378008365631 0.31749916076660156 
vt 0.24241390824317932 0.2943062484264374 
vt 0.24229325354099274 0.31737709045410156 
vt 0.25387585163116455 0.34362170100212097 
vt 0.24205194413661957 0.34349966049194336 
vt 0.2536345422267914 0.36986634135246277 
vt 0.2418106496334076 0.36974427103996277 
vt 0.2533932328224182 0.3959888815879822 
vt 0.24156934022903442 0.3958668112754822 
vt 0.2532725930213928 0.421989381313324 
vt 0.24144868552684784 0.422111451625824 
vt 0.24374108016490936 0.4396892189979553 
vt 0.2552030086517334 0.4387126863002777 
vt 0.24868780374526978 0.4619055986404419 
vt 0.25990843772888184 0.4600745737552643 
vt 0.2558062672615051 0.4855867922306061 
vt 0.2661823332309723 0.48204684257507324 
vt 0.2661823332309723 0.504873514175415 
vt 0.27390408515930176 0.498037725687027 
vt 0.2829529643058777 0.5156155228614807 
vt 0.2877790629863739 0.505728006362915 
vt 0.3097377121448517 0.5196437835693359 
vt 0.3096170723438263 0.5093900561332703 
vt 0.32421594858169556 0.5195217132568359 
vt 0.32421594858169556 0.5092679858207703 
vt 0.37947458028793335 0.5192775726318359 
vt 0.3237333595752716 0.44481608271598816 
vt 0.30925512313842773 0.44493815302848816 
vt 0.32337141036987305 0.38085246086120605 
vt 0.6632480621337891 0.39391374588012695 
vt 0.6749513149261475 0.36827945709228516 
vt 0.6633687615394592 0.36827945709228516 
vt 0.675192654132843 0.34276723861694336 
vt 0.66361004114151 0.34252309799194336 
vt 0.6755545735359192 0.31701087951660156 
vt 0.6638513207435608 0.31688880920410156 
vt 0.6755545735359192 0.2941841781139374 
vt 0.6638513207435608 0.28966766595840454 
vt 0.6102818250656128 0.31701087951660156 
vt 0.6102818250656128 0.28966766595840454 
vt 0.5959242582321167 0.31713294982910156 
vt 0.5959242582321167 0.28978973627090454 
vt 0.5415102243423462 0.31713294982910156 
vt 0.5413895845413208 0.28978973627090454 
vt 0.5289624333381653 0.31725502014160156 
vt 0.5288417339324951 0.28978973627090454 
vt 0.4717733561992645 0.31725502014160156 
vt 0.4717733561992645 0.28978973627090454 
vt 0.44824621081352234 0.31737709045410156 
vt 0.44824621081352234 0.28991180658340454 
vt 0.3908158540725708 0.28991180658340454 
vt 0.4486081600189209 0.38048624992370605 
vt 0.47225597500801086 0.38036417961120605 
vt 0.44909077882766724 0.44432780146598816 
vt 0.4726179242134094 0.44408369064331055 
vt 0.6107644438743591 0.37975385785102844 
vt 0.596406877040863 0.37987589836120605 
vt 0.6112470626831055 0.44322919845581055 
vt 0.5970101356506348 0.44335126876831055 
vt 0.5299276113510132 0.44371747970581055 
vt 0.5424754023551941 0.44359540939331055 
vt 0.5294449925422668 0.38024210929870605 
vt 0.5419928431510925 0.38012003898620605 
vt 0.546698272228241 0.9914366006851196 
vt 0.5216026306152344 0.980084240436554 
vt 0.5534547567367554 0.981427013874054 
vt 0.5283591151237488 0.9738587737083435 
vt 0.531254768371582 0.9687319397926331 
vt 0.5224471688270569 0.9632388949394226 
vt 0.5289624333381653 0.9578679203987122 
vt 0.5193102359771729 0.9538396596908569 
vt 0.521481990814209 0.9191723465919495 
vt 0.5115885138511658 0.9191723465919495 
vt 0.5146048069000244 0.8522790670394897 
vt 0.5042287707328796 0.8527673482894897 
vt 0.511347234249115 0.7794044613838196 
vt 0.5007298588752747 0.7795265316963196 
vt 0.5027809143066406 0.7055533528327942 
vt 0.4972309172153473 0.7044547200202942 
vt 0.502901554107666 0.6349980235099792 
vt 0.49493855237960815 0.633655309677124 
vt 0.5118297934532166 0.5992321372032166 
vt 0.5057972073554993 0.5955700874328613 
vt 0.524618923664093 0.5851942896842957 
vt 0.5191895961761475 0.5787246823310852 
vt 0.5423547625541687 0.5679826736450195 
vt 0.5062798261642456 0.9214916229248047 
vt 0.514484167098999 0.9565251469612122 
vt 0.5189483165740967 0.9665347337722778 
vt 0.4985581040382385 0.8539880514144897 
vt 0.48987114429473877 0.854476273059845 
vt 0.4953005015850067 0.7795265316963196 
vt 0.48745810985565186 0.7796486020088196 
vt 0.48842331767082214 0.7042105793952942 
vt 0.5117091536521912 0.9706850051879883 
vt 0.5065211057662964 0.9592106342315674 
vt 0.497834175825119 0.9228343963623047 
vt 0.556471049785614 0.9745911955833435 
vt 0.5549026131629944 0.9620181918144226 
vt 0.5891677737236023 0.9765443205833435 
vt 0.5877199172973633 0.9628726840019226 
vt 0.6200546622276306 0.9741029143333435 
vt 0.6183655261993408 0.9611636996269226 
vt 0.6391176581382751 0.9717836380004883 
vt 0.6389970183372498 0.9606754779815674 
vt 0.642254650592804 0.9704409241676331 
vt 0.6444263458251953 0.9612857699394226 
vt 0.6503382921218872 0.9650698900222778 
vt 0.6500970125198364 0.9196606278419495 
vt 0.659025251865387 0.9225902557373047 
vt 0.6634894013404846 0.8528894186019897 
vt 0.677243709564209 0.9257640242576599 
vt 0.6829143762588501 0.8537439107894897 
vt 0.642254650592804 0.9185619950294495 
vt 0.6535959243774414 0.8515466451644897 
vt 0.6447883248329163 0.8510583639144897 
vt 0.6446676850318909 0.7776955366134644 
vt 0.6169177293777466 0.8506922125816345 
vt 0.6159524917602539 0.7780617475509644 
vt 0.5809634327888489 0.8508142828941345 
vt 0.5787916779518127 0.7786720395088196 
vt 0.5412688851356506 0.7792823910713196 
vt 0.5422341227531433 0.7065298557281494 
vt 0.5129156708717346 0.7060416340827942 
vt 0.5181037187576294 0.6368290781974792 
vt 0.5080896019935608 0.6371952295303345 
vt 0.5257048010826111 0.5956921577453613 
vt 0.5146048069000244 0.604481041431427 
vt 0.5789123177528381 0.7066519260406494 
vt 0.5801188349723816 0.6381717920303345 
vt 0.5456123948097229 0.6365849375724792 
vt 0.5503178238868713 0.5899549126625061 
vt 0.5486286878585815 0.5781143307685852 
vt 0.5819286108016968 0.57542884349823 
vt 0.5831351280212402 0.5893446207046509 
vt 0.6142633557319641 0.5919080376625061 
vt 0.613177478313446 0.6391483545303345 
vt 0.6374285817146301 0.6376835107803345 
vt 0.642254650592804 0.7046988606452942 
vt 0.6508209109306335 0.7038443684577942 
vt 0.6537165641784668 0.7775734663009644 
vt 0.6637306809425354 0.7773293256759644 
vt 0.6605937480926514 0.702135443687439 
vt 0.6449089646339417 0.6354863047599792 
vt 0.6341709494590759 0.5936169624328613 
vt 0.6151079535484314 0.5781143307685852 
vt 0.5764992833137512 0.5612689852714539 
vt 0.613177478313446 0.5612689852714539 
vt 0.6402035355567932 0.5689592361450195 
vt 0.6356187462806702 0.5826308727264404 
vt 0.6404448747634888 0.5877577066421509 
vt 0.638393759727478 0.5959362983703613 
vt 0.6533546447753906 0.631946325302124 
vt 0.6704872250556946 0.6280401349067688 
vt 0.6797773838043213 0.700548529624939 
vt 0.6833969354629517 0.7769631147384644 
vt 0.6516655087471008 0.5787246823310852 
vt 0.549473226070404 0.9186840653419495 
vt 0.5441645383834839 0.8515466451644897 
vt 0.5841003656387329 0.9178295731544495 
vt 0.6172796487808228 0.9175854325294495 
vt 0.5873579978942871 0.9852111339569092 
vt 0.5827732086181641 0.9993709921836853 
vt 0.6200546622276306 0.982769787311554 
vt 0.6409274339675903 0.9771546125411987 
vt 0.6198133826255798 0.9998592734336853 
vt 0.6456328630447388 0.9922910928726196 
vt 0.6541991829872131 0.9861876964569092 
vt 0.645029604434967 0.9738587737083435 
vt 0.6644545793533325 0.9733705520629883 
vt 0.6146253347396851 0.7059195637702942 
vt 0.8311956524848938 0.3341004252433777 
vt 0.8331260681152344 0.38280555605888367 
vt 0.8215435147285461 0.3351990282535553 
vt 0.8229913115501404 0.3842703700065613 
vt 0.8145456910133362 0.3842703700065613 
vt 0.8146663308143616 0.4521401822566986 
vt 0.7892087697982788 0.3845145106315613 
vt 0.7881228923797607 0.4521401822566986 
vt 0.7542197108268738 0.4521401822566986 
vt 0.7873989939689636 0.5218409895896912 
vt 0.7527718544006348 0.5217189192771912 
vt 0.7533751130104065 0.5922742486000061 
vt 0.7197132110595703 0.5922742486000061 
vt 0.7538577318191528 0.6636840105056763 
vt 0.7212817072868347 0.6625853776931763 
vt 0.723815381526947 0.7127553224563599 
vt 0.6969099640846252 0.661853015422821 
vt 0.7029426097869873 0.7067739963531494 
vt 0.6882230639457703 0.660754382610321 
vt 0.6932904124259949 0.6965203285217285 
vt 0.6840002536773682 0.6622191667556763 
vt 0.6906360983848572 0.6994499564170837 
vt 0.6801393628120422 0.5938611030578613 
vt 0.6843621730804443 0.5927625298500061 
vt 0.6931697726249695 0.5923963189125061 
vt 0.6926871538162231 0.5215968489646912 
vt 0.7188686728477478 0.5217189192771912 
vt 0.7207990884780884 0.4520181119441986 
vt 0.7239360213279724 0.3858572542667389 
vt 0.7565121054649353 0.3850027620792389 
vt 0.7583218812942505 0.3358093500137329 
vt 0.7902946472167969 0.3336121439933777 
vt 0.8140630722045898 0.3337342143058777 
vt 0.8200956583023071 0.324090838432312 
vt 0.8267315626144409 0.3199405372142792 
vt 0.6944969296455383 0.4517739713191986 
vt 0.6856893301010132 0.4514077603816986 
vt 0.6836382746696472 0.5215968489646912 
vt 0.6797773838043213 0.5215968489646912 
vt 0.8145456910133362 0.5220851302146912 
vt 0.787519633769989 0.5923963189125061 
vt 0.8141837120056152 0.5925183892250061 
vt 0.7872783541679382 0.6635619401931763 
vt 0.8135804533958435 0.6622191667556763 
vt 0.7876402735710144 0.7193470001220703 
vt 0.8138217926025391 0.7160511612892151 
vt 0.7911391854286194 0.7327744960784912 
vt 0.8184065222740173 0.730333149433136 
vt 0.7547022700309753 0.7182484269142151 
vt 0.7567533850669861 0.7319200038909912 
vt 0.7247806191444397 0.7245959639549255 
vt 0.7033045291900635 0.7150746583938599 
vt 0.8196130990982056 0.31517988443374634 
vt 0.814786970615387 0.3227480947971344 
vt 0.7947587370872498 0.3113957643508911 
vt 0.7922250628471375 0.3204287886619568 
vt 0.7597696781158447 0.3214053511619568 
vt 0.6814665198326111 0.450309157371521 
vt 0.6913599967956543 0.3873220682144165 
vt 0.6994436979293823 0.3868337869644165 
vt 0.7048730254173279 0.3486264944076538 
vt 0.7268316745758057 0.34166863560676575 
vt 0.7066828012466431 0.3380065858364105 
vt 0.7281588315963745 0.32872942090034485 
vt 0.7281588315963745 0.3215274214744568 
vt 0.7607349157333374 0.3132267892360687 
vt 0.6872578263282776 0.3853689730167389 
vt 0.6935317516326904 0.35155612230300903 
vt 0.6973925828933716 0.35350921750068665 
vt 0.6999263167381287 0.34435412287712097 
vt 0.697513222694397 0.34118035435676575 
vt 0.7057175636291504 0.3323914706707001 
vt 0.8276967406272888 0.7205677032470703 
vt 0.8206989169120789 0.7108022570610046 
vt 0.8325228095054626 0.6646605730056763 
vt 0.8222674131393433 0.6624633073806763 
vt 0.8229913115501404 0.5927625298500061 
vt 0.8332467675209045 0.5938611030578613 
vt 0.8233532905578613 0.5222072005271912 
vt 0.8336086869239807 0.5223292708396912 
vt 0.8234739303588867 0.4518960416316986 
vt 0.8336086869239807 0.4509194791316986 
vt 0.7297273278236389 0.2850290834903717 
vt 0.008349023759365082 0.2462114542722702 
vt 0.1672477126121521 0.3067571818828583 
vt 0.6583013534545898 0.21337516605854034 
vt 0.17014335095882416 0.2457231730222702 
vt 0.06083264574408531 0.11950486898422241 
s on 
f 1/1/1 2/2/2 3/3/3 
f 2/2/2 4/4/4 3/3/3 
f 3/3/3 4/4/4 5/5/5 
f 4/4/4 6/6/6 5/5/5 
f 5/5/5 6/6/6 7/7/7 
f 6/6/6 8/8/8 7/7/7 
f 7/7/7 8/8/8 9/9/9 
f 8/8/8 10/10/10 9/9/9 
f 9/9/9 10/10/10 11/11/11 
f 10/10/10 12/12/12 11/11/11 
f 11/11/11 12/12/12 13/13/13 
f 12/12/12 14/14/14 13/13/13 
f 13/13/13 14/14/14 15/15/15 
f 14/14/14 16/16/16 15/15/15 
f 15/15/15 16/16/16 17/17/17 
f 16/16/16 18/18/18 17/17/17 
f 17/17/17 18/18/18 19/19/19 
f 18/18/18 20/20/20 19/19/19 
f 19/19/19 20/20/20 21/21/21 
f 20/20/20 22/22/22 21/21/21 
f 21/21/21 22/22/22 23/23/23 
f 22/22/22 24/24/24 23/23/23 
f 23/23/23 24/24/24 24/24/24 
f 24/24/24 17/17/17 24/24/24 
f 24/24/24 17/17/17 17/17/17 
f 17/17/17 25/25/25 17/17/17 
f 17/17/17 25/25/25 15/15/15 
f 25/25/25 26/26/26 15/15/15 
f 15/15/15 26/26/26 13/13/13 
f 26/26/26 27/27/27 13/13/13 
f 13/13/13 27/27/27 11/11/11 
f 27/27/27 28/28/28 11/11/11 
f 11/11/11 28/28/28 9/9/9 
f 28/28/28 29/29/29 9/9/9 
f 9/9/9 29/29/29 7/7/7 
f 29/29/29 7/7/7 7/7/7 
f 7/7/7 7/7/7 25/25/25 
f 7/7/7 25/25/25 25/25/25 
f 25/25/25 25/25/25 25/25/25 
f 25/25/25 30/30/30 25/25/25 
f 25/25/25 30/30/30 26/26/26 
f 30/30/30 31/31/31 26/26/26 
f 26/26/26 31/31/31 27/27/27 
f 31/31/31 32/32/32 27/27/27 
f 27/27/27 32/32/32 28/28/28 
f 32/32/32 33/33/33 28/28/28 
f 28/28/28 33/33/33 29/29/29 
f 33/33/33 29/29/29 29/29/29 
f 29/29/29 29/29/29 30/30/30 
f 29/29/29 30/30/30 30/30/30 
f 30/30/30 30/30/30 30/30/30 
f 30/30/30 34/34/34 30/30/30 
f 30/30/30 34/34/34 31/31/31 
f 34/34/34 35/35/35 31/31/31 
f 31/31/31 35/35/35 32/32/32 
f 35/35/35 36/36/36 32/32/32 
f 32/32/32 36/36/36 33/33/33 
f 36/36/36 33/33/33 33/33/33 
f 33/33/33 33/33/33 34/34/34 
f 33/33/33 34/34/34 34/34/34 
f 34/34/34 34/34/34 34/34/34 
f 34/34/34 30/30/30 34/34/34 
f 34/34/34 30/30/30 37/37/37 
f 30/30/30 38/38/38 37/37/37 
f 37/37/37 38/38/38 39/39/39 
f 38/38/38 40/40/40 39/39/39 
f 39/39/39 40/40/40 41/41/41 
f 40/40/40 41/41/41 41/41/41 
f 41/41/41 41/41/41 40/40/40 
f 41/41/41 40/40/40 40/40/40 
f 40/40/40 40/40/40 40/40/40 
f 40/40/40 38/38/38 40/40/40 
f 40/40/40 38/38/38 42/42/42 
f 38/38/38 25/25/25 42/42/42 
f 42/42/42 25/25/25 17/17/17 
f 25/25/25 17/17/17 17/17/17 
f 17/17/17 17/17/17 43/43/43 
f 17/17/17 43/43/43 43/43/43 
f 43/43/43 43/43/43 43/43/43 
f 43/43/43 44/44/44 43/43/43 
f 43/43/43 44/44/44 45/45/45 
f 44/44/44 46/46/46 45/45/45 
f 45/45/45 46/46/46 46/46/46 
f 46/46/46 47/47/47 46/46/46 
f 46/46/46 47/47/47 47/47/47 
f 47/47/47 48/48/48 47/47/47 
f 47/47/47 48/48/48 49/49/49 
f 48/48/48 50/50/50 49/49/49 
f 49/49/49 50/50/50 50/50/50 
f 50/50/50 51/51/51 50/50/50 
f 50/50/50 51/51/51 51/51/51 
f 51/51/51 52/52/52 51/51/51 
f 51/51/51 52/52/52 53/53/53 
f 52/52/52 54/54/54 53/53/53 
f 53/53/53 54/54/54 54/54/54 
f 54/54/54 55/55/55 54/54/54 
f 54/54/54 55/55/55 55/55/55 
f 55/55/55 56/56/56 55/55/55 
f 55/55/55 56/56/56 57/57/57 
f 56/56/56 58/58/58 57/57/57 
f 57/57/57 58/58/58 58/58/58 
f 58/58/58 59/59/59 58/58/58 
f 58/58/58 59/59/59 59/59/59 
f 59/59/59 60/60/60 59/59/59 
f 59/59/59 60/60/60 61/61/61 
f 60/60/60 62/62/62 61/61/61 
f 61/61/61 62/62/62 62/62/62 
f 62/62/62 63/63/63 62/62/62 
f 62/62/62 63/63/63 63/63/63 
f 63/63/63 64/64/64 63/63/63 
f 63/63/63 64/64/64 65/65/65 
f 64/64/64 66/66/66 65/65/65 
f 65/65/65 66/66/66 67/67/67 
f 66/66/66 68/68/68 67/67/67 
f 67/67/67 68/68/68 69/69/69 
f 68/68/68 70/70/70 69/69/69 
f 69/69/69 70/70/70 71/71/71 
f 70/70/70 72/72/72 71/71/71 
f 71/71/71 72/72/72 73/73/73 
f 72/72/72 74/74/74 73/73/73 
f 73/73/73 74/74/74 75/75/75 
f 74/74/74 76/76/76 75/75/75 
f 75/75/75 76/76/76 77/77/77 
f 76/76/76 77/77/77 77/77/77 
f 77/77/77 77/77/77 64/64/64 
f 77/77/77 64/64/64 64/64/64 
f 64/64/64 64/64/64 64/64/64 
f 64/64/64 78/78/78 64/64/64 
f 64/64/64 78/78/78 66/66/66 
f 78/78/78 79/79/79 66/66/66 
f 66/66/66 79/79/79 68/68/68 
f 79/79/79 80/80/80 68/68/68 
f 68/68/68 80/80/80 70/70/70 
f 80/80/80 81/81/81 70/70/70 
f 70/70/70 81/81/81 72/72/72 
f 81/81/81 82/82/82 72/72/72 
f 72/72/72 82/82/82 74/74/74 
f 82/82/82 83/83/83 74/74/74 
f 74/74/74 83/83/83 76/76/76 
f 83/83/83 76/76/76 76/76/76 
f 76/76/76 76/76/76 78/78/78 
f 76/76/76 78/78/78 78/78/78 
f 78/78/78 78/78/78 78/78/78 
f 78/78/78 84/84/84 78/78/78 
f 78/78/78 84/84/84 79/79/79 
f 84/84/84 85/85/85 79/79/79 
f 79/79/79 85/85/85 80/80/80 
f 85/85/85 86/86/86 80/80/80 
f 80/80/80 86/86/86 81/81/81 
f 86/86/86 87/87/87 81/81/81 
f 81/81/81 87/87/87 82/82/82 
f 87/87/87 82/82/82 82/82/82 
f 82/82/82 82/82/82 84/84/84 
f 82/82/82 84/84/84 84/84/84 
f 84/84/84 84/84/84 84/84/84 
f 84/84/84 88/88/88 84/84/84 
f 84/84/84 88/88/88 85/85/85 
f 88/88/88 89/89/89 85/85/85 
f 85/85/85 89/89/89 86/86/86 
f 89/89/89 90/90/90 86/86/86 
f 86/86/86 90/90/90 87/87/87 
f 90/90/90 87/87/87 87/87/87 
f 87/87/87 87/87/87 88/88/88 
f 87/87/87 88/88/88 88/88/88 
f 88/88/88 88/88/88 88/88/88 
f 88/88/88 91/91/91 88/88/88 
f 88/88/88 91/91/91 89/89/89 
f 91/91/91 92/92/92 89/89/89 
f 89/89/89 92/92/92 90/90/90 
f 92/92/92 90/90/90 90/90/90 
f 90/90/90 90/90/90 93/93/93 
f 90/90/90 93/93/93 93/93/93 
f 93/93/93 93/93/93 93/93/93 
f 93/93/93 94/94/94 93/93/93 
f 93/93/93 94/94/94 95/95/95 
f 94/94/94 96/96/96 95/95/95 
f 95/95/95 96/96/96 96/96/96 
f 96/96/96 94/94/94 96/96/96 
f 96/96/96 94/94/94 94/94/94 
f 94/94/94 97/97/97 94/94/94 
f 94/94/94 97/97/97 96/96/96 
f 97/97/97 98/98/98 96/96/96 
f 96/96/96 98/98/98 98/98/98 
f 98/98/98 97/97/97 98/98/98 
f 98/98/98 97/97/97 97/97/97 
f 97/97/97 99/99/99 97/97/97 
f 97/97/97 99/99/99 98/98/98 
f 99/99/99 100/100/100 98/98/98 
f 98/98/98 100/100/100 100/100/100 
f 100/100/100 99/99/99 100/100/100 
f 100/100/100 99/99/99 101/101/101 
f 99/99/99 102/102/102 101/101/101 
f 101/101/101 102/102/102 103/103/103 
f 102/102/102 104/104/104 103/103/103 
f 103/103/103 104/104/104 105/105/105 
f 104/104/104 106/106/106 105/105/105 
f 105/105/105 106/106/106 107/107/107 
f 106/106/106 108/108/108 107/107/107 
f 107/107/107 108/108/108 109/109/109 
f 108/108/108 110/110/110 109/109/109 
f 109/109/109 110/110/110 111/111/111 
f 110/110/110 112/112/112 111/111/111 
f 111/111/111 112/112/112 113/113/113 
f 112/112/112 114/114/114 113/113/113 
f 113/113/113 114/114/114 115/115/115 
f 114/114/114 116/116/116 115/115/115 
f 115/115/115 116/116/116 117/117/117 
f 116/116/116 118/118/118 117/117/117 
f 117/117/117 118/118/118 119/119/119 
f 118/118/118 120/120/120 119/119/119 
f 119/119/119 120/120/120 120/120/120 
f 120/120/120 107/107/107 120/120/120 
f 120/120/120 107/107/107 107/107/107 
f 107/107/107 121/121/121 107/107/107 
f 107/107/107 121/121/121 105/105/105 
f 121/121/121 122/122/122 105/105/105 
f 105/105/105 122/122/122 103/103/103 
f 122/122/122 123/123/123 103/103/103 
f 103/103/103 123/123/123 101/101/101 
f 123/123/123 124/124/124 101/101/101 
f 101/101/101 124/124/124 100/100/100 
f 124/124/124 125/125/125 100/100/100 
f 100/100/100 125/125/125 125/125/125 
f 125/125/125 121/121/121 125/125/125 
f 125/125/125 121/121/121 121/121/121 
f 121/121/121 126/126/126 121/121/121 
f 121/121/121 126/126/126 122/122/122 
f 126/126/126 127/127/127 122/122/122 
f 122/122/122 127/127/127 123/123/123 
f 127/127/127 128/128/128 123/123/123 
f 123/123/123 128/128/128 124/124/124 
f 128/128/128 129/129/129 124/124/124 
f 124/124/124 129/129/129 125/125/125 
f 129/129/129 130/130/130 125/125/125 
f 125/125/125 130/130/130 130/130/130 
f 130/130/130 126/126/126 130/130/130 
f 130/130/130 126/126/126 126/126/126 
f 126/126/126 131/131/131 126/126/126 
f 126/126/126 131/131/131 127/127/127 
f 131/131/131 132/132/132 127/127/127 
f 127/127/127 132/132/132 128/128/128 
f 132/132/132 133/133/133 128/128/128 
f 128/128/128 133/133/133 129/129/129 
f 133/133/133 134/134/134 129/129/129 
f 129/129/129 134/134/134 130/130/130 
f 134/134/134 135/135/135 130/130/130 
f 130/130/130 135/135/135 135/135/135 
f 135/135/135 131/131/131 135/135/135 
f 135/135/135 131/131/131 131/131/131 
f 131/131/131 136/136/136 131/131/131 
f 131/131/131 136/136/136 132/132/132 
f 136/136/136 137/137/137 132/132/132 
f 132/132/132 137/137/137 133/133/133 
f 137/137/137 138/138/138 133/133/133 
f 133/133/133 138/138/138 134/134/134 
f 138/138/138 139/139/139 134/134/134 
f 134/134/134 139/139/139 135/135/135 
f 139/139/139 140/140/140 135/135/135 
f 135/135/135 140/140/140 140/140/140 
f 140/140/140 136/136/136 140/140/140 
f 140/140/140 136/136/136 136/136/136 
f 136/136/136 141/141/141 136/136/136 
f 136/136/136 141/141/141 137/137/137 
f 141/141/141 142/142/142 137/137/137 
f 137/137/137 142/142/142 138/138/138 
f 142/142/142 143/143/143 138/138/138 
f 138/138/138 143/143/143 139/139/139 
f 143/143/143 144/144/144 139/139/139 
f 139/139/139 144/144/144 140/140/140 
f 144/144/144 145/145/145 140/140/140 
f 140/140/140 145/145/145 145/145/145 
f 145/145/145 146/146/146 145/145/145 
f 145/145/145 146/146/146 146/146/146 
f 146/146/146 147/147/147 146/146/146 
f 146/146/146 147/147/147 148/148/148 
f 147/147/147 149/149/149 148/148/148 
f 148/148/148 149/149/149 150/150/150 
f 149/149/149 151/151/151 150/150/150 
f 150/150/150 151/151/151 151/151/151 
f 151/151/151 152/152/152 151/151/151 
f 151/151/151 152/152/152 152/152/152 
f 152/152/152 153/153/153 152/152/152 
f 152/152/152 153/153/153 154/154/154 
f 153/153/153 155/155/155 154/154/154 
f 154/154/154 155/155/155 155/155/155 
f 155/155/155 156/156/156 155/155/155 
f 155/155/155 156/156/156 156/156/156 
f 156/156/156 157/157/157 156/156/156 
f 156/156/156 157/157/157 158/158/158 
f 157/157/157 159/159/159 158/158/158 
f 158/158/158 159/159/159 159/159/159 
f 159/159/159 157/157/157 159/159/159 
f 159/159/159 157/157/157 157/157/157 
f 157/157/157 160/160/160 157/157/157 
f 157/157/157 160/160/160 159/159/159 
f 160/160/160 161/161/161 159/159/159 
f 159/159/159 161/161/161 161/161/161 
f 161/161/161 162/162/162 161/161/161 
f 161/161/161 162/162/162 162/162/162 
f 162/162/162 163/163/163 162/162/162 
f 162/162/162 163/163/163 164/164/164 
f 163/163/163 165/165/165 164/164/164 
f 164/164/164 165/165/165 165/165/165 
f 165/165/165 65/65/65 165/165/165 
f 165/165/165 65/65/65 65/65/65 
f 65/65/65 67/67/67 65/65/65 
f 65/65/65 67/67/67 166/166/166 
f 67/67/67 167/167/167 166/166/166 
f 166/166/166 167/167/167 168/168/168 
f 167/167/167 169/169/169 168/168/168 
f 168/168/168 169/169/169 170/170/170 
f 169/169/169 171/171/171 170/170/170 
f 170/170/170 171/171/171 172/172/172 
f 171/171/171 172/172/172 172/172/172 
f 172/172/172 172/172/172 67/67/67 
f 172/172/172 67/67/67 67/67/67 
f 67/67/67 67/67/67 67/67/67 
f 67/67/67 69/69/69 67/67/67 
f 67/67/67 69/69/69 167/167/167 
f 69/69/69 173/173/173 167/167/167 
f 167/167/167 173/173/173 169/169/169 
f 173/173/173 174/174/174 169/169/169 
f 169/169/169 174/174/174 171/171/171 
f 174/174/174 175/175/175 171/171/171 
f 171/171/171 175/175/175 176/176/176 
f 175/175/175 177/177/177 176/176/176 
f 176/176/176 177/177/177 178/178/178 
f 177/177/177 179/179/179 178/178/178 
f 178/178/178 179/179/179 180/180/180 
f 179/179/179 180/180/180 180/180/180 
f 180/180/180 180/180/180 69/69/69 
f 180/180/180 69/69/69 69/69/69 
f 69/69/69 69/69/69 69/69/69 
f 69/69/69 71/71/71 69/69/69 
f 69/69/69 71/71/71 173/173/173 
f 71/71/71 181/181/181 173/173/173 
f 173/173/173 181/181/181 174/174/174 
f 181/181/181 182/182/182 174/174/174 
f 174/174/174 182/182/182 175/175/175 
f 182/182/182 183/183/183 175/175/175 
f 175/175/175 183/183/183 177/177/177 
f 183/183/183 184/184/184 177/177/177 
f 177/177/177 184/184/184 179/179/179 
f 184/184/184 179/179/179 179/179/179 
f 179/179/179 179/179/179 71/71/71 
f 179/179/179 71/71/71 71/71/71 
f 71/71/71 71/71/71 71/71/71 
f 71/71/71 73/73/73 71/71/71 
f 71/71/71 73/73/73 181/181/181 
f 73/73/73 185/185/185 181/181/181 
f 181/181/181 185/185/185 182/182/182 
f 185/185/185 186/186/186 182/182/182 
f 182/182/182 186/186/186 183/183/183 
f 186/186/186 187/187/187 183/183/183 
f 183/183/183 187/187/187 184/184/184 
f 187/187/187 184/184/184 184/184/184 
f 184/184/184 184/184/184 73/73/73 
f 184/184/184 73/73/73 73/73/73 
f 73/73/73 73/73/73 73/73/73 
f 73/73/73 75/75/75 73/73/73 
f 73/73/73 75/75/75 185/185/185 
f 75/75/75 188/188/188 185/185/185 
f 185/185/185 188/188/188 186/186/186 
f 188/188/188 189/189/189 186/186/186 
f 186/186/186 189/189/189 187/187/187 
f 189/189/189 187/187/187 187/187/187 
f 187/187/187 187/187/187 75/75/75 
f 187/187/187 75/75/75 75/75/75 
f 75/75/75 75/75/75 75/75/75 
f 75/75/75 77/77/77 75/75/75 
f 75/75/75 77/77/77 188/188/188 
f 77/77/77 190/190/190 188/188/188 
f 188/188/188 190/190/190 189/189/189 
f 190/190/190 189/189/189 189/189/189 
f 189/189/189 189/189/189 170/170/170 
f 189/189/189 170/170/170 170/170/170 
f 170/170/170 170/170/170 170/170/170 
f 170/170/170 172/172/172 170/170/170 
f 170/170/170 172/172/172 191/191/191 
f 172/172/172 192/192/192 191/191/191 
f 191/191/191 192/192/192 193/193/193 
f 192/192/192 194/194/194 193/193/193 
f 193/193/193 194/194/194 195/195/195 
f 194/194/194 195/195/195 195/195/195 
f 195/195/195 195/195/195 196/196/196 
f 195/195/195 196/196/196 196/196/196 
f 196/196/196 196/196/196 196/196/196 
f 196/196/196 197/197/197 196/196/196 
f 196/196/196 197/197/197 198/198/198 
f 197/197/197 199/199/199 198/198/198 
f 198/198/198 199/199/199 199/199/199 
f 199/199/199 200/200/200 199/199/199 
f 199/199/199 200/200/200 200/200/200 
f 200/200/200 201/201/201 200/200/200 
f 200/200/200 201/201/201 202/202/202 
f 201/201/201 203/203/203 202/202/202 
f 202/202/202 203/203/203 204/204/204 
f 203/203/203 205/205/205 204/204/204 
f 204/204/204 205/205/205 206/206/206 
f 205/205/205 207/207/207 206/206/206 
f 206/206/206 207/207/207 208/208/208 
f 207/207/207 209/209/209 208/208/208 
f 208/208/208 209/209/209 210/210/210 
f 209/209/209 211/211/211 210/210/210 
f 210/210/210 211/211/211 212/212/212 
f 211/211/211 213/213/213 212/212/212 
f 212/212/212 213/213/213 214/214/214 
f 213/213/213 214/214/214 214/214/214 
f 214/214/214 214/214/214 212/212/212 
f 214/214/214 212/212/212 212/212/212 
f 212/212/212 212/212/212 212/212/212 
f 212/212/212 214/214/214 212/212/212 
f 212/212/212 214/214/214 215/215/215 
f 214/214/214 216/216/216 215/215/215 
f 215/215/215 216/216/216 216/216/216 
f 216/216/216 214/214/214 216/216/216 
f 216/216/216 214/214/214 214/214/214 
f 214/214/214 217/217/217 214/214/214 
f 214/214/214 217/217/217 216/216/216 
f 217/217/217 218/218/218 216/216/216 
f 216/216/216 218/218/218 219/219/219 
f 218/218/218 220/220/220 219/219/219 
f 219/219/219 220/220/220 221/221/221 
f 220/220/220 222/222/222 221/221/221 
f 221/221/221 222/222/222 223/223/223 
f 222/222/222 223/223/223 223/223/223 
f 223/223/223 223/223/223 224/224/224 
f 223/223/223 224/224/224 224/224/224 
f 224/224/224 224/224/224 224/224/224 
f 224/224/224 225/225/225 224/224/224 
f 224/224/224 225/225/225 226/226/226 
f 225/225/225 227/227/227 226/226/226 
f 226/226/226 227/227/227 228/228/228 
f 227/227/227 229/229/229 228/228/228 
f 228/228/228 229/229/229 230/230/230 
f 229/229/229 231/231/231 230/230/230 
f 230/230/230 231/231/231 232/232/232 
f 231/231/231 233/233/233 232/232/232 
f 232/232/232 233/233/233 234/234/234 
f 233/233/233 235/235/235 234/234/234 
f 234/234/234 235/235/235 236/236/236 
f 235/235/235 236/236/236 236/236/236 
f 236/236/236 236/236/236 234/234/234 
f 236/236/236 234/234/234 234/234/234 
f 234/234/234 234/234/234 234/234/234 
f 234/234/234 236/236/236 234/234/234 
f 234/234/234 236/236/236 237/237/237 
f 236/236/236 238/238/238 237/237/237 
f 237/237/237 238/238/238 239/239/239 
f 238/238/238 240/240/240 239/239/239 
f 239/239/239 240/240/240 241/241/241 
f 240/240/240 242/242/242 241/241/241 
f 241/241/241 242/242/242 243/243/243 
f 242/242/242 244/244/244 243/243/243 
f 243/243/243 244/244/244 245/245/245 
f 244/244/244 246/246/246 245/245/245 
f 245/245/245 246/246/246 247/247/247 
f 246/246/246 247/247/247 247/247/247 
f 247/247/247 247/247/247 248/248/248 
f 247/247/247 248/248/248 248/248/248 
f 248/248/248 248/248/248 248/248/248 
f 248/248/248 249/249/249 248/248/248 
f 248/248/248 249/249/249 250/250/250 
f 249/249/249 251/251/251 250/250/250 
f 250/250/250 251/251/251 251/251/251 
f 251/251/251 252/252/252 251/251/251 
f 251/251/251 252/252/252 252/252/252 
f 252/252/252 253/253/253 252/252/252 
f 252/252/252 253/253/253 254/254/254 
f 253/253/253 255/255/255 254/254/254 
f 254/254/254 255/255/255 255/255/255 
f 255/255/255 256/256/256 255/255/255 
f 255/255/255 256/256/256 256/256/256 
f 256/256/256 257/257/257 256/256/256 
f 256/256/256 257/257/257 258/258/258 
f 257/257/257 259/259/259 258/258/258 
f 258/258/258 259/259/259 259/259/259 
f 259/259/259 260/260/260 259/259/259 
f 259/259/259 260/260/260 260/260/260 
f 260/260/260 261/261/261 260/260/260 
f 260/260/260 261/261/261 262/262/262 
f 261/261/261 263/263/263 262/262/262 
f 262/262/262 263/263/263 264/264/264 
f 263/263/263 265/265/265 264/264/264 
f 264/264/264 265/265/265 266/266/266 
f 265/265/265 267/267/267 266/266/266 
f 266/266/266 267/267/267 267/267/267 
f 267/267/267 268/268/268 267/267/267 
f 267/267/267 268/268/268 268/268/268 
f 268/268/268 269/269/269 268/268/268 
f 268/268/268 269/269/269 270/270/270 
f 269/269/269 271/271/271 270/270/270 
f 270/270/270 271/271/271 272/272/272 
f 271/271/271 273/273/273 272/272/272 
f 272/272/272 273/273/273 274/274/274 
f 273/273/273 275/275/275 274/274/274 
f 274/274/274 275/275/275 275/275/275 
f 275/275/275 276/276/276 275/275/275 
f 275/275/275 276/276/276 276/276/276 
f 276/276/276 277/277/277 276/276/276 
f 276/276/276 277/277/277 278/278/278 
f 277/277/277 279/279/279 278/278/278 
f 278/278/278 279/279/279 280/280/280 
f 279/279/279 281/281/281 280/280/280 
f 280/280/280 281/281/281 282/282/282 
f 281/281/281 283/283/283 282/282/282 
f 282/282/282 283/283/283 283/283/283 
f 283/283/283 284/284/284 283/283/283 
f 283/283/283 284/284/284 284/284/284 
f 284/284/284 285/285/285 284/284/284 
f 284/284/284 285/285/285 286/286/286 
f 285/285/285 287/287/287 286/286/286 
f 286/286/286 287/287/287 288/288/288 
f 287/287/287 289/289/289 288/288/288 
f 288/288/288 289/289/289 290/290/290 
f 289/289/289 291/291/291 290/290/290 
f 290/290/290 291/291/291 291/291/291 
f 291/291/291 292/292/292 291/291/291 
f 291/291/291 292/292/292 292/292/292 
f 292/292/292 293/293/293 292/292/292 
f 292/292/292 293/293/293 294/294/294 
f 293/293/293 295/295/295 294/294/294 
f 294/294/294 295/295/295 296/296/296 
f 295/295/295 297/297/297 296/296/296 
f 296/296/296 297/297/297 298/298/298 
f 297/297/297 299/299/299 298/298/298 
f 298/298/298 299/299/299 300/300/300 
f 299/299/299 301/301/301 300/300/300 
f 300/300/300 301/301/301 302/302/302 
f 301/301/301 303/303/303 302/302/302 
f 302/302/302 303/303/303 304/304/304 
f 303/303/303 305/305/305 304/304/304 
f 304/304/304 305/305/305 305/305/305 
f 305/305/305 293/293/293 305/305/305 
f 305/305/305 293/293/293 293/293/293 
f 293/293/293 306/306/306 293/293/293 
f 293/293/293 306/306/306 295/295/295 
f 306/306/306 307/307/307 295/295/295 
f 295/295/295 307/307/307 297/297/297 
f 307/307/307 308/308/308 297/297/297 
f 297/297/297 308/308/308 299/299/299 
f 308/308/308 309/309/309 299/299/299 
f 299/299/299 309/309/309 301/301/301 
f 309/309/309 310/310/310 301/301/301 
f 301/301/301 310/310/310 303/303/303 
f 310/310/310 311/311/311 303/303/303 
f 303/303/303 311/311/311 305/305/305 
f 311/311/311 312/312/312 305/305/305 
f 305/305/305 312/312/312 312/312/312 
f 312/312/312 308/308/308 312/312/312 
f 312/312/312 308/308/308 308/308/308 
f 308/308/308 313/313/313 308/308/308 
f 308/308/308 313/313/313 309/309/309 
f 313/313/313 314/314/314 309/309/309 
f 309/309/309 314/314/314 310/310/310 
f 314/314/314 315/315/315 310/310/310 
f 310/310/310 315/315/315 311/311/311 
f 315/315/315 316/316/316 311/311/311 
f 311/311/311 316/316/316 312/312/312 
f 316/316/316 317/317/317 312/312/312 
f 312/312/312 317/317/317 318/318/318 
f 317/317/317 319/319/319 318/318/318 
f 318/318/318 319/319/319 320/320/320 
f 319/319/319 321/321/321 320/320/320 
f 320/320/320 321/321/321 322/322/322 
f 321/321/321 323/323/323 322/322/322 
f 322/322/322 323/323/323 324/324/324 
f 323/323/323 325/325/325 324/324/324 
f 324/324/324 325/325/325 326/326/326 
f 325/325/325 327/327/327 326/326/326 
f 326/326/326 327/327/327 328/328/328 
f 327/327/327 329/329/329 328/328/328 
f 328/328/328 329/329/329 330/330/330 
f 329/329/329 331/331/331 330/330/330 
f 330/330/330 331/331/331 332/332/332 
f 331/331/331 333/333/333 332/332/332 
f 332/332/332 333/333/333 334/334/334 
f 333/333/333 335/335/335 334/334/334 
f 334/334/334 335/335/335 336/336/336 
f 335/335/335 337/337/337 336/336/336 
f 336/336/336 337/337/337 338/338/338 
f 337/337/337 339/339/339 338/338/338 
f 338/338/338 339/339/339 340/340/340 
f 339/339/339 341/341/341 340/340/340 
f 340/340/340 341/341/341 342/342/342 
f 341/341/341 343/343/343 342/342/342 
f 342/342/342 343/343/343 344/344/344 
f 343/343/343 345/345/345 344/344/344 
f 344/344/344 345/345/345 345/345/345 
f 345/345/345 313/313/313 345/345/345 
f 345/345/345 313/313/313 313/313/313 
f 313/313/313 346/346/346 313/313/313 
f 313/313/313 346/346/346 314/314/314 
f 346/346/346 347/347/347 314/314/314 
f 314/314/314 347/347/347 315/315/315 
f 347/347/347 348/348/348 315/315/315 
f 315/315/315 348/348/348 316/316/316 
f 348/348/348 349/349/349 316/316/316 
f 316/316/316 349/349/349 317/317/317 
f 349/349/349 350/350/350 317/317/317 
f 317/317/317 350/350/350 319/319/319 
f 350/350/350 351/351/351 319/319/319 
f 319/319/319 351/351/351 321/321/321 
f 351/351/351 352/352/352 321/321/321 
f 321/321/321 352/352/352 323/323/323 
f 352/352/352 353/353/353 323/323/323 
f 323/323/323 353/353/353 325/325/325 
f 353/353/353 354/354/354 325/325/325 
f 325/325/325 354/354/354 327/327/327 
f 354/354/354 355/355/355 327/327/327 
f 327/327/327 355/355/355 329/329/329 
f 355/355/355 356/356/356 329/329/329 
f 329/329/329 356/356/356 331/331/331 
f 356/356/356 357/357/357 331/331/331 
f 331/331/331 357/357/357 333/333/333 
f 357/357/357 358/358/358 333/333/333 
f 333/333/333 358/358/358 335/335/335 
f 358/358/358 359/359/359 335/335/335 
f 335/335/335 359/359/359 337/337/337 
f 359/359/359 360/360/360 337/337/337 
f 337/337/337 360/360/360 339/339/339 
f 360/360/360 361/361/361 339/339/339 
f 339/339/339 361/361/361 341/341/341 
f 361/361/361 362/362/362 341/341/341 
f 341/341/341 362/362/362 343/343/343 
f 362/362/362 363/363/363 343/343/343 
f 343/343/343 363/363/363 345/345/345 
f 363/363/363 364/364/364 345/345/345 
f 345/345/345 364/364/364 364/364/364 
f 364/364/364 353/353/353 364/364/364 
f 364/364/364 353/353/353 353/353/353 
f 353/353/353 352/352/352 353/353/353 
f 353/353/353 352/352/352 365/365/365 
f 352/352/352 351/351/351 365/365/365 
f 365/365/365 351/351/351 366/366/366 
f 351/351/351 350/350/350 366/366/366 
f 366/366/366 350/350/350 367/367/367 
f 350/350/350 368/368/368 367/367/367 
f 367/367/367 368/368/368 369/369/369 
f 368/368/368 346/346/346 369/369/369 
f 369/369/369 346/346/346 370/370/370 
f 346/346/346 371/371/371 370/370/370 
f 370/370/370 371/371/371 372/372/372 
f 371/371/371 306/306/306 372/372/372 
f 372/372/372 306/306/306 306/306/306 
f 306/306/306 372/372/372 306/306/306 
f 306/306/306 372/372/372 372/372/372 
f 372/372/372 373/373/373 372/372/372 
f 372/372/372 373/373/373 370/370/370 
f 373/373/373 374/374/374 370/370/370 
f 370/370/370 374/374/374 369/369/369 
f 374/374/374 375/375/375 369/369/369 
f 369/369/369 375/375/375 367/367/367 
f 375/375/375 376/376/376 367/367/367 
f 367/367/367 376/376/376 366/366/366 
f 376/376/376 377/377/377 366/366/366 
f 366/366/366 377/377/377 365/365/365 
f 377/377/377 378/378/378 365/365/365 
f 365/365/365 378/378/378 353/353/353 
f 378/378/378 354/354/354 353/353/353 
f 353/353/353 354/354/354 354/354/354 
f 354/354/354 377/377/377 354/354/354 
f 354/354/354 377/377/377 377/377/377 
f 377/377/377 379/379/379 377/377/377 
f 377/377/377 379/379/379 378/378/378 
f 379/379/379 380/380/380 378/378/378 
f 378/378/378 380/380/380 354/354/354 
f 380/380/380 381/381/381 354/354/354 
f 354/354/354 381/381/381 355/355/355 
f 381/381/381 382/382/382 355/355/355 
f 355/355/355 382/382/382 356/356/356 
f 382/382/382 383/383/383 356/356/356 
f 356/356/356 383/383/383 384/384/384 
f 383/383/383 385/385/385 384/384/384 
f 384/384/384 385/385/385 386/386/386 
f 385/385/385 387/387/387 386/386/386 
f 386/386/386 387/387/387 388/388/388 
f 387/387/387 389/389/389 388/388/388 
f 388/388/388 389/389/389 390/390/390 
f 389/389/389 391/391/391 390/390/390 
f 390/390/390 391/391/391 392/392/392 
f 391/391/391 393/393/393 392/392/392 
f 392/392/392 393/393/393 394/394/394 
f 393/393/393 395/395/395 394/394/394 
f 394/394/394 395/395/395 396/396/396 
f 395/395/395 397/397/397 396/396/396 
f 396/396/396 397/397/397 398/398/398 
f 397/397/397 399/399/399 398/398/398 
f 398/398/398 399/399/399 400/400/400 
f 399/399/399 401/401/401 400/400/400 
f 400/400/400 401/401/401 402/402/402 
f 401/401/401 402/402/402 402/402/402 
f 402/402/402 402/402/402 379/379/379 
f 402/402/402 379/379/379 379/379/379 
f 379/379/379 379/379/379 379/379/379 
f 379/379/379 403/403/403 379/379/379 
f 379/379/379 403/403/403 380/380/380 
f 403/403/403 404/404/404 380/380/380 
f 380/380/380 404/404/404 381/381/381 
f 404/404/404 405/405/405 381/381/381 
f 381/381/381 405/405/405 382/382/382 
f 405/405/405 406/406/406 382/382/382 
f 382/382/382 406/406/406 383/383/383 
f 406/406/406 407/407/407 383/383/383 
f 383/383/383 407/407/407 385/385/385 
f 407/407/407 408/408/408 385/385/385 
f 385/385/385 408/408/408 387/387/387 
f 408/408/408 409/409/409 387/387/387 
f 387/387/387 409/409/409 389/389/389 
f 409/409/409 410/410/410 389/389/389 
f 389/389/389 410/410/410 391/391/391 
f 410/410/410 411/411/411 391/391/391 
f 391/391/391 411/411/411 393/393/393 
f 411/411/411 412/412/412 393/393/393 
f 393/393/393 412/412/412 395/395/395 
f 412/412/412 413/413/413 395/395/395 
f 395/395/395 413/413/413 397/397/397 
f 413/413/413 414/414/414 397/397/397 
f 397/397/397 414/414/414 399/399/399 
f 414/414/414 415/415/415 399/399/399 
f 399/399/399 415/415/415 401/401/401 
f 415/415/415 401/401/401 401/401/401 
f 401/401/401 401/401/401 407/407/407 
f 401/401/401 407/407/407 407/407/407 
f 407/407/407 407/407/407 407/407/407 
f 407/407/407 416/416/416 407/407/407 
f 407/407/407 416/416/416 408/408/408 
f 416/416/416 417/417/417 408/408/408 
f 408/408/408 417/417/417 409/409/409 
f 417/417/417 418/418/418 409/409/409 
f 409/409/409 418/418/418 410/410/410 
f 418/418/418 419/419/419 410/410/410 
f 410/410/410 419/419/419 411/411/411 
f 419/419/419 420/420/420 411/411/411 
f 411/411/411 420/420/420 412/412/412 
f 420/420/420 421/421/421 412/412/412 
f 412/412/412 421/421/421 413/413/413 
f 421/421/421 422/422/422 413/413/413 
f 413/413/413 422/422/422 414/414/414 
f 422/422/422 423/423/423 414/414/414 
f 414/414/414 423/423/423 415/415/415 
f 423/423/423 415/415/415 415/415/415 
f 415/415/415 415/415/415 416/416/416 
f 415/415/415 416/416/416 416/416/416 
f 416/416/416 416/416/416 416/416/416 
f 416/416/416 424/424/424 416/416/416 
f 416/416/416 424/424/424 417/417/417 
f 424/424/424 425/425/425 417/417/417 
f 417/417/417 425/425/425 418/418/418 
f 425/425/425 426/426/426 418/418/418 
f 418/418/418 426/426/426 419/419/419 
f 426/426/426 427/427/427 419/419/419 
f 419/419/419 427/427/427 420/420/420 
f 427/427/427 428/428/428 420/420/420 
f 420/420/420 428/428/428 421/421/421 
f 428/428/428 429/429/429 421/421/421 
f 421/421/421 429/429/429 422/422/422 
f 429/429/429 430/430/430 422/422/422 
f 422/422/422 430/430/430 423/423/423 
f 430/430/430 423/423/423 423/423/423 
f 423/423/423 423/423/423 427/427/427 
f 423/423/423 427/427/427 427/427/427 
f 427/427/427 427/427/427 427/427/427 
f 427/427/427 426/426/426 427/427/427 
f 427/427/427 426/426/426 431/431/431 
f 426/426/426 425/425/425 431/431/431 
f 431/431/431 425/425/425 432/432/432 
f 425/425/425 424/424/424 432/432/432 
f 432/432/432 424/424/424 433/433/433 
f 424/424/424 416/416/416 433/433/433 
f 433/433/433 416/416/416 434/434/434 
f 416/416/416 407/407/407 434/434/434 
f 434/434/434 407/407/407 435/435/435 
f 407/407/407 406/406/406 435/435/435 
f 435/435/435 406/406/406 436/436/436 
f 406/406/406 405/405/405 436/436/436 
f 436/436/436 405/405/405 437/437/437 
f 405/405/405 438/438/438 437/437/437 
f 437/437/437 438/438/438 439/439/439 
f 438/438/438 440/440/440 439/439/439 
f 439/439/439 440/440/440 441/441/441 
f 440/440/440 442/442/442 441/441/441 
f 441/441/441 442/442/442 443/443/443 
f 442/442/442 444/444/444 443/443/443 
f 443/443/443 444/444/444 445/445/445 
f 444/444/444 446/446/446 445/445/445 
f 445/445/445 446/446/446 447/447/447 
f 446/446/446 448/448/448 447/447/447 
f 447/447/447 448/448/448 449/449/449 
f 448/448/448 450/450/450 449/449/449 
f 449/449/449 450/450/450 451/451/451 
f 450/450/450 452/452/452 451/451/451 
f 451/451/451 452/452/452 453/453/453 
f 452/452/452 453/453/453 453/453/453 
f 453/453/453 453/453/453 453/453/453 
f 453/453/453 454/454/454 453/453/453 
f 453/453/453 454/454/454 451/451/451 
f 454/454/454 455/455/455 451/451/451 
f 451/451/451 455/455/455 449/449/449 
f 455/455/455 456/456/456 449/449/449 
f 449/449/449 456/456/456 447/447/447 
f 456/456/456 457/457/457 447/447/447 
f 447/447/447 457/457/457 445/445/445 
f 457/457/457 458/458/458 445/445/445 
f 445/445/445 458/458/458 443/443/443 
f 458/458/458 459/459/459 443/443/443 
f 443/443/443 459/459/459 441/441/441 
f 459/459/459 460/460/460 441/441/441 
f 441/441/441 460/460/460 439/439/439 
f 460/460/460 461/461/461 439/439/439 
f 439/439/439 461/461/461 437/437/437 
f 461/461/461 462/462/462 437/437/437 
f 437/437/437 462/462/462 436/436/436 
f 462/462/462 463/463/463 436/436/436 
f 436/436/436 463/463/463 435/435/435 
f 463/463/463 464/464/464 435/435/435 
f 435/435/435 464/464/464 434/434/434 
f 464/464/464 465/465/465 434/434/434 
f 434/434/434 465/465/465 433/433/433 
f 465/465/465 466/466/466 433/433/433 
f 433/433/433 466/466/466 432/432/432 
f 466/466/466 467/467/467 432/432/432 
f 432/432/432 467/467/467 431/431/431 
f 467/467/467 468/468/468 431/431/431 
f 431/431/431 468/468/468 427/427/427 
f 468/468/468 428/428/428 427/427/427 
f 427/427/427 428/428/428 428/428/428 
f 428/428/428 464/464/464 428/428/428 
f 428/428/428 464/464/464 464/464/464 
f 464/464/464 463/463/463 464/464/464 
f 464/464/464 463/463/463 469/469/469 
f 463/463/463 470/470/470 469/469/469 
f 469/469/469 470/470/470 471/471/471 
f 470/470/470 459/459/459 471/471/471 
f 471/471/471 459/459/459 472/472/472 
f 459/459/459 473/473/473 472/472/472 
f 472/472/472 473/473/473 474/474/474 
f 473/473/473 475/475/475 474/474/474 
f 474/474/474 475/475/475 476/476/476 
f 475/475/475 477/477/477 476/476/476 
f 476/476/476 477/477/477 478/478/478 
f 477/477/477 457/457/457 478/478/478 
f 478/478/478 457/457/457 479/479/479 
f 457/457/457 456/456/456 479/479/479 
f 479/479/479 456/456/456 480/480/480 
f 456/456/456 455/455/455 480/480/480 
f 480/480/480 455/455/455 481/481/481 
f 455/455/455 454/454/454 481/481/481 
f 481/481/481 454/454/454 482/482/482 
f 454/454/454 483/483/483 482/482/482 
f 482/482/482 483/483/483 484/484/484 
f 483/483/483 484/484/484 484/484/484 
f 484/484/484 484/484/484 484/484/484 
f 484/484/484 485/485/485 484/484/484 
f 484/484/484 485/485/485 482/482/482 
f 485/485/485 486/486/486 482/482/482 
f 482/482/482 486/486/486 481/481/481 
f 486/486/486 487/487/487 481/481/481 
f 481/481/481 487/487/487 480/480/480 
f 487/487/487 488/488/488 480/480/480 
f 480/480/480 488/488/488 479/479/479 
f 488/488/488 489/489/489 479/479/479 
f 479/479/479 489/489/489 478/478/478 
f 489/489/489 490/490/490 478/478/478 
f 478/478/478 490/490/490 476/476/476 
f 490/490/490 491/491/491 476/476/476 
f 476/476/476 491/491/491 474/474/474 
f 491/491/491 492/492/492 474/474/474 
f 474/474/474 492/492/492 472/472/472 
f 492/492/492 493/493/493 472/472/472 
f 472/472/472 493/493/493 471/471/471 
f 493/493/493 494/494/494 471/471/471 
f 471/471/471 494/494/494 469/469/469 
f 494/494/494 495/495/495 469/469/469 
f 469/469/469 495/495/495 464/464/464 
f 495/495/495 465/465/465 464/464/464 
f 464/464/464 465/465/465 465/465/465 
f 465/465/465 485/485/485 465/465/465 
f 465/465/465 485/485/485 485/485/485 
f 485/485/485 496/496/496 485/485/485 
f 485/485/485 496/496/496 486/486/486 
f 496/496/496 497/497/497 486/486/486 
f 486/486/486 497/497/497 487/487/487 
f 497/497/497 498/498/498 487/487/487 
f 487/487/487 498/498/498 488/488/488 
f 498/498/498 499/499/499 488/488/488 
f 488/488/488 499/499/499 489/489/489 
f 499/499/499 500/500/500 489/489/489 
f 489/489/489 500/500/500 490/490/490 
f 500/500/500 501/501/501 490/490/490 
f 490/490/490 501/501/501 491/491/491 
f 501/501/501 502/502/502 491/491/491 
f 491/491/491 502/502/502 492/492/492 
f 502/502/502 503/503/503 492/492/492 
f 492/492/492 503/503/503 504/504/504 
f 503/503/503 505/505/505 504/504/504 
f 504/504/504 505/505/505 506/506/506 
f 505/505/505 506/506/506 506/506/506 
f 506/506/506 506/506/506 496/496/496 
f 506/506/506 496/496/496 496/496/496 
f 496/496/496 496/496/496 496/496/496 
f 496/496/496 507/507/507 496/496/496 
f 496/496/496 507/507/507 497/497/497 
f 507/507/507 508/508/508 497/497/497 
f 497/497/497 508/508/508 498/498/498 
f 508/508/508 509/509/509 498/498/498 
f 498/498/498 509/509/509 499/499/499 
f 509/509/509 510/510/510 499/499/499 
f 499/499/499 510/510/510 500/500/500 
f 510/510/510 511/511/511 500/500/500 
f 500/500/500 511/511/511 501/501/501 
f 511/511/511 512/512/512 501/501/501 
f 501/501/501 512/512/512 502/502/502 
f 512/512/512 513/513/513 502/502/502 
f 502/502/502 513/513/513 503/503/503 
f 513/513/513 514/514/514 503/503/503 
f 503/503/503 514/514/514 505/505/505 
f 514/514/514 505/505/505 505/505/505 
f 505/505/505 505/505/505 508/508/508 
f 505/505/505 508/508/508 508/508/508 
f 508/508/508 508/508/508 508/508/508 
f 508/508/508 515/515/515 508/508/508 
f 508/508/508 515/515/515 509/509/509 
f 515/515/515 516/516/516 509/509/509 
f 509/509/509 516/516/516 510/510/510 
f 516/516/516 517/517/517 510/510/510 
f 510/510/510 517/517/517 518/518/518 
f 517/517/517 519/519/519 518/518/518 
f 518/518/518 519/519/519 520/520/520 
f 519/519/519 521/521/521 520/520/520 
f 520/520/520 521/521/521 522/522/522 
f 521/521/521 523/523/523 522/522/522 
f 522/522/522 523/523/523 524/524/524 
f 523/523/523 524/524/524 524/524/524 
f 524/524/524 524/524/524 515/515/515 
f 524/524/524 515/515/515 515/515/515 
f 515/515/515 515/515/515 515/515/515 
f 515/515/515 525/525/525 515/515/515 
f 515/515/515 525/525/525 516/516/516 
f 525/525/525 526/526/526 516/516/516 
f 516/516/516 526/526/526 517/517/517 
f 526/526/526 527/527/527 517/517/517 
f 517/517/517 527/527/527 519/519/519 
f 527/527/527 528/528/528 519/519/519 
f 519/519/519 528/528/528 521/521/521 
f 528/528/528 529/529/529 521/521/521 
f 521/521/521 529/529/529 523/523/523 
f 529/529/529 523/523/523 523/523/523 
f 523/523/523 523/523/523 525/525/525 
f 523/523/523 525/525/525 525/525/525 
f 525/525/525 525/525/525 525/525/525 
f 525/525/525 530/530/530 525/525/525 
f 525/525/525 530/530/530 526/526/526 
f 530/530/530 531/531/531 526/526/526 
f 526/526/526 531/531/531 527/527/527 
f 531/531/531 532/532/532 527/527/527 
f 527/527/527 532/532/532 528/528/528 
f 532/532/532 533/533/533 528/528/528 
f 528/528/528 533/533/533 529/529/529 
f 533/533/533 529/529/529 529/529/529 
f 529/529/529 529/529/529 530/530/530 
f 529/529/529 530/530/530 530/530/530 
f 530/530/530 530/530/530 530/530/530 
f 530/530/530 534/534/534 530/530/530 
f 530/530/530 534/534/534 531/531/531 
f 534/534/534 535/535/535 531/531/531 
f 531/531/531 535/535/535 532/532/532 
f 535/535/535 536/536/536 532/532/532 
f 532/532/532 536/536/536 533/533/533 
f 536/536/536 533/533/533 533/533/533 
f 533/533/533 533/533/533 534/534/534 
f 533/533/533 534/534/534 534/534/534 
f 534/534/534 534/534/534 534/534/534 
f 534/534/534 530/530/530 534/534/534 
f 534/534/534 530/530/530 537/537/537 
f 530/530/530 538/538/538 537/537/537 
f 537/537/537 538/538/538 539/539/539 
f 538/538/538 540/540/540 539/539/539 
f 539/539/539 540/540/540 540/540/540 
f 540/540/540 538/538/538 540/540/540 
f 540/540/540 538/538/538 541/541/541 
f 538/538/538 525/525/525 541/541/541 
f 541/541/541 525/525/525 542/542/542 
f 525/525/525 515/515/515 542/542/542 
f 542/542/542 515/515/515 543/543/543 
f 515/515/515 508/508/508 543/543/543 
f 543/543/543 508/508/508 544/544/544 
f 508/508/508 507/507/507 544/544/544 
f 544/544/544 507/507/507 545/545/545 
f 507/507/507 546/546/546 545/545/545 
f 545/545/545 546/546/546 547/547/547 
f 546/546/546 496/496/496 547/547/547 
f 547/547/547 496/496/496 485/485/485 
f 496/496/496 485/485/485 485/485/485 
f 485/485/485 485/485/485 485/485/485 
f 485/485/485 548/548/548 485/485/485 
f 485/485/485 548/548/548 547/547/547 
f 548/548/548 549/549/549 547/547/547 
f 547/547/547 549/549/549 545/545/545 
f 549/549/549 550/550/550 545/545/545 
f 545/545/545 550/550/550 544/544/544 
f 550/550/550 551/551/551 544/544/544 
f 544/544/544 551/551/551 543/543/543 
f 551/551/551 552/552/552 543/543/543 
f 543/543/543 552/552/552 542/542/542 
f 552/552/552 553/553/553 542/542/542 
f 542/542/542 553/553/553 541/541/541 
f 553/553/553 554/554/554 541/541/541 
f 541/541/541 554/554/554 540/540/540 
f 554/554/554 540/540/540 540/540/540 
f 540/540/540 540/540/540 553/553/553 
f 540/540/540 553/553/553 553/553/553 
f 553/553/553 553/553/553 553/553/553 
f 553/553/553 552/552/552 553/553/553 
f 553/553/553 552/552/552 555/555/555 
f 552/552/552 551/551/551 555/555/555 
f 555/555/555 551/551/551 556/556/556 
f 551/551/551 550/550/550 556/556/556 
f 556/556/556 550/550/550 557/557/557 
f 550/550/550 558/558/558 557/557/557 
f 557/557/557 558/558/558 559/559/559 
f 558/558/558 560/560/560 559/559/559 
f 559/559/559 560/560/560 560/560/560 
f 560/560/560 559/559/559 560/560/560 
f 560/560/560 559/559/559 559/559/559 
f 559/559/559 561/561/561 559/559/559 
f 559/559/559 561/561/561 557/557/557 
f 561/561/561 562/562/562 557/557/557 
f 557/557/557 562/562/562 556/556/556 
f 562/562/562 563/563/563 556/556/556 
f 556/556/556 563/563/563 555/555/555 
f 563/563/563 564/564/564 555/555/555 
f 555/555/555 564/564/564 553/553/553 
f 564/564/564 554/554/554 553/553/553 
f 553/553/553 554/554/554 554/554/554 
f 554/554/554 346/346/346 554/554/554 
f 554/554/554 346/346/346 346/346/346 
f 346/346/346 368/368/368 346/346/346 
f 346/346/346 368/368/368 347/347/347 
f 368/368/368 349/349/349 347/347/347 
f 347/347/347 349/349/349 348/348/348 
f 349/349/349 348/348/348 348/348/348 
f 348/348/348 348/348/348 457/457/457 
f 348/348/348 457/457/457 457/457/457 
f 457/457/457 457/457/457 457/457/457 
f 457/457/457 477/477/477 457/457/457 
f 457/457/457 477/477/477 458/458/458 
f 477/477/477 473/473/473 458/458/458 
f 458/458/458 473/473/473 459/459/459 
f 473/473/473 459/459/459 459/459/459 
f 459/459/459 459/459/459 373/373/373 
f 459/459/459 373/373/373 373/373/373 
f 373/373/373 373/373/373 373/373/373 
f 373/373/373 565/565/565 373/373/373 
f 373/373/373 565/565/565 374/374/374 
f 565/565/565 566/566/566 374/374/374 
f 374/374/374 566/566/566 375/375/375 
f 566/566/566 376/376/376 375/375/375 
f 375/375/375 376/376/376 376/376/376 
f 376/376/376 565/565/565 376/376/376 
f 376/376/376 565/565/565 565/565/565 
f 565/565/565 567/567/567 565/565/565 
f 565/565/565 567/567/567 566/566/566 
f 567/567/567 568/568/568 566/566/566 
f 566/566/566 568/568/568 376/376/376 
f 568/568/568 377/377/377 376/376/376 
f 376/376/376 377/377/377 377/377/377 
f 377/377/377 567/567/567 377/377/377 
f 377/377/377 567/567/567 567/567/567 
f 567/567/567 569/569/569 567/567/567 
f 567/567/567 569/569/569 568/568/568 
f 569/569/569 570/570/570 568/568/568 
f 568/568/568 570/570/570 377/377/377 
f 570/570/570 571/571/571 377/377/377 
f 377/377/377 571/571/571 379/379/379 
f 571/571/571 572/572/572 379/379/379 
f 379/379/379 572/572/572 403/403/403 
f 572/572/572 404/404/404 403/403/403 
f 403/403/403 404/404/404 404/404/404 
f 404/404/404 569/569/569 404/404/404 
f 404/404/404 569/569/569 569/569/569 
f 569/569/569 573/573/573 569/569/569 
f 569/569/569 573/573/573 570/570/570 
f 573/573/573 574/574/574 570/570/570 
f 570/570/570 574/574/574 571/571/571 
f 574/574/574 440/440/440 571/571/571 
f 571/571/571 440/440/440 572/572/572 
f 440/440/440 438/438/438 572/572/572 
f 572/572/572 438/438/438 404/404/404 
f 438/438/438 405/405/405 404/404/404 
f 404/404/404 405/405/405 405/405/405 
f 405/405/405 440/440/440 405/405/405 
f 405/405/405 440/440/440 440/440/440 
f 440/440/440 574/574/574 440/440/440 
f 440/440/440 574/574/574 442/442/442 
f 574/574/574 575/575/575 442/442/442 
f 442/442/442 575/575/575 444/444/444 
f 575/575/575 446/446/446 444/444/444 
f 444/444/444 446/446/446 446/446/446 
f 446/446/446 574/574/574 446/446/446 
f 446/446/446 574/574/574 574/574/574 
f 574/574/574 573/573/573 574/574/574 
f 574/574/574 573/573/573 575/575/575 
f 573/573/573 576/576/576 575/575/575 
f 575/575/575 576/576/576 446/446/446 
f 576/576/576 448/448/448 446/446/446 
f 446/446/446 448/448/448 448/448/448 
f 448/448/448 576/576/576 448/448/448 
f 448/448/448 576/576/576 576/576/576 
f 576/576/576 573/573/573 576/576/576 
f 576/576/576 573/573/573 577/577/577 
f 573/573/573 569/569/569 577/577/577 
f 577/577/577 569/569/569 578/578/578 
f 569/569/569 567/567/567 578/578/578 
f 578/578/578 567/567/567 567/567/567 
f 567/567/567 578/578/578 567/567/567 
f 567/567/567 578/578/578 578/578/578 
f 578/578/578 579/579/579 578/578/578 
f 578/578/578 579/579/579 577/577/577 
f 579/579/579 580/580/580 577/577/577 
f 577/577/577 580/580/580 576/576/576 
f 580/580/580 448/448/448 576/576/576 
f 576/576/576 448/448/448 448/448/448 
f 448/448/448 580/580/580 448/448/448 
f 448/448/448 580/580/580 450/450/450 
f 580/580/580 581/581/581 450/450/450 
f 450/450/450 581/581/581 452/452/452 
f 581/581/581 452/452/452 452/452/452 
f 452/452/452 452/452/452 550/550/550 
f 452/452/452 550/550/550 550/550/550 
f 550/550/550 550/550/550 550/550/550 
f 550/550/550 549/549/549 550/550/550 
f 550/550/550 549/549/549 558/558/558 
f 549/549/549 582/582/582 558/558/558 
f 558/558/558 582/582/582 560/560/560 
f 582/582/582 560/560/560 560/560/560 
f 560/560/560 560/560/560 461/461/461 
f 560/560/560 461/461/461 461/461/461 
f 461/461/461 461/461/461 461/461/461 
f 461/461/461 460/460/460 461/461/461 
f 461/461/461 460/460/460 462/462/462 
f 460/460/460 470/470/470 462/462/462 
f 462/462/462 470/470/470 463/463/463 
f 470/470/470 463/463/463 463/463/463 
f 463/463/463 463/463/463 467/467/467 
f 463/463/463 467/467/467 467/467/467 
f 467/467/467 467/467/467 467/467/467 
f 467/467/467 583/583/583 467/467/467 
f 467/467/467 583/583/583 468/468/468 
f 583/583/583 584/584/584 468/468/468 
f 468/468/468 584/584/584 428/428/428 
f 584/584/584 585/585/585 428/428/428 
f 428/428/428 585/585/585 429/429/429 
f 585/585/585 586/586/586 429/429/429 
f 429/429/429 586/586/586 430/430/430 
f 586/586/586 430/430/430 430/430/430 
f 430/430/430 430/430/430 583/583/583 
f 430/430/430 583/583/583 583/583/583 
f 583/583/583 583/583/583 583/583/583 
f 583/583/583 587/587/587 583/583/583 
f 583/583/583 587/587/587 584/584/584 
f 587/587/587 588/588/588 584/584/584 
f 584/584/584 588/588/588 585/585/585 
f 588/588/588 589/589/589 585/585/585 
f 585/585/585 589/589/589 586/586/586 
f 589/589/589 586/586/586 586/586/586 
f 586/586/586 586/586/586 590/590/590 
f 586/586/586 590/590/590 590/590/590 
f 590/590/590 590/590/590 590/590/590 
f 590/590/590 591/591/591 590/590/590 
f 590/590/590 591/591/591 592/592/592 
f 591/591/591 593/593/593 592/592/592 
f 592/592/592 593/593/593 594/594/594 
f 593/593/593 595/595/595 594/594/594 
f 594/594/594 595/595/595 596/596/596 
f 595/595/595 597/597/597 596/596/596 
f 596/596/596 597/597/597 597/597/597 
f 597/597/597 598/598/598 597/597/597 
f 597/597/597 598/598/598 598/598/598 
f 598/598/598 599/599/599 598/598/598 
f 598/598/598 599/599/599 600/600/600 
f 599/599/599 601/601/601 600/600/600 
f 600/600/600 601/601/601 601/601/601 
f 601/601/601 602/602/602 601/601/601 
f 601/601/601 602/602/602 602/602/602 
f 602/602/602 603/603/603 602/602/602 
f 602/602/602 603/603/603 604/604/604 
f 603/603/603 605/605/605 604/604/604 
f 604/604/604 605/605/605 605/605/605 
f 605/605/605 300/300/300 605/605/605 
f 605/605/605 300/300/300 300/300/300 
f 300/300/300 302/302/302 300/300/300 
f 300/300/300 302/302/302 606/606/606 
f 302/302/302 607/607/607 606/606/606 
f 606/606/606 607/607/607 608/608/608 
f 607/607/607 608/608/608 608/608/608 
f 608/608/608 608/608/608 609/609/609 
f 608/608/608 609/609/609 609/609/609 
f 609/609/609 609/609/609 609/609/609 
f 609/609/609 610/610/610 609/609/609 
f 609/609/609 610/610/610 611/611/611 
f 610/610/610 612/612/612 611/611/611 
f 611/611/611 612/612/612 613/613/613 
f 612/612/612 614/614/614 613/613/613 
f 613/613/613 614/614/614 615/615/615 
f 614/614/614 616/616/616 615/615/615 
f 615/615/615 616/616/616 617/617/617 
f 616/616/616 618/618/618 617/617/617 
f 617/617/617 618/618/618 618/618/618 
f 618/618/618 610/610/610 618/618/618 
f 618/618/618 610/610/610 610/610/610 
f 610/610/610 619/619/619 610/610/610 
f 610/610/610 619/619/619 612/612/612 
f 619/619/619 620/620/620 612/612/612 
f 612/612/612 620/620/620 614/614/614 
f 620/620/620 621/621/621 614/614/614 
f 614/614/614 621/621/621 616/616/616 
f 621/621/621 622/622/622 616/616/616 
f 616/616/616 622/622/622 618/618/618 
f 622/622/622 623/623/623 618/618/618 
f 618/618/618 623/623/623 623/623/623 
f 623/623/623 619/619/619 623/623/623 
f 623/623/623 619/619/619 619/619/619 
f 619/619/619 624/624/624 619/619/619 
f 619/619/619 624/624/624 620/620/620 
f 624/624/624 625/625/625 620/620/620 
f 620/620/620 625/625/625 621/621/621 
f 625/625/625 626/626/626 621/621/621 
f 621/621/621 626/626/626 627/627/627 
f 626/626/626 628/628/628 627/627/627 
f 627/627/627 628/628/628 629/629/629 
f 628/628/628 630/630/630 629/629/629 
f 629/629/629 630/630/630 631/631/631 
f 630/630/630 632/632/632 631/631/631 
f 631/631/631 632/632/632 633/633/633 
f 632/632/632 633/633/633 633/633/633 
f 633/633/633 633/633/633 631/631/631 
f 633/633/633 631/631/631 631/631/631 
f 631/631/631 631/631/631 631/631/631 
f 631/631/631 634/634/634 631/631/631 
f 631/631/631 634/634/634 629/629/629 
f 634/634/634 635/635/635 629/629/629 
f 629/629/629 635/635/635 627/627/627 
f 635/635/635 623/623/623 627/627/627 
f 627/627/627 623/623/623 622/622/622 
f 623/623/623 622/622/622 622/622/622 
f 622/622/622 622/622/622 636/636/636 
f 622/622/622 636/636/636 636/636/636 
f 636/636/636 636/636/636 636/636/636 
f 636/636/636 637/637/637 636/636/636 
f 636/636/636 637/637/637 638/638/638 
f 637/637/637 639/639/639 638/638/638 
f 638/638/638 639/639/639 640/640/640 
f 639/639/639 641/641/641 640/640/640 
f 640/640/640 641/641/641 642/642/642 
f 641/641/641 643/643/643 642/642/642 
f 642/642/642 643/643/643 644/644/644 
f 643/643/643 644/644/644 644/644/644 
f 644/644/644 644/644/644 645/645/645 
f 644/644/644 645/645/645 645/645/645 
f 645/645/645 645/645/645 645/645/645 
f 645/645/645 646/646/646 645/645/645 
f 645/645/645 646/646/646 647/647/647 
f 646/646/646 648/648/648 647/647/647 
f 647/647/647 648/648/648 648/648/648 
f 648/648/648 632/632/632 648/648/648 
f 648/648/648 632/632/632 632/632/632 
f 632/632/632 630/630/630 632/632/632 
f 632/632/632 630/630/630 649/649/649 
f 630/630/630 650/650/650 649/649/649 
f 649/649/649 650/650/650 651/651/651 
f 650/650/650 652/652/652 651/651/651 
f 651/651/651 652/652/652 653/653/653 
f 652/652/652 653/653/653 653/653/653 
f 653/653/653 653/653/653 630/630/630 
f 653/653/653 630/630/630 630/630/630 
f 630/630/630 630/630/630 630/630/630 
f 630/630/630 628/628/628 630/630/630 
f 630/630/630 628/628/628 650/650/650 
f 628/628/628 654/654/654 650/650/650 
f 650/650/650 654/654/654 652/652/652 
f 654/654/654 655/655/655 652/652/652 
f 652/652/652 655/655/655 655/655/655 
f 655/655/655 628/628/628 655/655/655 
f 655/655/655 628/628/628 628/628/628 
f 628/628/628 626/626/626 628/628/628 
f 628/628/628 626/626/626 654/654/654 
f 626/626/626 625/625/625 654/654/654 
f 654/654/654 625/625/625 655/655/655 
f 625/625/625 624/624/624 655/655/655 
f 655/655/655 624/624/624 624/624/624 
f 624/624/624 615/615/615 624/624/624 
f 624/624/624 615/615/615 615/615/615 
f 615/615/615 617/617/617 615/615/615 
f 615/615/615 617/617/617 656/656/656 
f 617/617/617 657/657/657 656/656/656 
f 656/656/656 657/657/657 657/657/657 
f 657/657/657 617/617/617 657/657/657 
f 657/657/657 617/617/617 617/617/617 
f 617/617/617 658/658/658 617/617/617 
f 617/617/617 658/658/658 657/657/657 
f 658/658/658 659/659/659 657/657/657 
f 657/657/657 659/659/659 659/659/659 
f 659/659/659 658/658/658 659/659/659 
f 659/659/659 658/658/658 658/658/658 
f 658/658/658 660/660/660 658/658/658 
f 658/658/658 660/660/660 659/659/659 
f 660/660/660 661/661/661 659/659/659 
f 659/659/659 661/661/661 661/661/661 
f 661/661/661 660/660/660 661/661/661 
f 661/661/661 660/660/660 660/660/660 
f 660/660/660 662/662/662 660/660/660 
f 660/660/660 662/662/662 661/661/661 
f 662/662/662 663/663/663 661/661/661 
f 661/661/661 663/663/663 663/663/663 
f 663/663/663 662/662/662 663/663/663 
f 663/663/663 662/662/662 662/662/662 
f 662/662/662 664/664/664 662/662/662 
f 662/662/662 664/664/664 663/663/663 
f 664/664/664 665/665/665 663/663/663 
f 663/663/663 665/665/665 665/665/665 
f 665/665/665 664/664/664 665/665/665 
f 665/665/665 664/664/664 664/664/664 
f 664/664/664 666/666/666 664/664/664 
f 664/664/664 666/666/666 665/665/665 
f 666/666/666 667/667/667 665/665/665 
f 665/665/665 667/667/667 667/667/667 
f 667/667/667 668/668/668 667/667/667 
f 667/667/667 668/668/668 668/668/668 
f 668/668/668 669/669/669 668/668/668 
f 668/668/668 669/669/669 670/670/670 
f 669/669/669 671/671/671 670/670/670 
f 670/670/670 671/671/671 672/672/672 
f 671/671/671 673/673/673 672/672/672 
f 672/672/672 673/673/673 674/674/674 
f 673/673/673 675/675/675 674/674/674 
f 674/674/674 675/675/675 676/676/676 
f 675/675/675 677/677/677 676/676/676 
f 676/676/676 677/677/677 678/678/678 
f 677/677/677 679/679/679 678/678/678 
f 678/678/678 679/679/679 680/680/680 
f 679/679/679 681/681/681 680/680/680 
f 680/680/680 681/681/681 682/682/682 
f 681/681/681 683/683/683 682/682/682 
f 682/682/682 683/683/683 683/683/683 
f 683/683/683 675/675/675 683/683/683 
f 683/683/683 675/675/675 675/675/675 
f 675/675/675 684/684/684 675/675/675 
f 675/675/675 684/684/684 677/677/677 
f 684/684/684 685/685/685 677/677/677 
f 677/677/677 685/685/685 679/679/679 
f 685/685/685 686/686/686 679/679/679 
f 679/679/679 686/686/686 681/681/681 
f 686/686/686 687/687/687 681/681/681 
f 681/681/681 687/687/687 683/683/683 
f 687/687/687 688/688/688 683/683/683 
f 683/683/683 688/688/688 688/688/688 
f 688/688/688 684/684/684 688/688/688 
f 688/688/688 684/684/684 684/684/684 
f 684/684/684 689/689/689 684/684/684 
f 684/684/684 689/689/689 685/685/685 
f 689/689/689 690/690/690 685/685/685 
f 685/685/685 690/690/690 686/686/686 
f 690/690/690 691/691/691 686/686/686 
f 686/686/686 691/691/691 687/687/687 
f 691/691/691 692/692/692 687/687/687 
f 687/687/687 692/692/692 688/688/688 
f 692/692/692 688/688/688 688/688/688 
f 688/688/688 688/688/688 689/689/689 
f 688/688/688 689/689/689 689/689/689 
f 689/689/689 689/689/689 689/689/689 
f 689/689/689 693/693/693 689/689/689 
f 689/689/689 693/693/693 690/690/690 
f 693/693/693 694/694/694 690/690/690 
f 690/690/690 694/694/694 691/691/691 
f 694/694/694 695/695/695 691/691/691 
f 691/691/691 695/695/695 692/692/692 
f 695/695/695 692/692/692 692/692/692 
f 692/692/692 692/692/692 693/693/693 
f 692/692/692 693/693/693 693/693/693 
f 693/693/693 693/693/693 693/693/693 
f 693/693/693 696/696/696 693/693/693 
f 693/693/693 696/696/696 694/694/694 
f 696/696/696 697/697/697 694/694/694 
f 694/694/694 697/697/697 695/695/695 
f 697/697/697 695/695/695 695/695/695 
f 695/695/695 695/695/695 698/698/698 
f 695/695/695 698/698/698 698/698/698 
f 698/698/698 698/698/698 698/698/698 
f 698/698/698 699/699/699 698/698/698 
f 698/698/698 699/699/699 700/700/700 
f 699/699/699 701/701/701 700/700/700 
f 700/700/700 701/701/701 702/702/702 
f 701/701/701 703/703/703 702/702/702 
f 702/702/702 703/703/703 704/704/704 
f 703/703/703 705/705/705 704/704/704 
f 704/704/704 705/705/705 706/706/706 
f 705/705/705 707/707/707 706/706/706 
f 706/706/706 707/707/707 708/708/708 
f 707/707/707 708/708/708 708/708/708 
f 708/708/708 708/708/708 709/709/709 
f 708/708/708 709/709/709 709/709/709 
f 709/709/709 709/709/709 709/709/709 
f 709/709/709 710/710/710 709/709/709 
f 709/709/709 710/710/710 711/711/711 
f 710/710/710 712/712/712 711/711/711 
f 711/711/711 712/712/712 712/712/712 
f 712/712/712 682/682/682 712/712/712 
f 712/712/712 682/682/682 682/682/682 
f 682/682/682 713/713/713 682/682/682 
f 682/682/682 713/713/713 680/680/680 
f 713/713/713 714/714/714 680/680/680 
f 680/680/680 714/714/714 678/678/678 
f 714/714/714 715/715/715 678/678/678 
f 678/678/678 715/715/715 676/676/676 
f 715/715/715 716/716/716 676/676/676 
f 676/676/676 716/716/716 674/674/674 
f 716/716/716 674/674/674 674/674/674 
f 674/674/674 674/674/674 713/713/713 
f 674/674/674 713/713/713 713/713/713 
f 713/713/713 713/713/713 713/713/713 
f 713/713/713 717/717/717 713/713/713 
f 713/713/713 717/717/717 714/714/714 
f 717/717/717 718/718/718 714/714/714 
f 714/714/714 718/718/718 715/715/715 
f 718/718/718 719/719/719 715/715/715 
f 715/715/715 719/719/719 716/716/716 
f 719/719/719 716/716/716 716/716/716 
f 716/716/716 716/716/716 717/717/717 
f 716/716/716 717/717/717 717/717/717 
f 717/717/717 717/717/717 717/717/717 
f 717/717/717 720/720/720 717/717/717 
f 717/717/717 720/720/720 718/718/718 
f 720/720/720 721/721/721 718/718/718 
f 718/718/718 721/721/721 719/719/719 
f 721/721/721 719/719/719 719/719/719 
f 719/719/719 719/719/719 721/721/721 
f 719/719/719 721/721/721 721/721/721 
f 721/721/721 721/721/721 721/721/721 
f 721/721/721 720/720/720 721/721/721 
f 721/721/721 720/720/720 722/722/722 
f 720/720/720 723/723/723 722/722/722 
f 722/722/722 723/723/723 724/724/724 
f 723/723/723 725/725/725 724/724/724 
f 724/724/724 725/725/725 726/726/726 
f 725/725/725 727/727/727 726/726/726 
f 726/726/726 727/727/727 728/728/728 
f 727/727/727 729/729/729 728/728/728 
f 728/728/728 729/729/729 730/730/730 
f 729/729/729 731/731/731 730/730/730 
f 730/730/730 731/731/731 732/732/732 
f 731/731/731 733/733/733 732/732/732 
f 732/732/732 733/733/733 734/734/734 
f 733/733/733 734/734/734 734/734/734 
f 734/734/734 734/734/734 735/735/735 
f 734/734/734 735/735/735 735/735/735 
f 735/735/735 735/735/735 735/735/735 
f 735/735/735 736/736/736 735/735/735 
f 735/735/735 736/736/736 737/737/737 
f 736/736/736 738/738/738 737/737/737 
f 737/737/737 738/738/738 738/738/738 
f 738/738/738 739/739/739 738/738/738 
f 738/738/738 739/739/739 739/739/739 
f 739/739/739 740/740/740 739/739/739 
f 739/739/739 740/740/740 741/741/741 
f 740/740/740 742/742/742 741/741/741 
f 741/741/741 742/742/742 742/742/742 
f 742/742/742 743/743/743 742/742/742 
f 742/742/742 743/743/743 743/743/743 
f 743/743/743 744/744/744 743/743/743 
f 743/743/743 744/744/744 745/745/745 
f 744/744/744 746/746/746 745/745/745 
f 745/745/745 746/746/746 746/746/746 
f 746/746/746 747/747/747 746/746/746 
f 746/746/746 747/747/747 747/747/747 
f 747/747/747 748/748/748 747/747/747 
f 747/747/747 748/748/748 749/749/749 
f 748/748/748 750/750/750 749/749/749 
f 749/749/749 750/750/750 750/750/750 
f 750/750/750 751/751/751 750/750/750 
f 750/750/750 751/751/751 751/751/751 
f 751/751/751 752/752/752 751/751/751 
f 751/751/751 752/752/752 753/753/753 
f 752/752/752 754/754/754 753/753/753 
f 753/753/753 754/754/754 754/754/754 
f 754/754/754 755/755/755 754/754/754 
f 754/754/754 755/755/755 755/755/755 
f 755/755/755 756/756/756 755/755/755 
f 755/755/755 756/756/756 757/757/757 
f 756/756/756 758/758/758 757/757/757 
f 757/757/757 758/758/758 758/758/758 
f 758/758/758 759/759/759 758/758/758 
f 758/758/758 759/759/759 759/759/759 
f 759/759/759 760/760/760 759/759/759 
f 759/759/759 760/760/760 761/761/761 
f 760/760/760 762/762/762 761/761/761 
f 761/761/761 762/762/762 763/763/763 
f 762/762/762 764/764/764 763/763/763 
f 763/763/763 764/764/764 764/764/764 
f 764/764/764 765/765/765 764/764/764 
f 764/764/764 765/765/765 765/765/765 
f 765/765/765 766/766/766 765/765/765 
f 765/765/765 766/766/766 767/767/767 
f 766/766/766 768/768/768 767/767/767 
f 767/767/767 768/768/768 768/768/768 
f 768/768/768 769/769/769 768/768/768 
f 768/768/768 769/769/769 769/769/769 
f 769/769/769 770/770/770 769/769/769 
f 769/769/769 770/770/770 771/771/771 
f 770/770/770 772/772/772 771/771/771 
f 771/771/771 772/772/772 772/772/772 
f 772/772/772 773/773/773 772/772/772 
f 772/772/772 773/773/773 773/773/773 
f 773/773/773 774/774/774 773/773/773 
f 773/773/773 774/774/774 775/775/775 
f 774/774/774 776/776/776 775/775/775 
f 775/775/775 776/776/776 776/776/776 
f 776/776/776 777/777/777 776/776/776 
f 776/776/776 777/777/777 777/777/777 
f 777/777/777 778/778/778 777/777/777 
f 777/777/777 778/778/778 779/779/779 
f 778/778/778 780/780/780 779/779/779 
f 779/779/779 780/780/780 781/781/781 
f 780/780/780 782/782/782 781/781/781 
f 781/781/781 782/782/782 783/783/783 
f 782/782/782 784/784/784 783/783/783 
f 783/783/783 784/784/784 784/784/784 
f 784/784/784 782/782/782 784/784/784 
f 784/784/784 782/782/782 782/782/782 
f 782/782/782 785/785/785 782/782/782 
f 782/782/782 785/785/785 784/784/784 
f 785/785/785 786/786/786 784/784/784 
f 784/784/784 786/786/786 786/786/786 
f 786/786/786 785/785/785 786/786/786 
f 786/786/786 785/785/785 785/785/785 
f 785/785/785 787/787/787 785/785/785 
f 785/785/785 787/787/787 786/786/786 
f 787/787/787 788/788/788 786/786/786 
f 786/786/786 788/788/788 789/789/789 
f 788/788/788 789/789/789 789/789/789 
f 789/789/789 789/789/789 786/786/786 
f 789/789/789 786/786/786 786/786/786 
f 786/786/786 786/786/786 786/786/786 
f 786/786/786 789/789/789 786/786/786 
f 786/786/786 789/789/789 790/790/790 
f 789/789/789 791/791/791 790/790/790 
f 790/790/790 791/791/791 792/792/792 
f 791/791/791 793/793/793 792/792/792 
f 792/792/792 793/793/793 794/794/794 
f 793/793/793 795/795/795 794/794/794 
f 794/794/794 795/795/795 795/795/795 
f 795/795/795 793/793/793 795/795/795 
f 795/795/795 793/793/793 796/796/796 
f 793/793/793 797/797/797 796/796/796 
f 796/796/796 797/797/797 798/798/798 
f 797/797/797 799/799/799 798/798/798 
f 798/798/798 799/799/799 800/800/800 
f 799/799/799 801/801/801 800/800/800 
f 800/800/800 801/801/801 802/802/802 
f 801/801/801 803/803/803 802/802/802 
f 802/802/802 803/803/803 804/804/804 
f 803/803/803 805/805/805 804/804/804 
f 804/804/804 805/805/805 805/805/805 
f 805/805/805 803/803/803 805/805/805 
f 805/805/805 803/803/803 803/803/803 
f 803/803/803 801/801/801 803/803/803 
f 803/803/803 801/801/801 806/806/806 
f 801/801/801 807/807/807 806/806/806 
f 806/806/806 807/807/807 808/808/808 
f 807/807/807 809/809/809 808/808/808 
f 808/808/808 809/809/809 810/810/810 
f 809/809/809 811/811/811 810/810/810 
f 810/810/810 811/811/811 812/812/812 
f 811/811/811 813/813/813 812/812/812 
f 812/812/812 813/813/813 813/813/813 
f 813/813/813 810/810/810 813/813/813 
f 813/813/813 810/810/810 810/810/810 
f 810/810/810 812/812/812 810/810/810 
f 810/810/810 812/812/812 814/814/814 
f 812/812/812 815/815/815 814/814/814 
f 814/814/814 815/815/815 816/816/816 
f 815/815/815 817/817/817 816/816/816 
f 816/816/816 817/817/817 818/818/818 
f 817/817/817 819/819/819 818/818/818 
f 818/818/818 819/819/819 820/820/820 
f 819/819/819 821/821/821 820/820/820 
f 820/820/820 821/821/821 822/822/822 
f 821/821/821 823/823/823 822/822/822 
f 822/822/822 823/823/823 824/824/824 
f 823/823/823 825/825/825 824/824/824 
f 824/824/824 825/825/825 825/825/825 
f 825/825/825 814/814/814 825/825/825 
f 825/825/825 814/814/814 814/814/814 
f 814/814/814 816/816/816 814/814/814 
f 814/814/814 816/816/816 826/826/826 
f 816/816/816 827/827/827 826/826/826 
f 826/826/826 827/827/827 828/828/828 
f 827/827/827 829/829/829 828/828/828 
f 828/828/828 829/829/829 830/830/830 
f 829/829/829 831/831/831 830/830/830 
f 830/830/830 831/831/831 832/832/832 
f 831/831/831 833/833/833 832/832/832 
f 832/832/832 833/833/833 833/833/833 
f 833/833/833 832/832/832 833/833/833 
f 833/833/833 832/832/832 832/832/832 
f 832/832/832 805/805/805 832/832/832 
f 832/832/832 805/805/805 830/830/830 
f 805/805/805 803/803/803 830/830/830 
f 830/830/830 803/803/803 803/803/803 
f 803/803/803 82/82/82 803/803/803 
f 803/803/803 82/82/82 82/82/82 
f 82/82/82 834/834/834 82/82/82 
f 82/82/82 834/834/834 83/83/83 
f 834/834/834 835/835/835 83/83/83 
f 83/83/83 835/835/835 835/835/835 
f 835/835/835 834/834/834 835/835/835 
f 835/835/835 834/834/834 834/834/834 
f 834/834/834 836/836/836 834/834/834 
f 834/834/834 836/836/836 835/835/835 
f 836/836/836 837/837/837 835/835/835 
f 835/835/835 837/837/837 837/837/837 
f 837/837/837 836/836/836 837/837/837 
f 837/837/837 836/836/836 836/836/836 
f 836/836/836 838/838/838 836/836/836 
f 836/836/836 838/838/838 837/837/837 
f 838/838/838 839/839/839 837/837/837 
f 837/837/837 839/839/839 839/839/839 
f 839/839/839 818/818/818 839/839/839 
f 839/839/839 818/818/818 818/818/818 
f 818/818/818 820/820/820 818/818/818 
f 818/818/818 820/820/820 840/840/840 
f 820/820/820 841/841/841 840/840/840 
f 840/840/840 841/841/841 842/842/842 
f 841/841/841 843/843/843 842/842/842 
f 842/842/842 843/843/843 844/844/844 
f 843/843/843 845/845/845 844/844/844 
f 844/844/844 845/845/845 846/846/846 
f 845/845/845 846/846/846 846/846/846 
f 846/846/846 846/846/846 846/846/846 
f 846/846/846 833/833/833 846/846/846 
f 846/846/846 833/833/833 844/844/844 
f 833/833/833 831/831/831 844/844/844 
f 844/844/844 831/831/831 831/831/831 
f 831/831/831 823/823/823 831/831/831 
f 831/831/831 823/823/823 823/823/823 
f 823/823/823 847/847/847 823/823/823 
f 823/823/823 847/847/847 825/825/825 
f 847/847/847 848/848/848 825/825/825 
f 825/825/825 848/848/848 848/848/848 
f 848/848/848 847/847/847 848/848/848 
f 848/848/848 847/847/847 847/847/847 
f 847/847/847 849/849/849 847/847/847 
f 847/847/847 849/849/849 848/848/848 
f 849/849/849 850/850/850 848/848/848 
f 848/848/848 850/850/850 850/850/850 
f 850/850/850 851/851/851 850/850/850 
f 850/850/850 851/851/851 851/851/851 
f 851/851/851 852/852/852 851/851/851 
f 851/851/851 852/852/852 853/853/853 
f 852/852/852 854/854/854 853/853/853 
f 853/853/853 854/854/854 854/854/854 
f 854/854/854 855/855/855 854/854/854 
f 854/854/854 855/855/855 855/855/855 
f 855/855/855 856/856/856 855/855/855 
f 855/855/855 856/856/856 857/857/857 
f 856/856/856 858/858/858 857/857/857 
f 857/857/857 858/858/858 858/858/858 
f 858/858/858 856/856/856 858/858/858 
f 858/858/858 856/856/856 856/856/856 
f 856/856/856 859/859/859 856/856/856 
f 856/856/856 859/859/859 858/858/858 
f 859/859/859 860/860/860 858/858/858 
f 858/858/858 860/860/860 860/860/860 
f 860/860/860 861/861/861 860/860/860 
f 860/860/860 861/861/861 861/861/861 
f 861/861/861 862/862/862 861/861/861 
f 861/861/861 862/862/862 863/863/863 
f 862/862/862 864/864/864 863/863/863 
f 863/863/863 864/864/864 864/864/864 
f 864/864/864 865/865/865 864/864/864 
f 864/864/864 865/865/865 865/865/865 
f 865/865/865 866/866/866 865/865/865 
f 865/865/865 866/866/866 867/867/867 
f 866/866/866 868/868/868 867/867/867 
f 867/867/867 868/868/868 868/868/868 
f 868/868/868 869/869/869 868/868/868 
f 868/868/868 869/869/869 869/869/869 
f 869/869/869 870/870/870 869/869/869 
f 869/869/869 870/870/870 871/871/871 
f 870/870/870 872/872/872 871/871/871 
f 871/871/871 872/872/872 872/872/872 
f 872/872/872 870/870/870 872/872/872 
f 872/872/872 870/870/870 870/870/870 
f 870/870/870 873/873/873 870/870/870 
f 870/870/870 873/873/873 872/872/872 
f 873/873/873 874/874/874 872/872/872 
f 872/872/872 874/874/874 874/874/874 
f 874/874/874 873/873/873 874/874/874 
f 874/874/874 873/873/873 873/873/873 
f 873/873/873 875/875/875 873/873/873 
f 873/873/873 875/875/875 874/874/874 
f 875/875/875 876/876/876 874/874/874 
f 874/874/874 876/876/876 876/876/876 
f 876/876/876 875/875/875 876/876/876 
f 876/876/876 875/875/875 875/875/875 
f 875/875/875 877/877/877 875/875/875 
f 875/875/875 877/877/877 876/876/876 
f 877/877/877 878/878/878 876/876/876 
f 876/876/876 878/878/878 878/878/878 
f 878/878/878 877/877/877 878/878/878 
f 878/878/878 877/877/877 877/877/877 
f 877/877/877 879/879/879 877/877/877 
f 877/877/877 879/879/879 878/878/878 
f 879/879/879 880/880/880 878/878/878 
f 878/878/878 880/880/880 880/880/880 
f 880/880/880 879/879/879 880/880/880 
f 880/880/880 879/879/879 881/881/881 
f 879/879/879 882/882/882 881/881/881 
f 881/881/881 882/882/882 883/883/883 
f 882/882/882 884/884/884 883/883/883 
f 883/883/883 884/884/884 885/885/885 
f 884/884/884 886/886/886 885/885/885 
f 885/885/885 886/886/886 887/887/887 
f 886/886/886 888/888/888 887/887/887 
f 887/887/887 888/888/888 888/888/888 
f 888/888/888 787/787/787 888/888/888 
f 888/888/888 787/787/787 787/787/787 
f 787/787/787 889/889/889 787/787/787 
f 787/787/787 889/889/889 788/788/788 
f 889/889/889 890/890/890 788/788/788 
f 788/788/788 890/890/890 890/890/890 
f 890/890/890 889/889/889 890/890/890 
f 890/890/890 889/889/889 889/889/889 
f 889/889/889 891/891/891 889/889/889 
f 889/889/889 891/891/891 890/890/890 
f 891/891/891 892/892/892 890/890/890 
f 890/890/890 892/892/892 893/893/893 
f 892/892/892 893/893/893 893/893/893 
f 893/893/893 893/893/893 890/890/890 
f 893/893/893 890/890/890 890/890/890 
f 890/890/890 890/890/890 890/890/890 
f 890/890/890 893/893/893 890/890/890 
f 890/890/890 893/893/893 894/894/894 
f 893/893/893 895/895/895 894/894/894 
f 894/894/894 895/895/895 896/896/896 
f 895/895/895 799/799/799 896/896/896 
f 896/896/896 799/799/799 797/797/797 
f 799/799/799 797/797/797 797/797/797 
f 797/797/797 797/797/797 897/897/897 
f 797/797/797 897/897/897 897/897/897 
f 897/897/897 897/897/897 897/897/897 
f 897/897/897 898/898/898 897/897/897 
f 897/897/897 898/898/898 899/899/899 
f 898/898/898 900/900/900 899/899/899 
f 899/899/899 900/900/900 900/900/900 
f 900/900/900 901/901/901 900/900/900 
f 900/900/900 901/901/901 901/901/901 
f 901/901/901 902/902/902 901/901/901 
f 901/901/901 902/902/902 903/903/903 
f 902/902/902 904/904/904 903/903/903 
f 903/903/903 904/904/904 904/904/904 
f 904/904/904 902/902/902 904/904/904 
f 904/904/904 902/902/902 902/902/902 
f 902/902/902 905/905/905 902/902/902 
f 902/902/902 905/905/905 904/904/904 
f 905/905/905 906/906/906 904/904/904 
f 904/904/904 906/906/906 906/906/906 
f 906/906/906 905/905/905 906/906/906 
f 906/906/906 905/905/905 905/905/905 
f 905/905/905 907/907/907 905/905/905 
f 905/905/905 907/907/907 906/906/906 
f 907/907/907 908/908/908 906/906/906 
f 906/906/906 908/908/908 908/908/908 
f 908/908/908 909/909/909 908/908/908 
f 908/908/908 909/909/909 909/909/909 
f 909/909/909 910/910/910 909/909/909 
f 909/909/909 910/910/910 911/911/911 
f 910/910/910 912/912/912 911/911/911 
f 911/911/911 912/912/912 912/912/912 
f 912/912/912 811/811/811 912/912/912 
f 912/912/912 811/811/811 811/811/811 
f 811/811/811 892/892/892 811/811/811 
f 811/811/811 892/892/892 813/813/813 
f 892/892/892 891/891/891 813/813/813 
f 813/813/813 891/891/891 891/891/891 
f 891/891/891 913/913/913 891/891/891 
f 891/891/891 913/913/913 913/913/913 
f 913/913/913 914/914/914 913/913/913 
f 913/913/913 914/914/914 915/915/915 
f 914/914/914 916/916/916 915/915/915 
f 915/915/915 916/916/916 916/916/916 
f 916/916/916 917/917/917 916/916/916 
f 916/916/916 917/917/917 917/917/917 
f 917/917/917 918/918/918 917/917/917 
f 917/917/917 918/918/918 919/919/919 
f 918/918/918 920/920/920 919/919/919 
f 919/919/919 920/920/920 920/920/920 
f 920/920/920 918/918/918 920/920/920 
f 920/920/920 918/918/918 918/918/918 
f 918/918/918 921/921/921 918/918/918 
f 918/918/918 921/921/921 920/920/920 
f 921/921/921 922/922/922 920/920/920 
f 920/920/920 922/922/922 922/922/922 
f 922/922/922 921/921/921 922/922/922 
f 922/922/922 921/921/921 921/921/921 
f 921/921/921 923/923/923 921/921/921 
f 921/921/921 923/923/923 922/922/922 
f 923/923/923 924/924/924 922/922/922 
f 922/922/922 924/924/924 924/924/924 
f 924/924/924 925/925/925 924/924/924 
f 924/924/924 925/925/925 925/925/925 
f 925/925/925 926/926/926 925/925/925 
f 925/925/925 926/926/926 927/927/927 
f 926/926/926 928/928/928 927/927/927 
f 927/927/927 928/928/928 928/928/928 
f 928/928/928 926/926/926 928/928/928 
f 928/928/928 926/926/926 926/926/926 
f 926/926/926 929/929/929 926/926/926 
f 926/926/926 929/929/929 928/928/928 
f 929/929/929 930/930/930 928/928/928 
f 928/928/928 930/930/930 930/930/930 
f 930/930/930 929/929/929 930/930/930 
f 930/930/930 929/929/929 929/929/929 
f 929/929/929 931/931/931 929/929/929 
f 929/929/929 931/931/931 930/930/930 
f 931/931/931 932/932/932 930/930/930 
f 930/930/930 932/932/932 932/932/932 
f 932/932/932 933/933/933 932/932/932 
f 932/932/932 933/933/933 933/933/933 
f 933/933/933 934/934/934 933/933/933 
f 933/933/933 934/934/934 935/935/935 
f 934/934/934 936/936/936 935/935/935 
f 935/935/935 936/936/936 936/936/936 
f 936/936/936 934/934/934 936/936/936 
f 936/936/936 934/934/934 934/934/934 
f 934/934/934 937/937/937 934/934/934 
f 934/934/934 937/937/937 936/936/936 
f 937/937/937 938/938/938 936/936/936 
f 936/936/936 938/938/938 938/938/938 
f 938/938/938 937/937/937 938/938/938 
f 938/938/938 937/937/937 937/937/937 
f 937/937/937 939/939/939 937/937/937 
f 937/937/937 939/939/939 938/938/938 
f 939/939/939 940/940/940 938/938/938 
f 938/938/938 940/940/940 940/940/940 
f 940/940/940 941/941/941 940/940/940 
f 940/940/940 941/941/941 941/941/941 
f 941/941/941 942/942/942 941/941/941 
f 941/941/941 942/942/942 943/943/943 
f 942/942/942 944/944/944 943/943/943 
f 943/943/943 944/944/944 944/944/944 
f 944/944/944 942/942/942 944/944/944 
f 944/944/944 942/942/942 942/942/942 
f 942/942/942 945/945/945 942/942/942 
f 942/942/942 945/945/945 944/944/944 
f 945/945/945 946/946/946 944/944/944 
f 944/944/944 946/946/946 946/946/946 
f 946/946/946 945/945/945 946/946/946 
f 946/946/946 945/945/945 945/945/945 
f 945/945/945 947/947/947 945/945/945 
f 945/945/945 947/947/947 946/946/946 
f 947/947/947 948/948/948 946/946/946 
f 946/946/946 948/948/948 948/948/948 
f 948/948/948 949/949/949 948/948/948 
f 948/948/948 949/949/949 949/949/949 
f 949/949/949 950/950/950 949/949/949 
f 949/949/949 950/950/950 951/951/951 
f 950/950/950 952/952/952 951/951/951 
f 951/951/951 952/952/952 952/952/952 
f 952/952/952 950/950/950 952/952/952 
f 952/952/952 950/950/950 950/950/950 
f 950/950/950 953/953/953 950/950/950 
f 950/950/950 953/953/953 952/952/952 
f 953/953/953 954/954/954 952/952/952 
f 952/952/952 954/954/954 954/954/954 
f 954/954/954 953/953/953 954/954/954 
f 954/954/954 953/953/953 953/953/953 
f 953/953/953 955/955/955 953/953/953 
f 953/953/953 955/955/955 954/954/954 
f 955/955/955 956/956/956 954/954/954 
f 954/954/954 956/956/956 956/956/956 
f 956/956/956 955/955/955 956/956/956 
f 956/956/956 955/955/955 955/955/955 
f 955/955/955 957/957/957 955/955/955 
f 955/955/955 957/957/957 956/956/956 
f 957/957/957 958/958/958 956/956/956 
f 956/956/956 958/958/958 958/958/958 
f 958/958/958 957/957/957 958/958/958 
f 958/958/958 957/957/957 957/957/957 
f 957/957/957 959/959/959 957/957/957 
f 957/957/957 959/959/959 958/958/958 
f 959/959/959 960/960/960 958/958/958 
f 958/958/958 960/960/960 960/960/960 
f 960/960/960 959/959/959 960/960/960 
f 960/960/960 959/959/959 959/959/959 
f 959/959/959 961/961/961 959/959/959 
f 959/959/959 961/961/961 960/960/960 
f 961/961/961 962/962/962 960/960/960 
f 960/960/960 962/962/962 962/962/962 
f 962/962/962 961/961/961 962/962/962 
f 962/962/962 961/961/961 963/963/963 
f 961/961/961 964/964/964 963/963/963 
f 963/963/963 964/964/964 965/965/965 
f 964/964/964 965/965/965 965/965/965 
f 965/965/965 965/965/965 963/963/963 
f 965/965/965 963/963/963 963/963/963 
f 963/963/963 963/963/963 963/963/963 
f 963/963/963 965/965/965 963/963/963 
f 963/963/963 965/965/965 966/966/966 
f 965/965/965 967/967/967 966/966/966 
f 966/966/966 967/967/967 967/967/967 
f 967/967/967 965/965/965 967/967/967 
f 967/967/967 965/965/965 965/965/965 
f 965/965/965 968/968/968 965/965/965 
f 965/965/965 968/968/968 967/967/967 
f 968/968/968 969/969/969 967/967/967 
f 967/967/967 969/969/969 969/969/969 
f 969/969/969 968/968/968 969/969/969 
f 969/969/969 968/968/968 968/968/968 
f 968/968/968 970/970/970 968/968/968 
f 968/968/968 970/970/970 969/969/969 
f 970/970/970 971/971/971 969/969/969 
f 969/969/969 971/971/971 971/971/971 
f 971/971/971 972/972/972 971/971/971 
f 971/971/971 972/972/972 972/972/972 
f 972/972/972 973/973/973 972/972/972 
f 972/972/972 973/973/973 974/974/974 
f 973/973/973 975/975/975 974/974/974 
f 974/974/974 975/975/975 975/975/975 
f 975/975/975 356/356/356 975/975/975 
f 975/975/975 356/356/356 356/356/356 
f 356/356/356 384/384/384 356/356/356 
f 356/356/356 384/384/384 357/357/357 
f 384/384/384 976/976/976 357/357/357 
f 357/357/357 976/976/976 358/358/358 
f 976/976/976 977/977/977 358/358/358 
f 358/358/358 977/977/977 978/978/978 
f 977/977/977 979/979/979 978/978/978 
f 978/978/978 979/979/979 980/980/980 
f 979/979/979 980/980/980 980/980/980 
f 980/980/980 980/980/980 384/384/384 
f 980/980/980 384/384/384 384/384/384 
f 384/384/384 384/384/384 384/384/384 
f 384/384/384 386/386/386 384/384/384 
f 384/384/384 386/386/386 976/976/976 
f 386/386/386 388/388/388 976/976/976 
f 976/976/976 388/388/388 977/977/977 
f 388/388/388 390/390/390 977/977/977 
f 977/977/977 390/390/390 979/979/979 
f 390/390/390 979/979/979 979/979/979 
f 979/979/979 979/979/979 358/358/358 
f 979/979/979 358/358/358 358/358/358 
f 358/358/358 358/358/358 358/358/358 
f 358/358/358 978/978/978 358/358/358 
f 358/358/358 978/978/978 359/359/359 
f 978/978/978 981/981/981 359/359/359 
f 359/359/359 981/981/981 360/360/360 
f 981/981/981 361/361/361 360/360/360 
f 360/360/360 361/361/361 361/361/361 
f 361/361/361 978/978/978 361/361/361 
f 361/361/361 978/978/978 978/978/978 
f 978/978/978 980/980/980 978/978/978 
f 978/978/978 980/980/980 981/981/981 
f 980/980/980 982/982/982 981/981/981 
f 981/981/981 982/982/982 361/361/361 
f 982/982/982 362/362/362 361/361/361 
f 361/361/361 362/362/362 362/362/362 
f 362/362/362 980/980/980 362/362/362 
f 362/362/362 980/980/980 980/980/980 
f 980/980/980 983/983/983 980/980/980 
f 980/980/980 983/983/983 982/982/982 
f 983/983/983 984/984/984 982/982/982 
f 982/982/982 984/984/984 362/362/362 
f 984/984/984 363/363/363 362/362/362 
f 362/362/362 363/363/363 363/363/363 
f 363/363/363 983/983/983 363/363/363 
f 363/363/363 983/983/983 983/983/983 
f 983/983/983 985/985/985 983/983/983 
f 983/983/983 985/985/985 984/984/984 
f 985/985/985 986/986/986 984/984/984 
f 984/984/984 986/986/986 363/363/363 
f 986/986/986 364/364/364 363/363/363 
f 363/363/363 364/364/364 364/364/364 
f 364/364/364 987/987/987 364/364/364 
f 364/364/364 987/987/987 987/987/987 
f 987/987/987 988/988/988 987/987/987 
f 987/987/987 988/988/988 989/989/989 
f 988/988/988 990/990/990 989/989/989 
f 989/989/989 990/990/990 991/991/991 
f 990/990/990 991/991/991 991/991/991 
f 991/991/991 991/991/991 989/989/989 
f 991/991/991 989/989/989 989/989/989 
f 989/989/989 989/989/989 989/989/989 
f 989/989/989 991/991/991 989/989/989 
f 989/989/989 991/991/991 992/992/992 
f 991/991/991 993/993/993 992/992/992 
f 992/992/992 993/993/993 994/994/994 
f 993/993/993 995/995/995 994/994/994 
f 994/994/994 995/995/995 996/996/996 
f 995/995/995 996/996/996 996/996/996 
f 996/996/996 996/996/996 997/997/997 
f 996/996/996 997/997/997 997/997/997 
f 997/997/997 997/997/997 997/997/997 
f 997/997/997 998/998/998 997/997/997 
f 997/997/997 998/998/998 999/999/999 
f 998/998/998 1000/1000/1000 999/999/999 
f 999/999/999 1000/1000/1000 1000/1000/1000 
f 1000/1000/1000 1001/1001/1001 1000/1000/1000 
f 1000/1000/1000 1001/1001/1001 1001/1001/1001 
f 1001/1001/1001 1002/1002/1002 1001/1001/1001 
f 1001/1001/1001 1002/1002/1002 1003/1003/1003 
f 1002/1002/1002 1004/1004/1004 1003/1003/1003 
f 1003/1003/1003 1004/1004/1004 1004/1004/1004 
f 1004/1004/1004 1005/1005/1005 1004/1004/1004 
f 1004/1004/1004 1005/1005/1005 1005/1005/1005 
f 1005/1005/1005 1006/1006/1006 1005/1005/1005 
f 1005/1005/1005 1006/1006/1006 1007/1007/1007 
f 1006/1006/1006 1008/1008/1008 1007/1007/1007 
f 1007/1007/1007 1008/1008/1008 1009/1009/1009 
f 1008/1008/1008 1010/1010/1010 1009/1009/1009 
f 1009/1009/1009 1010/1010/1010 1011/1011/1011 
f 1010/1010/1010 1012/1012/1012 1011/1011/1011 
f 1011/1011/1011 1012/1012/1012 1013/1013/1013 
f 1012/1012/1012 1014/1014/1014 1013/1013/1013 
f 1013/1013/1013 1014/1014/1014 1015/1015/1015 
f 1014/1014/1014 1016/1016/1016 1015/1015/1015 
f 1015/1015/1015 1016/1016/1016 1017/1017/1017 
f 1016/1016/1016 1018/1018/1018 1017/1017/1017 
f 1017/1017/1017 1018/1018/1018 1018/1018/1018 
f 1018/1018/1018 1006/1006/1006 1018/1018/1018 
f 1018/1018/1018 1006/1006/1006 1006/1006/1006 
f 1006/1006/1006 1019/1019/1019 1006/1006/1006 
f 1006/1006/1006 1019/1019/1019 1008/1008/1008 
f 1019/1019/1019 1020/1020/1020 1008/1008/1008 
f 1008/1008/1008 1020/1020/1020 1010/1010/1010 
f 1020/1020/1020 1021/1021/1021 1010/1010/1010 
f 1010/1010/1010 1021/1021/1021 1012/1012/1012 
f 1021/1021/1021 1022/1022/1022 1012/1012/1012 
f 1012/1012/1012 1022/1022/1022 1014/1014/1014 
f 1022/1022/1022 1023/1023/1023 1014/1014/1014 
f 1014/1014/1014 1023/1023/1023 1016/1016/1016 
f 1023/1023/1023 1024/1024/1024 1016/1016/1016 
f 1016/1016/1016 1024/1024/1024 1018/1018/1018 
f 1024/1024/1024 1025/1025/1025 1018/1018/1018 
f 1018/1018/1018 1025/1025/1025 1025/1025/1025 
f 1025/1025/1025 1022/1022/1022 1025/1025/1025 
f 1025/1025/1025 1022/1022/1022 1022/1022/1022 
f 1022/1022/1022 1026/1026/1026 1022/1022/1022 
f 1022/1022/1022 1026/1026/1026 1023/1023/1023 
f 1026/1026/1026 1027/1027/1027 1023/1023/1023 
f 1023/1023/1023 1027/1027/1027 1024/1024/1024 
f 1027/1027/1027 1028/1028/1028 1024/1024/1024 
f 1024/1024/1024 1028/1028/1028 1025/1025/1025 
f 1028/1028/1028 1029/1029/1029 1025/1025/1025 
f 1025/1025/1025 1029/1029/1029 1029/1029/1029 
f 1029/1029/1029 1028/1028/1028 1029/1029/1029 
f 1029/1029/1029 1028/1028/1028 1030/1030/1030 
f 1028/1028/1028 1027/1027/1027 1030/1030/1030 
f 1030/1030/1030 1027/1027/1027 1031/1031/1031 
f 1027/1027/1027 1026/1026/1026 1031/1031/1031 
f 1031/1031/1031 1026/1026/1026 1032/1032/1032 
f 1026/1026/1026 1033/1033/1033 1032/1032/1032 
f 1032/1032/1032 1033/1033/1033 1034/1034/1034 
f 1033/1033/1033 1035/1035/1035 1034/1034/1034 
f 1034/1034/1034 1035/1035/1035 1036/1036/1036 
f 1035/1035/1035 1037/1037/1037 1036/1036/1036 
f 1036/1036/1036 1037/1037/1037 1038/1038/1038 
f 1037/1037/1037 1038/1038/1038 1038/1038/1038 
f 1038/1038/1038 1038/1038/1038 1033/1033/1033 
f 1038/1038/1038 1033/1033/1033 1033/1033/1033 
f 1033/1033/1033 1033/1033/1033 1033/1033/1033 
f 1033/1033/1033 1021/1021/1021 1033/1033/1033 
f 1033/1033/1033 1021/1021/1021 1035/1035/1035 
f 1021/1021/1021 1020/1020/1020 1035/1035/1035 
f 1035/1035/1035 1020/1020/1020 1037/1037/1037 
f 1020/1020/1020 1019/1019/1019 1037/1037/1037 
f 1037/1037/1037 1019/1019/1019 1019/1019/1019 
f 1019/1019/1019 1033/1033/1033 1019/1019/1019 
f 1019/1019/1019 1033/1033/1033 1033/1033/1033 
f 1033/1033/1033 1026/1026/1026 1033/1033/1033 
f 1033/1033/1033 1026/1026/1026 1021/1021/1021 
f 1026/1026/1026 1022/1022/1022 1021/1021/1021 
f 1021/1021/1021 1022/1022/1022 1022/1022/1022 
f 1022/1022/1022 1038/1038/1038 1022/1022/1022 
f 1022/1022/1022 1038/1038/1038 1038/1038/1038 
f 1038/1038/1038 1039/1039/1039 1038/1038/1038 
f 1038/1038/1038 1039/1039/1039 1036/1036/1036 
f 1039/1039/1039 1040/1040/1040 1036/1036/1036 
f 1036/1036/1036 1040/1040/1040 1040/1040/1040 
f 1040/1040/1040 1039/1039/1039 1040/1040/1040 
f 1040/1040/1040 1039/1039/1039 1039/1039/1039 
f 1039/1039/1039 1041/1041/1041 1039/1039/1039 
f 1039/1039/1039 1041/1041/1041 1040/1040/1040 
f 1041/1041/1041 1042/1042/1042 1040/1040/1040 
f 1040/1040/1040 1042/1042/1042 1042/1042/1042 
f 1042/1042/1042 1041/1041/1041 1042/1042/1042 
f 1042/1042/1042 1041/1041/1041 1041/1041/1041 
f 1041/1041/1041 1043/1043/1043 1041/1041/1041 
f 1041/1041/1041 1043/1043/1043 1042/1042/1042 
f 1043/1043/1043 1044/1044/1044 1042/1042/1042 
f 1042/1042/1042 1044/1044/1044 1044/1044/1044 
f 1044/1044/1044 1043/1043/1043 1044/1044/1044 
f 1044/1044/1044 1043/1043/1043 1043/1043/1043 
f 1043/1043/1043 1045/1045/1045 1043/1043/1043 
f 1043/1043/1043 1045/1045/1045 1044/1044/1044 
f 1045/1045/1045 1046/1046/1046 1044/1044/1044 
f 1044/1044/1044 1046/1046/1046 1046/1046/1046 
f 1046/1046/1046 1045/1045/1045 1046/1046/1046 
f 1046/1046/1046 1045/1045/1045 1045/1045/1045 
f 1045/1045/1045 1047/1047/1047 1045/1045/1045 
f 1045/1045/1045 1047/1047/1047 1046/1046/1046 
f 1047/1047/1047 1048/1048/1048 1046/1046/1046 
f 1046/1046/1046 1048/1048/1048 1048/1048/1048 
f 1048/1048/1048 1047/1047/1047 1048/1048/1048 
f 1048/1048/1048 1047/1047/1047 1047/1047/1047 
f 1047/1047/1047 1049/1049/1049 1047/1047/1047 
f 1047/1047/1047 1049/1049/1049 1048/1048/1048 
f 1049/1049/1049 1050/1050/1050 1048/1048/1048 
f 1048/1048/1048 1050/1050/1050 1050/1050/1050 
f 1050/1050/1050 1051/1051/1051 1050/1050/1050 
f 1050/1050/1050 1051/1051/1051 1051/1051/1051 
f 1051/1051/1051 1052/1052/1052 1051/1051/1051 
f 1051/1051/1051 1052/1052/1052 1053/1053/1053 
f 1052/1052/1052 1054/1054/1054 1053/1053/1053 
f 1053/1053/1053 1054/1054/1054 1054/1054/1054 
f 1054/1054/1054 1052/1052/1052 1054/1054/1054 
f 1054/1054/1054 1052/1052/1052 1052/1052/1052 
f 1052/1052/1052 1055/1055/1055 1052/1052/1052 
f 1052/1052/1052 1055/1055/1055 1054/1054/1054 
f 1055/1055/1055 1056/1056/1056 1054/1054/1054 
f 1054/1054/1054 1056/1056/1056 1056/1056/1056 
f 1056/1056/1056 1055/1055/1055 1056/1056/1056 
f 1056/1056/1056 1055/1055/1055 1055/1055/1055 
f 1055/1055/1055 1057/1057/1057 1055/1055/1055 
f 1055/1055/1055 1057/1057/1057 1056/1056/1056 
f 1057/1057/1057 1058/1058/1058 1056/1056/1056 
f 1056/1056/1056 1058/1058/1058 1058/1058/1058 
f 1058/1058/1058 1057/1057/1057 1058/1058/1058 
f 1058/1058/1058 1057/1057/1057 1057/1057/1057 
f 1057/1057/1057 1059/1059/1059 1057/1057/1057 
f 1057/1057/1057 1059/1059/1059 1058/1058/1058 
f 1059/1059/1059 1060/1060/1060 1058/1058/1058 
f 1058/1058/1058 1060/1060/1060 1060/1060/1060 
f 1060/1060/1060 1059/1059/1059 1060/1060/1060 
f 1060/1060/1060 1059/1059/1059 1061/1061/1061 
f 1059/1059/1059 1062/1062/1062 1061/1061/1061 
f 1061/1061/1061 1062/1062/1062 1062/1062/1062 
f 1062/1062/1062 1063/1063/1063 1062/1062/1062 
f 1062/1062/1062 1063/1063/1063 1063/1063/1063 
f 1063/1063/1063 1064/1064/1064 1063/1063/1063 
f 1063/1063/1063 1064/1064/1064 1065/1065/1065 
f 1064/1064/1064 1066/1066/1066 1065/1065/1065 
f 1065/1065/1065 1066/1066/1066 1066/1066/1066 
f 1066/1066/1066 1067/1067/1067 1066/1066/1066 
f 1066/1066/1066 1067/1067/1067 1067/1067/1067 
f 1067/1067/1067 1068/1068/1068 1067/1067/1067 
f 1067/1067/1067 1068/1068/1068 1069/1069/1069 
f 1068/1068/1068 1070/1070/1070 1069/1069/1069 
f 1069/1069/1069 1070/1070/1070 1070/1070/1070 
f 1070/1070/1070 1071/1071/1071 1070/1070/1070 
f 1070/1070/1070 1071/1071/1071 1071/1071/1071 
f 1071/1071/1071 1072/1072/1072 1071/1071/1071 
f 1071/1071/1071 1072/1072/1072 1073/1073/1073 
f 1072/1072/1072 1074/1074/1074 1073/1073/1073 
f 1073/1073/1073 1074/1074/1074 1075/1075/1075 
f 1074/1074/1074 1076/1076/1076 1075/1075/1075 
f 1075/1075/1075 1076/1076/1076 1077/1077/1077 
f 1076/1076/1076 1078/1078/1078 1077/1077/1077 
f 1077/1077/1077 1078/1078/1078 1079/1079/1079 
f 1078/1078/1078 1080/1080/1080 1079/1079/1079 
f 1079/1079/1079 1080/1080/1080 1081/1081/1081 
f 1080/1080/1080 1082/1082/1082 1081/1081/1081 
f 1081/1081/1081 1082/1082/1082 1082/1082/1082 
f 1082/1082/1082 1072/1072/1072 1082/1082/1082 
f 1082/1082/1082 1072/1072/1072 1072/1072/1072 
f 1072/1072/1072 1083/1083/1083 1072/1072/1072 
f 1072/1072/1072 1083/1083/1083 1074/1074/1074 
f 1083/1083/1083 1084/1084/1084 1074/1074/1074 
f 1074/1074/1074 1084/1084/1084 1076/1076/1076 
f 1084/1084/1084 1085/1085/1085 1076/1076/1076 
f 1076/1076/1076 1085/1085/1085 1078/1078/1078 
f 1085/1085/1085 1086/1086/1086 1078/1078/1078 
f 1078/1078/1078 1086/1086/1086 1080/1080/1080 
f 1086/1086/1086 1087/1087/1087 1080/1080/1080 
f 1080/1080/1080 1087/1087/1087 1082/1082/1082 
f 1087/1087/1087 1082/1082/1082 1082/1082/1082 
f 1082/1082/1082 1082/1082/1082 1083/1083/1083 
f 1082/1082/1082 1083/1083/1083 1083/1083/1083 
f 1083/1083/1083 1083/1083/1083 1083/1083/1083 
f 1083/1083/1083 1088/1088/1088 1083/1083/1083 
f 1083/1083/1083 1088/1088/1088 1084/1084/1084 
f 1088/1088/1088 1089/1089/1089 1084/1084/1084 
f 1084/1084/1084 1089/1089/1089 1085/1085/1085 
f 1089/1089/1089 1090/1090/1090 1085/1085/1085 
f 1085/1085/1085 1090/1090/1090 1086/1086/1086 
f 1090/1090/1090 1091/1091/1091 1086/1086/1086 
f 1086/1086/1086 1091/1091/1091 1087/1087/1087 
f 1091/1091/1091 1087/1087/1087 1087/1087/1087 
f 1087/1087/1087 1087/1087/1087 1088/1088/1088 
f 1087/1087/1087 1088/1088/1088 1088/1088/1088 
f 1088/1088/1088 1088/1088/1088 1088/1088/1088 
f 1088/1088/1088 12/12/12 1088/1088/1088 
f 1088/1088/1088 12/12/12 1089/1089/1089 
f 12/12/12 10/10/10 1089/1089/1089 
f 1089/1089/1089 10/10/10 1090/1090/1090 
f 10/10/10 8/8/8 1090/1090/1090 
f 1090/1090/1090 8/8/8 1091/1091/1091 
f 8/8/8 1091/1091/1091 1091/1091/1091 
f 1091/1091/1091 1091/1091/1091 12/12/12 
f 1091/1091/1091 12/12/12 12/12/12 
f 12/12/12 12/12/12 12/12/12 
f 12/12/12 1088/1088/1088 12/12/12 
f 12/12/12 1088/1088/1088 14/14/14 
f 1088/1088/1088 1092/1092/1092 14/14/14 
f 14/14/14 1092/1092/1092 16/16/16 
f 1092/1092/1092 1093/1093/1093 16/16/16 
f 16/16/16 1093/1093/1093 18/18/18 
f 1093/1093/1093 18/18/18 18/18/18 
f 18/18/18 18/18/18 1093/1093/1093 
f 18/18/18 1093/1093/1093 1093/1093/1093 
f 1093/1093/1093 1093/1093/1093 1093/1093/1093 
f 1093/1093/1093 1092/1092/1092 1093/1093/1093 
f 1093/1093/1093 1092/1092/1092 1094/1094/1094 
f 1092/1092/1092 1083/1083/1083 1094/1094/1094 
f 1094/1094/1094 1083/1083/1083 1072/1072/1072 
f 1083/1083/1083 1072/1072/1072 1072/1072/1072 
f 1072/1072/1072 1072/1072/1072 1095/1095/1095 
f 1072/1072/1072 1095/1095/1095 1095/1095/1095 
f 1095/1095/1095 1095/1095/1095 1095/1095/1095 
f 1095/1095/1095 1096/1096/1096 1095/1095/1095 
f 1095/1095/1095 1096/1096/1096 1097/1097/1097 
f 1096/1096/1096 1098/1098/1098 1097/1097/1097 
f 1097/1097/1097 1098/1098/1098 1098/1098/1098 
f 1098/1098/1098 514/514/514 1098/1098/1098 
f 1098/1098/1098 514/514/514 514/514/514 
f 514/514/514 513/513/513 514/514/514 
f 514/514/514 513/513/513 1099/1099/1099 
f 513/513/513 1100/1100/1100 1099/1099/1099 
f 1099/1099/1099 1100/1100/1100 1101/1101/1101 
f 1100/1100/1100 1102/1102/1102 1101/1101/1101 
f 1101/1101/1101 1102/1102/1102 1102/1102/1102 
f 1102/1102/1102 1100/1100/1100 1102/1102/1102 
f 1102/1102/1102 1100/1100/1100 1103/1103/1103 
f 1100/1100/1100 512/512/512 1103/1103/1103 
f 1103/1103/1103 512/512/512 1104/1104/1104 
f 512/512/512 511/511/511 1104/1104/1104 
f 1104/1104/1104 511/511/511 518/518/518 
f 511/511/511 510/510/510 518/518/518 
f 518/518/518 510/510/510 510/510/510 
f 510/510/510 518/518/518 510/510/510 
f 510/510/510 518/518/518 518/518/518 
f 518/518/518 520/520/520 518/518/518 
f 518/518/518 520/520/520 1104/1104/1104 
f 520/520/520 522/522/522 1104/1104/1104 
f 1104/1104/1104 522/522/522 1103/1103/1103 
f 522/522/522 524/524/524 1103/1103/1103 
f 1103/1103/1103 524/524/524 1102/1102/1102 
f 524/524/524 1102/1102/1102 1102/1102/1102 
f 1102/1102/1102 1102/1102/1102 1105/1105/1105 
f 1102/1102/1102 1105/1105/1105 1105/1105/1105 
f 1105/1105/1105 1105/1105/1105 1105/1105/1105 
f 1105/1105/1105 1106/1106/1106 1105/1105/1105 
f 1105/1105/1105 1106/1106/1106 1107/1107/1107 
f 1106/1106/1106 1108/1108/1108 1107/1107/1107 
f 1107/1107/1107 1108/1108/1108 1108/1108/1108 
f 1108/1108/1108 1109/1109/1109 1108/1108/1108 
f 1108/1108/1108 1109/1109/1109 1109/1109/1109 
f 1109/1109/1109 1110/1110/1110 1109/1109/1109 
f 1109/1109/1109 1110/1110/1110 1111/1111/1111 
f 1110/1110/1110 1112/1112/1112 1111/1111/1111 
f 1111/1111/1111 1112/1112/1112 1112/1112/1112 
f 1112/1112/1112 1113/1113/1113 1112/1112/1112 
f 1112/1112/1112 1113/1113/1113 1113/1113/1113 
f 1113/1113/1113 1114/1114/1114 1113/1113/1113 
f 1113/1113/1113 1114/1114/1114 1115/1115/1115 
f 1114/1114/1114 1116/1116/1116 1115/1115/1115 
f 1115/1115/1115 1116/1116/1116 1116/1116/1116 
f 1116/1116/1116 1117/1117/1117 1116/1116/1116 
f 1116/1116/1116 1117/1117/1117 1117/1117/1117 
f 1117/1117/1117 1118/1118/1118 1117/1117/1117 
f 1117/1117/1117 1118/1118/1118 1119/1119/1119 
f 1118/1118/1118 1120/1120/1120 1119/1119/1119 
f 1119/1119/1119 1120/1120/1120 1120/1120/1120 
f 1120/1120/1120 1121/1121/1121 1120/1120/1120 
f 1120/1120/1120 1121/1121/1121 1121/1121/1121 
f 1121/1121/1121 1122/1122/1122 1121/1121/1121 
f 1121/1121/1121 1122/1122/1122 1123/1123/1123 
f 1122/1122/1122 1124/1124/1124 1123/1123/1123 
f 1123/1123/1123 1124/1124/1124 1124/1124/1124 
f 1124/1124/1124 1125/1125/1125 1124/1124/1124 
f 1124/1124/1124 1125/1125/1125 1125/1125/1125 
f 1125/1125/1125 1126/1126/1126 1125/1125/1125 
f 1125/1125/1125 1126/1126/1126 1127/1127/1127 
f 1126/1126/1126 1128/1128/1128 1127/1127/1127 
f 1127/1127/1127 1128/1128/1128 1128/1128/1128 
f 1128/1128/1128 1129/1129/1129 1128/1128/1128 
f 1128/1128/1128 1129/1129/1129 1129/1129/1129 
f 1129/1129/1129 1130/1130/1130 1129/1129/1129 
f 1129/1129/1129 1130/1130/1130 1131/1131/1131 
f 1130/1130/1130 1132/1132/1132 1131/1131/1131 
f 1131/1131/1131 1132/1132/1132 1132/1132/1132 
f 1132/1132/1132 1133/1133/1133 1132/1132/1132 
f 1132/1132/1132 1133/1133/1133 1133/1133/1133 
f 1133/1133/1133 1134/1134/1134 1133/1133/1133 
f 1133/1133/1133 1134/1134/1134 1135/1135/1135 
f 1134/1134/1134 1136/1136/1136 1135/1135/1135 
f 1135/1135/1135 1136/1136/1136 1136/1136/1136 
f 1136/1136/1136 1137/1137/1137 1136/1136/1136 
f 1136/1136/1136 1137/1137/1137 1137/1137/1137 
f 1137/1137/1137 1138/1138/1138 1137/1137/1137 
f 1137/1137/1137 1138/1138/1138 1139/1139/1139 
f 1138/1138/1138 1140/1140/1140 1139/1139/1139 
f 1139/1139/1139 1140/1140/1140 1140/1140/1140 
f 1140/1140/1140 1141/1141/1141 1140/1140/1140 
f 1140/1140/1140 1141/1141/1141 1141/1141/1141 
f 1141/1141/1141 1142/1142/1142 1141/1141/1141 
f 1141/1141/1141 1142/1142/1142 1143/1143/1143 
f 1142/1142/1142 1144/1144/1144 1143/1143/1143 
f 1143/1143/1143 1144/1144/1144 1144/1144/1144 
f 1144/1144/1144 1145/1145/1145 1144/1144/1144 
f 1144/1144/1144 1145/1145/1145 1145/1145/1145 
f 1145/1145/1145 1146/1146/1146 1145/1145/1145 
f 1145/1145/1145 1146/1146/1146 1147/1147/1147 
f 1146/1146/1146 1148/1148/1148 1147/1147/1147 
f 1147/1147/1147 1148/1148/1148 1148/1148/1148 
f 1148/1148/1148 492/492/492 1148/1148/1148 
f 1148/1148/1148 492/492/492 492/492/492 
f 492/492/492 504/504/504 492/492/492 
f 492/492/492 504/504/504 493/493/493 
f 504/504/504 1149/1149/1149 493/493/493 
f 493/493/493 1149/1149/1149 494/494/494 
f 1149/1149/1149 495/495/495 494/494/494 
f 494/494/494 495/495/495 495/495/495 
f 495/495/495 504/504/504 495/495/495 
f 495/495/495 504/504/504 504/504/504 
f 504/504/504 506/506/506 504/504/504 
f 504/504/504 506/506/506 1149/1149/1149 
f 506/506/506 1150/1150/1150 1149/1149/1149 
f 1149/1149/1149 1150/1150/1150 495/495/495 
f 1150/1150/1150 465/465/465 495/495/495 
f 495/495/495 465/465/465 465/465/465 
f 465/465/465 1151/1151/1151 465/465/465 
f 465/465/465 1151/1151/1151 1151/1151/1151 
f 1151/1151/1151 1152/1152/1152 1151/1151/1151 
f 1151/1151/1151 1152/1152/1152 1153/1153/1153 
f 1152/1152/1152 1154/1154/1154 1153/1153/1153 
f 1153/1153/1153 1154/1154/1154 1154/1154/1154 
f 1154/1154/1154 346/346/346 1154/1154/1154 
f 1154/1154/1154 346/346/346 346/346/346 
f 346/346/346 313/313/313 346/346/346 
f 346/346/346 313/313/313 371/371/371 
f 313/313/313 307/307/307 371/371/371 
f 371/371/371 307/307/307 306/306/306 
f 307/307/307 306/306/306 306/306/306 
f 306/306/306 306/306/306 344/344/344 
f 306/306/306 344/344/344 344/344/344 
f 344/344/344 344/344/344 344/344/344 
f 344/344/344 1155/1155/1155 344/344/344 
f 344/344/344 1155/1155/1155 342/342/342 
f 1155/1155/1155 1156/1156/1156 342/342/342 
f 342/342/342 1156/1156/1156 340/340/340 
f 1156/1156/1156 1157/1157/1157 340/340/340 
f 340/340/340 1157/1157/1157 1158/1158/1158 
f 1157/1157/1157 1159/1159/1159 1158/1158/1158 
f 1158/1158/1158 1159/1159/1159 1160/1160/1160 
f 1159/1159/1159 1161/1161/1161 1160/1160/1160 
f 1160/1160/1160 1161/1161/1161 1162/1162/1162 
f 1161/1161/1161 1163/1163/1163 1162/1162/1162 
f 1162/1162/1162 1163/1163/1163 1164/1164/1164 
f 1163/1163/1163 1165/1165/1165 1164/1164/1164 
f 1164/1164/1164 1165/1165/1165 1166/1166/1166 
f 1165/1165/1165 1167/1167/1167 1166/1166/1166 
f 1166/1166/1166 1167/1167/1167 324/324/324 
f 1167/1167/1167 322/322/322 324/324/324 
f 324/324/324 322/322/322 322/322/322 
f 322/322/322 1155/1155/1155 322/322/322 
f 322/322/322 1155/1155/1155 1155/1155/1155 
f 1155/1155/1155 1168/1168/1168 1155/1155/1155 
f 1155/1155/1155 1168/1168/1168 1156/1156/1156 
f 1168/1168/1168 1169/1169/1169 1156/1156/1156 
f 1156/1156/1156 1169/1169/1169 1157/1157/1157 
f 1169/1169/1169 1170/1170/1170 1157/1157/1157 
f 1157/1157/1157 1170/1170/1170 1159/1159/1159 
f 1170/1170/1170 1171/1171/1171 1159/1159/1159 
f 1159/1159/1159 1171/1171/1171 1161/1161/1161 
f 1171/1171/1171 1172/1172/1172 1161/1161/1161 
f 1161/1161/1161 1172/1172/1172 1163/1163/1163 
f 1172/1172/1172 1173/1173/1173 1163/1163/1163 
f 1163/1163/1163 1173/1173/1173 1165/1165/1165 
f 1173/1173/1173 1174/1174/1174 1165/1165/1165 
f 1165/1165/1165 1174/1174/1174 1167/1167/1167 
f 1174/1174/1174 1175/1175/1175 1167/1167/1167 
f 1167/1167/1167 1175/1175/1175 322/322/322 
f 1175/1175/1175 320/320/320 322/322/322 
f 322/322/322 320/320/320 320/320/320 
f 320/320/320 1175/1175/1175 320/320/320 
f 320/320/320 1175/1175/1175 1175/1175/1175 
f 1175/1175/1175 1174/1174/1174 1175/1175/1175 
f 1175/1175/1175 1174/1174/1174 1176/1176/1176 
f 1174/1174/1174 1173/1173/1173 1176/1176/1176 
f 1176/1176/1176 1173/1173/1173 1177/1177/1177 
f 1173/1173/1173 1172/1172/1172 1177/1177/1177 
f 1177/1177/1177 1172/1172/1172 1178/1178/1178 
f 1172/1172/1172 1179/1179/1179 1178/1178/1178 
f 1178/1178/1178 1179/1179/1179 1180/1180/1180 
f 1179/1179/1179 1181/1181/1181 1180/1180/1180 
f 1180/1180/1180 1181/1181/1181 1181/1181/1181 
f 1181/1181/1181 1180/1180/1180 1181/1181/1181 
f 1181/1181/1181 1180/1180/1180 1180/1180/1180 
f 1180/1180/1180 1182/1182/1182 1180/1180/1180 
f 1180/1180/1180 1182/1182/1182 1178/1178/1178 
f 1182/1182/1182 1183/1183/1183 1178/1178/1178 
f 1178/1178/1178 1183/1183/1183 1177/1177/1177 
f 1183/1183/1183 1184/1184/1184 1177/1177/1177 
f 1177/1177/1177 1184/1184/1184 1176/1176/1176 
f 1184/1184/1184 1185/1185/1185 1176/1176/1176 
f 1176/1176/1176 1185/1185/1185 1175/1175/1175 
f 1185/1185/1185 320/320/320 1175/1175/1175 
f 1175/1175/1175 320/320/320 320/320/320 
f 320/320/320 1170/1170/1170 320/320/320 
f 320/320/320 1170/1170/1170 1170/1170/1170 
f 1170/1170/1170 1186/1186/1186 1170/1170/1170 
f 1170/1170/1170 1186/1186/1186 1171/1171/1171 
f 1186/1186/1186 1187/1187/1187 1171/1171/1171 
f 1171/1171/1171 1187/1187/1187 1172/1172/1172 
f 1187/1187/1187 1179/1179/1179 1172/1172/1172 
f 1172/1172/1172 1179/1179/1179 1179/1179/1179 
f 1179/1179/1179 1186/1186/1186 1179/1179/1179 
f 1179/1179/1179 1186/1186/1186 1186/1186/1186 
f 1186/1186/1186 1188/1188/1188 1186/1186/1186 
f 1186/1186/1186 1188/1188/1188 1187/1187/1187 
f 1188/1188/1188 1189/1189/1189 1187/1187/1187 
f 1187/1187/1187 1189/1189/1189 1179/1179/1179 
f 1189/1189/1189 1181/1181/1181 1179/1179/1179 
f 1179/1179/1179 1181/1181/1181 1181/1181/1181 
f 1181/1181/1181 1160/1160/1160 1181/1181/1181 
f 1181/1181/1181 1160/1160/1160 1160/1160/1160 
f 1160/1160/1160 1162/1162/1162 1160/1160/1160 
f 1160/1160/1160 1162/1162/1162 1158/1158/1158 
f 1162/1162/1162 1190/1190/1190 1158/1158/1158 
f 1158/1158/1158 1190/1190/1190 340/340/340 
f 1190/1190/1190 338/338/338 340/340/340 
f 340/340/340 338/338/338 338/338/338 
f 338/338/338 1162/1162/1162 338/338/338 
f 338/338/338 1162/1162/1162 1162/1162/1162 
f 1162/1162/1162 1164/1164/1164 1162/1162/1162 
f 1162/1162/1162 1164/1164/1164 1190/1190/1190 
f 1164/1164/1164 1191/1191/1191 1190/1190/1190 
f 1190/1190/1190 1191/1191/1191 338/338/338 
f 1191/1191/1191 336/336/336 338/338/338 
f 338/338/338 336/336/336 336/336/336 
f 336/336/336 1164/1164/1164 336/336/336 
f 336/336/336 1164/1164/1164 1164/1164/1164 
f 1164/1164/1164 1192/1192/1192 1164/1164/1164 
f 1164/1164/1164 1192/1192/1192 1191/1191/1191 
f 1192/1192/1192 334/334/334 1191/1191/1191 
f 1191/1191/1191 334/334/334 336/336/336 
f 334/334/334 336/336/336 336/336/336 
f 336/336/336 336/336/336 1192/1192/1192 
f 336/336/336 1192/1192/1192 1192/1192/1192 
f 1192/1192/1192 1192/1192/1192 1192/1192/1192 
f 1192/1192/1192 1164/1164/1164 1192/1192/1192 
f 1192/1192/1192 1164/1164/1164 1193/1193/1193 
f 1164/1164/1164 1166/1166/1166 1193/1193/1193 
f 1193/1193/1193 1166/1166/1166 326/326/326 
f 1166/1166/1166 324/324/324 326/326/326 
f 326/326/326 324/324/324 324/324/324 
f 324/324/324 326/326/326 324/324/324 
f 324/324/324 326/326/326 326/326/326 
f 326/326/326 328/328/328 326/326/326 
f 326/326/326 328/328/328 1193/1193/1193 
f 328/328/328 330/330/330 1193/1193/1193 
f 1193/1193/1193 330/330/330 1192/1192/1192 
f 330/330/330 332/332/332 1192/1192/1192 
f 1192/1192/1192 332/332/332 334/334/334 
f 332/332/332 334/334/334 334/334/334 
f 334/334/334 334/334/334 1194/1194/1194 
f 334/334/334 1194/1194/1194 1194/1194/1194 
f 1194/1194/1194 1194/1194/1194 1194/1194/1194 
f 1194/1194/1194 1195/1195/1195 1194/1194/1194 
f 1194/1194/1194 1195/1195/1195 1196/1196/1196 
f 1195/1195/1195 1197/1197/1197 1196/1196/1196 
f 1196/1196/1196 1197/1197/1197 1198/1198/1198 
f 1197/1197/1197 1199/1199/1199 1198/1198/1198 
f 1198/1198/1198 1199/1199/1199 1200/1200/1200 
f 1199/1199/1199 1201/1201/1201 1200/1200/1200 
f 1200/1200/1200 1201/1201/1201 1202/1202/1202 
f 1201/1201/1201 1203/1203/1203 1202/1202/1202 
f 1202/1202/1202 1203/1203/1203 1204/1204/1204 
f 1203/1203/1203 1205/1205/1205 1204/1204/1204 
f 1204/1204/1204 1205/1205/1205 1206/1206/1206 
f 1205/1205/1205 1207/1207/1207 1206/1206/1206 
f 1206/1206/1206 1207/1207/1207 1208/1208/1208 
f 1207/1207/1207 1209/1209/1209 1208/1208/1208 
f 1208/1208/1208 1209/1209/1209 1209/1209/1209 
f 1209/1209/1209 1195/1195/1195 1209/1209/1209 
f 1209/1209/1209 1195/1195/1195 1195/1195/1195 
f 1195/1195/1195 1194/1194/1194 1195/1195/1195 
f 1195/1195/1195 1194/1194/1194 1210/1210/1210 
f 1194/1194/1194 1211/1211/1211 1210/1210/1210 
f 1210/1210/1210 1211/1211/1211 1212/1212/1212 
f 1211/1211/1211 1213/1213/1213 1212/1212/1212 
f 1212/1212/1212 1213/1213/1213 1214/1214/1214 
f 1213/1213/1213 1215/1215/1215 1214/1214/1214 
f 1214/1214/1214 1215/1215/1215 1216/1216/1216 
f 1215/1215/1215 1217/1217/1217 1216/1216/1216 
f 1216/1216/1216 1217/1217/1217 1218/1218/1218 
f 1217/1217/1217 1219/1219/1219 1218/1218/1218 
f 1218/1218/1218 1219/1219/1219 1219/1219/1219 
f 1219/1219/1219 1217/1217/1217 1219/1219/1219 
f 1219/1219/1219 1217/1217/1217 1217/1217/1217 
f 1217/1217/1217 1220/1220/1220 1217/1217/1217 
f 1217/1217/1217 1220/1220/1220 1219/1219/1219 
f 1220/1220/1220 1221/1221/1221 1219/1219/1219 
f 1219/1219/1219 1221/1221/1221 1222/1222/1222 
f 1221/1221/1221 1223/1223/1223 1222/1222/1222 
f 1222/1222/1222 1223/1223/1223 1224/1224/1224 
f 1223/1223/1223 1225/1225/1225 1224/1224/1224 
f 1224/1224/1224 1225/1225/1225 1226/1226/1226 
f 1225/1225/1225 1227/1227/1227 1226/1226/1226 
f 1226/1226/1226 1227/1227/1227 1228/1228/1228 
f 1227/1227/1227 1229/1229/1229 1228/1228/1228 
f 1228/1228/1228 1229/1229/1229 1229/1229/1229 
f 1229/1229/1229 1227/1227/1227 1229/1229/1229 
f 1229/1229/1229 1227/1227/1227 1227/1227/1227 
f 1227/1227/1227 1230/1230/1230 1227/1227/1227 
f 1227/1227/1227 1230/1230/1230 1229/1229/1229 
f 1230/1230/1230 1231/1231/1231 1229/1229/1229 
f 1229/1229/1229 1231/1231/1231 1231/1231/1231 
f 1231/1231/1231 1230/1230/1230 1231/1231/1231 
f 1231/1231/1231 1230/1230/1230 1232/1232/1232 
f 1230/1230/1230 1233/1233/1233 1232/1232/1232 
f 1232/1232/1232 1233/1233/1233 1233/1233/1233 
f 1233/1233/1233 1231/1231/1231 1233/1233/1233 
f 1233/1233/1233 1231/1231/1231 1231/1231/1231 
f 1231/1231/1231 1232/1232/1232 1231/1231/1231 
f 1231/1231/1231 1232/1232/1232 1234/1234/1234 
f 1232/1232/1232 1235/1235/1235 1234/1234/1234 
f 1234/1234/1234 1235/1235/1235 1236/1236/1236 
f 1235/1235/1235 1237/1237/1237 1236/1236/1236 
f 1236/1236/1236 1237/1237/1237 1237/1237/1237 
f 1237/1237/1237 1235/1235/1235 1237/1237/1237 
f 1237/1237/1237 1235/1235/1235 1235/1235/1235 
f 1235/1235/1235 1238/1238/1238 1235/1235/1235 
f 1235/1235/1235 1238/1238/1238 1237/1237/1237 
f 1238/1238/1238 1239/1239/1239 1237/1237/1237 
f 1237/1237/1237 1239/1239/1239 1239/1239/1239 
f 1239/1239/1239 1238/1238/1238 1239/1239/1239 
f 1239/1239/1239 1238/1238/1238 1238/1238/1238 
f 1238/1238/1238 1240/1240/1240 1238/1238/1238 
f 1238/1238/1238 1240/1240/1240 1239/1239/1239 
f 1240/1240/1240 1241/1241/1241 1239/1239/1239 
f 1239/1239/1239 1241/1241/1241 1241/1241/1241 
f 1241/1241/1241 1240/1240/1240 1241/1241/1241 
f 1241/1241/1241 1240/1240/1240 1240/1240/1240 
f 1240/1240/1240 1242/1242/1242 1240/1240/1240 
f 1240/1240/1240 1242/1242/1242 1241/1241/1241 
f 1242/1242/1242 1243/1243/1243 1241/1241/1241 
f 1241/1241/1241 1243/1243/1243 1243/1243/1243 
f 1243/1243/1243 1242/1242/1242 1243/1243/1243 
f 1243/1243/1243 1242/1242/1242 1242/1242/1242 
f 1242/1242/1242 1244/1244/1244 1242/1242/1242 
f 1242/1242/1242 1244/1244/1244 1243/1243/1243 
f 1244/1244/1244 1245/1245/1245 1243/1243/1243 
f 1243/1243/1243 1245/1245/1245 1245/1245/1245 
f 1245/1245/1245 1244/1244/1244 1245/1245/1245 
f 1245/1245/1245 1244/1244/1244 1246/1246/1246 
f 1244/1244/1244 1247/1247/1247 1246/1246/1246 
f 1246/1246/1246 1247/1247/1247 1248/1248/1248 
f 1247/1247/1247 1249/1249/1249 1248/1248/1248 
f 1248/1248/1248 1249/1249/1249 1250/1250/1250 
f 1249/1249/1249 1251/1251/1251 1250/1250/1250 
f 1250/1250/1250 1251/1251/1251 1252/1252/1252 
f 1251/1251/1251 1253/1253/1253 1252/1252/1252 
f 1252/1252/1252 1253/1253/1253 1254/1254/1254 
f 1253/1253/1253 1255/1255/1255 1254/1254/1254 
f 1254/1254/1254 1255/1255/1255 1256/1256/1256 
f 1255/1255/1255 1257/1257/1257 1256/1256/1256 
f 1256/1256/1256 1257/1257/1257 1258/1258/1258 
f 1257/1257/1257 1259/1259/1259 1258/1258/1258 
f 1258/1258/1258 1259/1259/1259 1260/1260/1260 
f 1259/1259/1259 1221/1221/1221 1260/1260/1260 
f 1260/1260/1260 1221/1221/1221 1220/1220/1220 
f 1221/1221/1221 1220/1220/1220 1220/1220/1220 
f 1220/1220/1220 1220/1220/1220 1259/1259/1259 
f 1220/1220/1220 1259/1259/1259 1259/1259/1259 
f 1259/1259/1259 1259/1259/1259 1259/1259/1259 
f 1259/1259/1259 1257/1257/1257 1259/1259/1259 
f 1259/1259/1259 1257/1257/1257 1261/1261/1261 
f 1257/1257/1257 1262/1262/1262 1261/1261/1261 
f 1261/1261/1261 1262/1262/1262 1263/1263/1263 
f 1262/1262/1262 1233/1233/1233 1263/1263/1263 
f 1263/1263/1263 1233/1233/1233 1230/1230/1230 
f 1233/1233/1233 1230/1230/1230 1230/1230/1230 
f 1230/1230/1230 1230/1230/1230 1207/1207/1207 
f 1230/1230/1230 1207/1207/1207 1207/1207/1207 
f 1207/1207/1207 1207/1207/1207 1207/1207/1207 
f 1207/1207/1207 1264/1264/1264 1207/1207/1207 
f 1207/1207/1207 1264/1264/1264 1209/1209/1209 
f 1264/1264/1264 1265/1265/1265 1209/1209/1209 
f 1209/1209/1209 1265/1265/1265 1265/1265/1265 
f 1265/1265/1265 1264/1264/1264 1265/1265/1265 
f 1265/1265/1265 1264/1264/1264 1264/1264/1264 
f 1264/1264/1264 1266/1266/1266 1264/1264/1264 
f 1264/1264/1264 1266/1266/1266 1265/1265/1265 
f 1266/1266/1266 1267/1267/1267 1265/1265/1265 
f 1265/1265/1265 1267/1267/1267 1267/1267/1267 
f 1267/1267/1267 1266/1266/1266 1267/1267/1267 
f 1267/1267/1267 1266/1266/1266 1266/1266/1266 
f 1266/1266/1266 1268/1268/1268 1266/1266/1266 
f 1266/1266/1266 1268/1268/1268 1267/1267/1267 
f 1268/1268/1268 1269/1269/1269 1267/1267/1267 
f 1267/1267/1267 1269/1269/1269 1269/1269/1269 
f 1269/1269/1269 1268/1268/1268 1269/1269/1269 
f 1269/1269/1269 1268/1268/1268 1268/1268/1268 
f 1268/1268/1268 1270/1270/1270 1268/1268/1268 
f 1268/1268/1268 1270/1270/1270 1269/1269/1269 
f 1270/1270/1270 1271/1271/1271 1269/1269/1269 
f 1269/1269/1269 1271/1271/1271 1271/1271/1271 
f 1271/1271/1271 1270/1270/1270 1271/1271/1271 
f 1271/1271/1271 1270/1270/1270 1272/1272/1272 
f 1270/1270/1270 1273/1273/1273 1272/1272/1272 
f 1272/1272/1272 1273/1273/1273 1274/1274/1274 
f 1273/1273/1273 1275/1275/1275 1274/1274/1274 
f 1274/1274/1274 1275/1275/1275 1276/1276/1276 
f 1275/1275/1275 1277/1277/1277 1276/1276/1276 
f 1276/1276/1276 1277/1277/1277 1278/1278/1278 
f 1277/1277/1277 1279/1279/1279 1278/1278/1278 
f 1278/1278/1278 1279/1279/1279 1280/1280/1280 
f 1279/1279/1279 1281/1281/1281 1280/1280/1280 
f 1280/1280/1280 1281/1281/1281 1282/1282/1282 
f 1281/1281/1281 1283/1283/1283 1282/1282/1282 
f 1282/1282/1282 1283/1283/1283 1284/1284/1284 
f 1283/1283/1283 1285/1285/1285 1284/1284/1284 
f 1284/1284/1284 1285/1285/1285 1285/1285/1285 
f 1285/1285/1285 1283/1283/1283 1285/1285/1285 
f 1285/1285/1285 1283/1283/1283 1283/1283/1283 
f 1283/1283/1283 1281/1281/1281 1283/1283/1283 
f 1283/1283/1283 1281/1281/1281 1286/1286/1286 
f 1281/1281/1281 1287/1287/1287 1286/1286/1286 
f 1286/1286/1286 1287/1287/1287 1288/1288/1288 
f 1287/1287/1287 1289/1289/1289 1288/1288/1288 
f 1288/1288/1288 1289/1289/1289 1218/1218/1218 
f 1289/1289/1289 1216/1216/1216 1218/1218/1218 
f 1218/1218/1218 1216/1216/1216 1216/1216/1216 
f 1216/1216/1216 1228/1228/1228 1216/1216/1216 
f 1216/1216/1216 1228/1228/1228 1228/1228/1228 
f 1228/1228/1228 1285/1285/1285 1228/1228/1228 
f 1228/1228/1228 1285/1285/1285 1226/1226/1226 
f 1285/1285/1285 1283/1283/1283 1226/1226/1226 
f 1226/1226/1226 1283/1283/1283 1283/1283/1283 
f 1283/1283/1283 1273/1273/1273 1283/1283/1283 
f 1283/1283/1283 1273/1273/1273 1273/1273/1273 
f 1273/1273/1273 1290/1290/1290 1273/1273/1273 
f 1273/1273/1273 1290/1290/1290 1275/1275/1275 
f 1290/1290/1290 1291/1291/1291 1275/1275/1275 
f 1275/1275/1275 1291/1291/1291 1291/1291/1291 
f 1291/1291/1291 1290/1290/1290 1291/1291/1291 
f 1291/1291/1291 1290/1290/1290 1290/1290/1290 
f 1290/1290/1290 1292/1292/1292 1290/1290/1290 
f 1290/1290/1290 1292/1292/1292 1291/1291/1291 
f 1292/1292/1292 1293/1293/1293 1291/1291/1291 
f 1291/1291/1291 1293/1293/1293 1293/1293/1293 
f 1293/1293/1293 1292/1292/1292 1293/1293/1293 
f 1293/1293/1293 1292/1292/1292 1292/1292/1292 
f 1292/1292/1292 1195/1195/1195 1292/1292/1292 
f 1292/1292/1292 1195/1195/1195 1293/1293/1293 
f 1195/1195/1195 1210/1210/1210 1293/1293/1293 
f 1293/1293/1293 1210/1210/1210 1210/1210/1210 
f 1210/1210/1210 1214/1214/1214 1210/1210/1210 
f 1210/1210/1210 1214/1214/1214 1214/1214/1214 
f 1214/1214/1214 1294/1294/1294 1214/1214/1214 
f 1214/1214/1214 1294/1294/1294 1212/1212/1212 
f 1294/1294/1294 1295/1295/1295 1212/1212/1212 
f 1212/1212/1212 1295/1295/1295 1295/1295/1295 
f 1295/1295/1295 1294/1294/1294 1295/1295/1295 
f 1295/1295/1295 1294/1294/1294 1294/1294/1294 
f 1294/1294/1294 1296/1296/1296 1294/1294/1294 
f 1294/1294/1294 1296/1296/1296 1295/1295/1295 
f 1296/1296/1296 1297/1297/1297 1295/1295/1295 
f 1295/1295/1295 1297/1297/1297 1297/1297/1297 
f 1297/1297/1297 1296/1296/1296 1297/1297/1297 
f 1297/1297/1297 1296/1296/1296 1296/1296/1296 
f 1296/1296/1296 1279/1279/1279 1296/1296/1296 
f 1296/1296/1296 1279/1279/1279 1297/1297/1297 
f 1279/1279/1279 1277/1277/1277 1297/1297/1297 
f 1297/1297/1297 1277/1277/1277 1277/1277/1277 
f 1277/1277/1277 1298/1298/1298 1277/1277/1277 
f 1277/1277/1277 1298/1298/1298 1298/1298/1298 
f 1298/1298/1298 1299/1299/1299 1298/1298/1298 
f 1298/1298/1298 1299/1299/1299 1300/1300/1300 
f 1299/1299/1299 1301/1301/1301 1300/1300/1300 
f 1300/1300/1300 1301/1301/1301 1302/1302/1302 
f 1301/1301/1301 1303/1303/1303 1302/1302/1302 
f 1302/1302/1302 1303/1303/1303 1304/1304/1304 
f 1303/1303/1303 1305/1305/1305 1304/1304/1304 
f 1304/1304/1304 1305/1305/1305 1306/1306/1306 
f 1305/1305/1305 1307/1307/1307 1306/1306/1306 
f 1306/1306/1306 1307/1307/1307 1308/1308/1308 
f 1307/1307/1307 1309/1309/1309 1308/1308/1308 
f 1308/1308/1308 1309/1309/1309 1310/1310/1310 
f 1309/1309/1309 1311/1311/1311 1310/1310/1310 
f 1310/1310/1310 1311/1311/1311 1312/1312/1312 
f 1311/1311/1311 1313/1313/1313 1312/1312/1312 
f 1312/1312/1312 1313/1313/1313 1314/1314/1314 
f 1313/1313/1313 1315/1315/1315 1314/1314/1314 
f 1314/1314/1314 1315/1315/1315 1316/1316/1316 
f 1315/1315/1315 1317/1317/1317 1316/1316/1316 
f 1316/1316/1316 1317/1317/1317 1318/1318/1318 
f 1317/1317/1317 1319/1319/1319 1318/1318/1318 
f 1318/1318/1318 1319/1319/1319 1320/1320/1320 
f 1319/1319/1319 1320/1320/1320 1320/1320/1320 
f 1320/1320/1320 1320/1320/1320 1309/1309/1309 
f 1320/1320/1320 1309/1309/1309 1309/1309/1309 
f 1309/1309/1309 1309/1309/1309 1309/1309/1309 
f 1309/1309/1309 1307/1307/1307 1309/1309/1309 
f 1309/1309/1309 1307/1307/1307 1321/1321/1321 
f 1307/1307/1307 1305/1305/1305 1321/1321/1321 
f 1321/1321/1321 1305/1305/1305 1322/1322/1322 
f 1305/1305/1305 1303/1303/1303 1322/1322/1322 
f 1322/1322/1322 1303/1303/1303 1323/1323/1323 
f 1303/1303/1303 1301/1301/1301 1323/1323/1323 
f 1323/1323/1323 1301/1301/1301 1299/1299/1299 
f 1301/1301/1301 1299/1299/1299 1299/1299/1299 
f 1299/1299/1299 1299/1299/1299 1309/1309/1309 
f 1299/1299/1299 1309/1309/1309 1309/1309/1309 
f 1309/1309/1309 1309/1309/1309 1309/1309/1309 
f 1309/1309/1309 1321/1321/1321 1309/1309/1309 
f 1309/1309/1309 1321/1321/1321 1324/1324/1324 
f 1321/1321/1321 1325/1325/1325 1324/1324/1324 
f 1324/1324/1324 1325/1325/1325 1326/1326/1326 
f 1325/1325/1325 1327/1327/1327 1326/1326/1326 
f 1326/1326/1326 1327/1327/1327 1313/1313/1313 
f 1327/1327/1327 1328/1328/1328 1313/1313/1313 
f 1313/1313/1313 1328/1328/1328 1315/1315/1315 
f 1328/1328/1328 1315/1315/1315 1315/1315/1315 
f 1315/1315/1315 1315/1315/1315 1313/1313/1313 
f 1315/1315/1315 1313/1313/1313 1313/1313/1313 
f 1313/1313/1313 1313/1313/1313 1313/1313/1313 
f 1313/1313/1313 1311/1311/1311 1313/1313/1313 
f 1313/1313/1313 1311/1311/1311 1326/1326/1326 
f 1311/1311/1311 1309/1309/1309 1326/1326/1326 
f 1326/1326/1326 1309/1309/1309 1324/1324/1324 
f 1309/1309/1309 1324/1324/1324 1324/1324/1324 
f 1324/1324/1324 1324/1324/1324 1299/1299/1299 
f 1324/1324/1324 1299/1299/1299 1299/1299/1299 
f 1299/1299/1299 1299/1299/1299 1299/1299/1299 
f 1299/1299/1299 1329/1329/1329 1299/1299/1299 
f 1299/1299/1299 1329/1329/1329 1323/1323/1323 
f 1329/1329/1329 1322/1322/1322 1323/1323/1323 
f 1323/1323/1323 1322/1322/1322 1322/1322/1322 
f 1322/1322/1322 1329/1329/1329 1322/1322/1322 
f 1322/1322/1322 1329/1329/1329 1329/1329/1329 
f 1329/1329/1329 1330/1330/1330 1329/1329/1329 
f 1329/1329/1329 1330/1330/1330 1322/1322/1322 
f 1330/1330/1330 1331/1331/1331 1322/1322/1322 
f 1322/1322/1322 1331/1331/1331 1321/1321/1321 
f 1331/1331/1331 1325/1325/1325 1321/1321/1321 
f 1321/1321/1321 1325/1325/1325 1325/1325/1325 
f 1325/1325/1325 1300/1300/1300 1325/1325/1325 
f 1325/1325/1325 1300/1300/1300 1300/1300/1300 
f 1300/1300/1300 1302/1302/1302 1300/1300/1300 
f 1300/1300/1300 1302/1302/1302 1332/1332/1332 
f 1302/1302/1302 1333/1333/1333 1332/1332/1332 
f 1332/1332/1332 1333/1333/1333 1334/1334/1334 
f 1333/1333/1333 1335/1335/1335 1334/1334/1334 
f 1334/1334/1334 1335/1335/1335 1336/1336/1336 
f 1335/1335/1335 1337/1337/1337 1336/1336/1336 
f 1336/1336/1336 1337/1337/1337 1338/1338/1338 
f 1337/1337/1337 1339/1339/1339 1338/1338/1338 
f 1338/1338/1338 1339/1339/1339 1340/1340/1340 
f 1339/1339/1339 1341/1341/1341 1340/1340/1340 
f 1340/1340/1340 1341/1341/1341 1342/1342/1342 
f 1341/1341/1341 1343/1343/1343 1342/1342/1342 
f 1342/1342/1342 1343/1343/1343 1344/1344/1344 
f 1343/1343/1343 1345/1345/1345 1344/1344/1344 
f 1344/1344/1344 1345/1345/1345 1346/1346/1346 
f 1345/1345/1345 1347/1347/1347 1346/1346/1346 
f 1346/1346/1346 1347/1347/1347 1347/1347/1347 
f 1347/1347/1347 1341/1341/1341 1347/1347/1347 
f 1347/1347/1347 1341/1341/1341 1341/1341/1341 
f 1341/1341/1341 1339/1339/1339 1341/1341/1341 
f 1341/1341/1341 1339/1339/1339 1343/1343/1343 
f 1339/1339/1339 1348/1348/1348 1343/1343/1343 
f 1343/1343/1343 1348/1348/1348 1349/1349/1349 
f 1348/1348/1348 1350/1350/1350 1349/1349/1349 
f 1349/1349/1349 1350/1350/1350 1351/1351/1351 
f 1350/1350/1350 1352/1352/1352 1351/1351/1351 
f 1351/1351/1351 1352/1352/1352 1353/1353/1353 
f 1352/1352/1352 1354/1354/1354 1353/1353/1353 
f 1353/1353/1353 1354/1354/1354 1355/1355/1355 
f 1354/1354/1354 1356/1356/1356 1355/1355/1355 
f 1355/1355/1355 1356/1356/1356 1357/1357/1357 
f 1356/1356/1356 1310/1310/1310 1357/1357/1357 
f 1357/1357/1357 1310/1310/1310 1358/1358/1358 
f 1310/1310/1310 1312/1312/1312 1358/1358/1358 
f 1358/1358/1358 1312/1312/1312 1359/1359/1359 
f 1312/1312/1312 1360/1360/1360 1359/1359/1359 
f 1359/1359/1359 1360/1360/1360 1361/1361/1361 
f 1360/1360/1360 1362/1362/1362 1361/1361/1361 
f 1361/1361/1361 1362/1362/1362 1318/1318/1318 
f 1362/1362/1362 1316/1316/1316 1318/1318/1318 
f 1318/1318/1318 1316/1316/1316 1316/1316/1316 
f 1316/1316/1316 1353/1353/1353 1316/1316/1316 
f 1316/1316/1316 1353/1353/1353 1353/1353/1353 
f 1353/1353/1353 1355/1355/1355 1353/1353/1353 
f 1353/1353/1353 1355/1355/1355 1363/1363/1363 
f 1355/1355/1355 1357/1357/1357 1363/1363/1363 
f 1363/1363/1363 1357/1357/1357 1364/1364/1364 
f 1357/1357/1357 1365/1365/1365 1364/1364/1364 
f 1364/1364/1364 1365/1365/1365 1366/1366/1366 
f 1365/1365/1365 1361/1361/1361 1366/1366/1366 
f 1366/1366/1366 1361/1361/1361 1367/1367/1367 
f 1361/1361/1361 1318/1318/1318 1367/1367/1367 
f 1367/1367/1367 1318/1318/1318 1320/1320/1320 
f 1318/1318/1318 1320/1320/1320 1320/1320/1320 
f 1320/1320/1320 1320/1320/1320 1367/1367/1367 
f 1320/1320/1320 1367/1367/1367 1367/1367/1367 
f 1367/1367/1367 1367/1367/1367 1367/1367/1367 
f 1367/1367/1367 1368/1368/1368 1367/1367/1367 
f 1367/1367/1367 1368/1368/1368 1366/1366/1366 
f 1368/1368/1368 1369/1369/1369 1366/1366/1366 
f 1366/1366/1366 1369/1369/1369 1364/1364/1364 
f 1369/1369/1369 1370/1370/1370 1364/1364/1364 
f 1364/1364/1364 1370/1370/1370 1371/1371/1371 
f 1370/1370/1370 1372/1372/1372 1371/1371/1371 
f 1371/1371/1371 1372/1372/1372 1373/1373/1373 
f 1372/1372/1372 1374/1374/1374 1373/1373/1373 
f 1373/1373/1373 1374/1374/1374 1351/1351/1351 
f 1374/1374/1374 1375/1375/1375 1351/1351/1351 
f 1351/1351/1351 1375/1375/1375 1349/1349/1349 
f 1375/1375/1375 1376/1376/1376 1349/1349/1349 
f 1349/1349/1349 1376/1376/1376 1345/1345/1345 
f 1376/1376/1376 1347/1347/1347 1345/1345/1345 
f 1345/1345/1345 1347/1347/1347 1347/1347/1347 
f 1347/1347/1347 1376/1376/1376 1347/1347/1347 
f 1347/1347/1347 1376/1376/1376 1376/1376/1376 
f 1376/1376/1376 1375/1375/1375 1376/1376/1376 
f 1376/1376/1376 1375/1375/1375 1377/1377/1377 
f 1375/1375/1375 1374/1374/1374 1377/1377/1377 
f 1377/1377/1377 1374/1374/1374 1378/1378/1378 
f 1374/1374/1374 1372/1372/1372 1378/1378/1378 
f 1378/1378/1378 1372/1372/1372 1379/1379/1379 
f 1372/1372/1372 1370/1370/1370 1379/1379/1379 
f 1379/1379/1379 1370/1370/1370 1380/1380/1380 
f 1370/1370/1370 1368/1368/1368 1380/1380/1380 
f 1380/1380/1380 1368/1368/1368 1381/1381/1381 
f 1368/1368/1368 1320/1320/1320 1381/1381/1381 
f 1381/1381/1381 1320/1320/1320 1320/1320/1320 
f 1320/1320/1320 1381/1381/1381 1320/1320/1320 
f 1320/1320/1320 1381/1381/1381 1381/1381/1381 
f 1381/1381/1381 1382/1382/1382 1381/1381/1381 
f 1381/1381/1381 1382/1382/1382 1380/1380/1380 
f 1382/1382/1382 1383/1383/1383 1380/1380/1380 
f 1380/1380/1380 1383/1383/1383 1384/1384/1384 
f 1383/1383/1383 1385/1385/1385 1384/1384/1384 
f 1384/1384/1384 1385/1385/1385 1379/1379/1379 
f 1385/1385/1385 1386/1386/1386 1379/1379/1379 
f 1379/1379/1379 1386/1386/1386 1378/1378/1378 
f 1386/1386/1386 1385/1385/1385 1378/1378/1378 
f 1378/1378/1378 1385/1385/1385 1387/1387/1387 
f 1385/1385/1385 1388/1388/1388 1387/1387/1387 
f 1387/1387/1387 1388/1388/1388 1377/1377/1377 
f 1388/1388/1388 1389/1389/1389 1377/1377/1377 
f 1377/1377/1377 1389/1389/1389 1376/1376/1376 
f 1389/1389/1389 1390/1390/1390 1376/1376/1376 
f 1376/1376/1376 1390/1390/1390 1347/1347/1347 
f 1390/1390/1390 1347/1347/1347 1347/1347/1347 
f 1347/1347/1347 1347/1347/1347 1388/1388/1388 
f 1347/1347/1347 1388/1388/1388 1388/1388/1388 
f 1388/1388/1388 1388/1388/1388 1388/1388/1388 
f 1388/1388/1388 1385/1385/1385 1388/1388/1388 
f 1388/1388/1388 1385/1385/1385 1391/1391/1391 
f 1385/1385/1385 1383/1383/1383 1391/1391/1391 
f 1391/1391/1391 1383/1383/1383 1383/1383/1383 
f 1383/1383/1383 1302/1302/1302 1383/1383/1383 
f 1383/1383/1383 1302/1302/1302 1302/1302/1302 
f 1302/1302/1302 1304/1304/1304 1302/1302/1302 
f 1302/1302/1302 1304/1304/1304 1333/1333/1333 
f 1304/1304/1304 1306/1306/1306 1333/1333/1333 
f 1333/1333/1333 1306/1306/1306 1392/1392/1392 
f 1306/1306/1306 1308/1308/1308 1392/1392/1392 
f 1392/1392/1392 1308/1308/1308 1393/1393/1393 
f 1308/1308/1308 1356/1356/1356 1393/1393/1393 
f 1393/1393/1393 1356/1356/1356 1354/1354/1354 
f 1356/1356/1356 1354/1354/1354 1354/1354/1354 
f 1354/1354/1354 1354/1354/1354 1393/1393/1393 
f 1354/1354/1354 1393/1393/1393 1393/1393/1393 
f 1393/1393/1393 1393/1393/1393 1393/1393/1393 
f 1393/1393/1393 1354/1354/1354 1393/1393/1393 
f 1393/1393/1393 1354/1354/1354 1392/1392/1392 
f 1354/1354/1354 1394/1394/1394 1392/1392/1392 
f 1392/1392/1392 1394/1394/1394 1335/1335/1335 
f 1394/1394/1394 1395/1395/1395 1335/1335/1335 
f 1335/1335/1335 1395/1395/1395 1337/1337/1337 
f 1395/1395/1395 1348/1348/1348 1337/1337/1337 
f 1337/1337/1337 1348/1348/1348 1339/1339/1339 
f 1348/1348/1348 1339/1339/1339 1339/1339/1339 
f 1339/1339/1339 1339/1339/1339 1394/1394/1394 
f 1339/1339/1339 1394/1394/1394 1394/1394/1394 
f 1394/1394/1394 1394/1394/1394 1394/1394/1394 
f 1394/1394/1394 1354/1354/1354 1394/1394/1394 
f 1394/1394/1394 1354/1354/1354 1395/1395/1395 
f 1354/1354/1354 1352/1352/1352 1395/1395/1395 
f 1395/1395/1395 1352/1352/1352 1350/1350/1350 
f 1352/1352/1352 1350/1350/1350 1350/1350/1350 
f 1350/1350/1350 1350/1350/1350 1361/1361/1361 
f 1350/1350/1350 1361/1361/1361 1361/1361/1361 
f 1361/1361/1361 1361/1361/1361 1361/1361/1361 
f 1361/1361/1361 1365/1365/1365 1361/1361/1361 
f 1361/1361/1361 1365/1365/1365 1359/1359/1359 
f 1365/1365/1365 1357/1357/1357 1359/1359/1359 
f 1359/1359/1359 1357/1357/1357 1358/1358/1358 
f 1357/1357/1357 1358/1358/1358 1358/1358/1358 
f 1358/1358/1358 1358/1358/1358 1332/1332/1332 
f 1358/1358/1358 1332/1332/1332 1332/1332/1332 
f 1332/1332/1332 1332/1332/1332 1332/1332/1332 
f 1332/1332/1332 1334/1334/1334 1332/1332/1332 
f 1332/1332/1332 1334/1334/1334 1300/1300/1300 
f 1334/1334/1334 1396/1396/1396 1300/1300/1300 
f 1300/1300/1300 1396/1396/1396 1298/1298/1298 
f 1396/1396/1396 1397/1397/1397 1298/1298/1298 
f 1298/1298/1298 1397/1397/1397 1397/1397/1397 
f 1397/1397/1397 1396/1396/1396 1397/1397/1397 
f 1397/1397/1397 1396/1396/1396 1398/1398/1398 
f 1396/1396/1396 1334/1334/1334 1398/1398/1398 
f 1398/1398/1398 1334/1334/1334 1336/1336/1336 
f 1334/1334/1334 1336/1336/1336 1336/1336/1336 
f 1336/1336/1336 1336/1336/1336 1336/1336/1336 
f 1336/1336/1336 1338/1338/1338 1336/1336/1336 
f 1336/1336/1336 1338/1338/1338 1398/1398/1398 
f 1338/1338/1338 1399/1399/1399 1398/1398/1398 
f 1398/1398/1398 1399/1399/1399 1400/1400/1400 
f 1399/1399/1399 1401/1401/1401 1400/1400/1400 
f 1400/1400/1400 1401/1401/1401 1401/1401/1401 
f 1401/1401/1401 1399/1399/1399 1401/1401/1401 
f 1401/1401/1401 1399/1399/1399 1402/1402/1402 
f 1399/1399/1399 1403/1403/1403 1402/1402/1402 
f 1402/1402/1402 1403/1403/1403 1404/1404/1404 
f 1403/1403/1403 1342/1342/1342 1404/1404/1404 
f 1404/1404/1404 1342/1342/1342 1344/1344/1344 
f 1342/1342/1342 1344/1344/1344 1344/1344/1344 
f 1344/1344/1344 1344/1344/1344 1342/1342/1342 
f 1344/1344/1344 1342/1342/1342 1342/1342/1342 
f 1342/1342/1342 1342/1342/1342 1342/1342/1342 
f 1342/1342/1342 1403/1403/1403 1342/1342/1342 
f 1342/1342/1342 1403/1403/1403 1340/1340/1340 
f 1403/1403/1403 1399/1399/1399 1340/1340/1340 
f 1340/1340/1340 1399/1399/1399 1338/1338/1338 
f 1399/1399/1399 1338/1338/1338 1338/1338/1338 
f 1338/1338/1338 1338/1338/1338 1312/1312/1312 
f 1338/1338/1338 1312/1312/1312 1312/1312/1312 
f 1312/1312/1312 1312/1312/1312 1312/1312/1312 
f 1312/1312/1312 1314/1314/1314 1312/1312/1312 
f 1312/1312/1312 1314/1314/1314 1360/1360/1360 
f 1314/1314/1314 1316/1316/1316 1360/1360/1360 
f 1360/1360/1360 1316/1316/1316 1362/1362/1362 
f 1316/1316/1316 1362/1362/1362 1362/1362/1362 
f 1362/1362/1362 1362/1362/1362 1364/1364/1364 
f 1362/1362/1362 1364/1364/1364 1364/1364/1364 
f 1364/1364/1364 1364/1364/1364 1364/1364/1364 
f 1364/1364/1364 1371/1371/1371 1364/1364/1364 
f 1364/1364/1364 1371/1371/1371 1363/1363/1363 
f 1371/1371/1371 1405/1405/1405 1363/1363/1363 
f 1363/1363/1363 1405/1405/1405 1353/1353/1353 
f 1405/1405/1405 1351/1351/1351 1353/1353/1353 
f 1353/1353/1353 1351/1351/1351 1351/1351/1351 
f 1351/1351/1351 1405/1405/1405 1351/1351/1351 
f 1351/1351/1351 1405/1405/1405 1373/1373/1373 
f 1405/1405/1405 1371/1371/1371 1373/1373/1373 
f 1373/1373/1373 1371/1371/1371 1371/1371/1371 
f 1371/1371/1371 1406/1406/1406 1371/1371/1371 
f 1371/1371/1371 1406/1406/1406 1406/1406/1406 
f 1406/1406/1406 1407/1407/1407 1406/1406/1406 
f 1406/1406/1406 1407/1407/1407 1408/1408/1408 
f 1407/1407/1407 1409/1409/1409 1408/1408/1408 
f 1408/1408/1408 1409/1409/1409 1410/1410/1410 
f 1409/1409/1409 1411/1411/1411 1410/1410/1410 
f 1410/1410/1410 1411/1411/1411 1412/1412/1412 
f 1411/1411/1411 1413/1413/1413 1412/1412/1412 
f 1412/1412/1412 1413/1413/1413 1414/1414/1414 
f 1413/1413/1413 1415/1415/1415 1414/1414/1414 
f 1414/1414/1414 1415/1415/1415 1416/1416/1416 
f 1415/1415/1415 1417/1417/1417 1416/1416/1416 
f 1416/1416/1416 1417/1417/1417 1418/1418/1418 
f 1417/1417/1417 1419/1419/1419 1418/1418/1418 
f 1418/1418/1418 1419/1419/1419 1420/1420/1420 
f 1419/1419/1419 1421/1421/1421 1420/1420/1420 
f 1420/1420/1420 1421/1421/1421 1422/1422/1422 
f 1421/1421/1421 1423/1423/1423 1422/1422/1422 
f 1422/1422/1422 1423/1423/1423 1424/1424/1424 
f 1423/1423/1423 1425/1425/1425 1424/1424/1424 
f 1424/1424/1424 1425/1425/1425 1426/1426/1426 
f 1425/1425/1425 1427/1427/1427 1426/1426/1426 
f 1426/1426/1426 1427/1427/1427 1427/1427/1427 
f 1427/1427/1427 1426/1426/1426 1427/1427/1427 
f 1427/1427/1427 1426/1426/1426 1426/1426/1426 
f 1426/1426/1426 1428/1428/1428 1426/1426/1426 
f 1426/1426/1426 1428/1428/1428 1424/1424/1424 
f 1428/1428/1428 1429/1429/1429 1424/1424/1424 
f 1424/1424/1424 1429/1429/1429 1422/1422/1422 
f 1429/1429/1429 1430/1430/1430 1422/1422/1422 
f 1422/1422/1422 1430/1430/1430 1418/1418/1418 
f 1430/1430/1430 1431/1431/1431 1418/1418/1418 
f 1418/1418/1418 1431/1431/1431 1432/1432/1432 
f 1431/1431/1431 1433/1433/1433 1432/1432/1432 
f 1432/1432/1432 1433/1433/1433 1414/1414/1414 
f 1433/1433/1433 1434/1434/1434 1414/1414/1414 
f 1414/1414/1414 1434/1434/1434 1435/1435/1435 
f 1434/1434/1434 1436/1436/1436 1435/1435/1435 
f 1435/1435/1435 1436/1436/1436 1412/1412/1412 
f 1436/1436/1436 1437/1437/1437 1412/1412/1412 
f 1412/1412/1412 1437/1437/1437 1410/1410/1410 
f 1437/1437/1437 1438/1438/1438 1410/1410/1410 
f 1410/1410/1410 1438/1438/1438 1408/1408/1408 
f 1438/1438/1438 1439/1439/1439 1408/1408/1408 
f 1408/1408/1408 1439/1439/1439 1406/1406/1406 
f 1439/1439/1439 1440/1440/1440 1406/1406/1406 
f 1406/1406/1406 1440/1440/1440 1440/1440/1440 
f 1440/1440/1440 1434/1434/1434 1440/1440/1440 
f 1440/1440/1440 1434/1434/1434 1434/1434/1434 
f 1434/1434/1434 1433/1433/1433 1434/1434/1434 
f 1434/1434/1434 1433/1433/1433 1441/1441/1441 
f 1433/1433/1433 1431/1431/1431 1441/1441/1441 
f 1441/1441/1441 1431/1431/1431 1442/1442/1442 
f 1431/1431/1431 1443/1443/1443 1442/1442/1442 
f 1442/1442/1442 1443/1443/1443 1444/1444/1444 
f 1443/1443/1443 1429/1429/1429 1444/1444/1444 
f 1444/1444/1444 1429/1429/1429 1428/1428/1428 
f 1429/1429/1429 1428/1428/1428 1428/1428/1428 
f 1428/1428/1428 1428/1428/1428 1429/1429/1429 
f 1428/1428/1428 1429/1429/1429 1429/1429/1429 
f 1429/1429/1429 1429/1429/1429 1429/1429/1429 
f 1429/1429/1429 1443/1443/1443 1429/1429/1429 
f 1429/1429/1429 1443/1443/1443 1430/1430/1430 
f 1443/1443/1443 1431/1431/1431 1430/1430/1430 
f 1430/1430/1430 1431/1431/1431 1431/1431/1431 
f 1431/1431/1431 1414/1414/1414 1431/1431/1431 
f 1431/1431/1431 1414/1414/1414 1414/1414/1414 
f 1414/1414/1414 1416/1416/1416 1414/1414/1414 
f 1414/1414/1414 1416/1416/1416 1432/1432/1432 
f 1416/1416/1416 1418/1418/1418 1432/1432/1432 
f 1432/1432/1432 1418/1418/1418 1418/1418/1418 
f 1418/1418/1418 1413/1413/1413 1418/1418/1418 
f 1418/1418/1418 1413/1413/1413 1413/1413/1413 
f 1413/1413/1413 1411/1411/1411 1413/1413/1413 
f 1413/1413/1413 1411/1411/1411 1415/1415/1415 
f 1411/1411/1411 1445/1445/1445 1415/1415/1415 
f 1415/1415/1415 1445/1445/1445 1446/1446/1446 
f 1445/1445/1445 1447/1447/1447 1446/1446/1446 
f 1446/1446/1446 1447/1447/1447 1448/1448/1448 
f 1447/1447/1447 1449/1449/1449 1448/1448/1448 
f 1448/1448/1448 1449/1449/1449 1450/1450/1450 
f 1449/1449/1449 1451/1451/1451 1450/1450/1450 
f 1450/1450/1450 1451/1451/1451 1452/1452/1452 
f 1451/1451/1451 1453/1453/1453 1452/1452/1452 
f 1452/1452/1452 1453/1453/1453 1453/1453/1453 
f 1453/1453/1453 1450/1450/1450 1453/1453/1453 
f 1453/1453/1453 1450/1450/1450 1450/1450/1450 
f 1450/1450/1450 1454/1454/1454 1450/1450/1450 
f 1450/1450/1450 1454/1454/1454 1448/1448/1448 
f 1454/1454/1454 1419/1419/1419 1448/1448/1448 
f 1448/1448/1448 1419/1419/1419 1446/1446/1446 
f 1419/1419/1419 1417/1417/1417 1446/1446/1446 
f 1446/1446/1446 1417/1417/1417 1415/1415/1415 
f 1417/1417/1417 1415/1415/1415 1415/1415/1415 
f 1415/1415/1415 1415/1415/1415 1450/1450/1450 
f 1415/1415/1415 1450/1450/1450 1450/1450/1450 
f 1450/1450/1450 1450/1450/1450 1450/1450/1450 
f 1450/1450/1450 1452/1452/1452 1450/1450/1450 
f 1450/1450/1450 1452/1452/1452 1454/1454/1454 
f 1452/1452/1452 1455/1455/1455 1454/1454/1454 
f 1454/1454/1454 1455/1455/1455 1421/1421/1421 
f 1455/1455/1455 1456/1456/1456 1421/1421/1421 
f 1421/1421/1421 1456/1456/1456 1457/1457/1457 
f 1456/1456/1456 1457/1457/1457 1457/1457/1457 
f 1457/1457/1457 1457/1457/1457 1421/1421/1421 
f 1457/1457/1457 1421/1421/1421 1421/1421/1421 
f 1421/1421/1421 1421/1421/1421 1421/1421/1421 
f 1421/1421/1421 1457/1457/1457 1421/1421/1421 
f 1421/1421/1421 1457/1457/1457 1423/1423/1423 
f 1457/1457/1457 1425/1425/1425 1423/1423/1423 
f 1423/1423/1423 1425/1425/1425 1425/1425/1425 
f 1425/1425/1425 1440/1440/1440 1425/1425/1425 
f 1425/1425/1425 1440/1440/1440 1440/1440/1440 
f 1440/1440/1440 1439/1439/1439 1440/1440/1440 
f 1440/1440/1440 1439/1439/1439 1458/1458/1458 
f 1439/1439/1439 1459/1459/1459 1458/1458/1458 
f 1458/1458/1458 1459/1459/1459 1460/1460/1460 
f 1459/1459/1459 1461/1461/1461 1460/1460/1460 
f 1460/1460/1460 1461/1461/1461 1462/1462/1462 
f 1461/1461/1461 1437/1437/1437 1462/1462/1462 
f 1462/1462/1462 1437/1437/1437 1436/1436/1436 
f 1437/1437/1437 1436/1436/1436 1436/1436/1436 
f 1436/1436/1436 1436/1436/1436 1439/1439/1439 
f 1436/1436/1436 1439/1439/1439 1439/1439/1439 
f 1439/1439/1439 1439/1439/1439 1439/1439/1439 
f 1439/1439/1439 1438/1438/1438 1439/1439/1439 
f 1439/1439/1439 1438/1438/1438 1459/1459/1459 
f 1438/1438/1438 1437/1437/1437 1459/1459/1459 
f 1459/1459/1459 1437/1437/1437 1461/1461/1461 
f 1437/1437/1437 1461/1461/1461 1461/1461/1461 
f 1461/1461/1461 1461/1461/1461 1444/1444/1444 
f 1461/1461/1461 1444/1444/1444 1444/1444/1444 
f 1444/1444/1444 1444/1444/1444 1444/1444/1444 
f 1444/1444/1444 1463/1463/1463 1444/1444/1444 
f 1444/1444/1444 1463/1463/1463 1442/1442/1442 
f 1463/1463/1463 1464/1464/1464 1442/1442/1442 
f 1442/1442/1442 1464/1464/1464 1465/1465/1465 
f 1464/1464/1464 1466/1466/1466 1465/1465/1465 
f 1465/1465/1465 1466/1466/1466 1467/1467/1467 
f 1466/1466/1466 1468/1468/1468 1467/1467/1467 
f 1467/1467/1467 1468/1468/1468 1469/1469/1469 
f 1468/1468/1468 1470/1470/1470 1469/1469/1469 
f 1469/1469/1469 1470/1470/1470 1462/1462/1462 
f 1470/1470/1470 1471/1471/1471 1462/1462/1462 
f 1462/1462/1462 1471/1471/1471 1460/1460/1460 
f 1471/1471/1471 1460/1460/1460 1460/1460/1460 
f 1460/1460/1460 1460/1460/1460 1469/1469/1469 
f 1460/1460/1460 1469/1469/1469 1469/1469/1469 
f 1469/1469/1469 1469/1469/1469 1469/1469/1469 
f 1469/1469/1469 1436/1436/1436 1469/1469/1469 
f 1469/1469/1469 1436/1436/1436 1467/1467/1467 
f 1436/1436/1436 1434/1434/1434 1467/1467/1467 
f 1467/1467/1467 1434/1434/1434 1465/1465/1465 
f 1434/1434/1434 1441/1441/1441 1465/1465/1465 
f 1465/1465/1465 1441/1441/1441 1442/1442/1442 
f 1441/1441/1441 1442/1442/1442 1442/1442/1442 
f 1442/1442/1442 1442/1442/1442 1463/1463/1463 
f 1442/1442/1442 1463/1463/1463 1463/1463/1463 
f 1463/1463/1463 1463/1463/1463 1463/1463/1463 
f 1463/1463/1463 1472/1472/1472 1463/1463/1463 
f 1463/1463/1463 1472/1472/1472 1464/1464/1464 
f 1472/1472/1472 1473/1473/1473 1464/1464/1464 
f 1464/1464/1464 1473/1473/1473 1474/1474/1474 
f 1473/1473/1473 1475/1475/1475 1474/1474/1474 
f 1474/1474/1474 1475/1475/1475 1466/1466/1466 
f 1475/1475/1475 1468/1468/1468 1466/1466/1466 
f 1466/1466/1466 1468/1468/1468 1468/1468/1468 
f 1468/1468/1468 1473/1473/1473 1468/1468/1468 
f 1468/1468/1468 1473/1473/1473 1473/1473/1473 
f 1473/1473/1473 1476/1476/1476 1473/1473/1473 
f 1473/1473/1473 1476/1476/1476 1475/1475/1475 
f 1476/1476/1476 1477/1477/1477 1475/1475/1475 
f 1475/1475/1475 1477/1477/1477 1468/1468/1468 
f 1477/1477/1477 1470/1470/1470 1468/1468/1468 
f 1468/1468/1468 1470/1470/1470 1470/1470/1470 
f 1470/1470/1470 1478/1478/1478 1470/1470/1470 
f 1470/1470/1470 1478/1478/1478 1478/1478/1478 
f 1478/1478/1478 1479/1479/1479 1478/1478/1478 
f 1478/1478/1478 1479/1479/1479 1480/1480/1480 
f 1479/1479/1479 1481/1481/1481 1480/1480/1480 
f 1480/1480/1480 1481/1481/1481 1482/1482/1482 
f 1481/1481/1481 1447/1447/1447 1482/1482/1482 
f 1482/1482/1482 1447/1447/1447 1445/1445/1445 
f 1447/1447/1447 1445/1445/1445 1445/1445/1445 
f 1445/1445/1445 1445/1445/1445 1447/1447/1447 
f 1445/1445/1445 1447/1447/1447 1447/1447/1447 
f 1447/1447/1447 1447/1447/1447 1447/1447/1447 
f 1447/1447/1447 1481/1481/1481 1447/1447/1447 
f 1447/1447/1447 1481/1481/1481 1449/1449/1449 
f 1481/1481/1481 1479/1479/1479 1449/1449/1449 
f 1449/1449/1449 1479/1479/1479 1451/1451/1451 
f 1479/1479/1479 1453/1453/1453 1451/1451/1451 
f 1451/1451/1451 1453/1453/1453 1453/1453/1453 
f 1453/1453/1453 1480/1480/1480 1453/1453/1453 
f 1453/1453/1453 1480/1480/1480 1480/1480/1480 
f 1480/1480/1480 1482/1482/1482 1480/1480/1480 
f 1480/1480/1480 1482/1482/1482 1483/1483/1483 
f 1482/1482/1482 1484/1484/1484 1483/1483/1483 
f 1483/1483/1483 1484/1484/1484 1485/1485/1485 
f 1484/1484/1484 1486/1486/1486 1485/1485/1485 
f 1485/1485/1485 1486/1486/1486 1487/1487/1487 
f 1486/1486/1486 1407/1407/1407 1487/1487/1487 
f 1487/1487/1487 1407/1407/1407 1407/1407/1407 
f 1407/1407/1407 1484/1484/1484 1407/1407/1407 
f 1407/1407/1407 1484/1484/1484 1484/1484/1484 
f 1484/1484/1484 1445/1445/1445 1484/1484/1484 
f 1484/1484/1484 1445/1445/1445 1486/1486/1486 
f 1445/1445/1445 1411/1411/1411 1486/1486/1486 
f 1486/1486/1486 1411/1411/1411 1409/1409/1409 
f 25/25/25 38/38/38 30/30/30 
f 1083/1083/1083 1092/1092/1092 1088/1088/1088 
f 485/485/485 484/484/484 548/548/548 
f 483/483/483 454/454/454 453/453/453 
f 512/512/512 1100/1100/1100 513/513/513 
f 525/525/525 538/538/538 530/530/530 
f 496/496/496 546/546/546 507/507/507 
f 477/477/477 475/475/475 473/473/473 
f 307/307/307 313/313/313 308/308/308 
f 581/581/581 580/580/580 579/579/579 
f 368/368/368 350/350/350 349/349/349 
f 459/459/459 470/470/470 460/460/460 
f 302/302/302 304/304/304 607/607/607 
f 548/548/548 582/582/582 549/549/549 
f 1425/1425/1425 1457/1457/1457 1427/1427/1427 
f 1422/1422/1422 1418/1418/1418 1420/1420/1420 
f 1308/1308/1308 1310/1310/1310 1356/1356/1356 
f 1412/1412/1412 1414/1414/1414 1435/1435/1435 
f 1466/1466/1466 1464/1464/1464 1474/1474/1474 
f 1421/1421/1421 1419/1419/1419 1454/1454/1454 
f 1445/1445/1445 1484/1484/1484 1482/1482/1482 
f 1479/1479/1479 1478/1478/1478 1453/1453/1453 
f 1320/1320/1320 1368/1368/1368 1367/1367/1367 
f 1404/1404/1404 1344/1344/1344 1346/1346/1346 
f 1343/1343/1343 1349/1349/1349 1345/1345/1345 
f 1407/1407/1407 1486/1486/1486 1409/1409/1409 
f 1398/1398/1398 1400/1400/1400 1397/1397/1397 
f 1335/1335/1335 1333/1333/1333 1392/1392/1392 
f 1436/1436/1436 1469/1469/1469 1462/1462/1462 
f 1380/1380/1380 1384/1384/1384 1379/1379/1379 
f 1378/1378/1378 1387/1387/1387 1377/1377/1377 
f 1368/1368/1368 1370/1370/1370 1369/1369/1369 
f 1395/1395/1395 1350/1350/1350 1348/1348/1348 
f 631/631/631 633/633/633 634/634/634 
f 644/644/644 1488/1488/1488 642/642/642 
f 666/666/666 1489/1489/1489 667/667/667 
f 627/627/627 622/622/622 621/621/621 
f 970/970/970 1490/1490/1490 971/971/971 
f 706/706/706 708/708/708 1491/1491/1491 
f 696/696/696 1492/1492/1492 697/697/697 
f 1015/1015/1015 1017/1017/1017 1493/1493/1493 

