mtllib model_2.mtl
o model_2
v -15.802114486694336 74.58776092529297 3.164638042449951 
v -15.965275764465332 74.55516815185547 3.223956823348999 
v -15.802114486694336 75.00209045410156 3.5798697471618652 
v -15.965275764465332 74.94622802734375 3.6133978366851807 
v -15.802114486694336 75.15571594238281 4.1472673416137695 
v -15.802114486694336 74.0197982788086 3.0150513648986816 
v -15.965275764465332 74.0197982788086 3.0821073055267334 
v -15.965275764465332 73.48908233642578 3.223956823348999 
v -15.802114486694336 73.45648956298828 3.164638042449951 
v -15.802114486694336 73.04216003417969 3.5798697471618652 
v -15.965275764465332 73.0980224609375 3.6133978366851807 
v -15.802114486694336 72.8885269165039 4.1472673416137695 
v -15.965275764465332 72.95370483398438 4.1472673416137695 
v -15.965275764465332 73.0980224609375 4.678557872772217 
v -15.802114486694336 73.04216003417969 4.712085723876953 
v -15.965275764465332 73.48908233642578 5.070577621459961 
v -15.802114486694336 73.45648956298828 5.127317428588867 
v -15.802114486694336 74.0197982788086 5.279483318328857 
v -15.965275764465332 74.0197982788086 5.212427139282227 
v -15.965275764465332 74.55516815185547 5.070577621459961 
v -15.802114486694336 74.58776092529297 5.127317428588867 
v -15.965275764465332 74.94622802734375 4.678557872772217 
v -15.802114486694336 75.00209045410156 4.712085723876953 
v -15.965275764465332 75.08589172363281 4.1472673416137695 
v -16.07948875427246 74.91829681396484 4.1472673416137695 
v -16.07948875427246 74.80191040039062 3.6959285736083984 
v -16.07948875427246 74.47137451171875 3.3683853149414062 
v -16.07948875427246 74.0197982788086 3.24716854095459 
v -16.07948875427246 73.5728759765625 3.3683853149414062 
v -16.07948875427246 73.24234008789062 3.6959285736083984 
v -16.07948875427246 73.12129974365234 4.1472673416137695 
v -16.07948875427246 73.24234008789062 4.596027374267578 
v -16.07948875427246 73.5728759765625 4.926149368286133 
v -16.07948875427246 74.0197982788086 5.0447869300842285 
v -16.07948875427246 74.47137451171875 4.926149368286133 
v -16.07948875427246 74.80191040039062 4.596027374267578 
v -16.07948875427246 74.4155044555664 4.825565338134766 
v -16.07948875427246 74.6994857788086 4.539287567138672 
v -16.07948875427246 74.80656433105469 4.1472673416137695 
v -16.07948875427246 74.6994857788086 3.7552473545074463 
v -16.07948875427246 74.4155044555664 3.466390371322632 
v -16.07948875427246 74.0197982788086 3.3606481552124023 
v -16.07948875427246 73.62873840332031 3.466390371322632 
v -16.07948875427246 73.34010314941406 3.7552473545074463 
v -16.07948875427246 73.23768615722656 4.1472673416137695 
v -16.07948875427246 73.34010314941406 4.539287567138672 
v -16.07948875427246 73.62873840332031 4.825565338134766 
v -16.07948875427246 74.0197982788086 4.931307315826416 
v -16.07948875427246 74.80656433105469 4.1472673416137695 
v -16.27528190612793 74.63896942138672 3.7913544178009033 
v -16.07948875427246 74.6994857788086 3.7552473545074463 
v -16.07948875427246 74.4155044555664 3.466390371322632 
v -16.27528190612793 74.37826538085938 3.530867338180542 
v -16.07948875427246 74.0197982788086 3.3606481552124023 
v -16.27528190612793 74.0197982788086 3.435441493988037 
v -16.27528190612793 73.66598510742188 3.530867338180542 
v -16.07948875427246 73.62873840332031 3.466390371322632 
v -16.27528190612793 73.40528106689453 3.7913544178009033 
v -16.07948875427246 73.34010314941406 3.7552473545074463 
v -16.07948875427246 73.23768615722656 4.1472673416137695 
v -16.27528190612793 73.3075180053711 4.1472673416137695 
v -16.27528190612793 73.40528106689453 4.503180027008057 
v -16.07948875427246 73.34010314941406 4.539287567138672 
v -16.07948875427246 73.62873840332031 4.825565338134766 
v -16.27528190612793 73.66598510742188 4.763667106628418 
v -16.07948875427246 74.0197982788086 4.931307315826416 
v -16.27528190612793 74.0197982788086 4.859093189239502 
v -16.27528190612793 74.37826538085938 4.763667106628418 
v -16.07948875427246 74.4155044555664 4.825565338134766 
v -16.27528190612793 74.63896942138672 4.503180027008057 
v -16.07948875427246 74.6994857788086 4.539287567138672 
v -16.27528190612793 74.7320785522461 4.1472673416137695 
v -16.454757690429688 74.50861358642578 3.866147756576538 
v -16.454757690429688 74.30377960205078 3.6572422981262207 
v -16.552654266357422 74.20135498046875 3.837777853012085 
v -16.454757690429688 74.0197982788086 3.582448959350586 
v -16.552654266357422 74.0197982788086 3.7887754440307617 
v -16.552654266357422 74.33171081542969 3.969310998916626 
v -16.552654266357422 74.37826538085938 4.1472673416137695 
v -16.454757690429688 74.58309936523438 4.1472673416137695 
v -16.454757690429688 74.50861358642578 4.42838716506958 
v -16.552654266357422 74.33171081542969 4.325223922729492 
v -16.552654266357422 74.20135498046875 4.456756591796875 
v -16.454757690429688 74.30377960205078 4.634713172912598 
v -16.552654266357422 74.0197982788086 4.503180027008057 
v -16.454757690429688 74.0197982788086 4.709506511688232 
v -16.552654266357422 73.84288787841797 4.456756591796875 
v -16.454757690429688 73.74047088623047 4.634713172912598 
v -16.454757690429688 73.53097534179688 4.42838716506958 
v -16.552654266357422 73.71253967285156 4.325223922729492 
v -16.552654266357422 73.66598510742188 4.1472673416137695 
v -16.454757690429688 73.45648956298828 4.1472673416137695 
v -16.552654266357422 73.71253967285156 3.969310998916626 
v -16.454757690429688 73.53097534179688 3.866147756576538 
v -16.552654266357422 73.84288787841797 3.837777853012085 
v -16.454757690429688 73.74047088623047 3.6572422981262207 
v -16.552654266357422 74.20135498046875 3.837777853012085 
v -16.552654266357422 74.33171081542969 3.969310998916626 
v -16.699499130249023 74.17342376708984 3.886780261993408 
v -16.699499130249023 74.28050231933594 3.9951016902923584 
v -16.552654266357422 74.37826538085938 4.1472673416137695 
v -16.552654266357422 74.0197982788086 3.7887754440307617 
v -16.699499130249023 74.0197982788086 3.845515012741089 
v -16.699499130249023 73.8708267211914 3.886780261993408 
v -16.699499130249023 74.0197982788086 4.1472673416137695 
v -16.699499130249023 73.75909423828125 3.9951016902923584 
v -16.552654266357422 73.71253967285156 3.969310998916626 
v -16.552654266357422 73.66598510742188 4.1472673416137695 
v -16.552654266357422 73.84288787841797 3.837777853012085 
v -16.699499130249023 74.32240295410156 4.1472673416137695 
v -16.699499130249023 74.28050231933594 4.296854019165039 
v -16.552654266357422 74.33171081542969 4.325223922729492 
v -16.699499130249023 74.17342376708984 4.407754421234131 
v -16.552654266357422 74.20135498046875 4.456756591796875 
v -16.552654266357422 74.0197982788086 4.503180027008057 
v -16.699499130249023 74.0197982788086 4.449019432067871 
v -16.699499130249023 73.8708267211914 4.407754421234131 
v -16.699499130249023 73.75909423828125 4.296854019165039 
v -16.552654266357422 73.71253967285156 4.325223922729492 
v -16.699499130249023 73.72184753417969 4.1472673416137695 
v -16.552654266357422 73.84288787841797 4.456756591796875 
v -15.606321334838867 72.8885269165039 4.1472673416137695 
v -15.802114486694336 72.8885269165039 4.1472673416137695 
v -15.606321334838867 73.00491333007812 3.7191402912139893 
v -15.802114486694336 73.04216003417969 3.5798697471618652 
v 15.802170753479004 73.04216003417969 3.5798697471618652 
v -15.802114486694336 73.45648956298828 3.164638042449951 
v 15.802170753479004 73.45648956298828 3.164638042449951 
v 15.802170753479004 74.0197982788086 3.0150513648986816 
v -15.802114486694336 74.0197982788086 3.0150513648986816 
v 15.802170753479004 74.58776092529297 3.164638042449951 
v -15.802114486694336 74.58776092529297 3.164638042449951 
v 15.802170753479004 75.00209045410156 3.5798697471618652 
v -15.802114486694336 75.00209045410156 3.5798697471618652 
v 15.802170753479004 75.15571594238281 4.1472673416137695 
v -15.802114486694336 75.15571594238281 4.1472673416137695 
v -15.802114486694336 75.00209045410156 4.712085723876953 
v 15.802170753479004 75.00209045410156 4.712085723876953 
v 15.802170753479004 74.58776092529297 5.127317428588867 
v -15.802114486694336 74.58776092529297 5.127317428588867 
v 15.802170753479004 74.0197982788086 5.279483318328857 
v -15.802114486694336 74.0197982788086 5.279483318328857 
v 15.802170753479004 73.45648956298828 5.127317428588867 
v -15.802114486694336 73.45648956298828 5.127317428588867 
v 15.802170753479004 73.04216003417969 4.712085723876953 
v -15.802114486694336 73.04216003417969 4.712085723876953 
v 15.606377601623535 73.00491333007812 4.572815418243408 
v -15.606321334838867 73.00491333007812 4.572815418243408 
v -15.802114486694336 72.8885269165039 4.1472673416137695 
v -15.606321334838867 72.8885269165039 4.1472673416137695 
v 15.606377601623535 73.00491333007812 3.7191402912139893 
v 15.802170753479004 72.8885269165039 4.1472673416137695 
v 15.606377601623535 72.8885269165039 4.1472673416137695 
v 15.802170753479004 72.8885269165039 4.1472673416137695 
v 15.606377601623535 72.8885269165039 4.1472673416137695 
v -15.606321334838867 73.00491333007812 4.572815418243408 
v -15.606321334838867 73.0700912475586 4.572815418243408 
v -15.606321334838867 72.95370483398438 4.1472673416137695 
v 15.606377601623535 72.95370483398438 4.1472673416137695 
v 15.606377601623535 73.0700912475586 3.7191402912139893 
v 15.606377601623535 73.00491333007812 3.7191402912139893 
v 15.606377601623535 72.8885269165039 4.1472673416137695 
v 15.606377601623535 73.00491333007812 4.572815418243408 
v 15.606377601623535 73.0700912475586 4.572815418243408 
v -15.606321334838867 73.00491333007812 4.572815418243408 
v 15.606377601623535 73.00491333007812 4.572815418243408 
v -15.606321334838867 72.8885269165039 4.1472673416137695 
v -15.606321334838867 73.00491333007812 3.7191402912139893 
v -15.606321334838867 73.0700912475586 3.7191402912139893 
v 15.606377601623535 73.00491333007812 3.7191402912139893 
v -15.606321334838867 73.00491333007812 3.7191402912139893 
v 15.802170753479004 74.58776092529297 3.164638042449951 
v 15.802170753479004 75.00209045410156 3.5798697471618652 
v 15.96533203125 74.55516815185547 3.223956823348999 
v 15.96533203125 74.94622802734375 3.6133978366851807 
v 15.802170753479004 75.15571594238281 4.1472673416137695 
v 15.96533203125 75.08589172363281 4.1472673416137695 
v 15.802170753479004 74.0197982788086 3.0150513648986816 
v 15.96533203125 74.0197982788086 3.0821073055267334 
v 15.96533203125 73.48908233642578 3.223956823348999 
v 16.079544067382812 73.5728759765625 3.3683853149414062 
v 16.079544067382812 73.24234008789062 3.6959285736083984 
v 15.96533203125 73.0980224609375 3.6133978366851807 
v 15.802170753479004 73.04216003417969 3.5798697471618652 
v 15.802170753479004 72.8885269165039 4.1472673416137695 
v 15.802170753479004 73.45648956298828 3.164638042449951 
v 16.079544067382812 74.0197982788086 3.24716854095459 
v 16.079544067382812 74.47137451171875 3.3683853149414062 
v 16.079544067382812 74.80191040039062 3.6959285736083984 
v 16.079544067382812 74.91829681396484 4.1472673416137695 
v 16.079544067382812 74.80656433105469 4.1472673416137695 
v 16.079544067382812 74.6994857788086 3.7552473545074463 
v 16.079544067382812 74.4155044555664 3.466390371322632 
v 16.079544067382812 74.0197982788086 3.3606481552124023 
v 16.079544067382812 73.62873840332031 3.466390371322632 
v 16.079544067382812 73.34010314941406 3.7552473545074463 
v 16.079544067382812 73.12129974365234 4.1472673416137695 
v 16.079544067382812 73.23768615722656 4.1472673416137695 
v 16.079544067382812 73.34010314941406 4.539287567138672 
v 16.079544067382812 73.24234008789062 4.596027374267578 
v 16.079544067382812 73.62873840332031 4.825565338134766 
v 16.079544067382812 73.5728759765625 4.926149368286133 
v 16.079544067382812 74.0197982788086 5.0447869300842285 
v 16.079544067382812 74.0197982788086 4.931307315826416 
v 16.079544067382812 74.47137451171875 4.926149368286133 
v 16.079544067382812 74.4155044555664 4.825565338134766 
v 16.079544067382812 74.80191040039062 4.596027374267578 
v 16.079544067382812 74.6994857788086 4.539287567138672 
v 15.96533203125 74.94622802734375 4.678557872772217 
v 15.96533203125 74.55516815185547 5.070577621459961 
v 15.802170753479004 74.58776092529297 5.127317428588867 
v 15.802170753479004 75.00209045410156 4.712085723876953 
v 15.96533203125 74.0197982788086 5.212427139282227 
v 15.96533203125 73.48908233642578 5.070577621459961 
v 15.96533203125 73.0980224609375 4.678557872772217 
v 15.96533203125 72.95370483398438 4.1472673416137695 
v 15.802170753479004 73.04216003417969 4.712085723876953 
v 15.802170753479004 73.45648956298828 5.127317428588867 
v 15.802170753479004 74.0197982788086 5.279483318328857 
v 16.079544067382812 74.6994857788086 3.7552473545074463 
v 16.27533721923828 74.63896942138672 3.7913544178009033 
v 16.079544067382812 74.80656433105469 4.1472673416137695 
v 16.27533721923828 74.7320785522461 4.1472673416137695 
v 16.079544067382812 74.4155044555664 3.466390371322632 
v 16.27533721923828 74.37826538085938 3.530867338180542 
v 16.454814910888672 74.30377960205078 3.6572422981262207 
v 16.27533721923828 74.0197982788086 3.435441493988037 
v 16.079544067382812 74.0197982788086 3.3606481552124023 
v 16.27533721923828 73.66598510742188 3.530867338180542 
v 16.079544067382812 73.62873840332031 3.466390371322632 
v 16.27533721923828 73.40528106689453 3.7913544178009033 
v 16.079544067382812 73.34010314941406 3.7552473545074463 
v 16.079544067382812 73.23768615722656 4.1472673416137695 
v 16.27533721923828 73.3075180053711 4.1472673416137695 
v 16.27533721923828 73.40528106689453 4.503180027008057 
v 16.079544067382812 73.34010314941406 4.539287567138672 
v 16.079544067382812 73.62873840332031 4.825565338134766 
v 16.27533721923828 73.66598510742188 4.763667106628418 
v 16.079544067382812 74.0197982788086 4.931307315826416 
v 16.27533721923828 74.0197982788086 4.859093189239502 
v 16.27533721923828 74.37826538085938 4.763667106628418 
v 16.079544067382812 74.4155044555664 4.825565338134766 
v 16.27533721923828 74.63896942138672 4.503180027008057 
v 16.079544067382812 74.6994857788086 4.539287567138672 
v 16.454814910888672 74.50861358642578 4.42838716506958 
v 16.454814910888672 74.30377960205078 4.634713172912598 
v 16.454814910888672 74.0197982788086 4.709506511688232 
v 16.454814910888672 73.74047088623047 4.634713172912598 
v 16.552711486816406 74.33171081542969 4.325223922729492 
v 16.552711486816406 74.20135498046875 4.456756591796875 
v 16.552711486816406 74.0197982788086 4.503180027008057 
v 16.552711486816406 74.37826538085938 4.1472673416137695 
v 16.454814910888672 74.58309936523438 4.1472673416137695 
v 16.454814910888672 74.50861358642578 3.866147756576538 
v 16.552711486816406 74.20135498046875 3.837777853012085 
v 16.454814910888672 74.0197982788086 3.582448959350586 
v 16.552711486816406 74.0197982788086 3.7887754440307617 
v 16.552711486816406 73.84288787841797 3.837777853012085 
v 16.454814910888672 73.74047088623047 3.6572422981262207 
v 16.454814910888672 73.53097534179688 3.866147756576538 
v 16.552711486816406 73.71253967285156 3.969310998916626 
v 16.454814910888672 73.45648956298828 4.1472673416137695 
v 16.552711486816406 73.66598510742188 4.1472673416137695 
v 16.552711486816406 74.33171081542969 3.969310998916626 
v 16.454814910888672 73.53097534179688 4.42838716506958 
v 16.552711486816406 73.71253967285156 4.325223922729492 
v 16.552711486816406 73.84288787841797 4.456756591796875 
v 16.552711486816406 74.20135498046875 3.837777853012085 
v 16.552711486816406 74.33171081542969 3.969310998916626 
v 16.699556350708008 74.17342376708984 3.886780261993408 
v 16.699556350708008 74.28050231933594 3.9951016902923584 
v 16.552711486816406 74.37826538085938 4.1472673416137695 
v 16.552711486816406 74.0197982788086 3.7887754440307617 
v 16.699556350708008 74.0197982788086 3.845515012741089 
v 16.699556350708008 73.8708267211914 3.886780261993408 
v 16.699556350708008 74.0197982788086 4.1472673416137695 
v 16.699556350708008 73.75909423828125 3.9951016902923584 
v 16.552711486816406 73.71253967285156 3.969310998916626 
v 16.552711486816406 73.66598510742188 4.1472673416137695 
v 16.552711486816406 73.84288787841797 3.837777853012085 
v 16.699556350708008 74.32240295410156 4.1472673416137695 
v 16.699556350708008 74.28050231933594 4.296854019165039 
v 16.552711486816406 74.33171081542969 4.325223922729492 
v 16.699556350708008 74.17342376708984 4.407754421234131 
v 16.552711486816406 74.20135498046875 4.456756591796875 
v 16.552711486816406 74.0197982788086 4.503180027008057 
v 16.699556350708008 74.0197982788086 4.449019432067871 
v 16.699556350708008 73.8708267211914 4.407754421234131 
v 16.699556350708008 73.75909423828125 4.296854019165039 
v 16.552711486816406 73.71253967285156 4.325223922729492 
v 16.699556350708008 73.72184753417969 4.1472673416137695 
v 16.552711486816406 73.84288787841797 4.456756591796875 
v -9.8467378616333 80.40703582763672 0.00010670552001101896 
v -9.8467378616333 80.42565155029297 0.09037450700998306 
v -9.8467378616333 79.62957763671875 0.2090121954679489 
v -9.8467378616333 79.63888549804688 0.301859050989151 
v 9.846795082092285 80.40703582763672 0.00010670552001101896 
v 9.846795082092285 79.62957763671875 0.2090121954679489 
v 9.846795082092285 80.42565155029297 0.09037450700998306 
v 9.846795082092285 79.63888549804688 0.301859050989151 
v 9.846795082092285 78.93592071533203 0.2090121954679489 
v 9.846795082092285 78.9266128540039 0.301859050989151 
v 9.846795082092285 78.13518524169922 0.09037450700998306 
v 9.846795082092285 78.15846252441406 0.00010670552001101896 
v -9.8467378616333 78.15846252441406 0.00010670552001101896 
v -9.8467378616333 78.93592071533203 0.2090121954679489 
v -9.8467378616333 78.13518524169922 0.09037450700998306 
v -9.8467378616333 78.9266128540039 0.301859050989151 
v 9.846795082092285 78.15846252441406 0.00010670552001101896 
v -9.8467378616333 78.15846252441406 0.00010670552001101896 
v 9.846795082092285 78.13518524169922 0.09037450700998306 
v -9.8467378616333 78.13518524169922 0.09037450700998306 
v -9.8467378616333 78.9266128540039 0.301859050989151 
v 9.846795082092285 78.9266128540039 0.301859050989151 
v -9.8467378616333 79.63888549804688 0.301859050989151 
v 9.846795082092285 79.63888549804688 0.301859050989151 
v -9.8467378616333 80.42565155029297 0.09037450700998306 
v 9.846795082092285 80.42565155029297 0.09037450700998306 
v 9.846795082092285 80.40703582763672 0.00010670552001101896 
v -9.8467378616333 80.40703582763672 0.00010670552001101896 
v -6.84457540512085 79.50853729248047 0.4127594828605652 
v -6.697730541229248 79.443359375 0.4127594828605652 
v -6.84457540512085 79.50853729248047 0.668088436126709 
v -6.697730541229248 79.443359375 0.6732465624809265 
v -6.6324663162231445 79.28507995605469 0.4127594828605652 
v -6.6324663162231445 79.28507995605469 0.6835628747940063 
v -6.697730541229248 79.12679290771484 0.4127594828605652 
v -6.697730541229248 79.12679290771484 0.6913001537322998 
v -6.84457540512085 79.06161499023438 0.4127594828605652 
v -6.84457540512085 79.06161499023438 0.6964582800865173 
v -6.697730541229248 79.18731689453125 1.0317386388778687 
v -6.84457540512085 79.12213897705078 1.0523713827133179 
v -6.6324663162231445 79.33628845214844 0.9827361702919006 
v -6.697730541229248 79.48991394042969 0.9337336421012878 
v -6.84457540512085 79.5504379272461 0.9131010174751282 
v -7.007736682891846 79.443359375 0.6732465624809265 
v -7.007736682891846 79.443359375 0.4127594828605652 
v -7.073000907897949 79.28507995605469 0.4127594828605652 
v -7.073000907897949 79.28507995605469 0.6835628747940063 
v -7.007736682891846 79.12679290771484 0.4127594828605652 
v -7.007736682891846 79.48991394042969 0.9337336421012878 
v -6.84457540512085 79.64820098876953 1.1220065355300903 
v -6.697730541229248 79.59233856201172 1.1581135988235474 
v -6.6324663162231445 79.46198272705078 1.2483813762664795 
v -6.697730541229248 79.32697296142578 1.33607017993927 
v -6.84457540512085 79.27111053466797 1.3747563362121582 
v -6.697730541229248 79.56906127929688 1.5939781665802002 
v -6.84457540512085 79.53181457519531 1.6481387615203857 
v -6.84457540512085 79.87631225585938 1.7899881601333618 
v -6.697730541229248 79.89493560791016 1.7280902862548828 
v -6.84457540512085 80.26737213134766 1.8699396848678589 
v -6.6324663162231445 79.65750885009766 1.459865927696228 
v -6.697730541229248 79.75061798095703 1.3283329010009766 
v -6.6324663162231445 79.94149017333984 1.5759246349334717 
v -6.697730541229248 80.27667999267578 1.8054627180099487 
v -6.84457540512085 80.7375717163086 1.924100399017334 
v -6.697730541229248 80.74687957763672 1.8596234321594238 
v -6.84457540512085 81.1798324584961 2.004051923751831 
v -6.6324663162231445 80.29995727539062 1.650717854499817 
v -6.697730541229248 79.98804473876953 1.423758864402771 
v -6.84457540512085 79.7878646850586 1.2715930938720703 
v -7.007736682891846 79.59233856201172 1.1581135988235474 
v -7.073000907897949 79.33628845214844 0.9827361702919006 
v -7.007736682891846 79.12679290771484 0.6913001537322998 
v -6.84457540512085 79.06161499023438 0.4127594828605652 
v -6.84457540512085 79.06161499023438 0.6964582800865173 
v -7.007736682891846 79.18731689453125 1.0317386388778687 
v -6.84457540512085 79.12213897705078 1.0523713827133179 
v -7.007736682891846 79.32697296142578 1.33607017993927 
v -6.84457540512085 79.27111053466797 1.3747563362121582 
v -7.007736682891846 79.56906127929688 1.5939781665802002 
v -6.84457540512085 79.53181457519531 1.6481387615203857 
v -6.84457540512085 79.87631225585938 1.7899881601333618 
v -7.007736682891846 79.89493560791016 1.7280902862548828 
v -6.84457540512085 80.26737213134766 1.8699396848678589 
v -7.007736682891846 80.27667999267578 1.8054627180099487 
v -6.84457540512085 80.7375717163086 1.924100399017334 
v -7.007736682891846 80.74687957763672 1.8596234321594238 
v -6.84457540512085 81.1798324584961 2.004051923751831 
v -7.007736682891846 81.19845581054688 1.9421539306640625 
v -6.84457540512085 81.5196762084961 2.166533946990967 
v -7.007736682891846 81.55692291259766 2.1123733520507812 
v -6.84457540512085 81.77107238769531 2.3805975914001465 
v -7.007736682891846 81.82228088378906 2.339332342147827 
v -7.073000907897949 81.64537811279297 1.978261113166809 
v -7.073000907897949 81.24966430664062 1.7899881601333618 
v -7.073000907897949 80.77015686035156 1.704878568649292 
v -7.073000907897949 80.29995727539062 1.650717854499817 
v -7.073000907897949 79.94149017333984 1.5759246349334717 
v -7.073000907897949 79.65750885009766 1.459865927696228 
v -7.073000907897949 79.46198272705078 1.2483813762664795 
v -7.007736682891846 79.75061798095703 1.3283329010009766 
v -7.007736682891846 79.98804473876953 1.423758864402771 
v -7.007736682891846 80.32788848876953 1.4933940172195435 
v -7.007736682891846 80.7934341430664 1.5475547313690186 
v -7.007736682891846 81.29621887207031 1.6404016017913818 
v -7.007736682891846 81.72917175292969 1.844148874282837 
v -7.073000907897949 81.9479751586914 2.2413272857666016 
v -7.073000907897949 82.12023162841797 2.5920822620391846 
v -7.007736682891846 81.97125244140625 2.6436638832092285 
v -6.84457540512085 81.90608215332031 2.6642963886260986 
v -7.007736682891846 82.03643035888672 2.9866814613342285 
v -6.84457540512085 81.97125244140625 2.991839647293091 
v -6.84457540512085 81.97125244140625 3.2935919761657715 
v -7.007736682891846 82.03643035888672 3.3013291358947754 
v -6.84457540512085 81.90142059326172 3.559237241744995 
v -7.007736682891846 81.96194458007812 3.5850279331207275 
v -6.84457540512085 81.7571029663086 3.7965126037597656 
v -7.007736682891846 81.80831146240234 3.837777853012085 
v -7.007736682891846 81.59882354736328 4.044104099273682 
v -6.84457540512085 81.56157684326172 3.989943504333496 
v -7.007736682891846 81.38932800292969 4.167900085449219 
v -6.84457540512085 81.36605072021484 4.106001853942871 
v -7.007736682891846 81.14724731445312 4.250430583953857 
v -6.84457540512085 81.1332778930664 4.185953617095947 
v -7.007736682891846 80.71894836425781 4.271062850952148 
v -6.84457540512085 80.71429443359375 4.204007148742676 
v -7.007736682891846 80.18822479248047 4.268484115600586 
v -6.84457540512085 80.18822479248047 4.204007148742676 
v -6.84457540512085 76.98529815673828 4.204007148742676 
v -7.007736682891846 76.98529815673828 4.268484115600586 
v -7.056684970855713 76.94339752197266 4.224639415740967 
v -7.138265609741211 76.9387435913086 4.425807952880859 
v -7.056684970855713 75.1277847290039 4.224639415740967 
v -7.138265609741211 75.07657623291016 4.425807952880859 
v -7.056684970855713 76.9387435913086 4.626976013183594 
v -7.056684970855713 75.0253677368164 4.626976013183594 
v -6.84457540512085 76.94339752197266 4.142108917236328 
v -6.84457540512085 75.15106201171875 4.142108917236328 
v -7.073000907897949 76.98529815673828 4.425807952880859 
v -7.073000907897949 80.18822479248047 4.425807952880859 
v -7.073000907897949 80.72825622558594 4.42838716506958 
v -7.007736682891846 80.1835708618164 4.583131790161133 
v -7.007736682891846 76.98529815673828 4.583131790161133 
v -6.84457540512085 76.9387435913086 4.712085723876953 
v -6.84457540512085 75.00209045410156 4.712085723876953 
v -6.648782253265381 75.0253677368164 4.626976013183594 
v -6.648782253265381 76.9387435913086 4.626976013183594 
v -6.567202091217041 75.07657623291016 4.425807952880859 
v -6.567202091217041 76.9387435913086 4.425807952880859 
v -6.648782253265381 75.1277847290039 4.224639415740967 
v -6.648782253265381 76.94339752197266 4.224639415740967 
v -6.84457540512085 75.15106201171875 4.142108917236328 
v -6.84457540512085 76.94339752197266 4.142108917236328 
v -6.84457540512085 76.98529815673828 4.204007148742676 
v -6.697730541229248 76.98529815673828 4.268484115600586 
v -6.6324663162231445 76.98529815673828 4.425807952880859 
v -6.697730541229248 76.98529815673828 4.583131790161133 
v -6.84457540512085 76.98529815673828 4.650187969207764 
v -6.84457540512085 80.1835708618164 4.650187969207764 
v -6.697730541229248 80.1835708618164 4.583131790161133 
v -6.6324663162231445 80.18822479248047 4.425807952880859 
v -6.697730541229248 80.18822479248047 4.268484115600586 
v -6.84457540512085 80.18822479248047 4.204007148742676 
v -6.84457540512085 80.71429443359375 4.204007148742676 
v -6.697730541229248 80.71894836425781 4.271062850952148 
v -6.84457540512085 81.1332778930664 4.185953617095947 
v -6.6324663162231445 80.72825622558594 4.42838716506958 
v -6.697730541229248 80.7375717163086 4.5857110023498535 
v -6.697730541229248 81.14724731445312 4.250430583953857 
v -6.6324663162231445 81.17517852783203 4.40517520904541 
v -6.84457540512085 81.36605072021484 4.106001853942871 
v -6.697730541229248 81.38932800292969 4.167900085449219 
v -6.84457540512085 81.56157684326172 3.989943504333496 
v -6.697730541229248 81.59882354736328 4.044104099273682 
v -6.84457540512085 81.7571029663086 3.7965126037597656 
v -6.697730541229248 81.80831146240234 3.837777853012085 
v -6.697730541229248 81.96194458007812 3.5850279331207275 
v -6.6324663162231445 81.93401336669922 3.9357829093933105 
v -6.6324663162231445 81.69658660888672 4.170478820800781 
v -6.6324663162231445 81.44984436035156 4.314907550811768 
v -6.697730541229248 81.51036834716797 4.461915016174316 
v -6.697730541229248 81.207763671875 4.559919834136963 
v -6.84457540512085 80.7375717163086 4.652766704559326 
v -7.007736682891846 80.7375717163086 4.5857110023498535 
v -7.073000907897949 81.17517852783203 4.40517520904541 
v -6.84457540512085 81.90142059326172 3.559237241744995 
v -7.007736682891846 81.207763671875 4.559919834136963 
v -6.84457540512085 81.21707916259766 4.624396800994873 
v -6.84457540512085 81.53364562988281 4.523812770843506 
v -6.697730541229248 81.7896957397461 4.296854019165039 
v -6.84457540512085 81.83158874511719 4.351014614105225 
v -6.697730541229248 82.05970764160156 4.033787727355957 
v -7.007736682891846 81.51036834716797 4.461915016174316 
v -7.007736682891846 81.7896957397461 4.296854019165039 
v -7.073000907897949 81.44984436035156 4.314907550811768 
v -7.073000907897949 81.69658660888672 4.170478820800781 
v -7.073000907897949 81.93401336669922 3.9357829093933105 
v -7.073000907897949 82.10626220703125 3.646925926208496 
v -7.073000907897949 82.19005584716797 3.3219618797302246 
v -7.073000907897949 82.19471740722656 2.9737861156463623 
v -7.007736682891846 82.35299682617188 2.9583115577697754 
v -7.007736682891846 82.34834289550781 3.3425943851470947 
v -7.007736682891846 82.25523376464844 3.7088239192962646 
v -7.007736682891846 82.05970764160156 4.033787727355957 
v -6.84457540512085 82.11091613769531 4.0750532150268555 
v -6.84457540512085 82.31575775146484 3.7320356369018555 
v -6.697730541229248 82.25523376464844 3.7088239192962646 
v -6.84457540512085 82.41352081298828 3.3529107570648193 
v -6.6324663162231445 82.10626220703125 3.646925926208496 
v -6.6324663162231445 82.19005584716797 3.3219618797302246 
v -6.697730541229248 82.03643035888672 3.3013291358947754 
v -6.84457540512085 81.97125244140625 3.2935919761657715 
v -6.697730541229248 82.03643035888672 2.9866814613342285 
v -6.84457540512085 81.97125244140625 2.991839647293091 
v -6.84457540512085 81.90608215332031 2.6642963886260986 
v -6.697730541229248 81.97125244140625 2.6436638832092285 
v -6.84457540512085 81.77107238769531 2.3805975914001465 
v -6.6324663162231445 82.19471740722656 2.9737861156463623 
v -6.697730541229248 82.35299682617188 2.9583115577697754 
v -6.697730541229248 82.34834289550781 3.3425943851470947 
v -6.84457540512085 82.41817474365234 2.953153371810913 
v -7.007736682891846 82.27385711669922 2.5430796146392822 
v -7.007736682891846 82.07833099365234 2.143322229385376 
v -6.84457540512085 82.3343734741211 2.522447109222412 
v -6.697730541229248 82.27385711669922 2.5430796146392822 
v -6.6324663162231445 82.12023162841797 2.5920822620391846 
v -6.697730541229248 81.82228088378906 2.339332342147827 
v -6.697730541229248 81.55692291259766 2.1123733520507812 
v -6.84457540512085 81.5196762084961 2.166533946990967 
v -6.697730541229248 81.19845581054688 1.9421539306640625 
v -6.6324663162231445 80.77015686035156 1.704878568649292 
v -6.697730541229248 80.32788848876953 1.4933940172195435 
v -6.84457540512085 80.00666809082031 1.361860990524292 
v -6.84457540512085 80.33720397949219 1.4289170503616333 
v -6.697730541229248 80.7934341430664 1.5475547313690186 
v -6.6324663162231445 81.24966430664062 1.7899881601333618 
v -6.6324663162231445 81.64537811279297 1.978261113166809 
v -6.6324663162231445 81.9479751586914 2.2413272857666016 
v -6.697730541229248 82.07833099365234 2.143322229385376 
v -6.84457540512085 82.1295394897461 2.1020569801330566 
v -6.84457540512085 81.76641845703125 1.7899881601333618 
v -6.84457540512085 81.31949615478516 1.5759246349334717 
v -6.84457540512085 80.80274200439453 1.4830776453018188 
v -6.697730541229248 81.29621887207031 1.6404016017913818 
v -6.697730541229248 81.72917175292969 1.844148874282837 
v -7.073000907897949 79.28507995605469 0.4127594828605652 
v -7.154581546783447 79.2804183959961 0.3560197353363037 
v -7.007736682891846 79.443359375 0.4127594828605652 
v -7.073000907897949 79.49922943115234 0.3560197353363037 
v -6.84457540512085 79.50853729248047 0.4127594828605652 
v -6.84457540512085 79.58767700195312 0.3560197353363037 
v -6.6324663162231445 79.49922943115234 0.3560197353363037 
v -6.697730541229248 79.443359375 0.4127594828605652 
v -7.007736682891846 79.12679290771484 0.4127594828605652 
v -7.073000907897949 79.07093048095703 0.3560197353363037 
v -6.84457540512085 78.98247528076172 0.3560197353363037 
v -6.84457540512085 79.06161499023438 0.4127594828605652 
v -6.697730541229248 79.12679290771484 0.4127594828605652 
v -6.6324663162231445 79.07093048095703 0.3560197353363037 
v -6.5508856773376465 79.2804183959961 0.3560197353363037 
v -6.6324663162231445 79.07093048095703 0.301859050989151 
v -6.5508856773376465 79.2804183959961 0.301859050989151 
v -6.6324663162231445 79.49922943115234 0.301859050989151 
v -6.6324663162231445 79.28507995605469 0.4127594828605652 
v -6.84457540512085 78.98247528076172 0.301859050989151 
v -7.073000907897949 79.07093048095703 0.301859050989151 
v -7.154581546783447 79.2804183959961 0.301859050989151 
v -7.073000907897949 79.49922943115234 0.301859050989151 
v -6.84457540512085 79.58767700195312 0.301859050989151 
v 6.697787284851074 79.443359375 0.4127594828605652 
v 6.844632148742676 79.50853729248047 0.668088436126709 
v 6.844632148742676 79.50853729248047 0.4127594828605652 
v 7.007793426513672 79.443359375 0.4127594828605652 
v 6.697787284851074 79.443359375 0.6732465624809265 
v 6.632523059844971 79.28507995605469 0.4127594828605652 
v 6.632523059844971 79.28507995605469 0.6835628747940063 
v 6.697787284851074 79.12679290771484 0.4127594828605652 
v 6.697787284851074 79.12679290771484 0.6913001537322998 
v 6.844632148742676 79.06161499023438 0.4127594828605652 
v 6.844632148742676 79.06161499023438 0.6964582800865173 
v 6.697787284851074 79.18731689453125 1.0317386388778687 
v 6.844632148742676 79.12213897705078 1.0523713827133179 
v 6.632523059844971 79.33628845214844 0.9827361702919006 
v 6.697787284851074 79.48991394042969 0.9337336421012878 
v 6.844632148742676 79.5504379272461 0.9131010174751282 
v 7.007793426513672 79.443359375 0.6732465624809265 
v 7.073057651519775 79.28507995605469 0.4127594828605652 
v 7.073057651519775 79.28507995605469 0.6835628747940063 
v 7.007793426513672 79.12679290771484 0.4127594828605652 
v 7.007793426513672 79.48991394042969 0.9337336421012878 
v 6.844632148742676 79.64820098876953 1.1220065355300903 
v 6.697787284851074 79.59233856201172 1.1581135988235474 
v 6.632523059844971 79.46198272705078 1.2483813762664795 
v 6.697787284851074 79.32697296142578 1.33607017993927 
v 6.844632148742676 79.27111053466797 1.3747563362121582 
v 6.697787284851074 79.56906127929688 1.5939781665802002 
v 6.844632148742676 79.53181457519531 1.6481387615203857 
v 6.844632148742676 79.87631225585938 1.7899881601333618 
v 6.697787284851074 79.89493560791016 1.7280902862548828 
v 6.844632148742676 80.26737213134766 1.8699396848678589 
v 6.697787284851074 80.27667999267578 1.8054627180099487 
v 6.844632148742676 80.7375717163086 1.924100399017334 
v 6.697787284851074 80.74687957763672 1.8596234321594238 
v 6.844632148742676 81.1798324584961 2.004051923751831 
v 6.697787284851074 81.19845581054688 1.9421539306640625 
v 6.844632148742676 81.5196762084961 2.166533946990967 
v 6.697787284851074 81.55692291259766 2.1123733520507812 
v 6.844632148742676 81.77107238769531 2.3805975914001465 
v 6.697787284851074 81.82228088378906 2.339332342147827 
v 6.697787284851074 81.97125244140625 2.6436638832092285 
v 6.844632148742676 81.90608215332031 2.6642963886260986 
v 6.697787284851074 82.03643035888672 2.9866814613342285 
v 6.844632148742676 81.97125244140625 2.991839647293091 
v 6.844632148742676 81.97125244140625 3.2935919761657715 
v 6.697787284851074 82.03643035888672 3.3013291358947754 
v 6.844632148742676 81.90142059326172 3.559237241744995 
v 6.697787284851074 81.96194458007812 3.5850279331207275 
v 6.844632148742676 81.7571029663086 3.7965126037597656 
v 6.697787284851074 81.80831146240234 3.837777853012085 
v 6.697787284851074 81.59882354736328 4.044104099273682 
v 6.632523059844971 81.93401336669922 3.9357829093933105 
v 6.632523059844971 81.69658660888672 4.170478820800781 
v 6.697787284851074 81.38932800292969 4.167900085449219 
v 6.844632148742676 81.56157684326172 3.989943504333496 
v 6.844632148742676 81.36605072021484 4.106001853942871 
v 6.697787284851074 81.14724731445312 4.250430583953857 
v 6.844632148742676 81.1332778930664 4.185953617095947 
v 6.697787284851074 80.71894836425781 4.271062850952148 
v 6.844632148742676 80.71429443359375 4.204007148742676 
v 6.697787284851074 80.18822479248047 4.268484115600586 
v 6.844632148742676 80.18822479248047 4.204007148742676 
v 6.844632148742676 76.98529815673828 4.204007148742676 
v 6.697787284851074 76.98529815673828 4.268484115600586 
v 6.632523059844971 80.18822479248047 4.425807952880859 
v 6.632523059844971 80.72825622558594 4.42838716506958 
v 6.648838996887207 76.94339752197266 4.224639415740967 
v 6.567258834838867 76.9387435913086 4.425807952880859 
v 6.632523059844971 76.98529815673828 4.425807952880859 
v 6.697787284851074 80.1835708618164 4.583131790161133 
v 6.844632148742676 76.94339752197266 4.142108917236328 
v 6.844632148742676 75.15106201171875 4.142108917236328 
v 6.648838996887207 75.1277847290039 4.224639415740967 
v 6.567258834838867 75.07657623291016 4.425807952880859 
v 6.648838996887207 76.9387435913086 4.626976013183594 
v 6.648838996887207 75.0253677368164 4.626976013183594 
v 6.844632148742676 76.9387435913086 4.712085723876953 
v 6.844632148742676 75.00209045410156 4.712085723876953 
v 7.056741714477539 75.0253677368164 4.626976013183594 
v 7.056741714477539 76.9387435913086 4.626976013183594 
v 7.138321876525879 75.07657623291016 4.425807952880859 
v 7.138321876525879 76.9387435913086 4.425807952880859 
v 7.056741714477539 75.1277847290039 4.224639415740967 
v 7.056741714477539 76.94339752197266 4.224639415740967 
v 6.844632148742676 75.15106201171875 4.142108917236328 
v 6.844632148742676 76.94339752197266 4.142108917236328 
v 6.844632148742676 76.98529815673828 4.204007148742676 
v 7.007793426513672 76.98529815673828 4.268484115600586 
v 7.073057651519775 76.98529815673828 4.425807952880859 
v 7.007793426513672 76.98529815673828 4.583131790161133 
v 6.844632148742676 76.98529815673828 4.650187969207764 
v 6.697787284851074 76.98529815673828 4.583131790161133 
v 6.844632148742676 80.1835708618164 4.650187969207764 
v 7.007793426513672 80.1835708618164 4.583131790161133 
v 7.073057651519775 80.18822479248047 4.425807952880859 
v 7.007793426513672 80.18822479248047 4.268484115600586 
v 6.844632148742676 80.18822479248047 4.204007148742676 
v 6.844632148742676 80.71429443359375 4.204007148742676 
v 7.007793426513672 80.71894836425781 4.271062850952148 
v 6.844632148742676 81.1332778930664 4.185953617095947 
v 7.073057651519775 80.72825622558594 4.42838716506958 
v 7.007793426513672 80.7375717163086 4.5857110023498535 
v 6.844632148742676 80.7375717163086 4.652766704559326 
v 6.697787284851074 80.7375717163086 4.5857110023498535 
v 6.697787284851074 81.207763671875 4.559919834136963 
v 6.632523059844971 81.17517852783203 4.40517520904541 
v 6.697787284851074 81.51036834716797 4.461915016174316 
v 6.632523059844971 81.44984436035156 4.314907550811768 
v 6.697787284851074 81.7896957397461 4.296854019165039 
v 6.697787284851074 82.05970764160156 4.033787727355957 
v 6.632523059844971 82.10626220703125 3.646925926208496 
v 6.632523059844971 82.19005584716797 3.3219618797302246 
v 6.632523059844971 82.19471740722656 2.9737861156463623 
v 6.632523059844971 82.12023162841797 2.5920822620391846 
v 6.697787284851074 82.35299682617188 2.9583115577697754 
v 6.697787284851074 82.34834289550781 3.3425943851470947 
v 6.697787284851074 82.25523376464844 3.7088239192962646 
v 6.844632148742676 82.31575775146484 3.7320356369018555 
v 6.844632148742676 82.11091613769531 4.0750532150268555 
v 6.844632148742676 81.83158874511719 4.351014614105225 
v 6.844632148742676 81.53364562988281 4.523812770843506 
v 6.844632148742676 81.21707916259766 4.624396800994873 
v 7.007793426513672 81.207763671875 4.559919834136963 
v 6.844632148742676 82.41352081298828 3.3529107570648193 
v 7.007793426513672 81.51036834716797 4.461915016174316 
v 7.007793426513672 81.7896957397461 4.296854019165039 
v 7.007793426513672 82.05970764160156 4.033787727355957 
v 7.007793426513672 82.25523376464844 3.7088239192962646 
v 7.007793426513672 82.34834289550781 3.3425943851470947 
v 7.073057651519775 82.10626220703125 3.646925926208496 
v 7.073057651519775 81.93401336669922 3.9357829093933105 
v 7.073057651519775 81.69658660888672 4.170478820800781 
v 7.073057651519775 81.44984436035156 4.314907550811768 
v 7.073057651519775 81.17517852783203 4.40517520904541 
v 7.007793426513672 81.14724731445312 4.250430583953857 
v 6.844632148742676 81.36605072021484 4.106001853942871 
v 7.007793426513672 81.38932800292969 4.167900085449219 
v 6.844632148742676 81.56157684326172 3.989943504333496 
v 7.007793426513672 81.59882354736328 4.044104099273682 
v 6.844632148742676 81.7571029663086 3.7965126037597656 
v 7.007793426513672 81.80831146240234 3.837777853012085 
v 7.007793426513672 81.96194458007812 3.5850279331207275 
v 6.844632148742676 81.90142059326172 3.559237241744995 
v 7.007793426513672 82.03643035888672 3.3013291358947754 
v 6.844632148742676 81.97125244140625 3.2935919761657715 
v 7.007793426513672 82.03643035888672 2.9866814613342285 
v 6.844632148742676 81.97125244140625 2.991839647293091 
v 6.844632148742676 81.90608215332031 2.6642963886260986 
v 7.007793426513672 81.97125244140625 2.6436638832092285 
v 6.844632148742676 81.77107238769531 2.3805975914001465 
v 7.073057651519775 82.19005584716797 3.3219618797302246 
v 7.007793426513672 82.35299682617188 2.9583115577697754 
v 7.073057651519775 82.19471740722656 2.9737861156463623 
v 7.073057651519775 82.12023162841797 2.5920822620391846 
v 7.007793426513672 81.82228088378906 2.339332342147827 
v 7.007793426513672 81.55692291259766 2.1123733520507812 
v 6.844632148742676 81.5196762084961 2.166533946990967 
v 7.007793426513672 81.19845581054688 1.9421539306640625 
v 6.844632148742676 81.1798324584961 2.004051923751831 
v 7.007793426513672 80.74687957763672 1.8596234321594238 
v 6.844632148742676 80.7375717163086 1.924100399017334 
v 7.007793426513672 80.27667999267578 1.8054627180099487 
v 6.844632148742676 80.26737213134766 1.8699396848678589 
v 7.007793426513672 79.89493560791016 1.7280902862548828 
v 6.844632148742676 79.87631225585938 1.7899881601333618 
v 7.007793426513672 79.56906127929688 1.5939781665802002 
v 6.844632148742676 79.53181457519531 1.6481387615203857 
v 6.844632148742676 79.27111053466797 1.3747563362121582 
v 7.007793426513672 79.32697296142578 1.33607017993927 
v 6.844632148742676 79.12213897705078 1.0523713827133179 
v 7.007793426513672 79.18731689453125 1.0317386388778687 
v 6.844632148742676 79.06161499023438 0.6964582800865173 
v 7.007793426513672 79.12679290771484 0.6913001537322998 
v 6.844632148742676 79.06161499023438 0.4127594828605652 
v 7.073057651519775 79.33628845214844 0.9827361702919006 
v 7.073057651519775 79.46198272705078 1.2483813762664795 
v 7.007793426513672 79.59233856201172 1.1581135988235474 
v 6.844632148742676 79.7878646850586 1.2715930938720703 
v 6.697787284851074 79.75061798095703 1.3283329010009766 
v 6.632523059844971 79.65750885009766 1.459865927696228 
v 6.632523059844971 79.94149017333984 1.5759246349334717 
v 6.632523059844971 80.29995727539062 1.650717854499817 
v 6.632523059844971 80.77015686035156 1.704878568649292 
v 6.697787284851074 79.98804473876953 1.423758864402771 
v 6.697787284851074 80.32788848876953 1.4933940172195435 
v 6.697787284851074 80.7934341430664 1.5475547313690186 
v 6.632523059844971 81.24966430664062 1.7899881601333618 
v 6.632523059844971 81.64537811279297 1.978261113166809 
v 6.632523059844971 81.9479751586914 2.2413272857666016 
v 6.697787284851074 82.27385711669922 2.5430796146392822 
v 6.844632148742676 82.41817474365234 2.953153371810913 
v 7.007793426513672 82.27385711669922 2.5430796146392822 
v 7.073057651519775 81.9479751586914 2.2413272857666016 
v 7.073057651519775 81.64537811279297 1.978261113166809 
v 7.073057651519775 81.24966430664062 1.7899881601333618 
v 7.073057651519775 80.77015686035156 1.704878568649292 
v 7.073057651519775 80.29995727539062 1.650717854499817 
v 7.073057651519775 79.94149017333984 1.5759246349334717 
v 7.073057651519775 79.65750885009766 1.459865927696228 
v 7.007793426513672 79.75061798095703 1.3283329010009766 
v 7.007793426513672 79.98804473876953 1.423758864402771 
v 7.007793426513672 80.32788848876953 1.4933940172195435 
v 6.844632148742676 80.00666809082031 1.361860990524292 
v 6.844632148742676 80.33720397949219 1.4289170503616333 
v 7.007793426513672 80.7934341430664 1.5475547313690186 
v 6.844632148742676 80.80274200439453 1.4830776453018188 
v 7.007793426513672 81.29621887207031 1.6404016017913818 
v 6.697787284851074 81.29621887207031 1.6404016017913818 
v 6.844632148742676 81.31949615478516 1.5759246349334717 
v 7.007793426513672 81.72917175292969 1.844148874282837 
v 7.007793426513672 82.07833099365234 2.143322229385376 
v 6.844632148742676 81.76641845703125 1.7899881601333618 
v 6.697787284851074 81.72917175292969 1.844148874282837 
v 6.697787284851074 82.07833099365234 2.143322229385376 
v 6.844632148742676 82.3343734741211 2.522447109222412 
v 6.844632148742676 82.1295394897461 2.1020569801330566 
v 6.632523059844971 79.28507995605469 0.4127594828605652 
v 6.550942420959473 79.2804183959961 0.3560197353363037 
v 6.697787284851074 79.443359375 0.4127594828605652 
v 6.632523059844971 79.49922943115234 0.3560197353363037 
v 6.844632148742676 79.50853729248047 0.4127594828605652 
v 6.844632148742676 79.58767700195312 0.3560197353363037 
v 6.697787284851074 79.12679290771484 0.4127594828605652 
v 6.632523059844971 79.07093048095703 0.3560197353363037 
v 6.844632148742676 78.98247528076172 0.3560197353363037 
v 6.844632148742676 79.06161499023438 0.4127594828605652 
v 7.007793426513672 79.12679290771484 0.4127594828605652 
v 7.073057651519775 79.07093048095703 0.3560197353363037 
v 7.154638290405273 79.2804183959961 0.3560197353363037 
v 7.073057651519775 79.28507995605469 0.4127594828605652 
v 7.007793426513672 79.443359375 0.4127594828605652 
v 7.073057651519775 79.49922943115234 0.3560197353363037 
v 6.844632148742676 79.58767700195312 0.301859050989151 
v 7.073057651519775 79.49922943115234 0.301859050989151 
v 7.154638290405273 79.2804183959961 0.301859050989151 
v 7.073057651519775 79.07093048095703 0.301859050989151 
v 6.844632148742676 78.98247528076172 0.301859050989151 
v 6.632523059844971 79.07093048095703 0.301859050989151 
v 6.550942420959473 79.2804183959961 0.301859050989151 
v 6.632523059844971 79.49922943115234 0.301859050989151 
vn 0.0018854334484785795 0.5760593414306641 -0.8174057006835938 
vn -0.5939394235610962 0.3811691105365753 -0.70848149061203 
vn -0.005648934282362461 0.9060511589050293 -0.42313048243522644 
vn -0.6559852957725525 0.6715083718299866 -0.3446154296398163 
vn -0.0035349009558558464 0.9999904632568359 -0.002568255877122283 
vn -0.005661606788635254 0.08945280313491821 -0.9959749579429626 
vn -0.6683973073959351 -0.03276457265019417 -0.7430824637413025 
vn -0.588046669960022 -0.42514660954475403 -0.6880781054496765 
vn 0.0018883368466049433 -0.4987381398677826 -0.8667506575584412 
vn -0.005673270206898451 -0.8186644315719604 -0.5742441415786743 
vn -0.6243267059326172 -0.7094202041625977 -0.3270154595375061 
vn -0.007873271591961384 -0.999961793422699 -0.0037915678694844246 
vn -0.6232457756996155 -0.7820260524749756 1.2872797446050743e-13 
vn -0.6243267059326172 -0.7094202041625977 0.3270154595375061 
vn -0.005669482052326202 -0.8476362228393555 0.530547559261322 
vn -0.588046669960022 -0.42514660954475403 0.6880781054496765 
vn 2.5322525651870487e-13 -0.5760593414306641 0.8174078464508057 
vn -0.005661606788635254 -0.08945280313491821 0.9959749579429626 
vn -0.6683973073959351 -0.03276457265019417 0.7430824637413025 
vn -0.6546879410743713 0.34862664341926575 0.6707034707069397 
vn -0.001886979560367763 0.42118772864341736 0.9069715142250061 
vn -0.5457576513290405 0.7246471047401428 0.42075544595718384 
vn -0.0037625895347446203 0.865661084651947 0.5006163716316223 
vn -0.6659564971923828 0.7453821301460266 0.030123598873615265 
vn -0.9959266781806946 0.08945280313491821 -0.011323031038045883 
vn -0.9988822340965271 0.04149730131030083 -0.022634264081716537 
vn -0.996162474155426 0.05022686347365379 -0.07167710363864899 
vn -0.9958751797676086 0.006554040592163801 -0.09049693495035172 
vn -0.9958643913269043 -0.03713129088282585 -0.08291822671890259 
vn -0.9918703436851501 -0.10250037163496017 -0.07541177421808243 
vn -0.995983898639679 -0.08945280313491821 -0.003774415934458375 
vn -0.9960022568702698 -0.07203252613544464 0.052828334271907806 
vn -0.9916595220565796 -0.05459024757146835 0.11675294488668442 
vn -0.9958751797676086 0.006554040592163801 0.09049693495035172 
vn -0.9980669021606445 0.03276457265019417 0.05281035229563713 
vn -0.9933381080627441 0.0981530249118805 0.06037686765193939 
vn -0.9925763607025146 0.07203252613544464 0.09799733012914658 
vn -0.9963736534118652 0.07203252613544464 0.04528705030679703 
vn -0.9873095750808716 0.15880759060382843 2.0423369755367266e-13 
vn -0.9924440383911133 0.10684575140476227 -0.06032252684235573 
vn -0.9925763607025146 0.07203252613544464 -0.09799733012914658 
vn -0.9874485731124878 0.002184694167226553 -0.15792569518089294 
vn -0.9925763607025146 -0.07203252613544464 -0.09799733012914658 
vn -0.9979309439659119 -0.05459024757146835 -0.03396717831492424 
vn -0.9727944135665894 -0.23163928091526031 -0.003777675097808242 
vn -0.9963736534118652 -0.07203252613544464 0.04528705030679703 
vn -0.9953637719154358 -0.05459024757146835 0.07918879389762878 
vn -0.9874485731124878 -0.002184694167226553 0.15792569518089294 
vn -0.9873095750808716 0.15880759060382843 2.0423369755367266e-13 
vn -0.47239556908607483 0.7482877969741821 -0.4657335579395294 
vn -0.9924440383911133 0.10684575140476227 -0.06032252684235573 
vn -0.9925763607025146 0.07203252613544464 -0.09799733012914658 
vn -0.46753832697868347 0.3972681760787964 -0.7896745800971985 
vn -0.9874485731124878 0.002184694167226553 -0.15792569518089294 
vn -0.5492739677429199 -0.002184694167226553 -0.835639476776123 
vn -0.4632074534893036 -0.3972681760787964 -0.7922227382659912 
vn -0.9925763607025146 -0.07203252613544464 -0.09799733012914658 
vn -0.47438520193099976 -0.7482877969741821 -0.4637068212032318 
vn -0.9979309439659119 -0.05459024757146835 -0.03396717831492424 
vn -0.9727944135665894 -0.23163928091526031 -0.003777675097808242 
vn -0.5489680171012878 -0.8358433246612549 1.1335368272280197e-13 
vn -0.47438520193099976 -0.7482877969741821 0.4637068212032318 
vn -0.9963736534118652 -0.07203252613544464 0.04528705030679703 
vn -0.9953637719154358 -0.05459024757146835 0.07918879389762878 
vn -0.4632074534893036 -0.3972681760787964 0.7922227382659912 
vn -0.9874485731124878 -0.002184694167226553 0.15792569518089294 
vn -0.5492739677429199 -0.002184694167226553 0.835639476776123 
vn -0.46753832697868347 0.3972681760787964 0.7896745800971985 
vn -0.9925763607025146 0.07203252613544464 0.09799733012914658 
vn -0.47239556908607483 0.7482877969741821 0.4657335579395294 
vn -0.9963736534118652 0.07203252613544464 0.04528705030679703 
vn -0.5489680171012878 0.8358433246612549 1.1372486611281596e-13 
vn -0.7971415519714355 0.5398051738739014 -0.27051010727882385 
vn -0.7322696447372437 0.34042292833328247 -0.589824914932251 
vn -0.840762197971344 0.26970529556274414 -0.4694443643093109 
vn -0.8229818940162659 -0.002184694167226553 -0.5680633783340454 
vn -0.6799074411392212 -0.002184694167226553 -0.733294665813446 
vn -0.7233738899230957 0.5760593414306641 -0.3806386888027191 
vn -0.7751715183258057 0.6317508816719055 1.6046365625133063e-13 
vn -0.7779244780540466 0.6283578276634216 1.610322796332178e-13 
vn -0.7971415519714355 0.5398051738739014 0.27051010727882385 
vn -0.7233738899230957 0.5760593414306641 0.3806386888027191 
vn -0.8168941736221313 0.31150925159454346 0.4854337275028229 
vn -0.758685827255249 0.31565824151039124 0.5698733925819397 
vn -0.738196849822998 0.024029340595006943 0.6741572618484497 
vn -0.805295467376709 -0.01966099627315998 0.5925476551055908 
vn -0.8423003554344177 -0.26970529556274414 0.46667882800102234 
vn -0.7293799519538879 -0.34042292833328247 0.5933945775032043 
vn -0.7957913279533386 -0.5398051738739014 0.2744568884372711 
vn -0.7248557806015015 -0.5760593414306641 0.3778091073036194 
vn -0.7406500577926636 -0.6715083718299866 0.022670915350317955 
vn -0.8044068813323975 -0.5937783122062683 -0.018890757113695145 
vn -0.7773210406303406 -0.5434780716896057 -0.3168651759624481 
vn -0.775357186794281 -0.5580654144287109 -0.2956082820892334 
vn -0.8423003554344177 -0.26970529556274414 -0.46667882800102234 
vn -0.7293799519538879 -0.34042292833328247 -0.5933945775032043 
vn -0.840762197971344 0.26970529556274414 -0.4694443643093109 
vn -0.7233738899230957 0.5760593414306641 -0.3806386888027191 
vn -0.9855101108551025 0.08510008454322815 -0.1467234045267105 
vn -0.9916918277740479 0.11553031951189041 -0.056569553911685944 
vn -0.7751715183258057 0.6317508816719055 1.6046365625133063e-13 
vn -0.6799074411392212 -0.002184694167226553 -0.733294665813446 
vn -0.995894193649292 -0.002184694167226553 -0.0904986634850502 
vn -0.9855101108551025 -0.08510008454322815 -0.1467234045267105 
vn -0.999997615814209 0.002184694167226553 2.0682309760221979e-13 
vn -0.9916918277740479 -0.11553031951189041 -0.056569553911685944 
vn -0.7773210406303406 -0.5434780716896057 -0.3168651759624481 
vn -0.7406500577926636 -0.6715083718299866 0.022670915350317955 
vn -0.8423003554344177 -0.26970529556274414 -0.46667882800102234 
vn -0.995983898639679 0.08945280313491821 0.003774415934458375 
vn -0.9916918277740479 0.11553031951189041 0.056569553911685944 
vn -0.7233738899230957 0.5760593414306641 0.3806386888027191 
vn -0.9855101108551025 0.08510008454322815 0.1467234045267105 
vn -0.8168941736221313 0.31150925159454346 0.4854337275028229 
vn -0.738196849822998 0.024029340595006943 0.6741572618484497 
vn -0.995894193649292 -0.002184694167226553 0.0904986634850502 
vn -0.9855101108551025 -0.08510008454322815 0.1467234045267105 
vn -0.9916918277740479 -0.11553031951189041 0.056569553911685944 
vn -0.7248557806015015 -0.5760593414306641 0.3778091073036194 
vn -0.995983898639679 -0.08945280313491821 -0.003774415934458375 
vn -0.8423003554344177 -0.26970529556274414 0.46667882800102234 
vn -2.0682311115474694e-13 -1 -2.2204500197172533e-16 
vn -0.007873271591961384 -0.999961793422699 -0.0037915678694844246 
vn -0.0018934921827167273 -0.9658315181732178 -0.25916382670402527 
vn -0.005673270206898451 -0.8186644315719604 -0.5742441415786743 
vn 0.0037789649795740843 -0.8007197380065918 -0.5990272164344788 
vn 0.0018883368466049433 -0.4987381398677826 -0.8667506575584412 
vn 0.0018883368466049433 -0.4987381398677826 -0.8667506575584412 
vn 0.0018872113432735205 -0.08945280313491821 -0.9959892630577087 
vn -0.005661606788635254 0.08945280313491821 -0.9959749579429626 
vn -0.001886979560367763 0.42118772864341736 -0.9069715142250061 
vn 0.0018854334484785795 0.5760593414306641 -0.8174057006835938 
vn 0.005649582948535681 0.8186644315719604 -0.5742443799972534 
vn -0.005648934282362461 0.9060511589050293 -0.42313048243522644 
vn 0 1 2.2204500197172533e-16 
vn -0.0035349009558558464 0.9999904632568359 -0.002568255877122283 
vn -0.0037625895347446203 0.865661084651947 0.5006163716316223 
vn 0.0037625895347446203 0.865661084651947 0.5006163716316223 
vn 0.0018854334484785795 0.5760593414306641 0.8174057006835938 
vn -0.001886979560367763 0.42118772864341736 0.9069715142250061 
vn 0.0018872113432735205 0.08945280313491821 0.9959892630577087 
vn -0.005661606788635254 -0.08945280313491821 0.9959749579429626 
vn -0.001886979560367763 -0.42118772864341736 0.9069715142250061 
vn 2.5322525651870487e-13 -0.5760593414306641 0.8174078464508057 
vn 1.957449637492517e-13 -0.7765498161315918 0.630055844783783 
vn -0.005669482052326202 -0.8476362228393555 0.530547559261322 
vn -0.0018934921827167273 -0.9658315181732178 0.25916382670402527 
vn -0.0018934921827167273 -0.9658315181732178 0.25916382670402527 
vn -0.007873271591961384 -0.999961793422699 -0.0037915678694844246 
vn -2.0682311115474694e-13 -1 -2.2204500197172533e-16 
vn -0.0018934921827167273 -0.9658315181732178 -0.25916382670402527 
vn 0.008738672360777855 -0.999961793422699 -2.22036518407363e-16 
vn -2.0682311115474694e-13 -1 -2.2204500197172533e-16 
vn 0.008738672360777855 -0.999961793422699 -2.22036518407363e-16 
vn -2.0682311115474694e-13 -1 -2.2204500197172533e-16 
vn 0.0302029550075531 0.002184694167226553 -0.9995414018630981 
vn 0.005677718203514814 -0.9824016690254211 0.18669408559799194 
vn 0.0076066614128649235 -0.9961841106414795 -0.08694453537464142 
vn -0.0076066614128649235 -0.9961841106414795 0.08694453537464142 
vn -0.0018928318750113249 -0.9824016690254211 -0.18677081167697906 
vn -0.0302029550075531 0.002184694167226553 0.9995414018630981 
vn -0.999997615814209 0.002184694167226553 2.0682309760221979e-13 
vn -0.05283859372138977 0.002184694167226553 -0.9986006617546082 
vn -0.0075849550776183605 -0.9990455508232117 -0.04301641881465912 
vn 0.0302029550075531 0.002184694167226553 -0.9995414018630981 
vn -0.05283859372138977 0.002184694167226553 -0.9986006617546082 
vn 0.999997615814209 0.002184694167226553 4.851004321232411e-19 
vn 0.05283859372138977 0.002184694167226553 0.9986006617546082 
vn 0.0075849550776183605 -0.9990455508232117 0.04301641881465912 
vn -0.0302029550075531 0.002184694167226553 0.9995414018630981 
vn 0.05283859372138977 0.002184694167226553 0.9986006617546082 
vn -0.001886979560367763 0.42118772864341736 -0.9069715142250061 
vn 0.005649582948535681 0.8186644315719604 -0.5742443799972534 
vn 0.5939394235610962 0.3811691105365753 -0.70848149061203 
vn 0.6542221307754517 0.6715083718299866 -0.3479510247707367 
vn 0 1 2.2204500197172533e-16 
vn 0.6659564971923828 0.7453821301460266 0.030123598873615265 
vn 0.0018872113432735205 -0.08945280313491821 -0.9959892630577087 
vn 0.6683973073959351 -0.03276457265019417 -0.7430824637413025 
vn 0.5909122824668884 -0.42514660954475403 -0.6856186985969543 
vn 0.9958643913269043 -0.03713129088282585 -0.08291822671890259 
vn 0.9918703436851501 -0.10250037163496017 -0.07541177421808243 
vn 0.6243267059326172 -0.7094202041625977 -0.3270154595375061 
vn 0.0037789649795740843 -0.8007197380065918 -0.5990272164344788 
vn 0.008738672360777855 -0.999961793422699 -2.22036518407363e-16 
vn 0.0018883368466049433 -0.4987381398677826 -0.8667506575584412 
vn 0.9958751797676086 0.006554040592163801 -0.09049693495035172 
vn 0.995884358882904 0.05022686347365379 -0.07544256746768951 
vn 0.9988822340965271 0.04149730131030083 -0.022634264081716537 
vn 0.9959624409675598 0.08945280313491821 -0.007548777386546135 
vn 0.9873095750808716 0.15880759060382843 3.526243158044975e-17 
vn 0.9924440383911133 0.10684575140476227 -0.06032252684235573 
vn 0.9925763607025146 0.07203252613544464 -0.09799733012914658 
vn 0.9874485731124878 0.002184694167226553 -0.15792569518089294 
vn 0.9925763607025146 -0.07203252613544464 -0.09799733012914658 
vn 0.998052179813385 -0.05459024757146835 -0.030194269493222237 
vn 0.995991051197052 -0.08945280313491821 -1.9862547073115244e-17 
vn 0.9728017449378967 -0.23163928091526031 -5.143434526017593e-17 
vn 0.9963736534118652 -0.07203252613544464 0.04528705030679703 
vn 0.9960022568702698 -0.07203252613544464 0.052828334271907806 
vn 0.9956560134887695 -0.05459024757146835 0.07542527467012405 
vn 0.9920938611030579 -0.05459024757146835 0.11300315707921982 
vn 0.9958751797676086 0.006554040592163801 0.09049693495035172 
vn 0.9874485731124878 -0.002184694167226553 0.15792569518089294 
vn 0.9980669021606445 0.03276457265019417 0.05281035229563713 
vn 0.9925763607025146 0.07203252613544464 0.09799733012914658 
vn 0.9933381080627441 0.0981530249118805 0.06037686765193939 
vn 0.9963736534118652 0.07203252613544464 0.04528705030679703 
vn 0.5457576513290405 0.7246471047401428 0.42075544595718384 
vn 0.6546879410743713 0.34862664341926575 0.6707034707069397 
vn 0.0018854334484785795 0.5760593414306641 0.8174057006835938 
vn 0.0037625895347446203 0.865661084651947 0.5006163716316223 
vn 0.6683973073959351 -0.03276457265019417 0.7430824637413025 
vn 0.5909122824668884 -0.42514660954475403 0.6856186985969543 
vn 0.6243267059326172 -0.7094202041625977 0.3270154595375061 
vn 0.6232457756996155 -0.7820260524749756 -1.7364497026535318e-16 
vn 1.957449637492517e-13 -0.7765498161315918 0.630055844783783 
vn -0.001886979560367763 -0.42118772864341736 0.9069715142250061 
vn 0.0018872113432735205 0.08945280313491821 0.9959892630577087 
vn 0.9924440383911133 0.10684575140476227 -0.06032252684235573 
vn 0.4750337600708008 0.7482877969741821 -0.46304237842559814 
vn 0.9873095750808716 0.15880759060382843 3.526243158044975e-17 
vn 0.5489680171012878 0.8358433246612549 1.8559483167587804e-16 
vn 0.9925763607025146 0.07203252613544464 -0.09799733012914658 
vn 0.46753832697868347 0.3972681760787964 -0.7896745800971985 
vn 0.7298972606658936 0.34042292833328247 -0.5927581787109375 
vn 0.5492739677429199 -0.002184694167226553 -0.835639476776123 
vn 0.9874485731124878 0.002184694167226553 -0.15792569518089294 
vn 0.46646544337272644 -0.3972681760787964 -0.7903087735176086 
vn 0.9925763607025146 -0.07203252613544464 -0.09799733012914658 
vn 0.47438520193099976 -0.7482877969741821 -0.4637068212032318 
vn 0.998052179813385 -0.05459024757146835 -0.030194269493222237 
vn 0.9728017449378967 -0.23163928091526031 -5.143434526017593e-17 
vn 0.5489680171012878 -0.8358433246612549 -1.8559483167587804e-16 
vn 0.47438520193099976 -0.7482877969741821 0.4637068212032318 
vn 0.9963736534118652 -0.07203252613544464 0.04528705030679703 
vn 0.9956560134887695 -0.05459024757146835 0.07542527467012405 
vn 0.46646544337272644 -0.3972681760787964 0.7903087735176086 
vn 0.9874485731124878 -0.002184694167226553 0.15792569518089294 
vn 0.5492739677429199 -0.002184694167226553 0.835639476776123 
vn 0.46753832697868347 0.3972681760787964 0.7896745800971985 
vn 0.9925763607025146 0.07203252613544464 0.09799733012914658 
vn 0.4750337600708008 0.7482877969741821 0.46304237842559814 
vn 0.9963736534118652 0.07203252613544464 0.04528705030679703 
vn 0.795921266078949 0.5398051738739014 0.274079829454422 
vn 0.758685827255249 0.31565824151039124 0.5698733925819397 
vn 0.805295467376709 -0.01966099627315998 0.5925476551055908 
vn 0.7293799519538879 -0.34042292833328247 0.5933945775032043 
vn 0.7251221537590027 0.5760593414306641 0.377297580242157 
vn 0.8188157081604004 0.31150925159454346 0.4821854829788208 
vn 0.738196849822998 0.024029340595006943 0.6741572618484497 
vn 0.7751715183258057 0.6317508816719055 1.4027712639478468e-16 
vn 0.7779244780540466 0.6283578276634216 1.3952371705798158e-16 
vn 0.795921266078949 0.5398051738739014 -0.274079829454422 
vn 0.840762197971344 0.26970529556274414 -0.4694443643093109 
vn 0.8229818940162659 -0.002184694167226553 -0.5680633783340454 
vn 0.6799074411392212 -0.002184694167226553 -0.733294665813446 
vn 0.8404635787010193 -0.26970529556274414 -0.46997880935668945 
vn 0.7293799519538879 -0.34042292833328247 -0.5933945775032043 
vn 0.775357186794281 -0.5580654144287109 -0.2956082820892334 
vn 0.7773210406303406 -0.5434780716896057 -0.3168651759624481 
vn 0.8043093085289001 -0.5937783122062683 -0.022667990997433662 
vn 0.7406500577926636 -0.6715083718299866 0.022670915350317955 
vn 0.7251221537590027 0.5760593414306641 -0.377297580242157 
vn 0.7957913279533386 -0.5398051738739014 0.2744568884372711 
vn 0.7248557806015015 -0.5760593414306641 0.3778091073036194 
vn 0.8404635787010193 -0.26970529556274414 0.46997880935668945 
vn 0.840762197971344 0.26970529556274414 -0.4694443643093109 
vn 0.7251221537590027 0.5760593414306641 -0.377297580242157 
vn 0.9860590696334839 0.08510008454322815 -0.14298765361309052 
vn 0.9918995499610901 0.11553031951189041 -0.05280193313956261 
vn 0.7751715183258057 0.6317508816719055 1.4027712639478468e-16 
vn 0.6799074411392212 -0.002184694167226553 -0.733294665813446 
vn 0.995894193649292 -0.002184694167226553 -0.0904986634850502 
vn 0.9860590696334839 -0.08510008454322815 -0.14298765361309052 
vn 0.999997615814209 0.002184694167226553 4.851004321232411e-19 
vn 0.9918995499610901 -0.11553031951189041 -0.05280193313956261 
vn 0.7773210406303406 -0.5434780716896057 -0.3168651759624481 
vn 0.7406500577926636 -0.6715083718299866 0.022670915350317955 
vn 0.8404635787010193 -0.26970529556274414 -0.46997880935668945 
vn 0.995991051197052 0.08945280313491821 1.9862547073115244e-17 
vn 0.9918995499610901 0.11553031951189041 0.05280193313956261 
vn 0.7251221537590027 0.5760593414306641 0.377297580242157 
vn 0.9860590696334839 0.08510008454322815 0.14298765361309052 
vn 0.8188157081604004 0.31150925159454346 0.4821854829788208 
vn 0.738196849822998 0.024029340595006943 0.6741572618484497 
vn 0.995894193649292 -0.002184694167226553 0.0904986634850502 
vn 0.9860590696334839 -0.08510008454322815 0.14298765361309052 
vn 0.9918995499610901 -0.11553031951189041 0.05280193313956261 
vn 0.7248557806015015 -0.5760593414306641 0.3778091073036194 
vn 0.995991051197052 -0.08945280313491821 -1.9862547073115244e-17 
vn 0.8404635787010193 -0.26970529556274414 0.46997880935668945 
vn -0.015103965997695923 -0.25706008076667786 -0.9662773609161377 
vn -0.999997615814209 0.002184694167226553 2.0682309760221979e-13 
vn -0.01133258081972599 -0.18033768236637115 -0.9835394620895386 
vn -0.999997615814209 0.002184694167226553 2.0682309760221979e-13 
vn 0.007552213501185179 -0.25706008076667786 -0.9663659334182739 
vn 0.016977261751890182 -0.09380380809307098 -0.995445966720581 
vn 0.999997615814209 0.002184694167226553 4.851004321232411e-19 
vn 0.999997615814209 0.002184694167226553 4.851004321232411e-19 
vn 0.020749950781464577 0.18033768236637115 -0.9833858609199524 
vn 0.999997615814209 0.002184694167226553 4.851004321232411e-19 
vn 0.999997615814209 0.002184694167226553 4.851004321232411e-19 
vn 0.016970671713352203 0.25706008076667786 -0.9662464261054993 
vn -0.005657149478793144 0.25706008076667786 -0.9663788676261902 
vn -0.020749488845467567 0.09380380809307098 -0.9953744411468506 
vn -0.999997615814209 0.002184694167226553 2.0682309760221979e-13 
vn -0.999997615814209 0.002184694167226553 2.0682309760221979e-13 
vn -0.0018921449081972241 -0.9742990136146545 -0.22525057196617126 
vn -0.0018921449081972241 -0.9742990136146545 -0.22525057196617126 
vn -0.0018870332278311253 -0.3649536371231079 0.9310237765312195 
vn -0.0018870332278311253 -0.3649536371231079 0.9310237765312195 
vn 0.0037776012904942036 -0.18033768236637115 0.9835975170135498 
vn 0.0018864526646211743 -0.09380380809307098 0.9955888986587524 
vn 0.0018864526646211743 0.09380380809307098 0.9955888986587524 
vn -0.001886497950181365 0.18033768236637115 0.9836029410362244 
vn -0.0018870332278311253 0.3649536371231079 0.9310237765312195 
vn -0.0018870332278311253 0.3649536371231079 0.9310237765312195 
vn 0.0018721226369962096 0.9742990136146545 -0.2252507358789444 
vn 0.0018721226369962096 0.9742990136146545 -0.2252507358789444 
vn 0.0013502120273187757 0.9999904632568359 -0.0041555254720151424 
vn 0.6094833612442017 0.7927988767623901 1.7603703101306872e-16 
vn 0.003704126225784421 0.9961841106414795 -0.08719801157712936 
vn 0.686377763748169 0.7216291427612305 -0.09020493924617767 
vn 0.9911331534385681 0.1328723281621933 2.9503636551802526e-17 
vn 0.9993491172790527 0.03276457265019417 -0.015095127746462822 
vn 0.7967764139175415 -0.6042742133140564 -1.3417606718972016e-16 
vn 0.740094780921936 -0.6682642698287964 0.07538270950317383 
vn 2.0682311115474694e-13 -1 -2.2204500197172533e-16 
vn -0.0018966591451317072 -0.9896226525306702 0.14367829263210297 
vn 0.6945214867591858 -0.6907016038894653 0.20142287015914917 
vn 0.0018875712994486094 -0.9395264387130737 0.3424711227416992 
vn 0.9992818832397461 -0.03713129088282585 -0.007546626031398773 
vn 0.7299647927284241 0.6485338807106018 -0.21576647460460663 
vn 0.0037506339140236378 0.9680594801902771 -0.2506926953792572 
vn -0.6858764290809631 0.7216291427612305 -0.09394070506095886 
vn -0.6094833612442017 0.7927988767623901 1.2623127369770781e-13 
vn -0.9911260008811951 0.1328723281621933 -0.0037742170970886946 
vn -0.9993491172790527 0.03276457265019417 -0.015095127746462822 
vn -0.7967674732208252 -0.6042742133140564 0.003775471355766058 
vn -0.7299647927284241 0.6485338807106018 -0.21576647460460663 
vn -5.255128607663598e-14 0.8612531423568726 -0.5081761479377747 
vn 0.7352874279022217 0.5580654144287109 -0.38459765911102295 
vn 0.999138593673706 -0.04149730131030083 -9.214268418512982e-18 
vn 0.6946994662284851 -0.6042742133140564 0.39018628001213074 
vn 1.882755155122387e-13 -0.7954543828964233 0.6060134768486023 
vn 0.5990676879882812 -0.456519216299057 0.6578055620193481 
vn 2.5477506931416427e-13 -0.5688942670822144 0.8224106431007385 
vn 2.935218257685279e-13 -0.3198012113571167 0.9474846720695496 
vn 0.6931787729263306 -0.1975002884864807 0.6931787729263306 
vn 3.0541758358482163e-13 -0.16742929816246033 0.9858840703964233 
vn 0.9863400459289551 -0.09380380809307098 0.13540373742580414 
vn 0.8196009993553162 0.3198012113571167 -0.4753749966621399 
vn 0.9992848038673401 0.002184694167226553 0.03775046393275261 
vn 0.6943256855010986 -0.10684575140476227 0.7116852402687073 
vn 3.0686092772694296e-13 -0.1372016966342926 0.9905431270599365 
vn 0.7103651165962219 -0.10684575140476227 0.6956762075424194 
vn 3.0023851243718425e-13 -0.25706008076667786 0.9663954377174377 
vn 0.9997409582138062 0.002184694167226553 0.022653724998235703 
vn 0.7345367670059204 0.1975002884864807 -0.6491913199424744 
vn -0.001886310987174511 0.5580654144287109 -0.8297948241233826 
vn -0.7335312962532043 0.5580654144287109 -0.38793662190437317 
vn -0.9992818832397461 -0.03713129088282585 -0.007546626031398773 
vn -0.7397027015686035 -0.6682642698287964 0.0791379064321518 
vn 2.0682311115474694e-13 -1 -2.2204500197172533e-16 
vn -0.0018966591451317072 -0.9896226525306702 0.14367829263210297 
vn -0.695564866065979 -0.6907016038894653 0.19778968393802643 
vn 0.0018875712994486094 -0.9395264387130737 0.3424711227416992 
vn -0.6965405344963074 -0.6042742133140564 0.38689011335372925 
vn 1.882755155122387e-13 -0.7954543828964233 0.6060134768486023 
vn -0.5990676879882812 -0.456519216299057 0.6578055620193481 
vn 2.5477506931416427e-13 -0.5688942670822144 0.8224106431007385 
vn 2.935218257685279e-13 -0.3198012113571167 0.9474846720695496 
vn -0.6931787729263306 -0.1975002884864807 0.6931787729263306 
vn 3.0541758358482163e-13 -0.16742929816246033 0.9858840703964233 
vn -0.6970241665840149 -0.10684575140476227 0.709042489528656 
vn 3.0686092772694296e-13 -0.1372016966342926 0.9905431270599365 
vn -0.7130027413368225 -0.10684575140476227 0.6929726600646973 
vn 3.0023851243718425e-13 -0.25706008076667786 0.9663954377174377 
vn -0.7624875903129578 -0.2103329300880432 0.6118600964546204 
vn 0.0018883368466049433 -0.4987381398677826 0.8667506575584412 
vn -0.6668110489845276 -0.42118772864341736 0.6147876977920532 
vn 1.9149868594071223e-13 -0.7874425053596497 0.6163880825042725 
vn -0.8138147592544556 -0.456519216299057 0.3595772385597229 
vn -0.9935396313667297 -0.0633138045668602 0.09418243169784546 
vn -0.9891909956932068 0.04586252197623253 -0.13927596807479858 
vn -0.9999691247940063 -0.002184694167226553 -0.007551815826445818 
vn -0.9997409582138062 0.002184694167226553 0.022653724998235703 
vn -0.9992848038673401 0.002184694167226553 0.03775046393275261 
vn -0.9868460893630981 -0.09380380809307098 0.1316649168729782 
vn -0.999138593673706 -0.04149730131030083 2.0663573391428713e-13 
vn -0.821487307548523 0.3198012113571167 -0.47210779786109924 
vn -0.7345367670059204 0.1975002884864807 -0.6491913199424744 
vn -0.7266523838043213 0.10684575140476227 -0.6786459684371948 
vn -0.7060461044311523 0.10250037163496017 -0.7007086277008057 
vn -0.6387313604354858 0.2060592919588089 -0.7413243651390076 
vn -0.7401190400123596 0.34862664341926575 -0.5750506520271301 
vn -0.9874088764190674 0.1242060661315918 -0.09796231985092163 
vn -0.9995682239532471 0.028397228568792343 0.007548788096755743 
vn -0.7236394286155701 -0.651853621006012 0.22678804397583008 
vn 0.003778246697038412 -0.962351381778717 0.27178213000297546 
vn -0.6147439479827881 -0.7847417593002319 0.07918465882539749 
vn -0.0019082654034718871 -0.9953833818435669 0.09595967084169388 
vn -9.02541387980127e-15 -0.9961841106414795 -0.0872766524553299 
vn -0.7250412702560425 -0.681163489818573 -0.1016436442732811 
vn 0.0018875712994486094 -0.9395264387130737 -0.3424711227416992 
vn -0.764611005783081 -0.5867242813110352 -0.26669204235076904 
vn -6.374164840698346e-14 -0.7874425053596497 -0.6163880825042725 
vn -0.723793089389801 -0.5434780716896057 -0.42515304684638977 
vn -0.7218267321586609 -0.4642767012119293 -0.5132380127906799 
vn -8.101113909472074e-14 -0.6215357780456543 -0.7833857536315918 
vn -0.7191676497459412 -0.30735430121421814 -0.6231622695922852 
vn 0.0018884376622736454 -0.3811691105365753 -0.9245033860206604 
vn -0.7676098942756653 -0.11553031951189041 -0.6304187774658203 
vn -0.0018876121612265706 -0.1111890971660614 -0.9937974810600281 
vn -0.8889381885528564 -0.002184694167226553 -0.45802199840545654 
vn -1.0340933296291988e-13 -0.006554040592163801 -0.9999785423278809 
vn -0.7071051001548767 0.002184694167226553 -0.7071051001548767 
vn -1.0341130485562108e-13 0.002184694167226553 -0.999997615814209 
vn -1.0339156559981827e-13 0.01966099627315998 -0.9998067021369934 
vn -0.8141529560089111 0.01966099627315998 -0.580317497253418 
vn -0.7083626985549927 0.04586252197623253 -0.7043570876121521 
vn -0.9903755784034729 0.028397228568792343 -0.13546140491962433 
vn -0.855779230594635 -0.002184694167226553 -0.5173366069793701 
vn -0.9897211194038391 -0.002184694167226553 0.1429940164089203 
vn -0.7960869669914246 0.028397228568792343 0.6045156121253967 
vn -0.5987265110015869 -0.002184694167226553 0.8009505867958069 
vn -0.0018869596533477306 0.058952588587999344 -0.9982590079307556 
vn -1.0341130485562108e-13 -0.002184694167226553 -0.999997615814209 
vn -0.9905836582183838 0.01966099627315998 0.13548985123634338 
vn -0.9907727837562561 0.002184694167226553 -0.1355157196521759 
vn -0.9927064776420593 -0.002184694167226553 0.12053639441728592 
vn -0.855779230594635 -0.002184694167226553 0.5173366069793701 
vn -0.6284160614013672 0.01966099627315998 0.7776288986206055 
vn 3.096656503269457e-13 0.028397228568792343 0.9995967149734497 
vn 3.097898456858039e-13 -0.002184694167226553 0.999997615814209 
vn 0.5987265110015869 -0.002184694167226553 0.8009505867958069 
vn 0.7960869669914246 0.028397228568792343 0.6045156121253967 
vn 0.9897211194038391 -0.002184694167226553 0.1429940164089203 
vn 0.9903755784034729 0.028397228568792343 -0.13546140491962433 
vn 0.855779230594635 -0.002184694167226553 -0.5173366069793701 
vn 0.7056947946548462 0.04586252197623253 -0.7070299983024597 
vn -1.0341130485562108e-13 -0.002184694167226553 -0.999997615814209 
vn -0.0018869596533477306 0.058952588587999344 -0.9982590079307556 
vn -1.0339156559981827e-13 0.01966099627315998 -0.9998067021369934 
vn 0.8141529560089111 0.01966099627315998 -0.580317497253418 
vn 0.9905836582183838 0.01966099627315998 0.13548985123634338 
vn 0.6284160614013672 0.01966099627315998 0.7776288986206055 
vn 3.0973070245729484e-13 0.01966099627315998 0.9998067021369934 
vn 3.097898456858039e-13 -0.002184694167226553 0.999997615814209 
vn 0.855779230594635 -0.002184694167226553 0.5173366069793701 
vn 0.9907727837562561 0.002184694167226553 -0.1355157196521759 
vn 0.7071051001548767 0.002184694167226553 -0.7071051001548767 
vn -1.0341130485562108e-13 0.002184694167226553 -0.999997615814209 
vn -1.0340933296291988e-13 -0.006554040592163801 -0.9999785423278809 
vn 0.8889381885528564 -0.002184694167226553 -0.45802199840545654 
vn -0.0018876121612265706 -0.1111890971660614 -0.9937974810600281 
vn 0.9927064776420593 -0.002184694167226553 0.12053639441728592 
vn 0.8397637009620667 0.002184694167226553 0.5429477095603943 
vn 0.7699991464614868 -0.11553031951189041 -0.6274982690811157 
vn 0.9894376993179321 0.024029340595006943 0.1429530680179596 
vn 0.0018884376622736454 -0.3811691105365753 -0.9245033860206604 
vn 0.7191676497459412 -0.30735430121421814 -0.6231622695922852 
vn -8.101113909472074e-14 -0.6215357780456543 -0.7833857536315918 
vn 0.7196324467658997 -0.4642767012119293 -0.5163102746009827 
vn -6.374164840698346e-14 -0.7874425053596497 -0.6163880825042725 
vn 0.723793089389801 -0.5434780716896057 -0.42515304684638977 
vn 0.764611005783081 -0.5867242813110352 -0.26669204235076904 
vn 0.9936747550964355 -0.08945280313491821 -0.06788697093725204 
vn 0.9965961575508118 0.0633138045668602 0.05279610678553581 
vn 0.9997782111167908 0.01966099627315998 0.007550373673439026 
vn 0.7046638131141663 0.26549527049064636 0.6579978466033936 
vn 0.6338804960250854 0.0981530249118805 0.7671776413917542 
vn 3.097011308430403e-13 0.024029340595006943 0.999711275100708 
vn -0.8397637009620667 0.002184694167226553 0.5429477095603943 
vn -0.9894376993179321 0.024029340595006943 0.1429530680179596 
vn 0.0018875712994486094 -0.9395264387130737 -0.3424711227416992 
vn -0.6338804960250854 0.0981530249118805 0.7671776413917542 
vn -0.0018877115799114108 0.2017817199230194 0.9794287085533142 
vn -0.00188738526776433 0.4409002661705017 0.8975540995597839 
vn 0.6971756219863892 0.4409002661705017 0.5652902722358704 
vn 2.311213828827541e-13 0.6682642698287964 0.7439239621162415 
vn 0.6957883834838867 0.5652954578399658 0.44307971000671387 
vn -0.7020841240882874 0.26549527049064636 0.6607496738433838 
vn -0.6995468735694885 0.4409002661705017 0.562353253364563 
vn -0.9997782111167908 0.01966099627315998 0.007550373673439026 
vn -0.9967886209487915 0.0633138045668602 0.04902810975909233 
vn -0.9934103488922119 -0.08945280313491821 -0.0716521218419075 
vn -0.9874662160873413 0.1458524912595749 0.060312043875455856 
vn -0.9994826912879944 0.028397228568792343 -0.015097145922482014 
vn -0.9926747679710388 -0.11986933648586273 0.01510324701666832 
vn -0.7918403744697571 0.607749879360199 -0.060240041464567184 
vn -0.6972219944000244 0.7124928832054138 0.07896433770656586 
vn -0.6383137702941895 0.7216291427612305 0.2679680585861206 
vn -0.697807252407074 0.5652954578399658 0.43989330530166626 
vn 0.0037673702463507652 0.7874425053596497 0.6163765788078308 
vn 1.339242031075244e-13 0.9023185968399048 0.4310697019100189 
vn 0.6368452906608582 0.7216291427612305 0.27143949270248413 
vn 0.003751524491235614 0.9855159521102905 0.16954125463962555 
vn 0.9874662160873413 0.1458524912595749 0.060312043875455856 
vn 0.9994826912879944 0.028397228568792343 -0.015097145922482014 
vn 0.725555956363678 -0.681163489818573 -0.09790210425853729 
vn -9.02541387980127e-15 -0.9961841106414795 -0.0872766524553299 
vn 0.6152155995368958 -0.7847417593002319 0.0754331573843956 
vn -0.0019082654034718871 -0.9953833818435669 0.09595967084169388 
vn 0.003778246697038412 -0.962351381778717 0.27178213000297546 
vn 0.7225013375282288 -0.651853621006012 0.23038804531097412 
vn 1.9149868594071223e-13 -0.7874425053596497 0.6163880825042725 
vn 0.9926747679710388 -0.11986933648586273 0.01510324701666832 
vn 0.7918403744697571 0.607749879360199 -0.060240041464567184 
vn 0.6967878937721252 0.7124928832054138 0.08270743489265442 
vn 0.0018611537525430322 0.9953833818435669 -0.0959606021642685 
vn -0.6997105479240417 0.681163489818573 -0.21545632183551788 
vn -0.597568154335022 0.6317508816719055 -0.4937642812728882 
vn -0.0018814154900610447 0.931820809841156 -0.3629138767719269 
vn 0.6997105479240417 0.681163489818573 -0.21545632183551788 
vn 0.9995682239532471 0.028397228568792343 0.007548788096755743 
vn 0.8138147592544556 -0.456519216299057 0.3595772385597229 
vn 0.6642470955848694 -0.42118772864341736 0.6175570487976074 
vn 0.0018883368466049433 -0.4987381398677826 0.8667506575584412 
vn 0.7601175308227539 -0.2103329300880432 0.6148018836975098 
vn 0.9999691247940063 -0.002184694167226553 -0.007551815826445818 
vn 0.7266523838043213 0.10684575140476227 -0.6786459684371948 
vn -0.0037753775250166655 0.24860523641109467 -0.9685975313186646 
vn 0.0018859885167330503 0.1372016966342926 -0.9905413389205933 
vn 0.7060461044311523 0.10250037163496017 -0.7007086277008057 
vn 0.9886574149131775 0.04586252197623253 -0.143014594912529 
vn 0.9931765198707581 -0.0633138045668602 0.09793782234191895 
vn 0.9874088764190674 0.1242060661315918 -0.09796231985092163 
vn 0.597568154335022 0.6317508816719055 -0.4937642812728882 
vn -0.0018841582350432873 0.790128231048584 -0.6129387021064758 
vn -0.0018851460190489888 0.5796254277229309 -0.8148808479309082 
vn 0.003771411720663309 0.34452807903289795 -0.9387684464454651 
vn 0.0037733782082796097 0.15880759060382843 -0.9873023629188538 
vn 0.6415842175483704 0.2060592919588089 -0.7388567328453064 
vn 0.7401190400123596 0.34862664341926575 -0.5750506520271301 
vn -0.5804283022880554 -0.002184694167226553 0.8143084645271301 
vn -0.7926391959190369 0.05022686347365379 0.6076185703277588 
vn -0.468630850315094 0.34862664341926575 0.8116924166679382 
vn -0.5063208341598511 0.661737859249115 0.5529396533966064 
vn -0.0018851460190489888 0.5796254277229309 0.8148808479309082 
vn 0.07320711761713028 0.8805659413337708 0.4682353138923645 
vn 0.5934094786643982 0.5831804275512695 0.5547664165496826 
vn 0.468630850315094 0.34862664341926575 0.8116924166679382 
vn -0.40967920422554016 -0.40926313400268555 0.8152709007263184 
vn -0.6772446036338806 -0.5724822878837585 0.46217289566993713 
vn -0.047160614281892776 -0.7927988767623901 0.6076560020446777 
vn -0.003775842720642686 -0.5796254277229309 0.8148742914199829 
vn 0.40630120038986206 -0.40926313400268555 0.8169596195220947 
vn 0.5674152970314026 -0.677958071231842 0.4673464894294739 
vn 0.7903364896774292 -0.05022686347365379 0.6106107831001282 
vn 0.7967764139175415 -0.6042742133140564 -1.3417606718972016e-16 
vn 0.9905431270599365 0.1372016966342926 3.04649494637647e-17 
vn 0.6060134768486023 0.7954543828964233 1.7662667182347612e-16 
vn 0.5804283022880554 0.002184694167226553 0.8143084645271301 
vn 0.13503733277320862 -0.990840494632721 -2.2001118322113915e-16 
vn -0.602520227432251 -0.7980946898460388 -0.003778239479288459 
vn -0.9905431270599365 -0.1372016966342926 2.0483674435453625e-13 
vn -0.7994090914726257 0.6007870435714722 1.6546967517971217e-13 
vn -0.13503733277320862 0.990840494632721 2.8148853013039085e-14 
vn -0.6094833612442017 0.7927988767623901 1.2623127369770781e-13 
vn 0.003704126225784421 0.9961841106414795 -0.08719801157712936 
vn 0.0013502120273187757 0.9999904632568359 -0.0041555254720151424 
vn 0.6094833612442017 0.7927988767623901 1.7603703101306872e-16 
vn -0.6858764290809631 0.7216291427612305 -0.09394070506095886 
vn -0.9911260008811951 0.1328723281621933 -0.0037742170970886946 
vn -0.9993491172790527 0.03276457265019417 -0.015095127746462822 
vn -0.7967674732208252 -0.6042742133140564 0.003775471355766058 
vn -0.7397027015686035 -0.6682642698287964 0.0791379064321518 
vn -2.0682311115474694e-13 -1 -2.2204500197172533e-16 
vn -0.0018966591451317072 -0.9896226525306702 0.14367829263210297 
vn -0.695564866065979 -0.6907016038894653 0.19778968393802643 
vn 0.0018875712994486094 -0.9395264387130737 0.3424711227416992 
vn -0.9992818832397461 -0.03713129088282585 -0.007546626031398773 
vn -0.7299647927284241 0.6485338807106018 -0.21576647460460663 
vn 0.0037506339140236378 0.9680594801902771 -0.2506926953792572 
vn 0.686377763748169 0.7216291427612305 -0.09020493924617767 
vn 0.9911331534385681 0.1328723281621933 2.9503636551802526e-17 
vn 0.9993491172790527 0.03276457265019417 -0.015095127746462822 
vn 0.7967764139175415 -0.6042742133140564 -1.3417606718972016e-16 
vn 0.7299647927284241 0.6485338807106018 -0.21576647460460663 
vn -5.255128607663598e-14 0.8612531423568726 -0.5081761479377747 
vn -0.7335312962532043 0.5580654144287109 -0.38793662190437317 
vn -0.999138593673706 -0.04149730131030083 2.0663573391428713e-13 
vn -0.6965405344963074 -0.6042742133140564 0.38689011335372925 
vn 1.882755155122387e-13 -0.7954543828964233 0.6060134768486023 
vn -0.5990676879882812 -0.456519216299057 0.6578055620193481 
vn 2.5477506931416427e-13 -0.5688942670822144 0.8224106431007385 
vn 2.935218257685279e-13 -0.3198012113571167 0.9474846720695496 
vn -0.6931787729263306 -0.1975002884864807 0.6931787729263306 
vn 3.0541758358482163e-13 -0.16742929816246033 0.9858840703964233 
vn -0.6970241665840149 -0.10684575140476227 0.709042489528656 
vn 3.0686092772694296e-13 -0.1372016966342926 0.9905431270599365 
vn -0.7130027413368225 -0.10684575140476227 0.6929726600646973 
vn 3.0023851243718425e-13 -0.25706008076667786 0.9663954377174377 
vn -0.7624875903129578 -0.2103329300880432 0.6118600964546204 
vn 0.0018883368466049433 -0.4987381398677826 0.8667506575584412 
vn -0.6668110489845276 -0.42118772864341736 0.6147876977920532 
vn 1.9149868594071223e-13 -0.7874425053596497 0.6163880825042725 
vn -0.8138147592544556 -0.456519216299057 0.3595772385597229 
vn -0.7236394286155701 -0.651853621006012 0.22678804397583008 
vn -0.003778246697038412 -0.962351381778717 0.27178213000297546 
vn -0.6147439479827881 -0.7847417593002319 0.07918465882539749 
vn -0.0019082654034718871 -0.9953833818435669 0.09595967084169388 
vn -9.02541387980127e-15 -0.9961841106414795 -0.0872766524553299 
vn -0.7250412702560425 -0.681163489818573 -0.1016436442732811 
vn 0.0018875712994486094 -0.9395264387130737 -0.3424711227416992 
vn -0.764611005783081 -0.5867242813110352 -0.26669204235076904 
vn -6.374164840698346e-14 -0.7874425053596497 -0.6163880825042725 
vn -0.723793089389801 -0.5434780716896057 -0.42515304684638977 
vn -0.7218267321586609 -0.4642767012119293 -0.5132380127906799 
vn -0.9934103488922119 -0.08945280313491821 -0.0716521218419075 
vn -0.9967886209487915 0.0633138045668602 0.04902810975909233 
vn -0.7191676497459412 -0.30735430121421814 -0.6231622695922852 
vn -8.101113909472074e-14 -0.6215357780456543 -0.7833857536315918 
vn 0.0018884376622736454 -0.3811691105365753 -0.9245033860206604 
vn -0.7676098942756653 -0.11553031951189041 -0.6304187774658203 
vn -0.0018876121612265706 -0.1111890971660614 -0.9937974810600281 
vn -0.8889381885528564 -0.002184694167226553 -0.45802199840545654 
vn -1.0340933296291988e-13 -0.006554040592163801 -0.9999785423278809 
vn -0.7071051001548767 0.002184694167226553 -0.7071051001548767 
vn -1.0341130485562108e-13 0.002184694167226553 -0.999997615814209 
vn -1.0339156559981827e-13 0.01966099627315998 -0.9998067021369934 
vn -0.8141529560089111 0.01966099627315998 -0.580317497253418 
vn -0.9907727837562561 0.002184694167226553 -0.1355157196521759 
vn -0.9927064776420593 -0.002184694167226553 0.12053639441728592 
vn -0.7083626985549927 0.04586252197623253 -0.7043570876121521 
vn -0.9903755784034729 0.028397228568792343 -0.13546140491962433 
vn -0.9905836582183838 0.01966099627315998 0.13548985123634338 
vn -0.855779230594635 -0.002184694167226553 0.5173366069793701 
vn -0.0018869596533477306 0.058952588587999344 -0.9982590079307556 
vn -1.0341130485562108e-13 -0.002184694167226553 -0.999997615814209 
vn -0.855779230594635 -0.002184694167226553 -0.5173366069793701 
vn -0.9897211194038391 -0.002184694167226553 0.1429940164089203 
vn -0.7960869669914246 0.028397228568792343 0.6045156121253967 
vn -0.5987265110015869 -0.002184694167226553 0.8009505867958069 
vn 3.096656503269457e-13 0.028397228568792343 0.9995967149734497 
vn 3.097898456858039e-13 -0.002184694167226553 0.999997615814209 
vn 0.5987265110015869 -0.002184694167226553 0.8009505867958069 
vn 0.7960869669914246 0.028397228568792343 0.6045156121253967 
vn 0.9897211194038391 -0.002184694167226553 0.1429940164089203 
vn 0.9903755784034729 0.028397228568792343 -0.13546140491962433 
vn 0.855779230594635 -0.002184694167226553 -0.5173366069793701 
vn 0.7056947946548462 0.04586252197623253 -0.7070299983024597 
vn -1.0341130485562108e-13 -0.002184694167226553 -0.999997615814209 
vn -0.0018869596533477306 0.058952588587999344 -0.9982590079307556 
vn -1.0339156559981827e-13 0.01966099627315998 -0.9998067021369934 
vn 0.8141529560089111 0.01966099627315998 -0.580317497253418 
vn 0.9905836582183838 0.01966099627315998 0.13548985123634338 
vn 0.6284160614013672 0.01966099627315998 0.7776288986206055 
vn 3.0973070245729484e-13 0.01966099627315998 0.9998067021369934 
vn -0.6284160614013672 0.01966099627315998 0.7776288986206055 
vn 3.097898456858039e-13 -0.002184694167226553 0.999997615814209 
vn 0.855779230594635 -0.002184694167226553 0.5173366069793701 
vn 0.9907727837562561 0.002184694167226553 -0.1355157196521759 
vn 0.7071051001548767 0.002184694167226553 -0.7071051001548767 
vn -1.0341130485562108e-13 0.002184694167226553 -0.999997615814209 
vn -1.0340933296291988e-13 -0.006554040592163801 -0.9999785423278809 
vn 0.8889381885528564 -0.002184694167226553 -0.45802199840545654 
vn -0.0018876121612265706 -0.1111890971660614 -0.9937974810600281 
vn 0.9927064776420593 -0.002184694167226553 0.12053639441728592 
vn 0.8397637009620667 0.002184694167226553 0.5429477095603943 
vn 3.097011308430403e-13 0.024029340595006943 0.999711275100708 
vn -0.8397637009620667 0.002184694167226553 0.5429477095603943 
vn -0.6338804960250854 0.0981530249118805 0.7671776413917542 
vn -0.9894376993179321 0.024029340595006943 0.1429530680179596 
vn -0.7020841240882874 0.26549527049064636 0.6607496738433838 
vn -0.9997782111167908 0.01966099627315998 0.007550373673439026 
vn -0.6995468735694885 0.4409002661705017 0.562353253364563 
vn -0.697807252407074 0.5652954578399658 0.43989330530166626 
vn -0.9874662160873413 0.1458524912595749 0.060312043875455856 
vn -0.9994826912879944 0.028397228568792343 -0.015097145922482014 
vn -0.9926747679710388 -0.11986933648586273 0.01510324701666832 
vn -0.9995682239532471 0.028397228568792343 0.007548788096755743 
vn -0.7918403744697571 0.607749879360199 -0.060240041464567184 
vn -0.6972219944000244 0.7124928832054138 0.07896433770656586 
vn -0.6383137702941895 0.7216291427612305 0.2679680585861206 
vn 1.339242031075244e-13 0.9023185968399048 0.4310697019100189 
vn -0.0037673702463507652 0.7874425053596497 0.6163765788078308 
vn 2.311213828827541e-13 0.6682642698287964 0.7439239621162415 
vn -0.00188738526776433 0.4409002661705017 0.8975540995597839 
vn -0.0018877115799114108 0.2017817199230194 0.9794287085533142 
vn 0.6338804960250854 0.0981530249118805 0.7671776413917542 
vn -0.003751524491235614 0.9855159521102905 0.16954125463962555 
vn 0.7046638131141663 0.26549527049064636 0.6579978466033936 
vn 0.6971756219863892 0.4409002661705017 0.5652902722358704 
vn 0.6957883834838867 0.5652954578399658 0.44307971000671387 
vn 0.6368452906608582 0.7216291427612305 0.27143949270248413 
vn 0.6967878937721252 0.7124928832054138 0.08270743489265442 
vn 0.9874662160873413 0.1458524912595749 0.060312043875455856 
vn 0.9936747550964355 -0.08945280313491821 -0.06788697093725204 
vn 0.9965961575508118 0.0633138045668602 0.05279610678553581 
vn 0.9997782111167908 0.01966099627315998 0.007550373673439026 
vn 0.9894376993179321 0.024029340595006943 0.1429530680179596 
vn 0.7699991464614868 -0.11553031951189041 -0.6274982690811157 
vn 0.0018884376622736454 -0.3811691105365753 -0.9245033860206604 
vn 0.7191676497459412 -0.30735430121421814 -0.6231622695922852 
vn -8.101113909472074e-14 -0.6215357780456543 -0.7833857536315918 
vn 0.7196324467658997 -0.4642767012119293 -0.5163102746009827 
vn -6.374164840698346e-14 -0.7874425053596497 -0.6163880825042725 
vn 0.723793089389801 -0.5434780716896057 -0.42515304684638977 
vn 0.764611005783081 -0.5867242813110352 -0.26669204235076904 
vn 0.0018875712994486094 -0.9395264387130737 -0.3424711227416992 
vn 0.725555956363678 -0.681163489818573 -0.09790210425853729 
vn -9.02541387980127e-15 -0.9961841106414795 -0.0872766524553299 
vn 0.6152155995368958 -0.7847417593002319 0.0754331573843956 
vn -0.0019082654034718871 -0.9953833818435669 0.09595967084169388 
vn -0.003778246697038412 -0.962351381778717 0.27178213000297546 
vn 0.7225013375282288 -0.651853621006012 0.23038804531097412 
vn 1.9149868594071223e-13 -0.7874425053596497 0.6163880825042725 
vn 0.9994826912879944 0.028397228568792343 -0.015097145922482014 
vn 0.7918403744697571 0.607749879360199 -0.060240041464567184 
vn 0.9926747679710388 -0.11986933648586273 0.01510324701666832 
vn 0.9995682239532471 0.028397228568792343 0.007548788096755743 
vn 0.8138147592544556 -0.456519216299057 0.3595772385597229 
vn 0.6642470955848694 -0.42118772864341736 0.6175570487976074 
vn 0.0018883368466049433 -0.4987381398677826 0.8667506575584412 
vn 0.7601175308227539 -0.2103329300880432 0.6148018836975098 
vn 3.0023851243718425e-13 -0.25706008076667786 0.9663954377174377 
vn 0.7103651165962219 -0.10684575140476227 0.6956762075424194 
vn 3.0686092772694296e-13 -0.1372016966342926 0.9905431270599365 
vn 0.6943256855010986 -0.10684575140476227 0.7116852402687073 
vn 3.0541758358482163e-13 -0.16742929816246033 0.9858840703964233 
vn 0.6931787729263306 -0.1975002884864807 0.6931787729263306 
vn 2.935218257685279e-13 -0.3198012113571167 0.9474846720695496 
vn 0.5990676879882812 -0.456519216299057 0.6578055620193481 
vn 2.5477506931416427e-13 -0.5688942670822144 0.8224106431007385 
vn 1.882755155122387e-13 -0.7954543828964233 0.6060134768486023 
vn 0.6946994662284851 -0.6042742133140564 0.39018628001213074 
vn 0.0018875712994486094 -0.9395264387130737 0.3424711227416992 
vn 0.6945214867591858 -0.6907016038894653 0.20142287015914917 
vn -0.0018966591451317072 -0.9896226525306702 0.14367829263210297 
vn 0.740094780921936 -0.6682642698287964 0.07538270950317383 
vn -2.0682311115474694e-13 -1 -2.2204500197172533e-16 
vn 0.9992818832397461 -0.03713129088282585 -0.007546626031398773 
vn 0.999138593673706 -0.04149730131030083 -9.214268418512982e-18 
vn 0.7352874279022217 0.5580654144287109 -0.38459765911102295 
vn -0.001886310987174511 0.5580654144287109 -0.8297948241233826 
vn -0.821487307548523 0.3198012113571167 -0.47210779786109924 
vn -0.9868460893630981 -0.09380380809307098 0.1316649168729782 
vn -0.9992848038673401 0.002184694167226553 0.03775046393275261 
vn -0.9997409582138062 0.002184694167226553 0.022653724998235703 
vn -0.9999691247940063 -0.002184694167226553 -0.007551815826445818 
vn -0.7345367670059204 0.1975002884864807 -0.6491913199424744 
vn -0.7266523838043213 0.10684575140476227 -0.6786459684371948 
vn -0.7060461044311523 0.10250037163496017 -0.7007086277008057 
vn -0.9891909956932068 0.04586252197623253 -0.13927596807479858 
vn -0.9935396313667297 -0.0633138045668602 0.09418243169784546 
vn -0.9874088764190674 0.1242060661315918 -0.09796231985092163 
vn -0.6997105479240417 0.681163489818573 -0.21545632183551788 
vn 0.0018611537525430322 0.9953833818435669 -0.0959606021642685 
vn 0.6997105479240417 0.681163489818573 -0.21545632183551788 
vn 0.9874088764190674 0.1242060661315918 -0.09796231985092163 
vn 0.9931765198707581 -0.0633138045668602 0.09793782234191895 
vn 0.9886574149131775 0.04586252197623253 -0.143014594912529 
vn 0.9999691247940063 -0.002184694167226553 -0.007551815826445818 
vn 0.9997409582138062 0.002184694167226553 0.022653724998235703 
vn 0.9992848038673401 0.002184694167226553 0.03775046393275261 
vn 0.9863400459289551 -0.09380380809307098 0.13540373742580414 
vn 0.8196009993553162 0.3198012113571167 -0.4753749966621399 
vn 0.7345367670059204 0.1975002884864807 -0.6491913199424744 
vn 0.7266523838043213 0.10684575140476227 -0.6786459684371948 
vn 0.0037753775250166655 0.24860523641109467 -0.9685975313186646 
vn 0.0018859885167330503 0.1372016966342926 -0.9905413389205933 
vn 0.7060461044311523 0.10250037163496017 -0.7007086277008057 
vn -0.0037733782082796097 0.15880759060382843 -0.9873023629188538 
vn 0.6415842175483704 0.2060592919588089 -0.7388567328453064 
vn -0.6387313604354858 0.2060592919588089 -0.7413243651390076 
vn -0.003771411720663309 0.34452807903289795 -0.9387684464454651 
vn 0.7401190400123596 0.34862664341926575 -0.5750506520271301 
vn 0.597568154335022 0.6317508816719055 -0.4937642812728882 
vn -0.0018851460190489888 0.5796254277229309 -0.8148808479309082 
vn -0.7401190400123596 0.34862664341926575 -0.5750506520271301 
vn -0.597568154335022 0.6317508816719055 -0.4937642812728882 
vn -0.0018814154900610447 0.931820809841156 -0.3629138767719269 
vn -0.0018841582350432873 0.790128231048584 -0.6129387021064758 
vn -0.5804283022880554 0.002184694167226553 0.8143084645271301 
vn -0.7926391959190369 -0.05022686347365379 0.6076185703277588 
vn -0.468630850315094 0.34862664341926575 0.8116924166679382 
vn -0.5959774851799011 0.5831804275512695 0.5520067811012268 
vn -0.0018851460190489888 0.5796254277229309 0.8148808479309082 
vn -0.07692882418632507 0.8805659413337708 0.4676382839679718 
vn -0.40967920422554016 -0.40926313400268555 0.8152709007263184 
vn -0.5698107481002808 -0.677958071231842 0.4644228219985962 
vn 0.050924986600875854 -0.7927988767623901 0.6073521375656128 
vn 0.003775842720642686 -0.5796254277229309 0.8148742914199829 
vn 0.40630120038986206 -0.40926313400268555 0.8169596195220947 
vn 0.6772446036338806 -0.5724822878837585 0.46217289566993713 
vn 0.794930636882782 0.05022686347365379 0.6046176552772522 
vn 0.5804283022880554 -0.002184694167226553 0.8143084645271301 
vn 0.468630850315094 0.34862664341926575 0.8116924166679382 
vn 0.5035350918769836 0.661737859249115 0.5554776787757874 
vn 0.13503733277320862 0.990840494632721 2.2001118322113915e-16 
vn 0.7994090914726257 0.6007870435714722 1.3340175996192152e-16 
vn 0.9905431270599365 -0.1372016966342926 -3.04649494637647e-17 
vn 0.6025320887565613 -0.7980946898460388 -1.772129377369843e-16 
vn -0.13503733277320862 -0.990840494632721 2.7708829561335843e-14 
vn -0.7967674732208252 -0.6042742133140564 -0.003775471355766058 
vn -0.9905359745025635 0.1372016966342926 -0.0037719702813774347 
vn -0.6060017943382263 0.7954543828964233 -0.003769970964640379 
vt 0.34178096055984497 0.9504743814468384 
vt 0.35065755248069763 0.9453041553497314 
vt 0.3695050776004791 0.9782491326332092 
vt 0.37461215257644653 0.9692313075065613 
vt 0.4073217511177063 0.9883490204811096 
vt 0.33156681060791016 0.9125996828079224 
vt 0.34190255403518677 0.9125996828079224 
vt 0.35065755248069763 0.8798952698707581 
vt 0.34178096055984497 0.8747250437736511 
vt 0.3695050776004791 0.8470705151557922 
vt 0.37461215257644653 0.8559680581092834 
vt 0.4073217511177063 0.8368504047393799 
vt 0.4073217511177063 0.847190797328949 
vt 0.44003134965896606 0.8559680581092834 
vt 0.44513842463493347 0.8470705151557922 
vt 0.46398594975471497 0.8798952698707581 
vt 0.4728625416755676 0.8747250437736511 
vt 0.48307669162750244 0.9125996828079224 
vt 0.47274094820022583 0.9125996828079224 
vt 0.46398594975471497 0.9453041553497314 
vt 0.4728625416755676 0.9504743814468384 
vt 0.44003134965896606 0.9692313075065613 
vt 0.44513842463493347 0.9782491326332092 
vt 0.4073217511177063 0.9780086278915405 
vt 0.4073217511177063 0.9659849405288696 
vt 0.3805704116821289 0.958890974521637 
vt 0.36111488938331604 0.939292311668396 
vt 0.3539406657218933 0.9125996828079224 
vt 0.36111488938331604 0.8859071135520935 
vt 0.3805704116821289 0.8663084506988525 
vt 0.4073217511177063 0.8592144846916199 
vt 0.4340730905532837 0.8663084506988525 
vt 0.45352861285209656 0.8859071135520935 
vt 0.4607028365135193 0.9125996828079224 
vt 0.45352861285209656 0.939292311668396 
vt 0.4340730905532837 0.958890974521637 
vt 0.447691947221756 0.9359256625175476 
vt 0.4306683838367462 0.9529993534088135 
vt 0.4073217511177063 0.9592516422271729 
vt 0.3839751183986664 0.9529993534088135 
vt 0.3669515550136566 0.9359256625175476 
vt 0.36062848567962646 0.9125996828079224 
vt 0.3669515550136566 0.8892737030982971 
vt 0.3839751183986664 0.872200071811676 
vt 0.4073217511177063 0.8659477233886719 
vt 0.4306683838367462 0.872200071811676 
vt 0.447691947221756 0.8892737030982971 
vt 0.45401498675346375 0.9125996828079224 
vt 0.10843632370233536 0.8327623605728149 
vt 0.0728083997964859 0.8035447597503662 
vt 0.06295904517173767 0.8203779458999634 
vt 0.029884660616517067 0.786831796169281 
vt 0.046908240765333176 0.7770926356315613 
vt 0.017968153581023216 0.7413822412490845 
vt 0.037666868418455124 0.7413822412490845 
vt 0.046908240765333176 0.7056718468666077 
vt 0.029884660616517067 0.6960528492927551 
vt 0.0728083997964859 0.6793399453163147 
vt 0.06295904517173767 0.6625067591667175 
vt 0.10843632370233536 0.650002121925354 
vt 0.10843632370233536 0.6694805026054382 
vt 0.14406424760818481 0.6793399453163147 
vt 0.15391360223293304 0.6625067591667175 
vt 0.1868663877248764 0.6960528492927551 
vt 0.16996440291404724 0.7056718468666077 
vt 0.19878289103507996 0.7413822412490845 
vt 0.1792057752609253 0.7413822412490845 
vt 0.16996440291404724 0.7770926356315613 
vt 0.1868663877248764 0.786831796169281 
vt 0.14406424760818481 0.8035447597503662 
vt 0.15391360223293304 0.8203779458999634 
vt 0.10843632370233536 0.8134042024612427 
vt 0.08314414322376251 0.7857496738433838 
vt 0.0649045929312706 0.7668724656105042 
vt 0.0836305320262909 0.7564118504524231 
vt 0.05845995619893074 0.7413822412490845 
vt 0.08010422438383102 0.7413822412490845 
vt 0.0942094698548317 0.7673534154891968 
vt 0.10843632370233536 0.7716819643974304 
vt 0.10843632370233536 0.7929638624191284 
vt 0.1337285041809082 0.7857496738433838 
vt 0.12266317009925842 0.7673534154891968 
vt 0.13312050700187683 0.7564118504524231 
vt 0.15196804702281952 0.7668724656105042 
vt 0.1367684155702591 0.7413822412490845 
vt 0.15841269493103027 0.7413822412490845 
vt 0.13312050700187683 0.7264728546142578 
vt 0.15196804702281952 0.7160122394561768 
vt 0.1337285041809082 0.6971350312232971 
vt 0.12266317009925842 0.7155312895774841 
vt 0.10843632370233536 0.7112027406692505 
vt 0.10843632370233536 0.6899207830429077 
vt 0.0942094698548317 0.7155312895774841 
vt 0.08314414322376251 0.6971350312232971 
vt 0.0836305320262909 0.7264728546142578 
vt 0.0649045929312706 0.7160122394561768 
vt 0.20194441080093384 0.9329197406768799 
vt 0.21167217195034027 0.9427791833877563 
vt 0.20996981859207153 0.9283507466316223 
vt 0.2162928581237793 0.9347233176231384 
vt 0.22504784166812897 0.9462660551071167 
vt 0.19829650223255157 0.9196937084197998 
vt 0.20753787457942963 0.9196937084197998 
vt 0.20996981859207153 0.9109163880348206 
vt 0.22504784166812897 0.9196937084197998 
vt 0.2162928581237793 0.9045438170433044 
vt 0.21167217195034027 0.8964879512786865 
vt 0.22504784166812897 0.8930010795593262 
vt 0.20194441080093384 0.906347393989563 
vt 0.22504784166812897 0.9370078444480896 
vt 0.23368123173713684 0.9347233176231384 
vt 0.23830191791057587 0.9427791833877563 
vt 0.2401258796453476 0.9283507466316223 
vt 0.2481512725353241 0.9329197406768799 
vt 0.25167760252952576 0.9196937084197998 
vt 0.2424362152814865 0.9196937084197998 
vt 0.2401258796453476 0.9109163880348206 
vt 0.23368123173713684 0.9045438170433044 
vt 0.23830191791057587 0.8964879512786865 
vt 0.22504784166812897 0.902259349822998 
vt 0.2481512725353241 0.906347393989563 
vt 0.9918385148048401 0.003487749956548214 
vt 0.9979183673858643 0.003487749956548214 
vt 0.9918385148048401 0.017435241490602493 
vt 0.9979183673858643 0.022004248574376106 
vt 0.0019173499895259738 0.022004248574376106 
vt 0.9979183673858643 0.04040050879120827 
vt 0.0019173499895259738 0.04040050879120827 
vt 0.0019173499895259738 0.058917008340358734 
vt 0.9979183673858643 0.058917008340358734 
vt 0.0019173499895259738 0.0774335041642189 
vt 0.9979183673858643 0.0774335041642189 
vt 0.0019173499895259738 0.09594999998807907 
vt 0.9979183673858643 0.09594999998807907 
vt 0.0019173499895259738 0.11434626579284668 
vt 0.9979183673858643 0.11434626579284668 
vt 0.9979183673858643 0.13286276161670685 
vt 0.0019173499895259738 0.13286276161670685 
vt 0.0019173499895259738 0.15137925744056702 
vt 0.9979183673858643 0.15137925744056702 
vt 0.0019173499895259738 0.16977551579475403 
vt 0.9979183673858643 0.16977551579475403 
vt 0.0019173499895259738 0.1882920116186142 
vt 0.9979183673858643 0.1882920116186142 
vt 0.0019173499895259738 0.20680852234363556 
vt 0.9979183673858643 0.20680852234363556 
vt 0.007997199892997742 0.21137751638889313 
vt 0.9918385148048401 0.21137751638889313 
vt 0.9979183673858643 0.22532501816749573 
vt 0.9918385148048401 0.22532501816749573 
vt 0.007997199892997742 0.017435241490602493 
vt 0.0019173499895259738 0.003487749956548214 
vt 0.007997199892997742 0.003487749956548214 
vt 0.0019173499895259738 0.22520478069782257 
vt 0.007997199892997742 0.22520478069782257 
vt 0.0020389470737427473 0.2714960277080536 
vt 0.003984498791396618 0.27185672521591187 
vt 0.003984498791396618 0.25790923833847046 
vt 0.9841778874397278 0.25790923833847046 
vt 0.9841778874397278 0.2438415139913559 
vt 0.9861234426498413 0.24432246387004852 
vt 0.9861234426498413 0.25790923833847046 
vt 0.9861234426498413 0.2714960277080536 
vt 0.9841778874397278 0.27185672521591187 
vt 0.003984498791396618 0.2740209996700287 
vt 0.9841778874397278 0.2740209996700287 
vt 0.0020389470737427473 0.25790923833847046 
vt 0.0020389470737427473 0.24432246387004852 
vt 0.003984498791396618 0.2438415139913559 
vt 0.9841778874397278 0.24179747700691223 
vt 0.003984498791396618 0.24179747700691223 
vt 0.5970130562782288 0.8083541989326477 
vt 0.569896936416626 0.8366098999977112 
vt 0.5880149006843567 0.8033042550086975 
vt 0.5645466446876526 0.8278326392173767 
vt 0.5320802927017212 0.8477919697761536 
vt 0.5320802927017212 0.8376920819282532 
vt 0.6058896780014038 0.7703593373298645 
vt 0.5954322814941406 0.7703593373298645 
vt 0.5880149006843567 0.7374144196510315 
vt 0.5774359703063965 0.743306040763855 
vt 0.5583451986312866 0.7232264280319214 
vt 0.5645466446876526 0.7130062580108643 
vt 0.569896936416626 0.7041087746620178 
vt 0.5320802927017212 0.6930469274520874 
vt 0.5970130562782288 0.7324846982955933 
vt 0.5831509828567505 0.7703593373298645 
vt 0.5774359703063965 0.7975329160690308 
vt 0.5583451986312866 0.8176124691963196 
vt 0.5320802927017212 0.8257886171340942 
vt 0.5320802927017212 0.8190553188323975 
vt 0.5549405217170715 0.8118411302566528 
vt 0.5714777112007141 0.7942864894866943 
vt 0.5763415694236755 0.7703593373298645 
vt 0.5714777112007141 0.7465524077415466 
vt 0.5549405217170715 0.7289978265762329 
vt 0.5320802927017212 0.7150503396987915 
vt 0.5320802927017212 0.7217835783958435 
vt 0.5093416571617126 0.7289978265762329 
vt 0.505815327167511 0.7232264280319214 
vt 0.4926828444004059 0.7465524077415466 
vt 0.4867245852947235 0.743306040763855 
vt 0.4810095429420471 0.7703593373298645 
vt 0.48781895637512207 0.7703593373298645 
vt 0.4867245852947235 0.7975329160690308 
vt 0.4926828444004059 0.7942864894866943 
vt 0.505815327167511 0.8176124691963196 
vt 0.5093416571617126 0.8118411302566528 
vt 0.499613881111145 0.8278326392173767 
vt 0.4761456549167633 0.8033042550086975 
vt 0.46714746952056885 0.8083541989326477 
vt 0.49426358938217163 0.8366098999977112 
vt 0.4688498377799988 0.7703593373298645 
vt 0.4761456549167633 0.7374144196510315 
vt 0.499613881111145 0.7130062580108643 
vt 0.5320802927017212 0.7031468749046326 
vt 0.49426358938217163 0.7041087746620178 
vt 0.46714746952056885 0.7324846982955933 
vt 0.4582708775997162 0.7703593373298645 
vt 0.3594125211238861 0.8186945915222168 
vt 0.3495631814002991 0.8018614053726196 
vt 0.313935250043869 0.8309587836265564 
vt 0.313935250043869 0.8113601803779602 
vt 0.39260852336883545 0.7855091691017151 
vt 0.3757065236568451 0.7757700085639954 
vt 0.35783177614212036 0.7654296159744263 
vt 0.38531267642974854 0.7400596141815186 
vt 0.4048898220062256 0.7400596141815186 
vt 0.3757065236568451 0.7043492197990417 
vt 0.39260852336883545 0.6946099996566772 
vt 0.34968477487564087 0.6782578229904175 
vt 0.3594125211238861 0.6613043546676636 
vt 0.313935250043869 0.6491604447364807 
vt 0.313935250043869 0.6686388254165649 
vt 0.27830731868743896 0.6782578229904175 
vt 0.26845797896385193 0.6613043546676636 
vt 0.23526199162006378 0.6946099996566772 
vt 0.25216397643089294 0.7043492197990417 
vt 0.22298069298267365 0.7400596141815186 
vt 0.2425578087568283 0.7400596141815186 
vt 0.25216397643089294 0.7756497859954834 
vt 0.23526199162006378 0.7855091691017151 
vt 0.27818572521209717 0.8018614053726196 
vt 0.26845797896385193 0.8186945915222168 
vt 0.2885214686393738 0.7839460968971252 
vt 0.2700387239456177 0.7654296159744263 
vt 0.2632293105125427 0.7400596141815186 
vt 0.2700387239456177 0.7146896123886108 
vt 0.29934361577033997 0.7653093934059143 
vt 0.2886430621147156 0.7546082735061646 
vt 0.2846303880214691 0.7400596141815186 
vt 0.313935250043869 0.7692772150039673 
vt 0.313935250043869 0.790799617767334 
vt 0.33934903144836426 0.7839460968971252 
vt 0.33922743797302246 0.7546082735061646 
vt 0.3646411895751953 0.7400596141815186 
vt 0.3432401418685913 0.7400596141815186 
vt 0.33922743797302246 0.7253906726837158 
vt 0.35783177614212036 0.7146896123886108 
vt 0.33934903144836426 0.6961731314659119 
vt 0.32852688431739807 0.7146896123886108 
vt 0.313935250043869 0.6893196105957031 
vt 0.313935250043869 0.7108420133590698 
vt 0.32852688431739807 0.7653093934059143 
vt 0.2885214686393738 0.6960528492927551 
vt 0.29934361577033997 0.7146896123886108 
vt 0.2886430621147156 0.7253906726837158 
vt 0.10807152837514877 0.9281103014945984 
vt 0.09834377467632294 0.9378494620323181 
vt 0.10004612803459167 0.9234210252761841 
vt 0.09372308850288391 0.9297935962677002 
vt 0.08496809750795364 0.9414566159248352 
vt 0.11159784346818924 0.9147639870643616 
vt 0.10235647112131119 0.9147639870643616 
vt 0.10004612803459167 0.9059866666793823 
vt 0.08496809750795364 0.9147639870643616 
vt 0.09372308850288391 0.8996140956878662 
vt 0.09834377467632294 0.8916784524917603 
vt 0.08496809750795364 0.8880713582038879 
vt 0.10807152837514877 0.9014176726341248 
vt 0.08496809750795364 0.9321983456611633 
vt 0.07621311396360397 0.9297935962677002 
vt 0.07159242779016495 0.9378494620323181 
vt 0.06989007443189621 0.9234210252761841 
vt 0.06186467036604881 0.9281103014945984 
vt 0.058338358998298645 0.9147639870643616 
vt 0.0675797313451767 0.9147639870643616 
vt 0.06989007443189621 0.9059866666793823 
vt 0.07621311396360397 0.8996140956878662 
vt 0.07159242779016495 0.8916784524917603 
vt 0.08496809750795364 0.8973296284675598 
vt 0.06186467036604881 0.9014176726341248 
vt 0.016873780637979507 0.39365682005882263 
vt 0.013833856210112572 0.39365682005882263 
vt 0.016873780637979507 0.42155179381370544 
vt 0.013833856210112572 0.42155179381370544 
vt 0.7003704905509949 0.39365682005882263 
vt 0.7003704905509949 0.42155179381370544 
vt 0.7035320401191711 0.39365682005882263 
vt 0.7035320401191711 0.42155179381370544 
vt 0.7003704905509949 0.44547897577285767 
vt 0.7035320401191711 0.44547897577285767 
vt 0.7035320401191711 0.4733739495277405 
vt 0.7003704905509949 0.4733739495277405 
vt 0.016873780637979507 0.4733739495277405 
vt 0.016873780637979507 0.44547897577285767 
vt 0.013833856210112572 0.4733739495277405 
vt 0.013833856210112572 0.44547897577285767 
vt 0.6969658136367798 0.2918160855770111 
vt 0.013712259009480476 0.29169583320617676 
vt 0.6969658136367798 0.29506248235702515 
vt 0.013712259009480476 0.2949422299861908 
vt 0.013712259009480476 0.3233181834220886 
vt 0.6969658136367798 0.3233181834220886 
vt 0.013712259009480476 0.3479667603969574 
vt 0.6969658136367798 0.3479667603969574 
vt 0.013590661808848381 0.37634268403053284 
vt 0.6970874071121216 0.37634268403053284 
vt 0.6970874071121216 0.3794688582420349 
vt 0.013590661808848381 0.3795890808105469 
vt 0.015414617024362087 0.5195449590682983 
vt 0.015414617024362087 0.5273603796958923 
vt 0.027331123128533363 0.5195449590682983 
vt 0.027331123128533363 0.5273603796958923 
vt 0.015414617024362087 0.5355364680290222 
vt 0.027331123128533363 0.5355364680290222 
vt 0.015414617024362087 0.5438328385353088 
vt 0.027331123128533363 0.5438328385353088 
vt 0.015414617024362087 0.5517684817314148 
vt 0.027331123128533363 0.5517684817314148 
vt 0.04131477698683739 0.5438328385353088 
vt 0.04131477698683739 0.5517684817314148 
vt 0.04131477698683739 0.5355364680290222 
vt 0.04131477698683739 0.5273603796958923 
vt 0.04131477698683739 0.5195449590682983 
vt 0.027331123128533363 0.5124509930610657 
vt 0.015414617024362087 0.5124509930610657 
vt 0.015414617024362087 0.5052367448806763 
vt 0.027331123128533363 0.5052367448806763 
vt 0.015414617024362087 0.4979023039340973 
vt 0.04131477698683739 0.5124509930610657 
vt 0.054933641105890274 0.5195449590682983 
vt 0.054933641105890274 0.5273603796958923 
vt 0.054933641105890274 0.5355364680290222 
vt 0.054933641105890274 0.5438328385353088 
vt 0.054933641105890274 0.5517684817314148 
vt 0.0702548623085022 0.5438328385353088 
vt 0.0702548623085022 0.5517684817314148 
vt 0.08460330963134766 0.5517684817314148 
vt 0.08460330963134766 0.5438328385353088 
vt 0.10150529444217682 0.5517684817314148 
vt 0.0702548623085022 0.5355364680290222 
vt 0.0702548623085022 0.5273603796958923 
vt 0.08460330963134766 0.5355364680290222 
vt 0.10150529444217682 0.5438328385353088 
vt 0.1231495589017868 0.5517684817314148 
vt 0.1231495589017868 0.5438328385353088 
vt 0.14540180563926697 0.5517684817314148 
vt 0.10150529444217682 0.5355364680290222 
vt 0.08460330963134766 0.5273603796958923 
vt 0.0702548623085022 0.5195449590682983 
vt 0.054933641105890274 0.5124509930610657 
vt 0.04131477698683739 0.5052367448806763 
vt 0.027331123128533363 0.4979023039340973 
vt 0.015414617024362087 0.4900868833065033 
vt 0.027331123128533363 0.4900868833065033 
vt 0.04131477698683739 0.4979023039340973 
vt 0.04131477698683739 0.4900868833065033 
vt 0.054933641105890274 0.4979023039340973 
vt 0.054933641105890274 0.4900868833065033 
vt 0.0702548623085022 0.4979023039340973 
vt 0.0702548623085022 0.4900868833065033 
vt 0.08460330963134766 0.4900868833065033 
vt 0.08460330963134766 0.4979023039340973 
vt 0.10150529444217682 0.4900868833065033 
vt 0.10150529444217682 0.4979023039340973 
vt 0.1231495589017868 0.4900868833065033 
vt 0.1231495589017868 0.4979023039340973 
vt 0.14540180563926697 0.4900868833065033 
vt 0.14540180563926697 0.4979023039340973 
vt 0.16546531021595 0.4900868833065033 
vt 0.16546531021595 0.4979023039340973 
vt 0.18334007263183594 0.4900868833065033 
vt 0.18334007263183594 0.4979023039340973 
vt 0.16546531021595 0.5052367448806763 
vt 0.14540180563926697 0.5052367448806763 
vt 0.1231495589017868 0.5052367448806763 
vt 0.10150529444217682 0.5052367448806763 
vt 0.08460330963134766 0.5052367448806763 
vt 0.0702548623085022 0.5052367448806763 
vt 0.054933641105890274 0.5052367448806763 
vt 0.0702548623085022 0.5124509930610657 
vt 0.08460330963134766 0.5124509930610657 
vt 0.10150529444217682 0.5124509930610657 
vt 0.1231495589017868 0.5124509930610657 
vt 0.14540180563926697 0.5124509930610657 
vt 0.16546531021595 0.5124509930610657 
vt 0.18334007263183594 0.5052367448806763 
vt 0.20060685276985168 0.5052367448806763 
vt 0.20060685276985168 0.4979023039340973 
vt 0.20060685276985168 0.4900868833065033 
vt 0.218846395611763 0.4979023039340973 
vt 0.218846395611763 0.4900868833065033 
vt 0.23526199162006378 0.4900868833065033 
vt 0.23526199162006378 0.4979023039340973 
vt 0.2505832016468048 0.4900868833065033 
vt 0.2505832016468048 0.4979023039340973 
vt 0.26578283309936523 0.4900868833065033 
vt 0.26578283309936523 0.4979023039340973 
vt 0.28098246455192566 0.4979023039340973 
vt 0.28098246455192566 0.4900868833065033 
vt 0.29399335384368896 0.4979023039340973 
vt 0.29399335384368896 0.4900868833065033 
vt 0.30736902356147766 0.4979023039340973 
vt 0.30736902356147766 0.4900868833065033 
vt 0.3281621038913727 0.4979023039340973 
vt 0.3281621038913727 0.4900868833065033 
vt 0.35321107506752014 0.4979023039340973 
vt 0.35321107506752014 0.4900868833065033 
vt 0.5010730624198914 0.4900868833065033 
vt 0.5010730624198914 0.4979023039340973 
vt 0.5044777393341064 0.4979023039340973 
vt 0.5044777393341064 0.5052367448806763 
vt 0.5807190537452698 0.4979023039340973 
vt 0.5833942294120789 0.5052367448806763 
vt 0.5044777393341064 0.5124509930610657 
vt 0.5860693454742432 0.5124509930610657 
vt 0.5044777393341064 0.4900868833065033 
vt 0.5796247124671936 0.4900868833065033 
vt 0.5010730624198914 0.5052367448806763 
vt 0.35321107506752014 0.5052367448806763 
vt 0.3281621038913727 0.5052367448806763 
vt 0.35321107506752014 0.5124509930610657 
vt 0.5010730624198914 0.5124509930610657 
vt 0.5044777393341064 0.5195449590682983 
vt 0.5872852802276611 0.5195449590682983 
vt 0.5863125324249268 0.5273603796958923 
vt 0.5044777393341064 0.5273603796958923 
vt 0.5837590098381042 0.5355364680290222 
vt 0.5044777393341064 0.5355364680290222 
vt 0.5810838341712952 0.5438328385353088 
vt 0.5044777393341064 0.5438328385353088 
vt 0.5796247124671936 0.5517684817314148 
vt 0.5044777393341064 0.5517684817314148 
vt 0.5010730624198914 0.5517684817314148 
vt 0.5010730624198914 0.5438328385353088 
vt 0.5010730624198914 0.5355364680290222 
vt 0.5010730624198914 0.5273603796958923 
vt 0.5010730624198914 0.5195449590682983 
vt 0.35321107506752014 0.5195449590682983 
vt 0.35321107506752014 0.5273603796958923 
vt 0.35321107506752014 0.5355364680290222 
vt 0.35321107506752014 0.5438328385353088 
vt 0.35321107506752014 0.5517684817314148 
vt 0.3281621038913727 0.5517684817314148 
vt 0.3281621038913727 0.5438328385353088 
vt 0.30736902356147766 0.5517684817314148 
vt 0.3281621038913727 0.5355364680290222 
vt 0.3281621038913727 0.5273603796958923 
vt 0.30736902356147766 0.5438328385353088 
vt 0.30736902356147766 0.5355364680290222 
vt 0.29399335384368896 0.5517684817314148 
vt 0.29399335384368896 0.5438328385353088 
vt 0.28098246455192566 0.5517684817314148 
vt 0.28098246455192566 0.5438328385353088 
vt 0.26578283309936523 0.5517684817314148 
vt 0.26578283309936523 0.5438328385353088 
vt 0.2505832016468048 0.5438328385353088 
vt 0.26578283309936523 0.5355364680290222 
vt 0.28098246455192566 0.5355364680290222 
vt 0.29399335384368896 0.5355364680290222 
vt 0.29399335384368896 0.5273603796958923 
vt 0.30736902356147766 0.5273603796958923 
vt 0.3281621038913727 0.5195449590682983 
vt 0.3281621038913727 0.5124509930610657 
vt 0.30736902356147766 0.5052367448806763 
vt 0.2505832016468048 0.5517684817314148 
vt 0.30736902356147766 0.5124509930610657 
vt 0.30736902356147766 0.5195449590682983 
vt 0.29399335384368896 0.5195449590682983 
vt 0.28098246455192566 0.5273603796958923 
vt 0.28098246455192566 0.5195449590682983 
vt 0.26578283309936523 0.5273603796958923 
vt 0.29399335384368896 0.5124509930610657 
vt 0.28098246455192566 0.5124509930610657 
vt 0.29399335384368896 0.5052367448806763 
vt 0.28098246455192566 0.5052367448806763 
vt 0.26578283309936523 0.5052367448806763 
vt 0.2505832016468048 0.5052367448806763 
vt 0.23526199162006378 0.5052367448806763 
vt 0.218846395611763 0.5052367448806763 
vt 0.218846395611763 0.5124509930610657 
vt 0.23526199162006378 0.5124509930610657 
vt 0.2505832016468048 0.5124509930610657 
vt 0.26578283309936523 0.5124509930610657 
vt 0.26578283309936523 0.5195449590682983 
vt 0.2505832016468048 0.5195449590682983 
vt 0.2505832016468048 0.5273603796958923 
vt 0.23526199162006378 0.5195449590682983 
vt 0.2505832016468048 0.5355364680290222 
vt 0.23526199162006378 0.5355364680290222 
vt 0.23526199162006378 0.5438328385353088 
vt 0.23526199162006378 0.5517684817314148 
vt 0.218846395611763 0.5438328385353088 
vt 0.218846395611763 0.5517684817314148 
vt 0.20060685276985168 0.5517684817314148 
vt 0.20060685276985168 0.5438328385353088 
vt 0.18334007263183594 0.5517684817314148 
vt 0.218846395611763 0.5355364680290222 
vt 0.218846395611763 0.5273603796958923 
vt 0.23526199162006378 0.5273603796958923 
vt 0.218846395611763 0.5195449590682983 
vt 0.20060685276985168 0.5124509930610657 
vt 0.18334007263183594 0.5124509930610657 
vt 0.20060685276985168 0.5195449590682983 
vt 0.20060685276985168 0.5273603796958923 
vt 0.20060685276985168 0.5355364680290222 
vt 0.18334007263183594 0.5438328385353088 
vt 0.16546531021595 0.5438328385353088 
vt 0.16546531021595 0.5517684817314148 
vt 0.14540180563926697 0.5438328385353088 
vt 0.1231495589017868 0.5355364680290222 
vt 0.10150529444217682 0.5273603796958923 
vt 0.08460330963134766 0.5195449590682983 
vt 0.10150529444217682 0.5195449590682983 
vt 0.1231495589017868 0.5273603796958923 
vt 0.14540180563926697 0.5355364680290222 
vt 0.16546531021595 0.5355364680290222 
vt 0.18334007263183594 0.5355364680290222 
vt 0.18334007263183594 0.5273603796958923 
vt 0.18334007263183594 0.5195449590682983 
vt 0.16546531021595 0.5195449590682983 
vt 0.14540180563926697 0.5195449590682983 
vt 0.1231495589017868 0.5195449590682983 
vt 0.14540180563926697 0.5273603796958923 
vt 0.16546531021595 0.5273603796958923 
vt 0.6406663656234741 0.5075212717056274 
vt 0.6406663656234741 0.5030725002288818 
vt 0.6336137652397156 0.5104069709777832 
vt 0.6304522156715393 0.5071605443954468 
vt 0.6308170557022095 0.5172604322433472 
vt 0.6263179183006287 0.5172604322433472 
vt 0.6304522156715393 0.5273603796958923 
vt 0.6336137652397156 0.5241139531135559 
vt 0.6474758386611938 0.5104069709777832 
vt 0.6506373286247253 0.5072807669639587 
vt 0.654771625995636 0.5172604322433472 
vt 0.6502725481987 0.5172604322433472 
vt 0.6474758386611938 0.5241139531135559 
vt 0.6506373286247253 0.5273603796958923 
vt 0.6406663656234741 0.5314484238624573 
vt 0.6522181034088135 0.5289234519004822 
vt 0.6406663656234741 0.5337328910827637 
vt 0.628871500492096 0.5289234519004822 
vt 0.6406663656234741 0.5269996523857117 
vt 0.6570819616317749 0.5172604322433472 
vt 0.6522181034088135 0.5055974721908569 
vt 0.6406663656234741 0.5007879734039307 
vt 0.628871500492096 0.5055974721908569 
vt 0.6240075826644897 0.5172604322433472 
vt 0.015901004895567894 0.6109250783920288 
vt 0.027817511931061745 0.6031096577644348 
vt 0.015901004895567894 0.6031096577644348 
vt 0.015901004895567894 0.5960156917572021 
vt 0.027817511931061745 0.6109250783920288 
vt 0.015901004895567894 0.6191011667251587 
vt 0.027817511931061745 0.6191011667251587 
vt 0.015901004895567894 0.6273975372314453 
vt 0.027817511931061745 0.6273975372314453 
vt 0.015901004895567894 0.6353331804275513 
vt 0.027817511931061745 0.6353331804275513 
vt 0.04180116578936577 0.6273975372314453 
vt 0.04180116578936577 0.6353331804275513 
vt 0.04180116578936577 0.6191011667251587 
vt 0.04180116578936577 0.6109250783920288 
vt 0.04180116578936577 0.6031096577644348 
vt 0.027817511931061745 0.5960156917572021 
vt 0.015901004895567894 0.5888014435768127 
vt 0.027817511931061745 0.5888014435768127 
vt 0.015901004895567894 0.5814670324325562 
vt 0.04180116578936577 0.5960156917572021 
vt 0.055420029908418655 0.6031096577644348 
vt 0.055420029908418655 0.6109250783920288 
vt 0.055420029908418655 0.6191011667251587 
vt 0.055420029908418655 0.6273975372314453 
vt 0.055420029908418655 0.6353331804275513 
vt 0.07061965763568878 0.6273975372314453 
vt 0.07061965763568878 0.6353331804275513 
vt 0.08508969843387604 0.6353331804275513 
vt 0.08508969843387604 0.6273975372314453 
vt 0.1018700823187828 0.6353331804275513 
vt 0.1018700823187828 0.6273975372314453 
vt 0.12363594770431519 0.6353331804275513 
vt 0.12363594770431519 0.6273975372314453 
vt 0.14588819444179535 0.6353331804275513 
vt 0.14588819444179535 0.6273975372314453 
vt 0.1659516990184784 0.6353331804275513 
vt 0.1659516990184784 0.6273975372314453 
vt 0.18382646143436432 0.6353331804275513 
vt 0.18382646143436432 0.6273975372314453 
vt 0.20109324157238007 0.6273975372314453 
vt 0.20109324157238007 0.6353331804275513 
vt 0.21921119093894958 0.6273975372314453 
vt 0.21921119093894958 0.6353331804275513 
vt 0.23574838042259216 0.6353331804275513 
vt 0.23574838042259216 0.6273975372314453 
vt 0.2509480118751526 0.6353331804275513 
vt 0.2509480118751526 0.6273975372314453 
vt 0.2662692368030548 0.6353331804275513 
vt 0.2662692368030548 0.6273975372314453 
vt 0.28146883845329285 0.6273975372314453 
vt 0.2662692368030548 0.6191011667251587 
vt 0.28146883845329285 0.6191011667251587 
vt 0.29447972774505615 0.6273975372314453 
vt 0.28146883845329285 0.6353331804275513 
vt 0.29447972774505615 0.6353331804275513 
vt 0.30785539746284485 0.6273975372314453 
vt 0.30785539746284485 0.6353331804275513 
vt 0.32864847779273987 0.6273975372314453 
vt 0.32864847779273987 0.6353331804275513 
vt 0.3536974787712097 0.6273975372314453 
vt 0.3536974787712097 0.6353331804275513 
vt 0.5015594363212585 0.6353331804275513 
vt 0.5015594363212585 0.6273975372314453 
vt 0.3536974787712097 0.6191011667251587 
vt 0.32864847779273987 0.6191011667251587 
vt 0.5048425197601318 0.6273975372314453 
vt 0.5048425197601318 0.6191011667251587 
vt 0.5015594363212585 0.6191011667251587 
vt 0.3536974787712097 0.6109250783920288 
vt 0.5048425197601318 0.6353331804275513 
vt 0.5801110863685608 0.6353331804275513 
vt 0.5814486742019653 0.6273975372314453 
vt 0.5842453837394714 0.6191011667251587 
vt 0.5048425197601318 0.6109250783920288 
vt 0.586798906326294 0.6109250783920288 
vt 0.5048425197601318 0.6031096577644348 
vt 0.5877717137336731 0.6031096577644348 
vt 0.5865557193756104 0.5960156917572021 
vt 0.5048425197601318 0.5960156917572021 
vt 0.583880603313446 0.5888014435768127 
vt 0.5048425197601318 0.5888014435768127 
vt 0.5812054872512817 0.5814670324325562 
vt 0.5048425197601318 0.5814670324325562 
vt 0.579989492893219 0.5736516118049622 
vt 0.5048425197601318 0.5736516118049622 
vt 0.5015594363212585 0.5736516118049622 
vt 0.5015594363212585 0.5814670324325562 
vt 0.5015594363212585 0.5888014435768127 
vt 0.5015594363212585 0.5960156917572021 
vt 0.5015594363212585 0.6031096577644348 
vt 0.5015594363212585 0.6109250783920288 
vt 0.3536974787712097 0.6031096577644348 
vt 0.3536974787712097 0.5960156917572021 
vt 0.3536974787712097 0.5888014435768127 
vt 0.3536974787712097 0.5814670324325562 
vt 0.3536974787712097 0.5736516118049622 
vt 0.32864847779273987 0.5736516118049622 
vt 0.32864847779273987 0.5814670324325562 
vt 0.30785539746284485 0.5736516118049622 
vt 0.32864847779273987 0.5888014435768127 
vt 0.32864847779273987 0.5960156917572021 
vt 0.32864847779273987 0.6031096577644348 
vt 0.32864847779273987 0.6109250783920288 
vt 0.30785539746284485 0.6109250783920288 
vt 0.30785539746284485 0.6191011667251587 
vt 0.29447972774505615 0.6109250783920288 
vt 0.29447972774505615 0.6191011667251587 
vt 0.28146883845329285 0.6109250783920288 
vt 0.2662692368030548 0.6109250783920288 
vt 0.2509480118751526 0.6191011667251587 
vt 0.23574838042259216 0.6191011667251587 
vt 0.21921119093894958 0.6191011667251587 
vt 0.20109324157238007 0.6191011667251587 
vt 0.21921119093894958 0.6109250783920288 
vt 0.23574838042259216 0.6109250783920288 
vt 0.2509480118751526 0.6109250783920288 
vt 0.2509480118751526 0.6031096577644348 
vt 0.2662692368030548 0.6031096577644348 
vt 0.28146883845329285 0.6031096577644348 
vt 0.29447972774505615 0.6031096577644348 
vt 0.30785539746284485 0.6031096577644348 
vt 0.30785539746284485 0.5960156917572021 
vt 0.23574838042259216 0.6031096577644348 
vt 0.29447972774505615 0.5960156917572021 
vt 0.28146883845329285 0.5960156917572021 
vt 0.2662692368030548 0.5960156917572021 
vt 0.2509480118751526 0.5960156917572021 
vt 0.23574838042259216 0.5960156917572021 
vt 0.2509480118751526 0.5888014435768127 
vt 0.2662692368030548 0.5888014435768127 
vt 0.28146883845329285 0.5888014435768127 
vt 0.29447972774505615 0.5888014435768127 
vt 0.30785539746284485 0.5888014435768127 
vt 0.30785539746284485 0.5814670324325562 
vt 0.29447972774505615 0.5736516118049622 
vt 0.29447972774505615 0.5814670324325562 
vt 0.28146883845329285 0.5736516118049622 
vt 0.28146883845329285 0.5814670324325562 
vt 0.2662692368030548 0.5736516118049622 
vt 0.2662692368030548 0.5814670324325562 
vt 0.2509480118751526 0.5814670324325562 
vt 0.2509480118751526 0.5736516118049622 
vt 0.23574838042259216 0.5814670324325562 
vt 0.23574838042259216 0.5736516118049622 
vt 0.21921119093894958 0.5814670324325562 
vt 0.21921119093894958 0.5736516118049622 
vt 0.20109324157238007 0.5736516118049622 
vt 0.20109324157238007 0.5814670324325562 
vt 0.18382646143436432 0.5736516118049622 
vt 0.23574838042259216 0.5888014435768127 
vt 0.21921119093894958 0.5960156917572021 
vt 0.21921119093894958 0.5888014435768127 
vt 0.20109324157238007 0.5888014435768127 
vt 0.18382646143436432 0.5814670324325562 
vt 0.1659516990184784 0.5814670324325562 
vt 0.1659516990184784 0.5736516118049622 
vt 0.14588819444179535 0.5814670324325562 
vt 0.14588819444179535 0.5736516118049622 
vt 0.12363594770431519 0.5814670324325562 
vt 0.12363594770431519 0.5736516118049622 
vt 0.1018700823187828 0.5814670324325562 
vt 0.1018700823187828 0.5736516118049622 
vt 0.08508969843387604 0.5814670324325562 
vt 0.08508969843387604 0.5736516118049622 
vt 0.07061965763568878 0.5814670324325562 
vt 0.07061965763568878 0.5736516118049622 
vt 0.055420029908418655 0.5736516118049622 
vt 0.055420029908418655 0.5814670324325562 
vt 0.04180116578936577 0.5736516118049622 
vt 0.04180116578936577 0.5814670324325562 
vt 0.027817511931061745 0.5736516118049622 
vt 0.027817511931061745 0.5814670324325562 
vt 0.015901004895567894 0.5736516118049622 
vt 0.04180116578936577 0.5888014435768127 
vt 0.055420029908418655 0.5888014435768127 
vt 0.055420029908418655 0.5960156917572021 
vt 0.07061965763568878 0.6031096577644348 
vt 0.07061965763568878 0.6109250783920288 
vt 0.07061965763568878 0.6191011667251587 
vt 0.08508969843387604 0.6191011667251587 
vt 0.1018700823187828 0.6191011667251587 
vt 0.12363594770431519 0.6191011667251587 
vt 0.08508969843387604 0.6109250783920288 
vt 0.1018700823187828 0.6109250783920288 
vt 0.12363594770431519 0.6109250783920288 
vt 0.14588819444179535 0.6191011667251587 
vt 0.1659516990184784 0.6191011667251587 
vt 0.18382646143436432 0.6191011667251587 
vt 0.20109324157238007 0.6109250783920288 
vt 0.21921119093894958 0.6031096577644348 
vt 0.20109324157238007 0.5960156917572021 
vt 0.18382646143436432 0.5888014435768127 
vt 0.1659516990184784 0.5888014435768127 
vt 0.14588819444179535 0.5888014435768127 
vt 0.12363594770431519 0.5888014435768127 
vt 0.1018700823187828 0.5888014435768127 
vt 0.08508969843387604 0.5888014435768127 
vt 0.07061965763568878 0.5888014435768127 
vt 0.07061965763568878 0.5960156917572021 
vt 0.08508969843387604 0.5960156917572021 
vt 0.1018700823187828 0.5960156917572021 
vt 0.08508969843387604 0.6031096577644348 
vt 0.1018700823187828 0.6031096577644348 
vt 0.12363594770431519 0.5960156917572021 
vt 0.12363594770431519 0.6031096577644348 
vt 0.14588819444179535 0.5960156917572021 
vt 0.14588819444179535 0.6109250783920288 
vt 0.14588819444179535 0.6031096577644348 
vt 0.1659516990184784 0.5960156917572021 
vt 0.18382646143436432 0.5960156917572021 
vt 0.1659516990184784 0.6031096577644348 
vt 0.1659516990184784 0.6109250783920288 
vt 0.18382646143436432 0.6109250783920288 
vt 0.20109324157238007 0.6031096577644348 
vt 0.18382646143436432 0.6031096577644348 
vt 0.6376264691352844 0.6127286553382874 
vt 0.6376264691352844 0.6172976493835449 
vt 0.6305738687515259 0.6099631786346436 
vt 0.6274123191833496 0.6130893230438232 
vt 0.627777099609375 0.6029894351959229 
vt 0.623278021812439 0.6029894351959229 
vt 0.6444358825683594 0.6099631786346436 
vt 0.6475974321365356 0.6130893230438232 
vt 0.6518533229827881 0.6029894351959229 
vt 0.647354245185852 0.6029894351959229 
vt 0.6444358825683594 0.5961359143257141 
vt 0.6475974321365356 0.5930097699165344 
vt 0.6376264691352844 0.5888014435768127 
vt 0.6376264691352844 0.5933704972267151 
vt 0.6305738687515259 0.5961359143257141 
vt 0.6274123191833496 0.5930097699165344 
vt 0.6210892796516418 0.6029894351959229 
vt 0.6258315443992615 0.5914466977119446 
vt 0.6376264691352844 0.5866371989250183 
vt 0.6491782069206238 0.5914466977119446 
vt 0.6540420651435852 0.6029894351959229 
vt 0.6491782069206238 0.6146523952484131 
vt 0.6376264691352844 0.6194618940353394 
vt 0.6258315443992615 0.6146523952484131 
s on 
f 1/1/1 2/2/2 3/3/3 
f 2/2/2 4/4/4 3/3/3 
f 3/3/3 4/4/4 5/5/5 
f 4/4/4 5/5/5 5/5/5 
f 5/5/5 5/5/5 1/1/1 
f 5/5/5 1/1/1 1/1/1 
f 1/1/1 1/1/1 2/2/2 
f 1/1/1 6/6/6 2/2/2 
f 2/2/2 6/6/6 7/7/7 
f 6/6/6 6/6/6 7/7/7 
f 7/7/7 6/6/6 8/8/8 
f 6/6/6 9/9/9 8/8/8 
f 8/8/8 9/9/9 8/8/8 
f 9/9/9 10/10/10 8/8/8 
f 8/8/8 10/10/10 11/11/11 
f 10/10/10 12/12/12 11/11/11 
f 11/11/11 12/12/12 13/13/13 
f 12/12/12 12/12/12 13/13/13 
f 13/13/13 12/12/12 14/14/14 
f 12/12/12 15/15/15 14/14/14 
f 14/14/14 15/15/15 16/16/16 
f 15/15/15 17/17/17 16/16/16 
f 16/16/16 17/17/17 16/16/16 
f 17/17/17 18/18/18 16/16/16 
f 16/16/16 18/18/18 19/19/19 
f 18/18/18 18/18/18 19/19/19 
f 19/19/19 18/18/18 20/20/20 
f 18/18/18 21/21/21 20/20/20 
f 20/20/20 21/21/21 22/22/22 
f 21/21/21 23/23/23 22/22/22 
f 22/22/22 23/23/23 22/22/22 
f 23/23/23 5/5/5 22/22/22 
f 22/22/22 5/5/5 24/24/24 
f 5/5/5 4/4/4 24/24/24 
f 24/24/24 4/4/4 25/25/25 
f 4/4/4 4/4/4 25/25/25 
f 25/25/25 4/4/4 26/26/26 
f 4/4/4 4/4/4 26/26/26 
f 26/26/26 4/4/4 27/27/27 
f 4/4/4 2/2/2 27/27/27 
f 27/27/27 2/2/2 28/28/28 
f 2/2/2 7/7/7 28/28/28 
f 28/28/28 7/7/7 29/29/29 
f 7/7/7 8/8/8 29/29/29 
f 29/29/29 8/8/8 30/30/30 
f 8/8/8 11/11/11 30/30/30 
f 30/30/30 11/11/11 31/31/31 
f 11/11/11 13/13/13 31/31/31 
f 31/31/31 13/13/13 31/31/31 
f 13/13/13 14/14/14 31/31/31 
f 31/31/31 14/14/14 32/32/32 
f 14/14/14 16/16/16 32/32/32 
f 32/32/32 16/16/16 33/33/33 
f 16/16/16 19/19/19 33/33/33 
f 33/33/33 19/19/19 34/34/34 
f 19/19/19 20/20/20 34/34/34 
f 34/34/34 20/20/20 35/35/35 
f 20/20/20 36/36/36 35/35/35 
f 35/35/35 36/36/36 37/37/37 
f 36/36/36 36/36/36 37/37/37 
f 37/37/37 36/36/36 38/38/38 
f 36/36/36 25/25/25 38/38/38 
f 38/38/38 25/25/25 39/39/39 
f 25/25/25 26/26/26 39/39/39 
f 39/39/39 26/26/26 40/40/40 
f 26/26/26 26/26/26 40/40/40 
f 40/40/40 26/26/26 41/41/41 
f 26/26/26 27/27/27 41/41/41 
f 41/41/41 27/27/27 42/42/42 
f 27/27/27 28/28/28 42/42/42 
f 42/42/42 28/28/28 43/43/43 
f 28/28/28 29/29/29 43/43/43 
f 43/43/43 29/29/29 44/44/44 
f 29/29/29 30/30/30 44/44/44 
f 44/44/44 30/30/30 44/44/44 
f 30/30/30 31/31/31 44/44/44 
f 44/44/44 31/31/31 45/45/45 
f 31/31/31 31/31/31 45/45/45 
f 45/45/45 31/31/31 46/46/46 
f 31/31/31 32/32/32 46/46/46 
f 46/46/46 32/32/32 47/47/47 
f 32/32/32 33/33/33 47/47/47 
f 47/47/47 33/33/33 47/47/47 
f 33/33/33 34/34/34 47/47/47 
f 47/47/47 34/34/34 48/48/48 
f 34/34/34 35/35/35 48/48/48 
f 48/48/48 35/35/35 37/37/37 
f 35/35/35 37/37/37 37/37/37 
f 37/37/37 37/37/37 20/20/20 
f 37/37/37 20/20/20 20/20/20 
f 20/20/20 20/20/20 36/36/36 
f 20/20/20 22/22/22 36/36/36 
f 36/36/36 22/22/22 36/36/36 
f 22/22/22 24/24/24 36/36/36 
f 36/36/36 24/24/24 25/25/25 
f 24/24/24 25/25/25 25/25/25 
f 25/25/25 25/25/25 49/49/49 
f 25/25/25 49/49/49 49/49/49 
f 49/49/49 49/49/49 50/50/50 
f 49/49/49 51/51/51 50/50/50 
f 50/50/50 51/51/51 50/50/50 
f 51/51/51 52/52/52 50/50/50 
f 50/50/50 52/52/52 53/53/53 
f 52/52/52 54/54/54 53/53/53 
f 53/53/53 54/54/54 55/55/55 
f 54/54/54 54/54/54 55/55/55 
f 55/55/55 54/54/54 56/56/56 
f 54/54/54 57/57/57 56/56/56 
f 56/56/56 57/57/57 58/58/58 
f 57/57/57 59/59/59 58/58/58 
f 58/58/58 59/59/59 58/58/58 
f 59/59/59 60/60/60 58/58/58 
f 58/58/58 60/60/60 61/61/61 
f 60/60/60 60/60/60 61/61/61 
f 61/61/61 60/60/60 62/62/62 
f 60/60/60 63/63/63 62/62/62 
f 62/62/62 63/63/63 62/62/62 
f 63/63/63 64/64/64 62/62/62 
f 62/62/62 64/64/64 65/65/65 
f 64/64/64 66/66/66 65/65/65 
f 65/65/65 66/66/66 67/67/67 
f 66/66/66 66/66/66 67/67/67 
f 67/67/67 66/66/66 68/68/68 
f 66/66/66 69/69/69 68/68/68 
f 68/68/68 69/69/69 70/70/70 
f 69/69/69 71/71/71 70/70/70 
f 70/70/70 71/71/71 70/70/70 
f 71/71/71 49/49/49 70/70/70 
f 70/70/70 49/49/49 72/72/72 
f 49/49/49 50/50/50 72/72/72 
f 72/72/72 50/50/50 73/73/73 
f 50/50/50 74/74/74 73/73/73 
f 73/73/73 74/74/74 75/75/75 
f 74/74/74 76/76/76 75/75/75 
f 75/75/75 76/76/76 77/77/77 
f 76/76/76 77/77/77 77/77/77 
f 77/77/77 77/77/77 50/50/50 
f 77/77/77 50/50/50 50/50/50 
f 50/50/50 50/50/50 74/74/74 
f 50/50/50 53/53/53 74/74/74 
f 74/74/74 53/53/53 74/74/74 
f 53/53/53 55/55/55 74/74/74 
f 74/74/74 55/55/55 76/76/76 
f 55/55/55 76/76/76 76/76/76 
f 76/76/76 76/76/76 75/75/75 
f 76/76/76 75/75/75 75/75/75 
f 75/75/75 75/75/75 73/73/73 
f 75/75/75 78/78/78 73/73/73 
f 73/73/73 78/78/78 73/73/73 
f 78/78/78 79/79/79 73/73/73 
f 73/73/73 79/79/79 80/80/80 
f 79/79/79 81/81/81 80/80/80 
f 80/80/80 81/81/81 80/80/80 
f 81/81/81 72/72/72 80/80/80 
f 80/80/80 72/72/72 73/73/73 
f 72/72/72 73/73/73 73/73/73 
f 73/73/73 73/73/73 79/79/79 
f 73/73/73 79/79/79 79/79/79 
f 79/79/79 79/79/79 81/81/81 
f 79/79/79 82/82/82 81/81/81 
f 81/81/81 82/82/82 81/81/81 
f 82/82/82 83/83/83 81/81/81 
f 81/81/81 83/83/83 84/84/84 
f 83/83/83 85/85/85 84/84/84 
f 84/84/84 85/85/85 86/86/86 
f 85/85/85 87/87/87 86/86/86 
f 86/86/86 87/87/87 86/86/86 
f 87/87/87 88/88/88 86/86/86 
f 86/86/86 88/88/88 67/67/67 
f 88/88/88 88/88/88 67/67/67 
f 67/67/67 88/88/88 65/65/65 
f 88/88/88 88/88/88 65/65/65 
f 65/65/65 88/88/88 62/62/62 
f 88/88/88 88/88/88 62/62/62 
f 62/62/62 88/88/88 89/89/89 
f 88/88/88 87/87/87 89/89/89 
f 89/89/89 87/87/87 89/89/89 
f 87/87/87 90/90/90 89/89/89 
f 89/89/89 90/90/90 89/89/89 
f 90/90/90 91/91/91 89/89/89 
f 89/89/89 91/91/91 92/92/92 
f 91/91/91 93/93/93 92/92/92 
f 92/92/92 93/93/93 93/93/93 
f 93/93/93 86/86/86 93/93/93 
f 93/93/93 86/86/86 86/86/86 
f 86/86/86 67/67/67 86/86/86 
f 86/86/86 67/67/67 84/84/84 
f 67/67/67 68/68/68 84/84/84 
f 84/84/84 68/68/68 84/84/84 
f 68/68/68 70/70/70 84/84/84 
f 84/84/84 70/70/70 81/81/81 
f 70/70/70 72/72/72 81/81/81 
f 81/81/81 72/72/72 72/72/72 
f 72/72/72 62/62/62 72/72/72 
f 72/72/72 62/62/62 62/62/62 
f 62/62/62 89/89/89 62/62/62 
f 62/62/62 89/89/89 61/61/61 
f 89/89/89 92/92/92 61/61/61 
f 61/61/61 92/92/92 94/94/94 
f 92/92/92 93/93/93 94/94/94 
f 94/94/94 93/93/93 94/94/94 
f 93/93/93 95/95/95 94/94/94 
f 94/94/94 95/95/95 96/96/96 
f 95/95/95 76/76/76 96/96/96 
f 96/96/96 76/76/76 96/96/96 
f 76/76/76 55/55/55 96/96/96 
f 96/96/96 55/55/55 96/96/96 
f 55/55/55 56/56/56 96/96/96 
f 96/96/96 56/56/56 96/96/96 
f 56/56/56 58/58/58 96/96/96 
f 96/96/96 58/58/58 94/94/94 
f 58/58/58 61/61/61 94/94/94 
f 94/94/94 61/61/61 61/61/61 
f 61/61/61 76/76/76 61/61/61 
f 61/61/61 76/76/76 76/76/76 
f 76/76/76 95/95/95 76/76/76 
f 76/76/76 95/95/95 77/77/77 
f 95/95/95 77/77/77 77/77/77 
f 77/77/77 77/77/77 97/97/97 
f 77/77/77 97/97/97 97/97/97 
f 97/97/97 97/97/97 98/98/98 
f 97/97/97 99/99/99 98/98/98 
f 98/98/98 99/99/99 98/98/98 
f 99/99/99 100/100/100 98/98/98 
f 98/98/98 100/100/100 101/101/101 
f 100/100/100 101/101/101 101/101/101 
f 101/101/101 101/101/101 97/97/97 
f 101/101/101 97/97/97 97/97/97 
f 97/97/97 97/97/97 99/99/99 
f 97/97/97 102/102/102 99/99/99 
f 99/99/99 102/102/102 103/103/103 
f 102/102/102 104/104/104 103/103/103 
f 103/103/103 104/104/104 105/105/105 
f 104/104/104 104/104/104 105/105/105 
f 105/105/105 104/104/104 106/106/106 
f 104/104/104 107/107/107 106/106/106 
f 106/106/106 107/107/107 108/108/108 
f 107/107/107 108/108/108 108/108/108 
f 108/108/108 108/108/108 102/102/102 
f 108/108/108 102/102/102 102/102/102 
f 102/102/102 102/102/102 104/104/104 
f 102/102/102 109/109/109 104/104/104 
f 104/104/104 109/109/109 107/107/107 
f 109/109/109 107/107/107 107/107/107 
f 107/107/107 107/107/107 103/103/103 
f 107/107/107 103/103/103 103/103/103 
f 103/103/103 103/103/103 99/99/99 
f 103/103/103 105/105/105 99/99/99 
f 99/99/99 105/105/105 100/100/100 
f 105/105/105 110/110/110 100/100/100 
f 100/100/100 110/110/110 101/101/101 
f 110/110/110 111/111/111 101/101/101 
f 101/101/101 111/111/111 112/112/112 
f 111/111/111 113/113/113 112/112/112 
f 112/112/112 113/113/113 114/114/114 
f 113/113/113 113/113/113 114/114/114 
f 114/114/114 113/113/113 115/115/115 
f 113/113/113 116/116/116 115/115/115 
f 115/115/115 116/116/116 117/117/117 
f 116/116/116 105/105/105 117/117/117 
f 117/117/117 105/105/105 117/117/117 
f 105/105/105 118/118/118 117/117/117 
f 117/117/117 118/118/118 119/119/119 
f 118/118/118 118/118/118 119/119/119 
f 119/119/119 118/118/118 108/108/108 
f 118/118/118 120/120/120 108/108/108 
f 108/108/108 120/120/120 106/106/106 
f 120/120/120 120/120/120 106/106/106 
f 106/106/106 120/120/120 105/105/105 
f 120/120/120 118/118/118 105/105/105 
f 105/105/105 118/118/118 118/118/118 
f 118/118/118 110/110/110 118/118/118 
f 118/118/118 110/110/110 110/110/110 
f 110/110/110 105/105/105 110/110/110 
f 110/110/110 105/105/105 111/111/111 
f 105/105/105 105/105/105 111/111/111 
f 111/111/111 105/105/105 113/113/113 
f 105/105/105 116/116/116 113/113/113 
f 113/113/113 116/116/116 116/116/116 
f 116/116/116 115/115/115 116/116/116 
f 116/116/116 115/115/115 115/115/115 
f 115/115/115 117/117/117 115/115/115 
f 115/115/115 117/117/117 121/121/121 
f 117/117/117 119/119/119 121/121/121 
f 121/121/121 119/119/119 119/119/119 
f 119/119/119 122/122/122 119/119/119 
f 119/119/119 122/122/122 122/122/122 
f 122/122/122 123/123/123 122/122/122 
f 122/122/122 123/123/123 124/124/124 
f 123/123/123 125/125/125 124/124/124 
f 124/124/124 125/125/125 126/126/126 
f 125/125/125 127/127/127 126/126/126 
f 126/126/126 127/127/127 128/128/128 
f 127/127/127 127/127/127 128/128/128 
f 128/128/128 127/127/127 129/129/129 
f 127/127/127 130/130/130 129/129/129 
f 129/129/129 130/130/130 131/131/131 
f 130/130/130 132/132/132 131/131/131 
f 131/131/131 132/132/132 133/133/133 
f 132/132/132 134/134/134 133/133/133 
f 133/133/133 134/134/134 135/135/135 
f 134/134/134 136/136/136 135/135/135 
f 135/135/135 136/136/136 135/135/135 
f 136/136/136 137/137/137 135/135/135 
f 135/135/135 137/137/137 138/138/138 
f 137/137/137 137/137/137 138/138/138 
f 138/138/138 137/137/137 139/139/139 
f 137/137/137 140/140/140 139/139/139 
f 139/139/139 140/140/140 141/141/141 
f 140/140/140 142/142/142 141/141/141 
f 141/141/141 142/142/142 143/143/143 
f 142/142/142 144/144/144 143/143/143 
f 143/143/143 144/144/144 145/145/145 
f 144/144/144 146/146/146 145/145/145 
f 145/145/145 146/146/146 147/147/147 
f 146/146/146 146/146/146 147/147/147 
f 147/147/147 146/146/146 148/148/148 
f 146/146/146 149/149/149 148/148/148 
f 148/148/148 149/149/149 150/150/150 
f 149/149/149 150/150/150 150/150/150 
f 150/150/150 150/150/150 124/124/124 
f 150/150/150 124/124/124 124/124/124 
f 124/124/124 124/124/124 151/151/151 
f 124/124/124 126/126/126 151/151/151 
f 151/151/151 126/126/126 151/151/151 
f 126/126/126 152/152/152 151/151/151 
f 151/151/151 152/152/152 153/153/153 
f 152/152/152 153/153/153 153/153/153 
f 153/153/153 153/153/153 145/145/145 
f 153/153/153 145/145/145 145/145/145 
f 145/145/145 145/145/145 154/154/154 
f 145/145/145 147/147/147 154/154/154 
f 154/154/154 147/147/147 155/155/155 
f 147/147/147 155/155/155 155/155/155 
f 155/155/155 155/155/155 156/156/156 
f 155/155/155 156/156/156 156/156/156 
f 156/156/156 156/156/156 157/157/157 
f 156/156/156 158/158/158 157/157/157 
f 157/157/157 158/158/158 159/159/159 
f 158/158/158 160/160/160 159/159/159 
f 159/159/159 160/160/160 159/159/159 
f 160/160/160 161/161/161 159/159/159 
f 159/159/159 161/161/161 159/159/159 
f 161/161/161 162/162/162 159/159/159 
f 159/159/159 162/162/162 159/159/159 
f 162/162/162 163/163/163 159/159/159 
f 159/159/159 163/163/163 159/159/159 
f 163/163/163 164/164/164 159/159/159 
f 159/159/159 164/164/164 157/157/157 
f 164/164/164 164/164/164 157/157/157 
f 157/157/157 164/164/164 165/165/165 
f 164/164/164 166/166/166 165/165/165 
f 165/165/165 166/166/166 166/166/166 
f 166/166/166 156/156/156 166/166/166 
f 166/166/166 156/156/156 156/156/156 
f 156/156/156 167/167/167 156/156/156 
f 156/156/156 167/167/167 158/158/158 
f 167/167/167 168/168/168 158/158/158 
f 158/158/158 168/168/168 158/158/158 
f 168/168/168 169/169/169 158/158/158 
f 158/158/158 169/169/169 160/160/160 
f 169/169/169 169/169/169 160/160/160 
f 160/160/160 169/169/169 170/170/170 
f 169/169/169 171/171/171 170/170/170 
f 170/170/170 171/171/171 171/171/171 
f 171/171/171 172/172/172 171/171/171 
f 171/171/171 172/172/172 172/172/172 
f 172/172/172 173/173/173 172/172/172 
f 172/172/172 173/173/173 174/174/174 
f 173/173/173 173/173/173 174/174/174 
f 174/174/174 173/173/173 175/175/175 
f 173/173/173 176/176/176 175/175/175 
f 175/175/175 176/176/176 177/177/177 
f 176/176/176 177/177/177 177/177/177 
f 177/177/177 177/177/177 172/172/172 
f 177/177/177 172/172/172 172/172/172 
f 172/172/172 172/172/172 178/178/178 
f 172/172/172 174/174/174 178/178/178 
f 178/178/178 174/174/174 178/178/178 
f 174/174/174 179/179/179 178/178/178 
f 178/178/178 179/179/179 180/180/180 
f 179/179/179 181/181/181 180/180/180 
f 180/180/180 181/181/181 180/180/180 
f 181/181/181 182/182/182 180/180/180 
f 180/180/180 182/182/182 180/180/180 
f 182/182/182 183/183/183 180/180/180 
f 180/180/180 183/183/183 184/184/184 
f 183/183/183 185/185/185 184/184/184 
f 184/184/184 185/185/185 185/185/185 
f 185/185/185 178/178/178 185/185/185 
f 185/185/185 178/178/178 178/178/178 
f 178/178/178 180/180/180 178/178/178 
f 178/178/178 180/180/180 186/186/186 
f 180/180/180 184/184/184 186/186/186 
f 186/186/186 184/184/184 184/184/184 
f 184/184/184 181/181/181 184/184/184 
f 184/184/184 181/181/181 181/181/181 
f 181/181/181 179/179/179 181/181/181 
f 181/181/181 179/179/179 187/187/187 
f 179/179/179 174/174/174 187/187/187 
f 187/187/187 174/174/174 188/188/188 
f 174/174/174 175/175/175 188/188/188 
f 188/188/188 175/175/175 189/189/189 
f 175/175/175 190/190/190 189/189/189 
f 189/189/189 190/190/190 189/189/189 
f 190/190/190 191/191/191 189/189/189 
f 189/189/189 191/191/191 189/189/189 
f 191/191/191 192/192/192 189/189/189 
f 189/189/189 192/192/192 189/189/189 
f 192/192/192 193/193/193 189/189/189 
f 189/189/189 193/193/193 188/188/188 
f 193/193/193 194/194/194 188/188/188 
f 188/188/188 194/194/194 187/187/187 
f 194/194/194 195/195/195 187/187/187 
f 187/187/187 195/195/195 181/181/181 
f 195/195/195 196/196/196 181/181/181 
f 181/181/181 196/196/196 182/182/182 
f 196/196/196 197/197/197 182/182/182 
f 182/182/182 197/197/197 183/183/183 
f 197/197/197 183/183/183 183/183/183 
f 183/183/183 183/183/183 190/190/190 
f 183/183/183 190/190/190 190/190/190 
f 190/190/190 190/190/190 177/177/177 
f 190/190/190 175/175/175 177/177/177 
f 177/177/177 175/175/175 175/175/175 
f 175/175/175 196/196/196 175/175/175 
f 175/175/175 196/196/196 196/196/196 
f 196/196/196 198/198/198 196/196/196 
f 196/196/196 198/198/198 197/197/197 
f 198/198/198 199/199/199 197/197/197 
f 197/197/197 199/199/199 200/200/200 
f 199/199/199 201/201/201 200/200/200 
f 200/200/200 201/201/201 202/202/202 
f 201/201/201 201/201/201 202/202/202 
f 202/202/202 201/201/201 203/203/203 
f 201/201/201 204/204/204 203/203/203 
f 203/203/203 204/204/204 205/205/205 
f 204/204/204 206/206/206 205/205/205 
f 205/205/205 206/206/206 207/207/207 
f 206/206/206 208/208/208 207/207/207 
f 207/207/207 208/208/208 190/190/190 
f 208/208/208 191/191/191 190/190/190 
f 190/190/190 191/191/191 191/191/191 
f 191/191/191 190/190/190 191/191/191 
f 191/191/191 190/190/190 190/190/190 
f 190/190/190 177/177/177 190/190/190 
f 190/190/190 177/177/177 207/207/207 
f 177/177/177 209/209/209 207/207/207 
f 207/207/207 209/209/209 210/210/210 
f 209/209/209 209/209/209 210/210/210 
f 210/210/210 209/209/209 211/211/211 
f 209/209/209 209/209/209 211/211/211 
f 211/211/211 209/209/209 212/212/212 
f 209/209/209 209/209/209 212/212/212 
f 212/212/212 209/209/209 176/176/176 
f 209/209/209 177/177/177 176/176/176 
f 176/176/176 177/177/177 177/177/177 
f 177/177/177 207/207/207 177/177/177 
f 177/177/177 207/207/207 207/207/207 
f 207/207/207 210/210/210 207/207/207 
f 207/207/207 210/210/210 205/205/205 
f 210/210/210 210/210/210 205/205/205 
f 205/205/205 210/210/210 203/203/203 
f 210/210/210 213/213/213 203/203/203 
f 203/203/203 213/213/213 202/202/202 
f 213/213/213 214/214/214 202/202/202 
f 202/202/202 214/214/214 200/200/200 
f 214/214/214 215/215/215 200/200/200 
f 200/200/200 215/215/215 197/197/197 
f 215/215/215 216/216/216 197/197/197 
f 197/197/197 216/216/216 183/183/183 
f 216/216/216 216/216/216 183/183/183 
f 183/183/183 216/216/216 185/185/185 
f 216/216/216 215/215/215 185/185/185 
f 185/185/185 215/215/215 217/217/217 
f 215/215/215 214/214/214 217/217/217 
f 217/217/217 214/214/214 218/218/218 
f 214/214/214 214/214/214 218/218/218 
f 218/218/218 214/214/214 219/219/219 
f 214/214/214 213/213/213 219/219/219 
f 219/219/219 213/213/213 219/219/219 
f 213/213/213 210/210/210 219/219/219 
f 219/219/219 210/210/210 211/211/211 
f 210/210/210 211/211/211 211/211/211 
f 211/211/211 211/211/211 220/220/220 
f 211/211/211 220/220/220 220/220/220 
f 220/220/220 220/220/220 221/221/221 
f 220/220/220 222/222/222 221/221/221 
f 221/221/221 222/222/222 223/223/223 
f 222/222/222 223/223/223 223/223/223 
f 223/223/223 223/223/223 220/220/220 
f 223/223/223 220/220/220 220/220/220 
f 220/220/220 220/220/220 224/224/224 
f 220/220/220 221/221/221 224/224/224 
f 224/224/224 221/221/221 225/225/225 
f 221/221/221 226/226/226 225/225/225 
f 225/225/225 226/226/226 225/225/225 
f 226/226/226 227/227/227 225/225/225 
f 225/225/225 227/227/227 228/228/228 
f 227/227/227 229/229/229 228/228/228 
f 228/228/228 229/229/229 230/230/230 
f 229/229/229 231/231/231 230/230/230 
f 230/230/230 231/231/231 232/232/232 
f 231/231/231 231/231/231 232/232/232 
f 232/232/232 231/231/231 233/233/233 
f 231/231/231 234/234/234 233/233/233 
f 233/233/233 234/234/234 233/233/233 
f 234/234/234 235/235/235 233/233/233 
f 233/233/233 235/235/235 236/236/236 
f 235/235/235 235/235/235 236/236/236 
f 236/236/236 235/235/235 237/237/237 
f 235/235/235 238/238/238 237/237/237 
f 237/237/237 238/238/238 239/239/239 
f 238/238/238 240/240/240 239/239/239 
f 239/239/239 240/240/240 239/239/239 
f 240/240/240 241/241/241 239/239/239 
f 239/239/239 241/241/241 242/242/242 
f 241/241/241 243/243/243 242/242/242 
f 242/242/242 243/243/243 244/244/244 
f 243/243/243 243/243/243 244/244/244 
f 244/244/244 243/243/243 222/222/222 
f 243/243/243 243/243/243 222/222/222 
f 222/222/222 243/243/243 223/223/223 
f 243/243/243 243/243/243 223/223/223 
f 223/223/223 243/243/243 245/245/245 
f 243/243/243 243/243/243 245/245/245 
f 245/245/245 243/243/243 246/246/246 
f 243/243/243 241/241/241 246/246/246 
f 246/246/246 241/241/241 246/246/246 
f 241/241/241 240/240/240 246/246/246 
f 246/246/246 240/240/240 247/247/247 
f 240/240/240 240/240/240 247/247/247 
f 247/247/247 240/240/240 248/248/248 
f 240/240/240 238/238/238 248/248/248 
f 248/248/248 238/238/238 235/235/235 
f 238/238/238 235/235/235 235/235/235 
f 235/235/235 235/235/235 228/228/228 
f 235/235/235 228/228/228 228/228/228 
f 228/228/228 228/228/228 225/225/225 
f 228/228/228 224/224/224 225/225/225 
f 225/225/225 224/224/224 224/224/224 
f 224/224/224 249/249/249 224/224/224 
f 224/224/224 249/249/249 249/249/249 
f 249/249/249 245/245/245 249/249/249 
f 249/249/249 245/245/245 250/250/250 
f 245/245/245 246/246/246 250/250/250 
f 250/250/250 246/246/246 251/251/251 
f 246/246/246 247/247/247 251/251/251 
f 251/251/251 247/247/247 247/247/247 
f 247/247/247 249/249/249 247/247/247 
f 247/247/247 249/249/249 249/249/249 
f 249/249/249 252/252/252 249/249/249 
f 249/249/249 252/252/252 245/245/245 
f 252/252/252 253/253/253 245/245/245 
f 245/245/245 253/253/253 223/223/223 
f 253/253/253 254/254/254 223/223/223 
f 223/223/223 254/254/254 221/221/221 
f 254/254/254 254/254/254 221/221/221 
f 221/221/221 254/254/254 226/226/226 
f 254/254/254 255/255/255 226/226/226 
f 226/226/226 255/255/255 256/256/256 
f 255/255/255 257/257/257 256/256/256 
f 256/256/256 257/257/257 256/256/256 
f 257/257/257 258/258/258 256/256/256 
f 256/256/256 258/258/258 256/256/256 
f 258/258/258 259/259/259 256/256/256 
f 256/256/256 259/259/259 227/227/227 
f 259/259/259 259/259/259 227/227/227 
f 227/227/227 259/259/259 229/229/229 
f 259/259/259 259/259/259 229/229/229 
f 229/229/229 259/259/259 231/231/231 
f 259/259/259 259/259/259 231/231/231 
f 231/231/231 259/259/259 260/260/260 
f 259/259/259 258/258/258 260/260/260 
f 260/260/260 258/258/258 260/260/260 
f 258/258/258 261/261/261 260/260/260 
f 260/260/260 261/261/261 262/262/262 
f 261/261/261 263/263/263 262/262/262 
f 262/262/262 263/263/263 263/263/263 
f 263/263/263 253/253/253 263/263/263 
f 263/263/263 253/253/253 253/253/253 
f 253/253/253 252/252/252 253/253/253 
f 253/253/253 252/252/252 254/254/254 
f 252/252/252 264/264/264 254/254/254 
f 254/254/254 264/264/264 255/255/255 
f 264/264/264 255/255/255 255/255/255 
f 255/255/255 255/255/255 227/227/227 
f 255/255/255 227/227/227 227/227/227 
f 227/227/227 227/227/227 256/256/256 
f 227/227/227 226/226/226 256/256/256 
f 256/256/256 226/226/226 226/226/226 
f 226/226/226 231/231/231 226/226/226 
f 226/226/226 231/231/231 231/231/231 
f 231/231/231 260/260/260 231/231/231 
f 231/231/231 260/260/260 234/234/234 
f 260/260/260 262/262/262 234/234/234 
f 234/234/234 262/262/262 265/265/265 
f 262/262/262 263/263/263 265/265/265 
f 265/265/265 263/263/263 265/265/265 
f 263/263/263 266/266/266 265/265/265 
f 265/265/265 266/266/266 265/265/265 
f 266/266/266 267/267/267 265/265/265 
f 265/265/265 267/267/267 248/248/248 
f 267/267/267 267/267/267 248/248/248 
f 248/248/248 267/267/267 247/247/247 
f 267/267/267 251/251/251 247/247/247 
f 247/247/247 251/251/251 251/251/251 
f 251/251/251 234/234/234 251/251/251 
f 251/251/251 234/234/234 234/234/234 
f 234/234/234 265/265/265 234/234/234 
f 234/234/234 265/265/265 235/235/235 
f 265/265/265 248/248/248 235/235/235 
f 235/235/235 248/248/248 248/248/248 
f 248/248/248 268/268/268 248/248/248 
f 248/248/248 268/268/268 268/268/268 
f 268/268/268 269/269/269 268/268/268 
f 268/268/268 269/269/269 270/270/270 
f 269/269/269 269/269/269 270/270/270 
f 270/270/270 269/269/269 271/271/271 
f 269/269/269 272/272/272 271/271/271 
f 271/271/271 272/272/272 272/272/272 
f 272/272/272 268/268/268 272/272/272 
f 272/272/272 268/268/268 268/268/268 
f 268/268/268 270/270/270 268/268/268 
f 268/268/268 270/270/270 273/273/273 
f 270/270/270 274/274/274 273/273/273 
f 273/273/273 274/274/274 275/275/275 
f 274/274/274 276/276/276 275/275/275 
f 275/275/275 276/276/276 275/275/275 
f 276/276/276 277/277/277 275/275/275 
f 275/275/275 277/277/277 278/278/278 
f 277/277/277 279/279/279 278/278/278 
f 278/278/278 279/279/279 279/279/279 
f 279/279/279 273/273/273 279/279/279 
f 279/279/279 273/273/273 273/273/273 
f 273/273/273 275/275/275 273/273/273 
f 273/273/273 275/275/275 280/280/280 
f 275/275/275 278/278/278 280/280/280 
f 280/280/280 278/278/278 278/278/278 
f 278/278/278 274/274/274 278/278/278 
f 278/278/278 274/274/274 274/274/274 
f 274/274/274 270/270/270 274/274/274 
f 274/274/274 270/270/270 276/276/276 
f 270/270/270 271/271/271 276/276/276 
f 276/276/276 271/271/271 281/281/281 
f 271/271/271 272/272/272 281/281/281 
f 281/281/281 272/272/272 282/282/282 
f 272/272/272 283/283/283 282/282/282 
f 282/282/282 283/283/283 284/284/284 
f 283/283/283 285/285/285 284/284/284 
f 284/284/284 285/285/285 284/284/284 
f 285/285/285 286/286/286 284/284/284 
f 284/284/284 286/286/286 287/287/287 
f 286/286/286 288/288/288 287/287/287 
f 287/287/287 288/288/288 276/276/276 
f 288/288/288 288/288/288 276/276/276 
f 276/276/276 288/288/288 289/289/289 
f 288/288/288 290/290/290 289/289/289 
f 289/289/289 290/290/290 289/289/289 
f 290/290/290 279/279/279 289/289/289 
f 289/289/289 279/279/279 289/289/289 
f 279/279/279 291/291/291 289/289/289 
f 289/289/289 291/291/291 276/276/276 
f 291/291/291 291/291/291 276/276/276 
f 276/276/276 291/291/291 277/277/277 
f 291/291/291 279/279/279 277/277/277 
f 277/277/277 279/279/279 279/279/279 
f 279/279/279 281/281/281 279/279/279 
f 279/279/279 281/281/281 281/281/281 
f 281/281/281 282/282/282 281/281/281 
f 281/281/281 282/282/282 276/276/276 
f 282/282/282 284/284/284 276/276/276 
f 276/276/276 284/284/284 287/287/287 
f 284/284/284 287/287/287 287/287/287 
f 287/287/287 287/287/287 286/286/286 
f 287/287/287 286/286/286 286/286/286 
f 286/286/286 286/286/286 288/288/288 
f 286/286/286 292/292/292 288/288/288 
f 288/288/288 292/292/292 290/290/290 
f 292/292/292 290/290/290 290/290/290 
f 290/290/290 290/290/290 293/293/293 
f 290/290/290 293/293/293 293/293/293 
f 293/293/293 293/293/293 294/294/294 
f 293/293/293 295/295/295 294/294/294 
f 294/294/294 295/295/295 296/296/296 
f 295/295/295 296/296/296 296/296/296 
f 296/296/296 296/296/296 293/293/293 
f 296/296/296 293/293/293 293/293/293 
f 293/293/293 293/293/293 295/295/295 
f 293/293/293 297/297/297 295/295/295 
f 295/295/295 297/297/297 298/298/298 
f 297/297/297 299/299/299 298/298/298 
f 298/298/298 299/299/299 298/298/298 
f 299/299/299 300/300/300 298/298/298 
f 298/298/298 300/300/300 301/301/301 
f 300/300/300 302/302/302 301/301/301 
f 301/301/301 302/302/302 301/301/301 
f 302/302/302 303/303/303 301/301/301 
f 301/301/301 303/303/303 301/301/301 
f 303/303/303 304/304/304 301/301/301 
f 301/301/301 304/304/304 301/301/301 
f 304/304/304 305/305/305 301/301/301 
f 301/301/301 305/305/305 306/306/306 
f 305/305/305 307/307/307 306/306/306 
f 306/306/306 307/307/307 306/306/306 
f 307/307/307 308/308/308 306/306/306 
f 306/306/306 308/308/308 306/306/306 
f 308/308/308 296/296/296 306/306/306 
f 306/306/306 296/296/296 306/306/306 
f 296/296/296 295/295/295 306/306/306 
f 306/306/306 295/295/295 306/306/306 
f 295/295/295 298/298/298 306/306/306 
f 306/306/306 298/298/298 301/301/301 
f 298/298/298 301/301/301 301/301/301 
f 301/301/301 301/301/301 309/309/309 
f 301/301/301 309/309/309 309/309/309 
f 309/309/309 309/309/309 310/310/310 
f 309/309/309 311/311/311 310/310/310 
f 310/310/310 311/311/311 312/312/312 
f 311/311/311 311/311/311 312/312/312 
f 312/312/312 311/311/311 313/313/313 
f 311/311/311 314/314/314 313/313/313 
f 313/313/313 314/314/314 315/315/315 
f 314/314/314 316/316/316 315/315/315 
f 315/315/315 316/316/316 317/317/317 
f 316/316/316 318/318/318 317/317/317 
f 317/317/317 318/318/318 317/317/317 
f 318/318/318 319/319/319 317/317/317 
f 317/317/317 319/319/319 320/320/320 
f 319/319/319 320/320/320 320/320/320 
f 320/320/320 320/320/320 321/321/321 
f 320/320/320 321/321/321 321/321/321 
f 321/321/321 321/321/321 322/322/322 
f 321/321/321 323/323/323 322/322/322 
f 322/322/322 323/323/323 322/322/322 
f 323/323/323 324/324/324 322/322/322 
f 322/322/322 324/324/324 325/325/325 
f 324/324/324 326/326/326 325/325/325 
f 325/325/325 326/326/326 327/327/327 
f 326/326/326 328/328/328 327/327/327 
f 327/327/327 328/328/328 329/329/329 
f 328/328/328 328/328/328 329/329/329 
f 329/329/329 328/328/328 330/330/330 
f 328/328/328 331/331/331 330/330/330 
f 330/330/330 331/331/331 332/332/332 
f 331/331/331 332/332/332 332/332/332 
f 332/332/332 332/332/332 331/331/331 
f 332/332/332 331/331/331 331/331/331 
f 331/331/331 331/331/331 333/333/333 
f 331/331/331 328/328/328 333/333/333 
f 333/333/333 328/328/328 333/333/333 
f 328/328/328 326/326/326 333/333/333 
f 333/333/333 326/326/326 334/334/334 
f 326/326/326 324/324/324 334/334/334 
f 334/334/334 324/324/324 335/335/335 
f 324/324/324 323/323/323 335/335/335 
f 335/335/335 323/323/323 336/336/336 
f 323/323/323 337/337/337 336/336/336 
f 336/336/336 337/337/337 336/336/336 
f 337/337/337 338/338/338 336/336/336 
f 336/336/336 338/338/338 339/339/339 
f 338/338/338 340/340/340 339/339/339 
f 339/339/339 340/340/340 340/340/340 
f 340/340/340 321/321/321 340/340/340 
f 340/340/340 321/321/321 321/321/321 
f 321/321/321 337/337/337 321/321/321 
f 321/321/321 337/337/337 323/323/323 
f 337/337/337 323/323/323 323/323/323 
f 323/323/323 323/323/323 339/339/339 
f 323/323/323 339/339/339 339/339/339 
f 339/339/339 339/339/339 336/336/336 
f 339/339/339 341/341/341 336/336/336 
f 336/336/336 341/341/341 335/335/335 
f 341/341/341 342/342/342 335/335/335 
f 335/335/335 342/342/342 334/334/334 
f 342/342/342 343/343/343 334/334/334 
f 334/334/334 343/343/343 333/333/333 
f 343/343/343 344/344/344 333/333/333 
f 333/333/333 344/344/344 331/331/331 
f 344/344/344 345/345/345 331/331/331 
f 331/331/331 345/345/345 332/332/332 
f 345/345/345 345/345/345 332/332/332 
f 332/332/332 345/345/345 346/346/346 
f 345/345/345 347/347/347 346/346/346 
f 346/346/346 347/347/347 348/348/348 
f 347/347/347 347/347/347 348/348/348 
f 348/348/348 347/347/347 349/349/349 
f 347/347/347 350/350/350 349/349/349 
f 349/349/349 350/350/350 351/351/351 
f 350/350/350 351/351/351 351/351/351 
f 351/351/351 351/351/351 350/350/350 
f 351/351/351 350/350/350 350/350/350 
f 350/350/350 350/350/350 352/352/352 
f 350/350/350 347/347/347 352/352/352 
f 352/352/352 347/347/347 352/352/352 
f 347/347/347 345/345/345 352/352/352 
f 352/352/352 345/345/345 352/352/352 
f 345/345/345 344/344/344 352/352/352 
f 352/352/352 344/344/344 353/353/353 
f 344/344/344 343/343/343 353/353/353 
f 353/353/353 343/343/343 343/343/343 
f 343/343/343 353/353/353 343/343/343 
f 343/343/343 353/353/353 353/353/353 
f 353/353/353 354/354/354 353/353/353 
f 353/353/353 354/354/354 352/352/352 
f 354/354/354 354/354/354 352/352/352 
f 352/352/352 354/354/354 350/350/350 
f 354/354/354 355/355/355 350/350/350 
f 350/350/350 355/355/355 351/351/351 
f 355/355/355 355/355/355 351/351/351 
f 351/351/351 355/355/355 356/356/356 
f 355/355/355 357/357/357 356/356/356 
f 356/356/356 357/357/357 358/358/358 
f 357/357/357 358/358/358 358/358/358 
f 358/358/358 358/358/358 357/357/357 
f 358/358/358 357/357/357 357/357/357 
f 357/357/357 357/357/357 359/359/359 
f 357/357/357 355/355/355 359/359/359 
f 359/359/359 355/355/355 359/359/359 
f 355/355/355 354/354/354 359/359/359 
f 359/359/359 354/354/354 360/360/360 
f 354/354/354 353/353/353 360/360/360 
f 360/360/360 353/353/353 361/361/361 
f 353/353/353 343/343/343 361/361/361 
f 361/361/361 343/343/343 361/361/361 
f 343/343/343 342/342/342 361/361/361 
f 361/361/361 342/342/342 362/362/362 
f 342/342/342 341/341/341 362/362/362 
f 362/362/362 341/341/341 363/363/363 
f 341/341/341 339/339/339 363/363/363 
f 363/363/363 339/339/339 364/364/364 
f 339/339/339 340/340/340 364/364/364 
f 364/364/364 340/340/340 364/364/364 
f 340/340/340 365/365/365 364/364/364 
f 364/364/364 365/365/365 364/364/364 
f 365/365/365 366/366/366 364/364/364 
f 364/364/364 366/366/366 367/367/367 
f 366/366/366 368/368/368 367/367/367 
f 367/367/367 368/368/368 369/369/369 
f 368/368/368 370/370/370 369/369/369 
f 369/369/369 370/370/370 371/371/371 
f 370/370/370 372/372/372 371/371/371 
f 371/371/371 372/372/372 371/371/371 
f 372/372/372 373/373/373 371/371/371 
f 371/371/371 373/373/373 374/374/374 
f 373/373/373 375/375/375 374/374/374 
f 374/374/374 375/375/375 376/376/376 
f 375/375/375 377/377/377 376/376/376 
f 376/376/376 377/377/377 378/378/378 
f 377/377/377 379/379/379 378/378/378 
f 378/378/378 379/379/379 380/380/380 
f 379/379/379 381/381/381 380/380/380 
f 380/380/380 381/381/381 382/382/382 
f 381/381/381 383/383/383 382/382/382 
f 382/382/382 383/383/383 382/382/382 
f 383/383/383 384/384/384 382/382/382 
f 382/382/382 384/384/384 382/382/382 
f 384/384/384 385/385/385 382/382/382 
f 382/382/382 385/385/385 380/380/380 
f 385/385/385 386/386/386 380/380/380 
f 380/380/380 386/386/386 380/380/380 
f 386/386/386 387/387/387 380/380/380 
f 380/380/380 387/387/387 378/378/378 
f 387/387/387 388/388/388 378/378/378 
f 378/378/378 388/388/388 376/376/376 
f 388/388/388 389/389/389 376/376/376 
f 376/376/376 389/389/389 374/374/374 
f 389/389/389 390/390/390 374/374/374 
f 374/374/374 390/390/390 371/371/371 
f 390/390/390 390/390/390 371/371/371 
f 371/371/371 390/390/390 369/369/369 
f 390/390/390 391/391/391 369/369/369 
f 369/369/369 391/391/391 367/367/367 
f 391/391/391 363/363/363 367/367/367 
f 367/367/367 363/363/363 364/364/364 
f 363/363/363 364/364/364 364/364/364 
f 364/364/364 364/364/364 363/363/363 
f 364/364/364 363/363/363 363/363/363 
f 363/363/363 363/363/363 362/362/362 
f 363/363/363 391/391/391 362/362/362 
f 362/362/362 391/391/391 392/392/392 
f 391/391/391 390/390/390 392/392/392 
f 392/392/392 390/390/390 392/392/392 
f 390/390/390 389/389/389 392/392/392 
f 392/392/392 389/389/389 393/393/393 
f 389/389/389 388/388/388 393/393/393 
f 393/393/393 388/388/388 394/394/394 
f 388/388/388 387/387/387 394/394/394 
f 394/394/394 387/387/387 395/395/395 
f 387/387/387 386/386/386 395/395/395 
f 395/395/395 386/386/386 396/396/396 
f 386/386/386 386/386/386 396/396/396 
f 396/396/396 386/386/386 397/397/397 
f 386/386/386 385/385/385 397/397/397 
f 397/397/397 385/385/385 398/398/398 
f 385/385/385 384/384/384 398/398/398 
f 398/398/398 384/384/384 399/399/399 
f 384/384/384 384/384/384 399/399/399 
f 399/399/399 384/384/384 400/400/400 
f 384/384/384 383/383/383 400/400/400 
f 400/400/400 383/383/383 400/400/400 
f 383/383/383 401/401/401 400/400/400 
f 400/400/400 401/401/401 402/402/402 
f 401/401/401 403/403/403 402/402/402 
f 402/402/402 403/403/403 402/402/402 
f 403/403/403 404/404/404 402/402/402 
f 402/402/402 404/404/404 405/405/405 
f 404/404/404 406/406/406 405/405/405 
f 405/405/405 406/406/406 407/407/407 
f 406/406/406 408/408/408 407/407/407 
f 407/407/407 408/408/408 409/409/409 
f 408/408/408 408/408/408 409/409/409 
f 409/409/409 408/408/408 410/410/410 
f 408/408/408 411/411/411 410/410/410 
f 410/410/410 411/411/411 412/412/412 
f 411/411/411 413/413/413 412/412/412 
f 412/412/412 413/413/413 414/414/414 
f 413/413/413 415/415/415 414/414/414 
f 414/414/414 415/415/415 416/416/416 
f 415/415/415 417/417/417 416/416/416 
f 416/416/416 417/417/417 418/418/418 
f 417/417/417 419/419/419 418/418/418 
f 418/418/418 419/419/419 418/418/418 
f 419/419/419 420/420/420 418/418/418 
f 418/418/418 420/420/420 421/421/421 
f 420/420/420 422/422/422 421/421/421 
f 421/421/421 422/422/422 423/423/423 
f 422/422/422 424/424/424 423/423/423 
f 423/423/423 424/424/424 423/423/423 
f 424/424/424 425/425/425 423/423/423 
f 423/423/423 425/425/425 426/426/426 
f 425/425/425 427/427/427 426/426/426 
f 426/426/426 427/427/427 427/427/427 
f 427/427/427 362/362/362 427/427/427 
f 427/427/427 362/362/362 362/362/362 
f 362/362/362 392/392/392 362/362/362 
f 362/362/362 392/392/392 361/361/361 
f 392/392/392 393/393/393 361/361/361 
f 361/361/361 393/393/393 393/393/393 
f 393/393/393 420/420/420 393/393/393 
f 393/393/393 420/420/420 420/420/420 
f 420/420/420 428/428/428 420/420/420 
f 420/420/420 428/428/428 422/422/422 
f 428/428/428 429/429/429 422/422/422 
f 422/422/422 429/429/429 424/424/424 
f 429/429/429 424/424/424 424/424/424 
f 424/424/424 424/424/424 426/426/426 
f 424/424/424 426/426/426 426/426/426 
f 426/426/426 426/426/426 423/423/423 
f 426/426/426 430/430/430 423/423/423 
f 423/423/423 430/430/430 421/421/421 
f 430/430/430 431/431/431 421/421/421 
f 421/421/421 431/431/431 418/418/418 
f 431/431/431 431/431/431 418/418/418 
f 418/418/418 431/431/431 416/416/416 
f 431/431/431 432/432/432 416/416/416 
f 416/416/416 432/432/432 414/414/414 
f 432/432/432 414/414/414 414/414/414 
f 414/414/414 414/414/414 432/432/432 
f 414/414/414 432/432/432 432/432/432 
f 432/432/432 432/432/432 433/433/433 
f 432/432/432 431/431/431 433/433/433 
f 433/433/433 431/431/431 433/433/433 
f 431/431/431 430/430/430 433/433/433 
f 433/433/433 430/430/430 434/434/434 
f 430/430/430 426/426/426 434/434/434 
f 434/434/434 426/426/426 435/435/435 
f 426/426/426 427/427/427 435/435/435 
f 435/435/435 427/427/427 435/435/435 
f 427/427/427 436/436/436 435/435/435 
f 435/435/435 436/436/436 435/435/435 
f 436/436/436 437/437/437 435/435/435 
f 435/435/435 437/437/437 438/438/438 
f 437/437/437 439/439/439 438/438/438 
f 438/438/438 439/439/439 440/440/440 
f 439/439/439 441/441/441 440/440/440 
f 440/440/440 441/441/441 442/442/442 
f 441/441/441 443/443/443 442/442/442 
f 442/442/442 443/443/443 442/442/442 
f 443/443/443 444/444/444 442/442/442 
f 442/442/442 444/444/444 442/442/442 
f 444/444/444 445/445/445 442/442/442 
f 442/442/442 445/445/445 442/442/442 
f 445/445/445 446/446/446 442/442/442 
f 442/442/442 446/446/446 440/440/440 
f 446/446/446 447/447/447 440/440/440 
f 440/440/440 447/447/447 438/438/438 
f 447/447/447 448/448/448 438/438/438 
f 438/438/438 448/448/448 435/435/435 
f 448/448/448 449/449/449 435/435/435 
f 435/435/435 449/449/449 434/434/434 
f 449/449/449 450/450/450 434/434/434 
f 434/434/434 450/450/450 433/433/433 
f 450/450/450 433/433/433 433/433/433 
f 433/433/433 433/433/433 449/449/449 
f 433/433/433 449/449/449 449/449/449 
f 449/449/449 449/449/449 450/450/450 
f 449/449/449 448/448/448 450/450/450 
f 450/450/450 448/448/448 451/451/451 
f 448/448/448 447/447/447 451/451/451 
f 451/451/451 447/447/447 452/452/452 
f 447/447/447 446/446/446 452/452/452 
f 452/452/452 446/446/446 453/453/453 
f 446/446/446 445/445/445 453/453/453 
f 453/453/453 445/445/445 453/453/453 
f 445/445/445 454/454/454 453/453/453 
f 453/453/453 454/454/454 453/453/453 
f 454/454/454 455/455/455 453/453/453 
f 453/453/453 455/455/455 456/456/456 
f 455/455/455 457/457/457 456/456/456 
f 456/456/456 457/457/457 457/457/457 
f 457/457/457 453/453/453 457/457/457 
f 457/457/457 453/453/453 453/453/453 
f 453/453/453 456/456/456 453/453/453 
f 453/453/453 456/456/456 452/452/452 
f 456/456/456 458/458/458 452/452/452 
f 452/452/452 458/458/458 451/451/451 
f 458/458/458 459/459/459 451/451/451 
f 451/451/451 459/459/459 450/450/450 
f 459/459/459 450/450/450 450/450/450 
f 450/450/450 450/450/450 456/456/456 
f 450/450/450 456/456/456 456/456/456 
f 456/456/456 456/456/456 458/458/458 
f 456/456/456 460/460/460 458/458/458 
f 458/458/458 460/460/460 458/458/458 
f 460/460/460 461/461/461 458/458/458 
f 458/458/458 461/461/461 459/459/459 
f 461/461/461 459/459/459 459/459/459 
f 459/459/459 459/459/459 456/456/456 
f 459/459/459 456/456/456 456/456/456 
f 456/456/456 456/456/456 460/460/460 
f 456/456/456 457/457/457 460/460/460 
f 460/460/460 457/457/457 460/460/460 
f 457/457/457 462/462/462 460/460/460 
f 460/460/460 462/462/462 463/463/463 
f 462/462/462 464/464/464 463/463/463 
f 463/463/463 464/464/464 465/465/465 
f 464/464/464 466/466/466 465/465/465 
f 465/465/465 466/466/466 467/467/467 
f 466/466/466 468/468/468 467/467/467 
f 467/467/467 468/468/468 467/467/467 
f 468/468/468 469/469/469 467/467/467 
f 467/467/467 469/469/469 465/465/465 
f 469/469/469 470/470/470 465/465/465 
f 465/465/465 470/470/470 463/463/463 
f 470/470/470 471/471/471 463/463/463 
f 463/463/463 471/471/471 460/460/460 
f 471/471/471 471/471/471 460/460/460 
f 460/460/460 471/471/471 461/461/461 
f 471/471/471 472/472/472 461/461/461 
f 461/461/461 472/472/472 461/461/461 
f 472/472/472 473/473/473 461/461/461 
f 461/461/461 473/473/473 459/459/459 
f 473/473/473 474/474/474 459/459/459 
f 459/459/459 474/474/474 450/450/450 
f 474/474/474 475/475/475 450/450/450 
f 450/450/450 475/475/475 433/433/433 
f 475/475/475 475/475/475 433/433/433 
f 433/433/433 475/475/475 432/432/432 
f 475/475/475 476/476/476 432/432/432 
f 432/432/432 476/476/476 414/414/414 
f 476/476/476 414/414/414 414/414/414 
f 414/414/414 414/414/414 468/468/468 
f 414/414/414 468/468/468 468/468/468 
f 468/468/468 468/468/468 477/477/477 
f 468/468/468 466/466/466 477/477/477 
f 477/477/477 466/466/466 466/466/466 
f 466/466/466 476/476/476 466/466/466 
f 466/466/466 476/476/476 476/476/476 
f 476/476/476 475/475/475 476/476/476 
f 476/476/476 475/475/475 478/478/478 
f 475/475/475 474/474/474 478/478/478 
f 478/478/478 474/474/474 479/479/479 
f 474/474/474 473/473/473 479/479/479 
f 479/479/479 473/473/473 479/479/479 
f 473/473/473 472/472/472 479/479/479 
f 479/479/479 472/472/472 480/480/480 
f 472/472/472 481/481/481 480/480/480 
f 480/480/480 481/481/481 482/482/482 
f 481/481/481 481/481/481 482/482/482 
f 482/482/482 481/481/481 483/483/483 
f 481/481/481 470/470/470 483/483/483 
f 483/483/483 470/470/470 469/469/469 
f 470/470/470 469/469/469 469/469/469 
f 469/469/469 469/469/469 472/472/472 
f 469/469/469 472/472/472 472/472/472 
f 472/472/472 472/472/472 481/481/481 
f 472/472/472 471/471/471 481/481/481 
f 481/481/481 471/471/471 470/470/470 
f 471/471/471 470/470/470 470/470/470 
f 470/470/470 470/470/470 479/479/479 
f 470/470/470 479/479/479 479/479/479 
f 479/479/479 479/479/479 484/484/484 
f 479/479/479 480/480/480 484/484/484 
f 484/484/484 480/480/480 485/485/485 
f 480/480/480 482/482/482 485/485/485 
f 485/485/485 482/482/482 482/482/482 
f 482/482/482 479/479/479 482/482/482 
f 482/482/482 479/479/479 479/479/479 
f 479/479/479 484/484/484 479/479/479 
f 479/479/479 484/484/484 478/478/478 
f 484/484/484 484/484/484 478/478/478 
f 478/478/478 484/484/484 476/476/476 
f 484/484/484 486/486/486 476/476/476 
f 476/476/476 486/486/486 414/414/414 
f 486/486/486 486/486/486 414/414/414 
f 414/414/414 486/486/486 412/412/412 
f 486/486/486 487/487/487 412/412/412 
f 412/412/412 487/487/487 410/410/410 
f 487/487/487 488/488/488 410/410/410 
f 410/410/410 488/488/488 409/409/409 
f 488/488/488 488/488/488 409/409/409 
f 409/409/409 488/488/488 407/407/407 
f 488/488/488 489/489/489 407/407/407 
f 407/407/407 489/489/489 407/407/407 
f 489/489/489 490/490/490 407/407/407 
f 407/407/407 490/490/490 405/405/405 
f 490/490/490 491/491/491 405/405/405 
f 405/405/405 491/491/491 402/402/402 
f 491/491/491 491/491/491 402/402/402 
f 402/402/402 491/491/491 400/400/400 
f 491/491/491 491/491/491 400/400/400 
f 400/400/400 491/491/491 399/399/399 
f 491/491/491 491/491/491 399/399/399 
f 399/399/399 491/491/491 492/492/492 
f 491/491/491 490/490/490 492/492/492 
f 492/492/492 490/490/490 493/493/493 
f 490/490/490 489/489/489 493/493/493 
f 493/493/493 489/489/489 494/494/494 
f 489/489/489 489/489/489 494/494/494 
f 494/494/494 489/489/489 495/495/495 
f 489/489/489 488/488/488 495/495/495 
f 495/495/495 488/488/488 495/495/495 
f 488/488/488 487/487/487 495/495/495 
f 495/495/495 487/487/487 485/485/485 
f 487/487/487 486/486/486 485/485/485 
f 485/485/485 486/486/486 484/484/484 
f 486/486/486 484/484/484 484/484/484 
f 484/484/484 484/484/484 485/485/485 
f 484/484/484 485/485/485 485/485/485 
f 485/485/485 485/485/485 495/495/495 
f 485/485/485 482/482/482 495/495/495 
f 495/495/495 482/482/482 496/496/496 
f 482/482/482 483/483/483 496/496/496 
f 496/496/496 483/483/483 497/497/497 
f 483/483/483 498/498/498 497/497/497 
f 497/497/497 498/498/498 497/497/497 
f 498/498/498 499/499/499 497/497/497 
f 497/497/497 499/499/499 494/494/494 
f 499/499/499 493/493/493 494/494/494 
f 494/494/494 493/493/493 493/493/493 
f 493/493/493 496/496/496 493/493/493 
f 493/493/493 496/496/496 496/496/496 
f 496/496/496 497/497/497 496/496/496 
f 496/496/496 497/497/497 495/495/495 
f 497/497/497 494/494/494 495/495/495 
f 495/495/495 494/494/494 494/494/494 
f 494/494/494 498/498/498 494/494/494 
f 494/494/494 498/498/498 498/498/498 
f 498/498/498 483/483/483 498/498/498 
f 498/498/498 483/483/483 500/500/500 
f 483/483/483 469/469/469 500/500/500 
f 500/500/500 469/469/469 500/500/500 
f 469/469/469 468/468/468 500/500/500 
f 500/500/500 468/468/468 501/501/501 
f 468/468/468 468/468/468 501/501/501 
f 501/501/501 468/468/468 502/502/502 
f 468/468/468 477/477/477 502/502/502 
f 502/502/502 477/477/477 502/502/502 
f 477/477/477 503/503/503 502/502/502 
f 502/502/502 503/503/503 504/504/504 
f 503/503/503 505/505/505 504/504/504 
f 504/504/504 505/505/505 504/504/504 
f 505/505/505 506/506/506 504/504/504 
f 504/504/504 506/506/506 507/507/507 
f 506/506/506 508/508/508 507/507/507 
f 507/507/507 508/508/508 508/508/508 
f 508/508/508 507/507/507 508/508/508 
f 508/508/508 507/507/507 507/507/507 
f 507/507/507 509/509/509 507/507/507 
f 507/507/507 509/509/509 504/504/504 
f 509/509/509 509/509/509 504/504/504 
f 504/504/504 509/509/509 502/502/502 
f 509/509/509 509/509/509 502/502/502 
f 502/502/502 509/509/509 501/501/501 
f 509/509/509 510/510/510 501/501/501 
f 501/501/501 510/510/510 511/511/511 
f 510/510/510 512/512/512 511/511/511 
f 511/511/511 512/512/512 499/499/499 
f 512/512/512 512/512/512 499/499/499 
f 499/499/499 512/512/512 493/493/493 
f 512/512/512 512/512/512 493/493/493 
f 493/493/493 512/512/512 492/492/492 
f 512/512/512 513/513/513 492/492/492 
f 492/492/492 513/513/513 399/399/399 
f 513/513/513 513/513/513 399/399/399 
f 399/399/399 513/513/513 398/398/398 
f 513/513/513 514/514/514 398/398/398 
f 398/398/398 514/514/514 397/397/397 
f 514/514/514 397/397/397 397/397/397 
f 397/397/397 397/397/397 501/501/501 
f 397/397/397 501/501/501 501/501/501 
f 501/501/501 501/501/501 500/500/500 
f 501/501/501 511/511/511 500/500/500 
f 500/500/500 511/511/511 498/498/498 
f 511/511/511 499/499/499 498/498/498 
f 498/498/498 499/499/499 499/499/499 
f 499/499/499 514/514/514 499/499/499 
f 499/499/499 514/514/514 514/514/514 
f 514/514/514 513/513/513 514/514/514 
f 514/514/514 513/513/513 515/515/515 
f 513/513/513 512/512/512 515/515/515 
f 515/515/515 512/512/512 516/516/516 
f 512/512/512 510/510/510 516/516/516 
f 516/516/516 510/510/510 517/517/517 
f 510/510/510 509/509/509 517/517/517 
f 517/517/517 509/509/509 517/517/517 
f 509/509/509 507/507/507 517/517/517 
f 517/517/517 507/507/507 518/518/518 
f 507/507/507 508/508/508 518/518/518 
f 518/518/518 508/508/508 519/519/519 
f 508/508/508 520/520/520 519/519/519 
f 519/519/519 520/520/520 521/521/521 
f 520/520/520 358/358/358 521/521/521 
f 521/521/521 358/358/358 521/521/521 
f 358/358/358 357/357/357 521/521/521 
f 521/521/521 357/357/357 522/522/522 
f 357/357/357 359/359/359 522/522/522 
f 522/522/522 359/359/359 523/523/523 
f 359/359/359 360/360/360 523/523/523 
f 523/523/523 360/360/360 524/524/524 
f 360/360/360 361/361/361 524/524/524 
f 524/524/524 361/361/361 524/524/524 
f 361/361/361 393/393/393 524/524/524 
f 524/524/524 393/393/393 524/524/524 
f 393/393/393 394/394/394 524/524/524 
f 524/524/524 394/394/394 525/525/525 
f 394/394/394 395/395/395 525/525/525 
f 525/525/525 395/395/395 395/395/395 
f 395/395/395 524/524/524 395/395/395 
f 395/395/395 524/524/524 524/524/524 
f 524/524/524 525/525/525 524/524/524 
f 524/524/524 525/525/525 523/523/523 
f 525/525/525 526/526/526 523/523/523 
f 523/523/523 526/526/526 522/522/522 
f 526/526/526 527/527/527 522/522/522 
f 522/522/522 527/527/527 521/521/521 
f 527/527/527 528/528/528 521/521/521 
f 521/521/521 528/528/528 519/519/519 
f 528/528/528 528/528/528 519/519/519 
f 519/519/519 528/528/528 518/518/518 
f 528/528/528 529/529/529 518/518/518 
f 518/518/518 529/529/529 517/517/517 
f 529/529/529 529/529/529 517/517/517 
f 517/517/517 529/529/529 516/516/516 
f 529/529/529 530/530/530 516/516/516 
f 516/516/516 530/530/530 515/515/515 
f 530/530/530 531/531/531 515/515/515 
f 515/515/515 531/531/531 514/514/514 
f 531/531/531 532/532/532 514/514/514 
f 514/514/514 532/532/532 397/397/397 
f 532/532/532 533/533/533 397/397/397 
f 397/397/397 533/533/533 396/396/396 
f 533/533/533 534/534/534 396/396/396 
f 396/396/396 534/534/534 395/395/395 
f 534/534/534 534/534/534 395/395/395 
f 395/395/395 534/534/534 525/525/525 
f 534/534/534 534/534/534 525/525/525 
f 525/525/525 534/534/534 526/526/526 
f 534/534/534 535/535/535 526/526/526 
f 526/526/526 535/535/535 527/527/527 
f 535/535/535 535/535/535 527/527/527 
f 527/527/527 535/535/535 536/536/536 
f 535/535/535 533/533/533 536/536/536 
f 536/536/536 533/533/533 536/536/536 
f 533/533/533 532/532/532 536/536/536 
f 536/536/536 532/532/532 530/530/530 
f 532/532/532 531/531/531 530/530/530 
f 530/530/530 531/531/531 531/531/531 
f 531/531/531 535/535/535 531/531/531 
f 531/531/531 535/535/535 535/535/535 
f 535/535/535 534/534/534 535/535/535 
f 535/535/535 534/534/534 533/533/533 
f 534/534/534 533/533/533 533/533/533 
f 533/533/533 533/533/533 530/530/530 
f 533/533/533 530/530/530 530/530/530 
f 530/530/530 530/530/530 536/536/536 
f 530/530/530 529/529/529 536/536/536 
f 536/536/536 529/529/529 536/536/536 
f 529/529/529 528/528/528 536/536/536 
f 536/536/536 528/528/528 527/527/527 
f 528/528/528 527/527/527 527/527/527 
f 527/527/527 527/527/527 537/537/537 
f 527/527/527 537/537/537 537/537/537 
f 537/537/537 537/537/537 538/538/538 
f 537/537/537 539/539/539 538/538/538 
f 538/538/538 539/539/539 540/540/540 
f 539/539/539 541/541/541 540/540/540 
f 540/540/540 541/541/541 542/542/542 
f 541/541/541 541/541/541 542/542/542 
f 542/542/542 541/541/541 543/543/543 
f 541/541/541 544/544/544 543/543/543 
f 543/543/543 544/544/544 544/544/544 
f 544/544/544 537/537/537 544/544/544 
f 544/544/544 537/537/537 537/537/537 
f 537/537/537 538/538/538 537/537/537 
f 537/537/537 538/538/538 545/545/545 
f 538/538/538 546/546/546 545/545/545 
f 545/545/545 546/546/546 545/545/545 
f 546/546/546 547/547/547 545/545/545 
f 545/545/545 547/547/547 548/548/548 
f 547/547/547 547/547/547 548/548/548 
f 548/548/548 547/547/547 549/549/549 
f 547/547/547 550/550/550 549/549/549 
f 549/549/549 550/550/550 551/551/551 
f 550/550/550 552/552/552 551/551/551 
f 551/551/551 552/552/552 551/551/551 
f 552/552/552 553/553/553 551/551/551 
f 551/551/551 553/553/553 543/543/543 
f 553/553/553 554/554/554 543/543/543 
f 543/543/543 554/554/554 554/554/554 
f 554/554/554 549/549/549 554/554/554 
f 554/554/554 549/549/549 549/549/549 
f 549/549/549 551/551/551 549/549/549 
f 549/549/549 551/551/551 555/555/555 
f 551/551/551 551/551/551 555/555/555 
f 555/555/555 551/551/551 544/544/544 
f 551/551/551 543/543/543 544/544/544 
f 544/544/544 543/543/543 543/543/543 
f 543/543/543 552/552/552 543/543/543 
f 543/543/543 552/552/552 552/552/552 
f 552/552/552 550/550/550 552/552/552 
f 552/552/552 550/550/550 556/556/556 
f 550/550/550 547/547/547 556/556/556 
f 556/556/556 547/547/547 557/557/557 
f 547/547/547 546/546/546 557/557/557 
f 557/557/557 546/546/546 558/558/558 
f 546/546/546 538/538/538 558/558/558 
f 558/558/558 538/538/538 559/559/559 
f 538/538/538 540/540/540 559/559/559 
f 559/559/559 540/540/540 560/560/560 
f 540/540/540 542/542/542 560/560/560 
f 560/560/560 542/542/542 554/554/554 
f 542/542/542 543/543/543 554/554/554 
f 554/554/554 543/543/543 543/543/543 
f 543/543/543 561/561/561 543/543/543 
f 543/543/543 561/561/561 561/561/561 
f 561/561/561 562/562/562 561/561/561 
f 561/561/561 562/562/562 563/563/563 
f 562/562/562 564/564/564 563/563/563 
f 563/563/563 564/564/564 564/564/564 
f 564/564/564 562/562/562 564/564/564 
f 564/564/564 562/562/562 562/562/562 
f 562/562/562 561/561/561 562/562/562 
f 562/562/562 561/561/561 565/565/565 
f 561/561/561 566/566/566 565/565/565 
f 565/565/565 566/566/566 567/567/567 
f 566/566/566 568/568/568 567/567/567 
f 567/567/567 568/568/568 569/569/569 
f 568/568/568 570/570/570 569/569/569 
f 569/569/569 570/570/570 569/569/569 
f 570/570/570 571/571/571 569/569/569 
f 569/569/569 571/571/571 572/572/572 
f 571/571/571 573/573/573 572/572/572 
f 572/572/572 573/573/573 573/573/573 
f 573/573/573 572/572/572 573/573/573 
f 573/573/573 572/572/572 572/572/572 
f 572/572/572 574/574/574 572/572/572 
f 572/572/572 574/574/574 569/569/569 
f 574/574/574 574/574/574 569/569/569 
f 569/569/569 574/574/574 567/567/567 
f 574/574/574 575/575/575 567/567/567 
f 567/567/567 575/575/575 565/565/565 
f 575/575/575 576/576/576 565/565/565 
f 565/565/565 576/576/576 562/562/562 
f 576/576/576 577/577/577 562/562/562 
f 562/562/562 577/577/577 564/564/564 
f 577/577/577 577/577/577 564/564/564 
f 564/564/564 577/577/577 578/578/578 
f 577/577/577 579/579/579 578/578/578 
f 578/578/578 579/579/579 580/580/580 
f 579/579/579 580/580/580 580/580/580 
f 580/580/580 580/580/580 579/579/579 
f 580/580/580 579/579/579 579/579/579 
f 579/579/579 579/579/579 581/581/581 
f 579/579/579 577/577/577 581/581/581 
f 581/581/581 577/577/577 581/581/581 
f 577/577/577 576/576/576 581/581/581 
f 581/581/581 576/576/576 582/582/582 
f 576/576/576 575/575/575 582/582/582 
f 582/582/582 575/575/575 583/583/583 
f 575/575/575 574/574/574 583/583/583 
f 583/583/583 574/574/574 584/584/584 
f 574/574/574 572/572/572 584/584/584 
f 584/584/584 572/572/572 585/585/585 
f 572/572/572 573/573/573 585/585/585 
f 585/585/585 573/573/573 585/585/585 
f 573/573/573 586/586/586 585/585/585 
f 585/585/585 586/586/586 587/587/587 
f 586/586/586 588/588/588 587/587/587 
f 587/587/587 588/588/588 587/587/587 
f 588/588/588 589/589/589 587/587/587 
f 587/587/587 589/589/589 590/590/590 
f 589/589/589 591/591/591 590/590/590 
f 590/590/590 591/591/591 592/592/592 
f 591/591/591 593/593/593 592/592/592 
f 592/592/592 593/593/593 594/594/594 
f 593/593/593 595/595/595 594/594/594 
f 594/594/594 595/595/595 596/596/596 
f 595/595/595 597/597/597 596/596/596 
f 596/596/596 597/597/597 598/598/598 
f 597/597/597 599/599/599 598/598/598 
f 598/598/598 599/599/599 600/600/600 
f 599/599/599 599/599/599 600/600/600 
f 600/600/600 599/599/599 601/601/601 
f 599/599/599 602/602/602 601/601/601 
f 601/601/601 602/602/602 603/603/603 
f 602/602/602 604/604/604 603/603/603 
f 603/603/603 604/604/604 603/603/603 
f 604/604/604 605/605/605 603/603/603 
f 603/603/603 605/605/605 606/606/606 
f 605/605/605 607/607/607 606/606/606 
f 606/606/606 607/607/607 608/608/608 
f 607/607/607 609/609/609 608/608/608 
f 608/608/608 609/609/609 610/610/610 
f 609/609/609 611/611/611 610/610/610 
f 610/610/610 611/611/611 612/612/612 
f 611/611/611 611/611/611 612/612/612 
f 612/612/612 611/611/611 613/613/613 
f 611/611/611 611/611/611 613/613/613 
f 613/613/613 611/611/611 614/614/614 
f 611/611/611 615/615/615 614/614/614 
f 614/614/614 615/615/615 614/614/614 
f 615/615/615 616/616/616 614/614/614 
f 614/614/614 616/616/616 617/617/617 
f 616/616/616 618/618/618 617/617/617 
f 617/617/617 618/618/618 619/619/619 
f 618/618/618 620/620/620 619/619/619 
f 619/619/619 620/620/620 621/621/621 
f 620/620/620 622/622/622 621/621/621 
f 621/621/621 622/622/622 621/621/621 
f 622/622/622 623/623/623 621/621/621 
f 621/621/621 623/623/623 621/621/621 
f 623/623/623 624/624/624 621/621/621 
f 621/621/621 624/624/624 621/621/621 
f 624/624/624 625/625/625 621/621/621 
f 621/621/621 625/625/625 619/619/619 
f 625/625/625 626/626/626 619/619/619 
f 619/619/619 626/626/626 617/617/617 
f 626/626/626 617/617/617 617/617/617 
f 617/617/617 617/617/617 611/611/611 
f 617/617/617 611/611/611 611/611/611 
f 611/611/611 611/611/611 615/615/615 
f 611/611/611 609/609/609 615/615/615 
f 615/615/615 609/609/609 609/609/609 
f 609/609/609 612/612/612 609/609/609 
f 609/609/609 612/612/612 612/612/612 
f 612/612/612 608/608/608 612/612/612 
f 612/612/612 608/608/608 610/610/610 
f 608/608/608 610/610/610 610/610/610 
f 610/610/610 610/610/610 623/623/623 
f 610/610/610 623/623/623 623/623/623 
f 623/623/623 623/623/623 624/624/624 
f 623/623/623 627/627/627 624/624/624 
f 624/624/624 627/627/627 624/624/624 
f 627/627/627 628/628/628 624/624/624 
f 624/624/624 628/628/628 624/624/624 
f 628/628/628 629/629/629 624/624/624 
f 624/624/624 629/629/629 625/625/625 
f 629/629/629 630/630/630 625/625/625 
f 625/625/625 630/630/630 626/626/626 
f 630/630/630 626/626/626 626/626/626 
f 626/626/626 626/626/626 623/623/623 
f 626/626/626 623/623/623 623/623/623 
f 623/623/623 623/623/623 627/627/627 
f 623/623/623 631/631/631 627/627/627 
f 627/627/627 631/631/631 627/627/627 
f 631/631/631 632/632/632 627/627/627 
f 627/627/627 632/632/632 627/627/627 
f 632/632/632 633/633/633 627/627/627 
f 627/627/627 633/633/633 628/628/628 
f 633/633/633 634/634/634 628/628/628 
f 628/628/628 634/634/634 635/635/635 
f 634/634/634 636/636/636 635/635/635 
f 635/635/635 636/636/636 637/637/637 
f 636/636/636 638/638/638 637/637/637 
f 637/637/637 638/638/638 637/637/637 
f 638/638/638 639/639/639 637/637/637 
f 637/637/637 639/639/639 640/640/640 
f 639/639/639 641/641/641 640/640/640 
f 640/640/640 641/641/641 642/642/642 
f 641/641/641 643/643/643 642/642/642 
f 642/642/642 643/643/643 644/644/644 
f 643/643/643 645/645/645 644/644/644 
f 644/644/644 645/645/645 644/644/644 
f 645/645/645 646/646/646 644/644/644 
f 644/644/644 646/646/646 644/644/644 
f 646/646/646 647/647/647 644/644/644 
f 644/644/644 647/647/647 644/644/644 
f 647/647/647 648/648/648 644/644/644 
f 644/644/644 648/648/648 642/642/642 
f 648/648/648 649/649/649 642/642/642 
f 642/642/642 649/649/649 640/640/640 
f 649/649/649 650/650/650 640/640/640 
f 640/640/640 650/650/650 637/637/637 
f 650/650/650 651/651/651 637/637/637 
f 637/637/637 651/651/651 652/652/652 
f 651/651/651 653/653/653 652/652/652 
f 652/652/652 653/653/653 652/652/652 
f 653/653/653 630/630/630 652/652/652 
f 652/652/652 630/630/630 652/652/652 
f 630/630/630 629/629/629 652/652/652 
f 652/652/652 629/629/629 635/635/635 
f 629/629/629 628/628/628 635/635/635 
f 635/635/635 628/628/628 628/628/628 
f 628/628/628 652/652/652 628/628/628 
f 628/628/628 652/652/652 652/652/652 
f 652/652/652 635/635/635 652/652/652 
f 652/652/652 635/635/635 637/637/637 
f 635/635/635 637/637/637 637/637/637 
f 637/637/637 637/637/637 651/651/651 
f 637/637/637 651/651/651 651/651/651 
f 651/651/651 651/651/651 653/653/653 
f 651/651/651 650/650/650 653/653/653 
f 653/653/653 650/650/650 654/654/654 
f 650/650/650 649/649/649 654/654/654 
f 654/654/654 649/649/649 655/655/655 
f 649/649/649 648/648/648 655/655/655 
f 655/655/655 648/648/648 656/656/656 
f 648/648/648 647/647/647 656/656/656 
f 656/656/656 647/647/647 656/656/656 
f 647/647/647 657/657/657 656/656/656 
f 656/656/656 657/657/657 656/656/656 
f 657/657/657 658/658/658 656/656/656 
f 656/656/656 658/658/658 659/659/659 
f 658/658/658 660/660/660 659/659/659 
f 659/659/659 660/660/660 660/660/660 
f 660/660/660 656/656/656 660/660/660 
f 660/660/660 656/656/656 656/656/656 
f 656/656/656 659/659/659 656/656/656 
f 656/656/656 659/659/659 655/655/655 
f 659/659/659 661/661/661 655/655/655 
f 655/655/655 661/661/661 654/654/654 
f 661/661/661 662/662/662 654/654/654 
f 654/654/654 662/662/662 653/653/653 
f 662/662/662 663/663/663 653/653/653 
f 653/653/653 663/663/663 664/664/664 
f 663/663/663 665/665/665 664/664/664 
f 664/664/664 665/665/665 666/666/666 
f 665/665/665 667/667/667 666/666/666 
f 666/666/666 667/667/667 666/666/666 
f 667/667/667 668/668/668 666/666/666 
f 666/666/666 668/668/668 617/617/617 
f 668/668/668 668/668/668 617/617/617 
f 617/617/617 668/668/668 614/614/614 
f 668/668/668 668/668/668 614/614/614 
f 614/614/614 668/668/668 613/613/613 
f 668/668/668 669/669/669 613/613/613 
f 613/613/613 669/669/669 613/613/613 
f 669/669/669 670/670/670 613/613/613 
f 613/613/613 670/670/670 612/612/612 
f 670/670/670 671/671/671 612/612/612 
f 612/612/612 671/671/671 608/608/608 
f 671/671/671 672/672/672 608/608/608 
f 608/608/608 672/672/672 606/606/606 
f 672/672/672 673/673/673 606/606/606 
f 606/606/606 673/673/673 603/603/603 
f 673/673/673 673/673/673 603/603/603 
f 603/603/603 673/673/673 601/601/601 
f 673/673/673 674/674/674 601/601/601 
f 601/601/601 674/674/674 600/600/600 
f 674/674/674 600/600/600 600/600/600 
f 600/600/600 600/600/600 653/653/653 
f 600/600/600 653/653/653 653/653/653 
f 653/653/653 653/653/653 630/630/630 
f 653/653/653 664/664/664 630/630/630 
f 630/630/630 664/664/664 626/626/626 
f 664/664/664 666/666/666 626/626/626 
f 626/626/626 666/666/666 617/617/617 
f 666/666/666 617/617/617 617/617/617 
f 617/617/617 617/617/617 669/669/669 
f 617/617/617 669/669/669 669/669/669 
f 669/669/669 669/669/669 667/667/667 
f 669/669/669 668/668/668 667/667/667 
f 667/667/667 668/668/668 668/668/668 
f 668/668/668 674/674/674 668/668/668 
f 668/668/668 674/674/674 674/674/674 
f 674/674/674 673/673/673 674/674/674 
f 674/674/674 673/673/673 675/675/675 
f 673/673/673 672/672/672 675/675/675 
f 675/675/675 672/672/672 676/676/676 
f 672/672/672 671/671/671 676/676/676 
f 676/676/676 671/671/671 677/677/677 
f 671/671/671 670/670/670 677/677/677 
f 677/677/677 670/670/670 678/678/678 
f 670/670/670 670/670/670 678/678/678 
f 678/678/678 670/670/670 679/679/679 
f 670/670/670 670/670/670 679/679/679 
f 679/679/679 670/670/670 680/680/680 
f 670/670/670 669/669/669 680/680/680 
f 680/680/680 669/669/669 681/681/681 
f 669/669/669 667/667/667 681/681/681 
f 681/681/681 667/667/667 682/682/682 
f 667/667/667 665/665/665 682/682/682 
f 682/682/682 665/665/665 682/682/682 
f 665/665/665 663/663/663 682/682/682 
f 682/682/682 663/663/663 683/683/683 
f 663/663/663 662/662/662 683/683/683 
f 683/683/683 662/662/662 662/662/662 
f 662/662/662 676/676/676 662/662/662 
f 662/662/662 676/676/676 676/676/676 
f 676/676/676 677/677/677 676/676/676 
f 676/676/676 677/677/677 684/684/684 
f 677/677/677 678/678/678 684/684/684 
f 684/684/684 678/678/678 678/678/678 
f 678/678/678 683/683/683 678/678/678 
f 678/678/678 683/683/683 683/683/683 
f 683/683/683 685/685/685 683/683/683 
f 683/683/683 685/685/685 682/682/682 
f 685/685/685 685/685/685 682/682/682 
f 682/682/682 685/685/685 681/681/681 
f 685/685/685 686/686/686 681/681/681 
f 681/681/681 686/686/686 680/680/680 
f 686/686/686 687/687/687 680/680/680 
f 680/680/680 687/687/687 679/679/679 
f 687/687/687 687/687/687 679/679/679 
f 679/679/679 687/687/687 678/678/678 
f 687/687/687 688/688/688 678/678/678 
f 678/678/678 688/688/688 684/684/684 
f 688/688/688 688/688/688 684/684/684 
f 684/684/684 688/688/688 689/689/689 
f 688/688/688 688/688/688 689/689/689 
f 689/689/689 688/688/688 690/690/690 
f 688/688/688 687/687/687 690/690/690 
f 690/690/690 687/687/687 691/691/691 
f 687/687/687 687/687/687 691/691/691 
f 691/691/691 687/687/687 692/692/692 
f 687/687/687 686/686/686 692/692/692 
f 692/692/692 686/686/686 693/693/693 
f 686/686/686 685/685/685 693/693/693 
f 693/693/693 685/685/685 694/694/694 
f 685/685/685 683/683/683 694/694/694 
f 694/694/694 683/683/683 694/694/694 
f 683/683/683 662/662/662 694/694/694 
f 694/694/694 662/662/662 694/694/694 
f 662/662/662 661/661/661 694/694/694 
f 694/694/694 661/661/661 695/695/695 
f 661/661/661 659/659/659 695/695/695 
f 695/695/695 659/659/659 695/695/695 
f 659/659/659 660/660/660 695/695/695 
f 695/695/695 660/660/660 695/695/695 
f 660/660/660 696/696/696 695/695/695 
f 695/695/695 696/696/696 697/697/697 
f 696/696/696 698/698/698 697/697/697 
f 697/697/697 698/698/698 699/699/699 
f 698/698/698 700/700/700 699/699/699 
f 699/699/699 700/700/700 699/699/699 
f 700/700/700 701/701/701 699/699/699 
f 699/699/699 701/701/701 691/691/691 
f 701/701/701 702/702/702 691/691/691 
f 691/691/691 702/702/702 690/690/690 
f 702/702/702 690/690/690 690/690/690 
f 690/690/690 690/690/690 694/694/694 
f 690/690/690 694/694/694 694/694/694 
f 694/694/694 694/694/694 693/693/693 
f 694/694/694 695/695/695 693/693/693 
f 693/693/693 695/695/695 693/693/693 
f 695/695/695 697/697/697 693/693/693 
f 693/693/693 697/697/697 692/692/692 
f 697/697/697 699/699/699 692/692/692 
f 692/692/692 699/699/699 691/691/691 
f 699/699/699 691/691/691 691/691/691 
f 691/691/691 691/691/691 701/701/701 
f 691/691/691 701/701/701 701/701/701 
f 701/701/701 701/701/701 702/702/702 
f 701/701/701 700/700/700 702/702/702 
f 702/702/702 700/700/700 702/702/702 
f 700/700/700 703/703/703 702/702/702 
f 702/702/702 703/703/703 704/704/704 
f 703/703/703 705/705/705 704/704/704 
f 704/704/704 705/705/705 706/706/706 
f 705/705/705 707/707/707 706/706/706 
f 706/706/706 707/707/707 706/706/706 
f 707/707/707 708/708/708 706/706/706 
f 706/706/706 708/708/708 709/709/709 
f 708/708/708 710/710/710 709/709/709 
f 709/709/709 710/710/710 710/710/710 
f 710/710/710 702/702/702 710/710/710 
f 710/710/710 702/702/702 702/702/702 
f 702/702/702 711/711/711 702/702/702 
f 702/702/702 711/711/711 690/690/690 
f 711/711/711 711/711/711 690/690/690 
f 690/690/690 711/711/711 689/689/689 
f 711/711/711 711/711/711 689/689/689 
f 689/689/689 711/711/711 712/712/712 
f 711/711/711 713/713/713 712/712/712 
f 712/712/712 713/713/713 714/714/714 
f 713/713/713 709/709/709 714/714/714 
f 714/714/714 709/709/709 715/715/715 
f 709/709/709 710/710/710 715/715/715 
f 715/715/715 710/710/710 716/716/716 
f 710/710/710 717/717/717 716/716/716 
f 716/716/716 717/717/717 718/718/718 
f 717/717/717 719/719/719 718/718/718 
f 718/718/718 719/719/719 720/720/720 
f 719/719/719 721/721/721 720/720/720 
f 720/720/720 721/721/721 722/722/722 
f 721/721/721 723/723/723 722/722/722 
f 722/722/722 723/723/723 724/724/724 
f 723/723/723 725/725/725 724/724/724 
f 724/724/724 725/725/725 726/726/726 
f 725/725/725 727/727/727 726/726/726 
f 726/726/726 727/727/727 726/726/726 
f 727/727/727 728/728/728 726/726/726 
f 726/726/726 728/728/728 729/729/729 
f 728/728/728 730/730/730 729/729/729 
f 729/729/729 730/730/730 731/731/731 
f 730/730/730 732/732/732 731/731/731 
f 731/731/731 732/732/732 733/733/733 
f 732/732/732 734/734/734 733/733/733 
f 733/733/733 734/734/734 733/733/733 
f 734/734/734 580/580/580 733/733/733 
f 733/733/733 580/580/580 733/733/733 
f 580/580/580 579/579/579 733/733/733 
f 733/733/733 579/579/579 735/735/735 
f 579/579/579 581/581/581 735/735/735 
f 735/735/735 581/581/581 581/581/581 
f 581/581/581 702/702/702 581/581/581 
f 581/581/581 702/702/702 702/702/702 
f 702/702/702 704/704/704 702/702/702 
f 702/702/702 704/704/704 711/711/711 
f 704/704/704 704/704/704 711/711/711 
f 711/711/711 704/704/704 713/713/713 
f 704/704/704 706/706/706 713/713/713 
f 713/713/713 706/706/706 709/709/709 
f 706/706/706 709/709/709 709/709/709 
f 709/709/709 709/709/709 733/733/733 
f 709/709/709 733/733/733 733/733/733 
f 733/733/733 733/733/733 731/731/731 
f 733/733/733 735/735/735 731/731/731 
f 731/731/731 735/735/735 736/736/736 
f 735/735/735 735/735/735 736/736/736 
f 736/736/736 735/735/735 737/737/737 
f 735/735/735 581/581/581 737/737/737 
f 737/737/737 581/581/581 737/737/737 
f 581/581/581 582/582/582 737/737/737 
f 737/737/737 582/582/582 738/738/738 
f 582/582/582 583/583/583 738/738/738 
f 738/738/738 583/583/583 739/739/739 
f 583/583/583 584/584/584 739/739/739 
f 739/739/739 584/584/584 740/740/740 
f 584/584/584 585/585/585 740/740/740 
f 740/740/740 585/585/585 740/740/740 
f 585/585/585 587/587/587 740/740/740 
f 740/740/740 587/587/587 740/740/740 
f 587/587/587 590/590/590 740/740/740 
f 740/740/740 590/590/590 741/741/741 
f 590/590/590 592/592/592 741/741/741 
f 741/741/741 592/592/592 742/742/742 
f 592/592/592 594/594/594 742/742/742 
f 742/742/742 594/594/594 743/743/743 
f 594/594/594 596/596/596 743/743/743 
f 743/743/743 596/596/596 596/596/596 
f 596/596/596 731/731/731 596/596/596 
f 596/596/596 731/731/731 731/731/731 
f 731/731/731 736/736/736 731/731/731 
f 731/731/731 736/736/736 729/729/729 
f 736/736/736 729/729/729 729/729/729 
f 729/729/729 729/729/729 740/740/740 
f 729/729/729 740/740/740 740/740/740 
f 740/740/740 740/740/740 739/739/739 
f 740/740/740 741/741/741 739/739/739 
f 739/739/739 741/741/741 744/744/744 
f 741/741/741 742/742/742 744/744/744 
f 744/744/744 742/742/742 745/745/745 
f 742/742/742 743/743/743 745/745/745 
f 745/745/745 743/743/743 746/746/746 
f 743/743/743 743/743/743 746/746/746 
f 746/746/746 743/743/743 747/747/747 
f 743/743/743 596/596/596 747/747/747 
f 747/747/747 596/596/596 748/748/748 
f 596/596/596 598/598/598 748/748/748 
f 748/748/748 598/598/598 748/748/748 
f 598/598/598 600/600/600 748/748/748 
f 748/748/748 600/600/600 749/749/749 
f 600/600/600 674/674/674 749/749/749 
f 749/749/749 674/674/674 750/750/750 
f 674/674/674 675/675/675 750/750/750 
f 750/750/750 675/675/675 751/751/751 
f 675/675/675 676/676/676 751/751/751 
f 751/751/751 676/676/676 751/751/751 
f 676/676/676 684/684/684 751/751/751 
f 751/751/751 684/684/684 751/751/751 
f 684/684/684 689/689/689 751/751/751 
f 751/751/751 689/689/689 751/751/751 
f 689/689/689 712/712/712 751/751/751 
f 751/751/751 712/712/712 752/752/752 
f 712/712/712 714/714/714 752/752/752 
f 752/752/752 714/714/714 753/753/753 
f 714/714/714 715/715/715 753/753/753 
f 753/753/753 715/715/715 754/754/754 
f 715/715/715 716/716/716 754/754/754 
f 754/754/754 716/716/716 754/754/754 
f 716/716/716 718/718/718 754/754/754 
f 754/754/754 718/718/718 755/755/755 
f 718/718/718 718/718/718 755/755/755 
f 755/755/755 718/718/718 756/756/756 
f 718/718/718 720/720/720 756/756/756 
f 756/756/756 720/720/720 757/757/757 
f 720/720/720 722/722/722 757/757/757 
f 757/757/757 722/722/722 758/758/758 
f 722/722/722 724/724/724 758/758/758 
f 758/758/758 724/724/724 759/759/759 
f 724/724/724 726/726/726 759/759/759 
f 759/759/759 726/726/726 759/759/759 
f 726/726/726 729/729/729 759/759/759 
f 759/759/759 729/729/729 759/759/759 
f 729/729/729 736/736/736 759/759/759 
f 759/759/759 736/736/736 760/760/760 
f 736/736/736 737/737/737 760/760/760 
f 760/760/760 737/737/737 760/760/760 
f 737/737/737 738/738/738 760/760/760 
f 760/760/760 738/738/738 760/760/760 
f 738/738/738 761/761/761 760/760/760 
f 760/760/760 761/761/761 758/758/758 
f 761/761/761 761/761/761 758/758/758 
f 758/758/758 761/761/761 757/757/757 
f 761/761/761 762/762/762 757/757/757 
f 757/757/757 762/762/762 756/756/756 
f 762/762/762 756/756/756 756/756/756 
f 756/756/756 756/756/756 739/739/739 
f 756/756/756 739/739/739 739/739/739 
f 739/739/739 739/739/739 738/738/738 
f 739/739/739 744/744/744 738/738/738 
f 738/738/738 744/744/744 763/763/763 
f 744/744/744 745/745/745 763/763/763 
f 763/763/763 745/745/745 764/764/764 
f 745/745/745 746/746/746 764/764/764 
f 764/764/764 746/746/746 746/746/746 
f 746/746/746 760/760/760 746/746/746 
f 746/746/746 760/760/760 760/760/760 
f 760/760/760 758/758/758 760/760/760 
f 760/760/760 758/758/758 759/759/759 
f 758/758/758 759/759/759 759/759/759 
f 759/759/759 759/759/759 738/738/738 
f 759/759/759 738/738/738 738/738/738 
f 738/738/738 738/738/738 761/761/761 
f 738/738/738 763/763/763 761/761/761 
f 761/761/761 763/763/763 762/762/762 
f 763/763/763 764/764/764 762/762/762 
f 762/762/762 764/764/764 765/765/765 
f 764/764/764 766/766/766 765/765/765 
f 765/765/765 766/766/766 765/765/765 
f 766/766/766 767/767/767 765/765/765 
f 765/765/765 767/767/767 765/765/765 
f 767/767/767 755/755/755 765/765/765 
f 765/765/765 755/755/755 765/765/765 
f 755/755/755 756/756/756 765/765/765 
f 765/765/765 756/756/756 762/762/762 
f 756/756/756 762/762/762 762/762/762 
f 762/762/762 762/762/762 764/764/764 
f 762/762/762 764/764/764 764/764/764 
f 764/764/764 764/764/764 766/766/766 
f 764/764/764 746/746/746 766/766/766 
f 766/766/766 746/746/746 768/768/768 
f 746/746/746 747/747/747 768/768/768 
f 768/768/768 747/747/747 747/747/747 
f 747/747/747 768/768/768 747/747/747 
f 747/747/747 768/768/768 768/768/768 
f 768/768/768 769/769/769 768/768/768 
f 768/768/768 769/769/769 766/766/766 
f 769/769/769 769/769/769 766/766/766 
f 766/766/766 769/769/769 767/767/767 
f 769/769/769 770/770/770 767/767/767 
f 767/767/767 770/770/770 755/755/755 
f 770/770/770 770/770/770 755/755/755 
f 755/755/755 770/770/770 754/754/754 
f 770/770/770 770/770/770 754/754/754 
f 754/754/754 770/770/770 753/753/753 
f 770/770/770 771/771/771 753/753/753 
f 753/753/753 771/771/771 752/752/752 
f 771/771/771 752/752/752 752/752/752 
f 752/752/752 752/752/752 771/771/771 
f 752/752/752 771/771/771 771/771/771 
f 771/771/771 771/771/771 772/772/772 
f 771/771/771 770/770/770 772/772/772 
f 772/772/772 770/770/770 772/772/772 
f 770/770/770 769/769/769 772/772/772 
f 772/772/772 769/769/769 773/773/773 
f 769/769/769 768/768/768 773/773/773 
f 773/773/773 768/768/768 773/773/773 
f 768/768/768 747/747/747 773/773/773 
f 773/773/773 747/747/747 773/773/773 
f 747/747/747 748/748/748 773/773/773 
f 773/773/773 748/748/748 773/773/773 
f 748/748/748 749/749/749 773/773/773 
f 773/773/773 749/749/749 774/774/774 
f 749/749/749 750/750/750 774/774/774 
f 774/774/774 750/750/750 775/775/775 
f 750/750/750 751/751/751 775/775/775 
f 775/775/775 751/751/751 775/775/775 
f 751/751/751 752/752/752 775/775/775 
f 775/775/775 752/752/752 775/775/775 
f 752/752/752 771/771/771 775/775/775 
f 775/775/775 771/771/771 776/776/776 
f 771/771/771 772/772/772 776/776/776 
f 776/776/776 772/772/772 774/774/774 
f 772/772/772 773/773/773 774/774/774 
f 774/774/774 773/773/773 773/773/773 
f 773/773/773 774/774/774 773/773/773 
f 773/773/773 774/774/774 774/774/774 
f 774/774/774 775/775/775 774/774/774 
f 774/774/774 775/775/775 776/776/776 
f 775/775/775 776/776/776 776/776/776 
f 776/776/776 776/776/776 777/777/777 
f 776/776/776 777/777/777 777/777/777 
f 777/777/777 777/777/777 778/778/778 
f 777/777/777 779/779/779 778/778/778 
f 778/778/778 779/779/779 780/780/780 
f 779/779/779 781/781/781 780/780/780 
f 780/780/780 781/781/781 782/782/782 
f 781/781/781 782/782/782 782/782/782 
f 782/782/782 782/782/782 777/777/777 
f 782/782/782 777/777/777 777/777/777 
f 777/777/777 777/777/777 783/783/783 
f 777/777/777 778/778/778 783/783/783 
f 783/783/783 778/778/778 783/783/783 
f 778/778/778 784/784/784 783/783/783 
f 783/783/783 784/784/784 783/783/783 
f 784/784/784 785/785/785 783/783/783 
f 783/783/783 785/785/785 786/786/786 
f 785/785/785 785/785/785 786/786/786 
f 786/786/786 785/785/785 787/787/787 
f 785/785/785 788/788/788 787/787/787 
f 787/787/787 788/788/788 787/787/787 
f 788/788/788 789/789/789 787/787/787 
f 787/787/787 789/789/789 790/790/790 
f 789/789/789 789/789/789 790/790/790 
f 790/790/790 789/789/789 791/791/791 
f 789/789/789 792/792/792 791/791/791 
f 791/791/791 792/792/792 781/781/781 
f 792/792/792 792/792/792 781/781/781 
f 781/781/781 792/792/792 782/782/782 
f 792/792/792 792/792/792 782/782/782 
f 782/782/782 792/792/792 793/793/793 
f 792/792/792 792/792/792 793/793/793 
f 793/793/793 792/792/792 794/794/794 
f 792/792/792 789/789/789 794/794/794 
f 794/794/794 789/789/789 795/795/795 
f 789/789/789 788/788/788 795/795/795 
f 795/795/795 788/788/788 796/796/796 
f 788/788/788 785/785/785 796/796/796 
f 796/796/796 785/785/785 797/797/797 
f 785/785/785 784/784/784 797/797/797 
f 797/797/797 784/784/784 798/798/798 
f 784/784/784 778/778/778 798/798/798 
f 798/798/798 778/778/778 799/799/799 
f 778/778/778 780/780/780 799/799/799 
f 799/799/799 780/780/780 800/800/800 
f 780/780/780 782/782/782 800/800/800 
f 800/800/800 782/782/782 793/793/793 

