mtllib model_6.mtl
o model_6
v -14.899105072021484 38.54030990600586 8.351261138916016 
v -14.874065399169922 38.54030990600586 8.7117338180542 
v -14.899105072021484 35.15866470336914 8.351261138916016 
v -14.874065399169922 35.15866470336914 8.7117338180542 
v -15.131882667541504 38.9869384765625 8.910999298095703 
v -19.611730575561523 38.9869384765625 14.161796569824219 
v -15.318367958068848 39.17835235595703 8.83356761932373 
v -15.140036582946777 38.9869384765625 8.141822814941406 
v -15.40411376953125 39.17835235595703 8.250969886779785 
v -20.43425750732422 38.9869384765625 3.624305486679077 
v -20.56003761291504 39.242156982421875 3.7689974308013916 
v -20.4415225982666 39.242156982421875 13.948529243469238 
v -19.762548446655273 39.242156982421875 13.946016311645508 
v -20.512855529785156 38.9869384765625 14.225227355957031 
v -19.86328887939453 38.66791534423828 14.451180458068848 
v -20.223737716674805 38.66791534423828 14.476552963256836 
v -19.86328887939453 35.15866470336914 14.451180458068848 
v -20.223737716674805 35.15866470336914 14.476552963256836 
v -20.223737716674805 31.71321678161621 14.476552963256836 
v -19.86328887939453 31.71321678161621 14.451180458068848 
v -19.69558334350586 31.394193649291992 14.258257865905762 
v -20.512855529785156 31.394193649291992 14.225227355957031 
v -19.84640121459961 31.138975143432617 14.04247760772705 
v -20.4415225982666 31.138975143432617 13.948529243469238 
v -25.668777465820312 31.394193649291992 9.743254661560059 
v -25.4528865814209 31.138975143432617 9.592219352722168 
v -25.45478057861328 31.138975143432617 8.913161277770996 
v -20.56003761291504 31.20277976989746 3.7689974308013916 
v -21.094451904296875 31.138975143432617 3.8971738815307617 
v -25.62059211730957 38.9869384765625 9.785141944885254 
v -15.486072540283203 31.138975143432617 9.026490211486816 
v -15.341514587402344 31.394193649291992 9.152153015136719 
v -14.874065399169922 31.968435287475586 8.7117338180542 
v -14.899105072021484 31.968435287475586 8.351261138916016 
v -15.429153442382812 31.394193649291992 7.890497207641602 
v -15.548672676086426 31.138975143432617 8.125307083129883 
v -20.43425750732422 31.394193649291992 3.624305486679077 
v -21.287195205688477 38.9869384765625 3.729623556137085 
v -20.99371337890625 38.6041145324707 3.3920090198516846 
v -25.60559844970703 38.923133850097656 8.697380065917969 
v -25.370927810668945 39.17835235595703 8.816699981689453 
v -25.404701232910156 39.242156982421875 9.63410758972168 
v -21.094451904296875 39.242156982421875 3.8971738815307617 
v -20.633262634277344 38.6041145324707 3.3666367530822754 
v -25.982934951782227 38.476505279541016 9.13145637512207 
v -20.99371337890625 35.15866470336914 3.3920090198516846 
v -20.633262634277344 35.15866470336914 3.3666367530822754 
v -20.633262634277344 31.777021408081055 3.3666367530822754 
v -20.99371337890625 31.777021408081055 3.3920090198516846 
v -20.43425750732422 31.394193649291992 3.624305486679077 
v -21.287195205688477 31.394193649291992 3.729623556137085 
v -20.56003761291504 31.20277976989746 3.7689974308013916 
v -21.094451904296875 31.138975143432617 3.8971738815307617 
v -25.45478057861328 31.138975143432617 8.913161277770996 
v -25.689451217651367 31.457998275756836 8.793841361999512 
v -25.4528865814209 31.138975143432617 9.592219352722168 
v -25.668777465820312 31.394193649291992 9.743254661560059 
v -25.982934951782227 31.904630661010742 9.13145637512207 
v -25.957895278930664 31.8408260345459 9.491929054260254 
v -25.957895278930664 38.476505279541016 9.491929054260254 
v -25.957895278930664 35.15866470336914 9.491929054260254 
v -25.982934951782227 35.15866470336914 9.13145637512207 
v -15.140036582946777 38.9869384765625 8.141822814941406 
v -20.43425750732422 38.9869384765625 3.624305486679077 
v -14.899105072021484 38.54030990600586 8.351261138916016 
v -20.633262634277344 38.6041145324707 3.3666367530822754 
v -20.633262634277344 35.15866470336914 3.3666367530822754 
v -14.899105072021484 35.15866470336914 8.351261138916016 
v -14.899105072021484 31.968435287475586 8.351261138916016 
v -20.633262634277344 31.777021408081055 3.3666367530822754 
v -15.429153442382812 31.394193649291992 7.890497207641602 
v -20.43425750732422 31.394193649291992 3.624305486679077 
v -25.668777465820312 31.394193649291992 9.743254661560059 
v -25.957895278930664 31.8408260345459 9.491929054260254 
v -20.512855529785156 31.394193649291992 14.225227355957031 
v -20.223737716674805 31.71321678161621 14.476552963256836 
v -25.957895278930664 35.15866470336914 9.491929054260254 
v -20.223737716674805 35.15866470336914 14.476552963256836 
v -20.223737716674805 38.66791534423828 14.476552963256836 
v -25.957895278930664 38.476505279541016 9.491929054260254 
v -20.512855529785156 38.9869384765625 14.225227355957031 
v -25.62059211730957 38.9869384765625 9.785141944885254 
v -26.715808868408203 21.871627807617188 4.899199485778809 
v -16.610780715942383 21.871627807617188 1.809780240058899 
v -26.73850440979004 21.997915267944336 4.849303245544434 
v -16.6198673248291 21.997915267944336 1.755723476409912 
v -15.954472541809082 21.871627807617188 1.7417411804199219 
v -16.6198673248291 21.74534034729004 1.755723476409912 
v -26.73850440979004 21.74534034729004 4.849303245544434 
v -27.29796028137207 21.871627807617188 5.209795951843262 
v -27.33249855041504 21.997915267944336 5.169835567474365 
v -26.78919219970703 22.053165435791016 4.7321858406066895 
v -16.64333724975586 22.053165435791016 1.6302844285964966 
v -15.948183059692383 21.997915267944336 1.689298152923584 
v -15.935863494873047 22.053165435791016 1.5592323541641235 
v -16.666805267333984 21.997915267944336 1.5048449039459229 
v -26.839879989624023 21.997915267944336 4.615067958831787 
v -27.41544532775879 22.053165435791016 5.06889533996582 
v -27.49839210510254 21.997915267944336 4.967955112457275 
v -27.961769104003906 21.997915267944336 5.5453572273254395 
v -27.532930374145508 21.871627807617188 4.927995204925537 
v -26.855770111083984 21.871627807617188 4.56309175491333 
v -27.853628158569336 22.053165435791016 5.607019901275635 
v -27.73868179321289 21.997915267944336 5.666601657867432 
v -27.68549346923828 21.871627807617188 5.694545269012451 
v -27.33249855041504 21.74534034729004 5.169835567474365 
v -26.78919219970703 21.69009017944336 4.7321858406066895 
v -16.64333724975586 21.69009017944336 1.6302844285964966 
v -15.948183059692383 21.74534034729004 1.689298152923584 
v -15.935863494873047 21.69009017944336 1.5592323541641235 
v -15.27167797088623 21.69009017944336 1.7603288888931274 
v -27.73868179321289 21.74534034729004 5.666601657867432 
v -27.853628158569336 21.69009017944336 5.607019901275635 
v -27.41544532775879 21.69009017944336 5.06889533996582 
v -15.3621244430542 21.871627807617188 1.926910400390625 
v -15.33365535736084 21.74534034729004 1.8740019798278809 
v -14.838042259216309 21.74534034729004 2.27819561958313 
v -14.736486434936523 21.69009017944336 2.196627378463745 
v -14.395577430725098 21.69009017944336 2.8249380588531494 
v -14.514531135559082 21.74534034729004 2.8739354610443115 
v -11.939563751220703 21.69009017944336 10.858190536499023 
v -15.33365535736084 21.997915267944336 1.8740019798278809 
v -15.27167797088623 22.053165435791016 1.7603288888931274 
v -14.838042259216309 21.997915267944336 2.27819561958313 
v -14.736486434936523 22.053165435791016 2.196627378463745 
v -15.216506004333496 21.997915267944336 1.6487363576889038 
v -15.923542976379395 21.997915267944336 1.4291660785675049 
v -16.682697296142578 21.871627807617188 1.4528684616088867 
v -14.878612518310547 21.871627807617188 2.315859079360962 
v -15.917254447937012 21.871627807617188 1.3767235279083252 
v -28.01319122314453 21.871627807617188 5.523188591003418 
v -27.961769104003906 21.74534034729004 5.5453572273254395 
v -27.49839210510254 21.74534034729004 4.967955112457275 
v -26.839879989624023 21.74534034729004 4.615067958831787 
v -16.666805267333984 21.74534034729004 1.5048449039459229 
v -15.923542976379395 21.74534034729004 1.4291660785675049 
v -27.853628158569336 21.69009017944336 5.607019901275635 
v -27.41544532775879 21.69009017944336 5.06889533996582 
v -26.78919219970703 21.69009017944336 4.7321858406066895 
v -16.64333724975586 21.69009017944336 1.6302844285964966 
v -15.935863494873047 21.69009017944336 1.5592323541641235 
v -15.216506004333496 21.74534034729004 1.6487363576889038 
v -15.186272621154785 21.871627807617188 1.6016029119491577 
v -14.594361305236816 21.871627807617188 2.07739520072937 
v -14.634931564331055 21.997915267944336 2.115058660507202 
v -14.230755805969238 21.871627807617188 2.755601644515991 
v -14.634931564331055 21.74534034729004 2.115058660507202 
v -14.736486434936523 21.69009017944336 2.196627378463745 
v -15.27167797088623 21.69009017944336 1.7603288888931274 
v -14.276622772216797 21.74534034729004 2.77593994140625 
v -11.764147758483887 21.871627807617188 10.823506355285645 
v -11.813547134399414 21.74534034729004 10.832293510437012 
v -11.741037368774414 21.74534034729004 11.58055305480957 
v -11.870842933654785 21.69009017944336 11.569718360900879 
v -11.962420463562012 21.74534034729004 12.292364120483398 
v -12.070561408996582 21.69009017944336 12.230701446533203 
v -14.395577430725098 21.69009017944336 2.8249380588531494 
v -11.939563751220703 21.69009017944336 10.858190536499023 
v -11.686341285705566 21.871627807617188 11.589090347290039 
v -11.741037368774414 21.997915267944336 11.58055305480957 
v -11.813547134399414 21.997915267944336 10.832293510437012 
v -11.870842933654785 22.053165435791016 11.569718360900879 
v -11.962420463562012 21.997915267944336 12.292364120483398 
v -12.070561408996582 22.053165435791016 12.230701446533203 
v -11.910998344421387 21.871627807617188 12.314532279968262 
v -14.276622772216797 21.997915267944336 2.77593994140625 
v -14.395577430725098 22.053165435791016 2.8249380588531494 
v -11.939563751220703 22.053165435791016 10.858190536499023 
v -12.000648498535156 21.997915267944336 11.558884620666504 
v -12.185507774353027 21.997915267944336 12.171119689941406 
v -12.238696098327637 21.871627807617188 12.143176078796387 
v -12.055343627929688 21.871627807617188 11.550346374511719 
v -12.065579414367676 21.997915267944336 10.884088516235352 
v -14.514531135559082 21.997915267944336 2.8739354610443115 
v -14.567203521728516 21.871627807617188 2.8963541984558105 
v -12.121783256530762 21.871627807617188 10.894956588745117 
v -12.065579414367676 21.74534034729004 10.884088516235352 
v -12.000648498535156 21.74534034729004 11.558884620666504 
v -12.185507774353027 21.74534034729004 12.171119689941406 
v -12.070561408996582 21.69009017944336 12.230701446533203 
v -11.870842933654785 21.69009017944336 11.569718360900879 
v -12.238696098327637 21.871627807617188 12.143176078796387 
v -12.591690063476562 21.997915267944336 12.667884826660156 
v -12.185507774353027 21.997915267944336 12.171119689941406 
v -12.070561408996582 22.053165435791016 12.230701446533203 
v -12.508744239807129 22.053165435791016 12.76882553100586 
v -11.962420463562012 21.997915267944336 12.292364120483398 
v -12.425798416137695 21.997915267944336 12.869766235351562 
v -12.391258239746094 21.871627807617188 12.9097261428833 
v -11.910998344421387 21.871627807617188 12.314532279968262 
v -11.962420463562012 21.74534034729004 12.292364120483398 
v -12.425798416137695 21.74534034729004 12.869766235351562 
v -12.508744239807129 21.69009017944336 12.76882553100586 
v -13.084309577941895 21.74534034729004 13.22265338897705 
v -13.134998321533203 21.69009017944336 13.105535507202148 
v -23.257383346557617 21.74534034729004 16.332876205444336 
v -23.280853271484375 21.69009017944336 16.20743751525879 
v -23.988325119018555 21.69009017944336 16.278488159179688 
v -24.000646591186523 21.74534034729004 16.40855598449707 
v -24.707683563232422 21.74534034729004 16.18898582458496 
v -24.652511596679688 21.69009017944336 16.077392578125 
v -25.187702178955078 21.69009017944336 15.641094207763672 
v -25.28925895690918 21.74534034729004 15.722662925720215 
v -25.647565841674805 21.74534034729004 15.06178092956543 
v -25.52861213684082 21.69009017944336 15.01278305053711 
v -27.98462677001953 21.69009017944336 6.979530334472656 
v -28.11064338684082 21.74534034729004 7.005427360534668 
v -28.053346633911133 21.69009017944336 6.268002986907959 
v -28.18315315246582 21.74534034729004 6.257168292999268 
v -27.961769104003906 21.74534034729004 5.5453572273254395 
v -28.23784828186035 21.871627807617188 6.248631000518799 
v -28.01319122314453 21.871627807617188 5.523188591003418 
v -27.961769104003906 21.997915267944336 5.5453572273254395 
v -28.18315315246582 21.997915267944336 6.257168292999268 
v -28.053346633911133 22.053165435791016 6.268002986907959 
v -27.853628158569336 22.053165435791016 5.607019901275635 
v -27.923540115356445 21.997915267944336 6.278837203979492 
v -27.73868179321289 21.997915267944336 5.666601657867432 
v -27.68549346923828 21.871627807617188 5.694545269012451 
v -27.868844985961914 21.871627807617188 6.287374973297119 
v -27.923540115356445 21.74534034729004 6.278837203979492 
v -27.73868179321289 21.74534034729004 5.666601657867432 
v -27.853628158569336 21.69009017944336 5.607019901275635 
v -28.053346633911133 21.69009017944336 6.268002986907959 
v -27.98462677001953 21.69009017944336 6.979530334472656 
v -27.858610153198242 21.74534034729004 6.953632831573486 
v -25.409658432006836 21.74534034729004 14.963786125183105 
v -25.52861213684082 21.69009017944336 15.01278305053711 
v -25.08614730834961 21.74534034729004 15.559525489807129 
v -25.187702178955078 21.69009017944336 15.641094207763672 
v -24.652511596679688 21.69009017944336 16.077392578125 
v -24.590534210205078 21.74534034729004 15.963719367980957 
v -23.97600555419922 21.74534034729004 16.148422241210938 
v -23.988325119018555 21.69009017944336 16.278488159179688 
v -23.280853271484375 21.69009017944336 16.20743751525879 
v -23.3043212890625 21.74534034729004 16.081998825073242 
v -13.134998321533203 21.69009017944336 13.105535507202148 
v -13.185686111450195 21.74534034729004 12.988417625427246 
v -12.591690063476562 21.74534034729004 12.667884826660156 
v -12.508744239807129 21.69009017944336 12.76882553100586 
v -12.070561408996582 21.69009017944336 12.230701446533203 
v -12.185507774353027 21.74534034729004 12.171119689941406 
v -12.626229286193848 21.871627807617188 12.627924919128418 
v -13.185686111450195 21.997915267944336 12.988417625427246 
v -13.208380699157715 21.871627807617188 12.938522338867188 
v -23.31340789794922 21.871627807617188 16.02794075012207 
v -23.969717025756836 21.871627807617188 16.095979690551758 
v -12.070561408996582 21.69009017944336 12.230701446533203 
v -27.853628158569336 21.69009017944336 5.607019901275635 
v -23.3043212890625 21.997915267944336 16.081998825073242 
v -13.134998321533203 22.053165435791016 13.105535507202148 
v -13.084309577941895 21.997915267944336 13.22265338897705 
v -13.068418502807617 21.871627807617188 13.274629592895508 
v -23.241493225097656 21.871627807617188 16.38485336303711 
v -24.006935119628906 21.871627807617188 16.46099853515625 
v -23.257383346557617 21.997915267944336 16.332876205444336 
v -24.000646591186523 21.997915267944336 16.40855598449707 
v -23.988325119018555 22.053165435791016 16.278488159179688 
v -23.280853271484375 22.053165435791016 16.20743751525879 
v -23.97600555419922 21.997915267944336 16.148422241210938 
v -24.56206512451172 21.871627807617188 15.910811424255371 
v -25.045576095581055 21.871627807617188 15.521862030029297 
v -25.35698699951172 21.871627807617188 14.941367149353027 
v -27.802406311035156 21.871627807617188 6.942764759063721 
v -27.858610153198242 21.997915267944336 6.953632831573486 
v -25.409658432006836 21.997915267944336 14.963786125183105 
v -25.08614730834961 21.997915267944336 15.559525489807129 
v -24.590534210205078 21.997915267944336 15.963719367980957 
v -24.652511596679688 22.053165435791016 16.077392578125 
v -24.707683563232422 21.997915267944336 16.18898582458496 
v -24.737916946411133 21.871627807617188 16.23611831665039 
v -25.3298282623291 21.871627807617188 15.760326385498047 
v -25.69343376159668 21.871627807617188 15.082119941711426 
v -25.187702178955078 22.053165435791016 15.641094207763672 
v -25.52861213684082 22.053165435791016 15.01278305053711 
v -25.647565841674805 21.997915267944336 15.06178092956543 
v -25.28925895690918 21.997915267944336 15.722662925720215 
v -28.16004180908203 21.871627807617188 7.014214992523193 
v -28.11064338684082 21.997915267944336 7.005427360534668 
v -27.98462677001953 22.053165435791016 6.979530334472656 
v -26.715808868408203 37.665462493896484 4.899199485778809 
v -26.73850440979004 37.791748046875 4.849303245544434 
v -16.610780715942383 37.665462493896484 1.809780240058899 
v -16.6198673248291 37.791748046875 1.755723476409912 
v -15.954472541809082 37.665462493896484 1.7417411804199219 
v -16.6198673248291 37.5391731262207 1.755723476409912 
v -26.73850440979004 37.5391731262207 4.849303245544434 
v -27.29796028137207 37.665462493896484 5.209795951843262 
v -27.33249855041504 37.791748046875 5.169835567474365 
v -26.78919219970703 37.84700012207031 4.7321858406066895 
v -16.64333724975586 37.84700012207031 1.6302844285964966 
v -15.948183059692383 37.791748046875 1.689298152923584 
v -15.935863494873047 37.84700012207031 1.5592323541641235 
v -16.666805267333984 37.791748046875 1.5048449039459229 
v -26.839879989624023 37.791748046875 4.615067958831787 
v -27.41544532775879 37.84700012207031 5.06889533996582 
v -27.49839210510254 37.791748046875 4.967955112457275 
v -27.961769104003906 37.791748046875 5.5453572273254395 
v -27.532930374145508 37.665462493896484 4.927995204925537 
v -26.855770111083984 37.665462493896484 4.56309175491333 
v -27.853628158569336 37.84700012207031 5.607019901275635 
v -27.73868179321289 37.791748046875 5.666601657867432 
v -27.68549346923828 37.665462493896484 5.694545269012451 
v -27.33249855041504 37.5391731262207 5.169835567474365 
v -26.78919219970703 37.48392105102539 4.7321858406066895 
v -16.64333724975586 37.48392105102539 1.6302844285964966 
v -15.948183059692383 37.5391731262207 1.689298152923584 
v -15.935863494873047 37.48392105102539 1.5592323541641235 
v -15.27167797088623 37.48392105102539 1.7603288888931274 
v -27.73868179321289 37.5391731262207 5.666601657867432 
v -27.853628158569336 37.48392105102539 5.607019901275635 
v -27.41544532775879 37.48392105102539 5.06889533996582 
v -15.3621244430542 37.665462493896484 1.926910400390625 
v -15.33365535736084 37.5391731262207 1.8740019798278809 
v -14.838042259216309 37.5391731262207 2.27819561958313 
v -14.736486434936523 37.48392105102539 2.196627378463745 
v -14.395577430725098 37.48392105102539 2.8249380588531494 
v -14.514531135559082 37.5391731262207 2.8739354610443115 
v -11.939563751220703 37.48392105102539 10.858190536499023 
v -15.33365535736084 37.791748046875 1.8740019798278809 
v -15.27167797088623 37.84700012207031 1.7603288888931274 
v -14.838042259216309 37.791748046875 2.27819561958313 
v -14.736486434936523 37.84700012207031 2.196627378463745 
v -15.216506004333496 37.791748046875 1.6487363576889038 
v -15.923542976379395 37.791748046875 1.4291660785675049 
v -16.682697296142578 37.665462493896484 1.4528684616088867 
v -14.878612518310547 37.665462493896484 2.315859079360962 
v -15.917254447937012 37.665462493896484 1.3767235279083252 
v -28.01319122314453 37.665462493896484 5.523188591003418 
v -27.961769104003906 37.5391731262207 5.5453572273254395 
v -27.49839210510254 37.5391731262207 4.967955112457275 
v -26.839879989624023 37.5391731262207 4.615067958831787 
v -16.666805267333984 37.5391731262207 1.5048449039459229 
v -15.923542976379395 37.5391731262207 1.4291660785675049 
v -27.853628158569336 37.48392105102539 5.607019901275635 
v -27.41544532775879 37.48392105102539 5.06889533996582 
v -26.78919219970703 37.48392105102539 4.7321858406066895 
v -16.64333724975586 37.48392105102539 1.6302844285964966 
v -15.935863494873047 37.48392105102539 1.5592323541641235 
v -15.216506004333496 37.5391731262207 1.6487363576889038 
v -15.186272621154785 37.665462493896484 1.6016029119491577 
v -14.594361305236816 37.665462493896484 2.07739520072937 
v -14.634931564331055 37.791748046875 2.115058660507202 
v -14.230755805969238 37.665462493896484 2.755601644515991 
v -14.634931564331055 37.5391731262207 2.115058660507202 
v -14.736486434936523 37.48392105102539 2.196627378463745 
v -15.27167797088623 37.48392105102539 1.7603288888931274 
v -14.276622772216797 37.5391731262207 2.77593994140625 
v -11.764147758483887 37.665462493896484 10.823506355285645 
v -11.813547134399414 37.5391731262207 10.832293510437012 
v -11.741037368774414 37.5391731262207 11.58055305480957 
v -11.870842933654785 37.48392105102539 11.569718360900879 
v -11.962420463562012 37.5391731262207 12.292364120483398 
v -12.070561408996582 37.48392105102539 12.230701446533203 
v -14.395577430725098 37.48392105102539 2.8249380588531494 
v -11.939563751220703 37.48392105102539 10.858190536499023 
v -11.686341285705566 37.665462493896484 11.589090347290039 
v -11.741037368774414 37.791748046875 11.58055305480957 
v -11.813547134399414 37.791748046875 10.832293510437012 
v -11.870842933654785 37.84700012207031 11.569718360900879 
v -11.962420463562012 37.791748046875 12.292364120483398 
v -12.070561408996582 37.84700012207031 12.230701446533203 
v -11.910998344421387 37.665462493896484 12.314532279968262 
v -14.276622772216797 37.791748046875 2.77593994140625 
v -14.395577430725098 37.84700012207031 2.8249380588531494 
v -11.939563751220703 37.84700012207031 10.858190536499023 
v -12.000648498535156 37.791748046875 11.558884620666504 
v -12.185507774353027 37.791748046875 12.171119689941406 
v -12.238696098327637 37.665462493896484 12.143176078796387 
v -12.055343627929688 37.665462493896484 11.550346374511719 
v -12.065579414367676 37.791748046875 10.884088516235352 
v -14.514531135559082 37.791748046875 2.8739354610443115 
v -14.567203521728516 37.665462493896484 2.8963541984558105 
v -12.121783256530762 37.665462493896484 10.894956588745117 
v -12.065579414367676 37.5391731262207 10.884088516235352 
v -12.000648498535156 37.5391731262207 11.558884620666504 
v -12.185507774353027 37.5391731262207 12.171119689941406 
v -12.070561408996582 37.48392105102539 12.230701446533203 
v -11.870842933654785 37.48392105102539 11.569718360900879 
v -12.238696098327637 37.665462493896484 12.143176078796387 
v -12.591690063476562 37.791748046875 12.667884826660156 
v -12.185507774353027 37.791748046875 12.171119689941406 
v -12.070561408996582 37.84700012207031 12.230701446533203 
v -12.508744239807129 37.84700012207031 12.76882553100586 
v -11.962420463562012 37.791748046875 12.292364120483398 
v -12.425798416137695 37.791748046875 12.869766235351562 
v -12.391258239746094 37.665462493896484 12.9097261428833 
v -11.910998344421387 37.665462493896484 12.314532279968262 
v -11.962420463562012 37.5391731262207 12.292364120483398 
v -12.425798416137695 37.5391731262207 12.869766235351562 
v -12.508744239807129 37.48392105102539 12.76882553100586 
v -13.084309577941895 37.5391731262207 13.22265338897705 
v -13.134998321533203 37.48392105102539 13.105535507202148 
v -23.257383346557617 37.5391731262207 16.332876205444336 
v -23.280853271484375 37.48392105102539 16.20743751525879 
v -23.988325119018555 37.48392105102539 16.278488159179688 
v -24.000646591186523 37.5391731262207 16.40855598449707 
v -24.707683563232422 37.5391731262207 16.18898582458496 
v -24.652511596679688 37.48392105102539 16.077392578125 
v -25.187702178955078 37.48392105102539 15.641094207763672 
v -25.28925895690918 37.5391731262207 15.722662925720215 
v -25.647565841674805 37.5391731262207 15.06178092956543 
v -25.52861213684082 37.48392105102539 15.01278305053711 
v -27.98462677001953 37.48392105102539 6.979530334472656 
v -28.11064338684082 37.5391731262207 7.005427360534668 
v -28.053346633911133 37.48392105102539 6.268002986907959 
v -28.18315315246582 37.5391731262207 6.257168292999268 
v -27.961769104003906 37.5391731262207 5.5453572273254395 
v -28.23784828186035 37.665462493896484 6.248631000518799 
v -28.01319122314453 37.665462493896484 5.523188591003418 
v -27.961769104003906 37.791748046875 5.5453572273254395 
v -28.18315315246582 37.791748046875 6.257168292999268 
v -28.053346633911133 37.84700012207031 6.268002986907959 
v -27.853628158569336 37.84700012207031 5.607019901275635 
v -27.923540115356445 37.791748046875 6.278837203979492 
v -27.73868179321289 37.791748046875 5.666601657867432 
v -27.68549346923828 37.665462493896484 5.694545269012451 
v -27.868844985961914 37.665462493896484 6.287374973297119 
v -27.923540115356445 37.5391731262207 6.278837203979492 
v -27.73868179321289 37.5391731262207 5.666601657867432 
v -27.853628158569336 37.48392105102539 5.607019901275635 
v -28.053346633911133 37.48392105102539 6.268002986907959 
v -27.98462677001953 37.48392105102539 6.979530334472656 
v -27.858610153198242 37.5391731262207 6.953632831573486 
v -25.409658432006836 37.5391731262207 14.963786125183105 
v -25.52861213684082 37.48392105102539 15.01278305053711 
v -25.08614730834961 37.5391731262207 15.559525489807129 
v -25.187702178955078 37.48392105102539 15.641094207763672 
v -24.652511596679688 37.48392105102539 16.077392578125 
v -24.590534210205078 37.5391731262207 15.963719367980957 
v -23.97600555419922 37.5391731262207 16.148422241210938 
v -23.988325119018555 37.48392105102539 16.278488159179688 
v -23.280853271484375 37.48392105102539 16.20743751525879 
v -23.3043212890625 37.5391731262207 16.081998825073242 
v -13.134998321533203 37.48392105102539 13.105535507202148 
v -13.185686111450195 37.5391731262207 12.988417625427246 
v -12.591690063476562 37.5391731262207 12.667884826660156 
v -12.508744239807129 37.48392105102539 12.76882553100586 
v -12.070561408996582 37.48392105102539 12.230701446533203 
v -12.185507774353027 37.5391731262207 12.171119689941406 
v -12.626229286193848 37.665462493896484 12.627924919128418 
v -13.185686111450195 37.791748046875 12.988417625427246 
v -13.208380699157715 37.665462493896484 12.938522338867188 
v -23.31340789794922 37.665462493896484 16.02794075012207 
v -23.969717025756836 37.665462493896484 16.095979690551758 
v -12.070561408996582 37.48392105102539 12.230701446533203 
v -27.853628158569336 37.48392105102539 5.607019901275635 
v -23.3043212890625 37.791748046875 16.081998825073242 
v -13.134998321533203 37.84700012207031 13.105535507202148 
v -13.084309577941895 37.791748046875 13.22265338897705 
v -13.068418502807617 37.665462493896484 13.274629592895508 
v -23.241493225097656 37.665462493896484 16.38485336303711 
v -24.006935119628906 37.665462493896484 16.46099853515625 
v -23.257383346557617 37.791748046875 16.332876205444336 
v -24.000646591186523 37.791748046875 16.40855598449707 
v -23.988325119018555 37.84700012207031 16.278488159179688 
v -23.280853271484375 37.84700012207031 16.20743751525879 
v -23.97600555419922 37.791748046875 16.148422241210938 
v -24.56206512451172 37.665462493896484 15.910811424255371 
v -25.045576095581055 37.665462493896484 15.521862030029297 
v -25.35698699951172 37.665462493896484 14.941367149353027 
v -27.802406311035156 37.665462493896484 6.942764759063721 
v -27.858610153198242 37.791748046875 6.953632831573486 
v -25.409658432006836 37.791748046875 14.963786125183105 
v -25.08614730834961 37.791748046875 15.559525489807129 
v -24.590534210205078 37.791748046875 15.963719367980957 
v -24.652511596679688 37.84700012207031 16.077392578125 
v -24.707683563232422 37.791748046875 16.18898582458496 
v -24.737916946411133 37.665462493896484 16.23611831665039 
v -25.3298282623291 37.665462493896484 15.760326385498047 
v -25.69343376159668 37.665462493896484 15.082119941711426 
v -25.187702178955078 37.84700012207031 15.641094207763672 
v -25.52861213684082 37.84700012207031 15.01278305053711 
v -25.647565841674805 37.791748046875 15.06178092956543 
v -25.28925895690918 37.791748046875 15.722662925720215 
v -28.16004180908203 37.665462493896484 7.014214992523193 
v -28.11064338684082 37.791748046875 7.005427360534668 
v -27.98462677001953 37.84700012207031 6.979530334472656 
v -23.280853271484375 21.871627807617188 16.20743751525879 
v -23.988325119018555 21.871627807617188 16.278488159179688 
v -23.280853271484375 37.665462493896484 16.20743751525879 
v -23.988325119018555 37.665462493896484 16.278488159179688 
v -24.652511596679688 21.871627807617188 16.077392578125 
v -24.652511596679688 37.665462493896484 16.077392578125 
v -25.187702178955078 21.871627807617188 15.641094207763672 
v -25.187702178955078 37.665462493896484 15.641094207763672 
v -25.52861213684082 21.871627807617188 15.01278305053711 
v -25.52861213684082 37.665462493896484 15.01278305053711 
v -27.98462677001953 37.665462493896484 6.979530334472656 
v -27.98462677001953 21.871627807617188 6.979530334472656 
v -28.053346633911133 37.665462493896484 6.268002986907959 
v -28.053346633911133 21.871627807617188 6.268002986907959 
v -27.853628158569336 37.665462493896484 5.607019901275635 
v -27.853628158569336 21.871627807617188 5.607019901275635 
v -27.41544532775879 37.665462493896484 5.06889533996582 
v -27.41544532775879 21.871627807617188 5.06889533996582 
v -26.78919219970703 37.665462493896484 4.7321858406066895 
v -26.78919219970703 21.871627807617188 4.7321858406066895 
v -16.64333724975586 21.871627807617188 1.6302844285964966 
v -16.64333724975586 37.665462493896484 1.6302844285964966 
v -15.935863494873047 21.871627807617188 1.5592323541641235 
v -15.935863494873047 37.665462493896484 1.5592323541641235 
v -15.27167797088623 21.871627807617188 1.7603288888931274 
v -15.27167797088623 37.665462493896484 1.7603288888931274 
v -14.736486434936523 21.871627807617188 2.196627378463745 
v -14.736486434936523 37.665462493896484 2.196627378463745 
v -14.395577430725098 21.871627807617188 2.8249380588531494 
v -14.395577430725098 37.665462493896484 2.8249380588531494 
v -11.939563751220703 37.665462493896484 10.858190536499023 
v -11.939563751220703 21.871627807617188 10.858190536499023 
v -11.870842933654785 37.665462493896484 11.569718360900879 
v -11.870842933654785 21.871627807617188 11.569718360900879 
v -12.070561408996582 37.665462493896484 12.230701446533203 
v -12.070561408996582 21.871627807617188 12.230701446533203 
v -13.134998321533203 21.871627807617188 13.105535507202148 
v -13.134998321533203 37.665462493896484 13.105535507202148 
v -12.508744239807129 21.871627807617188 12.76882553100586 
v -12.508744239807129 37.665462493896484 12.76882553100586 
v -12.070561408996582 21.871627807617188 12.230701446533203 
v -12.070561408996582 37.665462493896484 12.230701446533203 
v -23.988325119018555 21.871627807617188 16.278488159179688 
v -23.280853271484375 21.871627807617188 16.20743751525879 
v -24.652511596679688 21.871627807617188 16.077392578125 
v -13.134998321533203 21.871627807617188 13.105535507202148 
v -25.187702178955078 21.871627807617188 15.641094207763672 
v -12.070561408996582 21.871627807617188 12.230701446533203 
v -11.939563751220703 21.871627807617188 10.858190536499023 
v -11.870842933654785 21.871627807617188 11.569718360900879 
v -12.508744239807129 21.871627807617188 12.76882553100586 
v -25.52861213684082 21.871627807617188 15.01278305053711 
v -27.98462677001953 21.871627807617188 6.979530334472656 
v -14.395577430725098 21.871627807617188 2.8249380588531494 
v -28.053346633911133 21.871627807617188 6.268002986907959 
v -15.27167797088623 21.871627807617188 1.7603288888931274 
v -16.64333724975586 21.871627807617188 1.6302844285964966 
v -15.935863494873047 21.871627807617188 1.5592323541641235 
v -14.736486434936523 21.871627807617188 2.196627378463745 
v -27.853628158569336 21.871627807617188 5.607019901275635 
v -26.78919219970703 21.871627807617188 4.7321858406066895 
v -27.41544532775879 21.871627807617188 5.06889533996582 
v -18.937536239624023 31.150440216064453 3.4240615367889404 
v -26.496501922607422 31.13188934326172 8.059932708740234 
v -22.133256912231445 31.13652801513672 14.919358253479004 
v -26.710105895996094 30.900007247924805 8.19340705871582 
v -22.42009925842285 30.867542266845703 15.120471000671387 
v -22.251314163208008 26.406103134155273 15.496210098266602 
v -27.016260147094727 26.406103134155273 7.870697021484375 
v -26.837589263916016 21.93539047241211 8.059805870056152 
v -22.283863067626953 21.93539047241211 15.3032865524292 
v -26.639808654785156 21.689594268798828 7.936218738555908 
v -22.105859756469727 21.689594268798828 15.192057609558105 
v -14.480791091918945 31.13652801513672 10.38910961151123 
v -18.727888107299805 30.900007247924805 3.2930591106414795 
v -14.302787780761719 30.8397159576416 10.277880668640137 
v -14.154145240783691 26.406103134155273 10.436539649963379 
v -18.919092178344727 26.406103134155273 2.8110270500183105 
v -18.768770217895508 21.907564163208008 3.078000783920288 
v -14.344564437866211 21.90292739868164 10.21102523803711 
v -14.522567749023438 21.684955596923828 10.322254180908203 
v -18.98237419128418 21.657129287719727 3.211474895477295 
v -26.639808654785156 21.689594268798828 7.936218738555908 
v -22.105859756469727 21.689594268798828 15.192057609558105 
v -21.429866790771484 30.18580436706543 14.7423095703125 
v -21.458023071289062 30.15334129333496 15.295793533325195 
v -21.568315505981445 29.97247314453125 14.828821182250977 
v -21.490087509155273 26.406103134155273 15.288488388061523 
v -21.584136962890625 26.406103134155273 14.83870792388916 
v -21.248374938964844 30.403776168823242 15.164791107177734 
v -21.867910385131836 30.580007553100586 15.5464506149292 
v -21.90500831604004 26.406103134155273 15.575100898742676 
v -15.231400489807129 30.18580436706543 10.869078636169434 
v -15.077131271362305 29.97247314453125 10.77268123626709 
v -14.901512145996094 30.403776168823242 11.176959991455078 
v -21.552839279174805 30.969572067260742 15.311294555664062 
v -22.133256912231445 31.13652801513672 14.919358253479004 
v -22.42009925842285 30.867542266845703 15.120471000671387 
v -22.251314163208008 26.406103134155273 15.496210098266602 
v -21.968297958374023 22.324954986572266 15.614648818969727 
v -21.49500274658203 22.663503646850586 15.280623435974121 
v -21.556447982788086 22.797996520996094 14.821405410766602 
v -15.045486450195312 26.406103134155273 10.752906799316406 
v -14.682034492492676 26.406103134155273 11.061687469482422 
v -14.691864013671875 30.19044303894043 11.0459566116333 
v -14.48617172241211 30.946382522583008 10.917426109313965 
v -14.480791091918945 31.13652801513672 10.38910961151123 
v -14.302787780761719 30.8397159576416 10.277880668640137 
v -14.206162452697754 30.644933700561523 10.687774658203125 
v -14.154145240783691 26.406103134155273 10.436539649963379 
v -14.235048294067383 26.406103134155273 10.782380104064941 
v -14.171758651733398 22.292490005493164 10.74283218383789 
v -14.696779251098633 22.663503646850586 11.038091659545898 
v -14.420963287353516 21.87046241760254 10.898551940917969 
v -14.344564437866211 21.90292739868164 10.21102523803711 
v -14.522567749023438 21.684955596923828 10.322254180908203 
v -21.632070541381836 21.926115036010742 15.404550552368164 
v -22.105859756469727 21.689594268798828 15.192057609558105 
v -22.283863067626953 21.93539047241211 15.3032865524292 
v -21.285354614257812 22.413070678710938 15.14962100982666 
v -14.891682624816895 22.413070678710938 11.1926908493042 
v -15.049442291259766 22.797996520996094 10.755378723144531 
v -21.303287506103516 22.58466339111328 14.663213729858398 
v -15.267001152038574 22.603214263916016 10.891324996948242 
v -26.710105895996094 30.900007247924805 8.19340705871582 
v -27.016260147094727 26.406103134155273 7.870697021484375 
v -26.936975479125977 30.63102149963379 7.575080871582031 
v -26.93535804748535 26.406103134155273 7.5248565673828125 
v -26.47117042541504 30.15334129333496 7.273077487945557 
v -26.480998992919922 26.406103134155273 7.257347106933594 
v -26.476085662841797 22.64959144592285 7.265212535858154 
v -26.964242935180664 22.37133026123047 7.619462490081787 
v -26.496501922607422 31.13188934326172 8.059932708740234 
v -26.541412353515625 30.94174575805664 7.327905654907227 
v -18.937536239624023 31.150440216064453 3.4240615367889404 
v -19.56560516357422 30.923194885253906 2.9470667839050293 
v -18.727888107299805 30.900007247924805 3.2930591106414795 
v -19.082717895507812 30.292470932006836 2.7164125442504883 
v -18.919092178344727 26.406103134155273 2.8110270500183105 
v -19.265398025512695 26.406103134155273 2.732135534286499 
v -19.184906005859375 22.195098876953125 2.720116138458252 
v -19.695180892944336 22.62640380859375 3.0389716625213623 
v -19.52604866027832 21.87510108947754 2.922349452972412 
v -19.904829025268555 22.37596893310547 3.1699743270874023 
v -18.768770217895508 21.907564163208008 3.078000783920288 
v -18.98237419128418 21.657129287719727 3.211474895477295 
v -26.639808654785156 21.689594268798828 7.936218738555908 
v -26.715038299560547 21.953941345214844 7.463742256164551 
v -26.266435623168945 22.39915657043457 7.134209632873535 
v -19.83643341064453 22.570751190185547 3.6139118671417236 
v -19.630739212036133 22.742345809936523 3.4853806495666504 
v -19.712383270263672 26.406103134155273 3.0114428997039795 
v -26.837589263916016 21.93539047241211 8.059805870056152 
v -26.094234466552734 22.742345809936523 7.524218559265137 
v -25.916231155395508 22.570751190185547 7.412989616394043 
v -26.125879287719727 26.406103134155273 7.543992519378662 
v -26.114011764526367 29.93537139892578 7.536577224731445 
v -26.011165618896484 30.18580436706543 7.472311496734619 
v -26.26152229309082 30.403776168823242 7.1420745849609375 
v -19.773141860961914 30.18580436706543 3.5743637084960938 
v -19.909744262695312 30.41305160522461 3.162109136581421 
v -19.59909439086914 26.406103134155273 3.465606927871704 
v -19.630739212036133 29.93537139892578 3.4853806495666504 
v -19.700096130371094 30.167255401611328 3.031106472015381 
v -1.9295138120651245 29.268291473388672 7.510095119476318 
v -8.96300983428955 29.25345230102539 6.586687088012695 
v -9.703726768493652 29.25716209411621 13.048012733459473 
v -9.163009643554688 29.06794548034668 6.562130451202393 
v -9.983312606811523 29.041973114013672 13.028634071350098 
v -10.067543983459473 25.472824096679688 13.347213745117188 
v -9.19088077545166 25.472824096679688 6.207359313964844 
v -9.175006866455078 21.896251678466797 6.414884567260742 
v -9.990652084350586 21.899961471557617 13.210883140563965 
v -8.989822387695312 21.703325271606445 6.437622547149658 
v -9.823986053466797 21.699615478515625 13.23134708404541 
v -2.665276050567627 29.25716209411621 14.084160804748535 
v -1.7332179546356201 29.06794548034668 7.5341973304748535 
v -2.4986093044281006 29.019712448120117 14.10462474822998 
v -2.4860737323760986 25.472824096679688 14.278100967407227 
v -1.6094105243682861 25.472824096679688 7.138246059417725 
v -1.6503616571426392 21.873991012573242 7.379909515380859 
v -2.4909231662750244 21.870281219482422 14.042027473449707 
v -2.657589912414551 21.695905685424805 14.021563529968262 
v -1.8503612279891968 21.673643112182617 7.355352401733398 
v -8.989822387695312 21.703325271606445 6.437622547149658 
v -9.823986053466797 21.699615478515625 13.23134708404541 
v -9.173578262329102 28.496583938598633 13.292518615722656 
v -9.473441123962402 28.470613479614258 13.62199878692627 
v -9.306910514831543 28.325918197631836 13.27614688873291 
v -9.48969841003418 25.472824096679688 13.601314544677734 
v -9.321725845336914 25.472824096679688 13.274328231811523 
v -9.277145385742188 28.670961380004883 13.646100997924805 
v -9.854470252990723 28.81194496154785 13.571476936340332 
v -9.891959190368652 25.472824096679688 13.570611953735352 
v -3.373586416244507 28.496583938598633 14.004667282104492 
v -3.229142189025879 28.325918197631836 14.0224027633667 
v -3.323493242263794 28.670961380004883 14.362166404724121 
v -9.540194511413574 29.12359619140625 13.583900451660156 
v -9.703726768493652 29.25716209411621 13.048012733459473 
v -9.983312606811523 29.041973114013672 13.028634071350098 
v -10.067543983459473 25.472824096679688 13.347213745117188 
v -9.951217651367188 22.207902908325195 13.563335418701172 
v -9.488794326782227 22.478742599487305 13.593949317932129 
v -9.29580020904541 22.58633804321289 13.277511596679688 
v -3.199512481689453 25.472824096679688 14.026041030883789 
v -3.1290056705474854 25.472824096679688 14.400997161865234 
v -3.127197265625 28.500293731689453 14.386268615722656 
v -2.934605121612549 29.10504722595215 14.409915924072266 
v -2.665276050567627 29.25716209411621 14.084160804748535 
v -2.4986093044281006 29.019712448120117 14.10462474822998 
v -2.6448991298675537 28.863887786865234 14.408109664916992 
v -2.4860737323760986 25.472824096679688 14.278100967407227 
v -2.7104880809783936 25.472824096679688 14.452384948730469 
v -2.651228904724121 22.18193244934082 14.459660530090332 
v -3.1262929439544678 22.478742599487305 14.37890338897705 
v -2.884561538696289 21.844310760498047 14.431011199951172 
v -2.4909231662750244 21.870281219482422 14.042027473449707 
v -2.657589912414551 21.695905685424805 14.021563529968262 
v -9.636404037475586 21.888832092285156 13.60198974609375 
v -9.823986053466797 21.699615478515625 13.23134708404541 
v -9.990652084350586 21.899961471557617 13.210883140563965 
v -9.292498588562012 22.278396606445312 13.618051528930664 
v -3.3253018856048584 22.278396606445312 14.3768949508667 
v -3.203216314315796 22.58633804321289 14.025586128234863 
v -9.05876350402832 22.41567039489746 13.306615829467773 
v -3.4069197177886963 22.430511474609375 14.000574111938477 
v -9.163009643554688 29.06794548034668 6.562130451202393 
v -9.19088077545166 25.472824096679688 6.207359313964844 
v -8.992757797241211 28.85275650024414 6.0634870529174805 
v -8.966466903686523 25.472824096679688 6.033075332641602 
v -8.551114082336426 28.470613479614258 6.110239028930664 
v -8.549304962158203 25.472824096679688 6.0955095291137695 
v -8.550209999084473 22.467613220214844 6.102874755859375 
v -9.032055854797363 22.245004653930664 6.077350616455078 
v -8.96300983428955 29.25345230102539 6.586687088012695 
v -8.622387886047363 29.101335525512695 6.1089630126953125 
v -1.9295138120651245 29.268291473388672 7.510095119476318 
v -2.079848289489746 29.086496353149414 6.897334575653076 
v -1.7332179546356201 29.06794548034668 7.5341973304748535 
v -1.6635046005249023 28.58191680908203 6.997045516967773 
v -1.6094105243682861 25.472824096679688 7.138246059417725 
v -1.7849957942962646 25.472824096679688 6.914848327636719 
v -1.7289015054702759 22.104019165039062 6.947900772094727 
v -2.2066783905029297 22.44906234741211 6.889236927032471 
v -2.042811632156372 21.848020553588867 6.901882171630859 
v -2.4029743671417236 22.248714447021484 6.8651347160339355 
v -1.6503616571426392 21.873991012573242 7.379909515380859 
v -1.8503612279891968 21.673643112182617 7.355352401733398 
v -8.989822387695312 21.703325271606445 6.437622547149658 
v -8.798722267150879 21.91109275817871 6.1060004234313965 
v -8.353913307189941 22.26726531982422 6.12697696685791 
v -2.583953619003296 22.404541015625 7.175572872161865 
v -2.3913614749908447 22.54181671142578 7.199220180511475 
v -2.2035136222839355 25.472824096679688 6.863461017608643 
v -9.175006866455078 21.896251678466797 6.414884567260742 
v -8.443203926086426 22.54181671142578 6.45614767074585 
v -8.276537895202637 22.404541015625 6.476612091064453 
v -8.472833633422852 25.472824096679688 6.452509880065918 
v -8.461723327636719 28.296236038208008 6.453874111175537 
v -8.365427017211914 28.496583938598633 6.465697765350342 
v -8.354817390441895 28.670961380004883 6.134341239929199 
v -2.5246946811676025 28.496583938598633 7.182848930358887 
v -2.4020702838897705 28.678380966186523 6.8577704429626465 
v -2.361731767654419 25.472824096679688 7.202857971191406 
v -2.3913614749908447 28.296236038208008 7.199220180511475 
v -2.2057743072509766 28.48174285888672 6.881872653961182 
vn 0.6617377996444702 0.002184694167226553 -0.7497318387031555 
vn 0.9961549043655396 0.04586252197623253 0.07464217394590378 
vn 0.6729856729507446 -0.002184694167226553 -0.7396518588066101 
vn 0.7929425835609436 0.002184694167226553 0.6092919707298279 
vn 0.7601306438446045 0.07203252613544464 0.6457647681236267 
vn 0.7504964470863342 0.06767380982637405 0.6573999524116516 
vn 0.026213007047772408 0.9995322823524475 0.015750352293252945 
vn 0.6702280044555664 0.405272513628006 -0.6217299103736877 
vn 0.011465724557638168 0.9998472929000854 -0.013189815916121006 
vn 0.5716555714607239 0.3811691105365753 -0.7265806794166565 
vn 0.008599485270678997 0.9999141097068787 -0.009892581962049007 
vn -0.003131656674668193 0.999961793422699 0.008158251643180847 
vn 0.22220973670482635 0.9410139322280884 0.2551775872707367 
vn -0.5446049571037292 0.33219319581985474 0.7700990438461304 
vn 0.3839963376522064 0.2103329300880432 0.8990585803985596 
vn -0.6270868182182312 0.006554040592163801 0.7789214253425598 
vn 0.7294032573699951 -0.002184694167226553 0.6840800046920776 
vn -0.6329632997512817 0.002184694167226553 0.7741783261299133 
vn -0.6270868182182312 -0.006554040592163801 0.7789214253425598 
vn 0.7344644069671631 -0.0152922747656703 0.678474485874176 
vn 0.6157166957855225 -0.4487268626689911 0.6477165222167969 
vn -0.5949616432189941 -0.2948545813560486 0.747717022895813 
vn 0.32992812991142273 -0.8846737742424011 0.3293927311897278 
vn -0.008599485270678997 -0.9999141097068787 0.009892581962049007 
vn -0.6329308152198792 -0.48733407258987427 0.601584255695343 
vn -0.2532205283641815 -0.9453682899475098 0.2053242325782776 
vn -0.021774450317025185 -0.9995322823524475 -0.021472511813044548 
vn 0.011465724557638168 -0.9998472929000854 -0.013189815916121006 
vn -0.25053778290748596 -0.9364978075027466 -0.24536222219467163 
vn -0.6351471543312073 0.4949462115764618 0.5929720401763916 
vn 0.01206579152494669 -0.9999141097068787 0.005121620371937752 
vn 0.7509805560112 -0.3932546079158783 0.530451238155365 
vn 0.7741339802742004 -0.010923261754214764 0.6329270005226135 
vn 0.6673679947853088 -0.006554040592163801 -0.7446988821029663 
vn 0.6540470123291016 -0.3690181374549866 -0.6603389978408813 
vn 0.21751222014427185 -0.961154580116272 -0.16991257667541504 
vn 0.5114098787307739 -0.4409002661705017 -0.7376086115837097 
vn -0.6234743595123291 0.4835140109062195 -0.6144050359725952 
vn -0.7292640209197998 0.01966099627315998 -0.6839494109153748 
vn -0.7676328420639038 0.2781098484992981 -0.5774028897285461 
vn -0.3830110728740692 0.8700028657913208 -0.3104793429374695 
vn -0.012393663637340069 0.9999141097068787 0.0042674848809838295 
vn -0.17073087394237518 0.9712626934051514 -0.16583043336868286 
vn 0.6387916803359985 0.002184694167226553 -0.7693762183189392 
vn -0.8064956665039062 0.010923261754214764 -0.5911386013031006 
vn -0.7345485091209412 0.002184694167226553 -0.6785522103309631 
vn 0.6503389477729797 -0.002184694167226553 -0.7596406936645508 
vn 0.6387795209884644 -0.006554040592163801 -0.7693615555763245 
vn -0.7293197512626648 -0.0152922747656703 -0.6840016841888428 
vn 0.5114098787307739 -0.4409002661705017 -0.7376086115837097 
vn -0.6820272207260132 -0.34862664341926575 -0.6428824663162231 
vn 0.011465724557638168 -0.9998472929000854 -0.013189815916121006 
vn -0.25053778290748596 -0.9364978075027466 -0.24536222219467163 
vn -0.021774450317025185 -0.9995322823524475 -0.021472511813044548 
vn -0.7560608386993408 -0.37712597846984863 -0.5349275469779968 
vn -0.2532205283641815 -0.9453682899475098 0.2053242325782776 
vn -0.6329308152198792 -0.48733407258987427 0.601584255695343 
vn -0.8020390868186951 -0.006554040592163801 -0.5972350835800171 
vn -0.726858377456665 -0.006554040592163801 0.6867557168006897 
vn -0.726858377456665 0.006554040592163801 0.6867557168006897 
vn -0.7371617555618286 0.002184694167226553 0.6757123470306396 
vn -0.7929425835609436 0.002184694167226553 -0.6092919707298279 
vn 0.6702280044555664 0.405272513628006 -0.6217299103736877 
vn 0.5716555714607239 0.3811691105365753 -0.7265806794166565 
vn 0.6617377996444702 0.002184694167226553 -0.7497318387031555 
vn 0.6387916803359985 0.002184694167226553 -0.7693762183189392 
vn 0.6503389477729797 -0.002184694167226553 -0.7596406936645508 
vn 0.6729856729507446 -0.002184694167226553 -0.7396518588066101 
vn 0.6673679947853088 -0.006554040592163801 -0.7446988821029663 
vn 0.6387795209884644 -0.006554040592163801 -0.7693615555763245 
vn 0.6540470123291016 -0.3690181374549866 -0.6603389978408813 
vn 0.5114098787307739 -0.4409002661705017 -0.7376086115837097 
vn -0.6329308152198792 -0.48733407258987427 0.601584255695343 
vn -0.726858377456665 -0.006554040592163801 0.6867557168006897 
vn -0.5949616432189941 -0.2948545813560486 0.747717022895813 
vn -0.6270868182182312 -0.006554040592163801 0.7789214253425598 
vn -0.7371617555618286 0.002184694167226553 0.6757123470306396 
vn -0.6329632997512817 0.002184694167226553 0.7741783261299133 
vn -0.6270868182182312 0.006554040592163801 0.7789214253425598 
vn -0.726858377456665 0.006554040592163801 0.6867557168006897 
vn -0.5446049571037292 0.33219319581985474 0.7700990438461304 
vn -0.6351471543312073 0.4949462115764618 0.5929720401763916 
vn 0.30678102374076843 0.002184694167226553 0.9517772793769836 
vn 0.2851409614086151 0.002184694167226553 0.9584828019142151 
vn 0.24015459418296814 0.6042742133140564 0.7597223520278931 
vn 0.16937649250030518 0.7874425053596497 0.5926598310470581 
vn -0.02802201174199581 -0.002184694167226553 0.9996045827865601 
vn 0.17296743392944336 -0.7874425053596497 0.5916218161582947 
vn 0.24555915594100952 -0.6042742133140564 0.7579927444458008 
vn 0.5822034478187561 0.002184694167226553 0.8130397796630859 
vn 0.42901280522346497 0.762600839138031 0.48413604497909546 
vn 0.0025061722844839096 0.9999904632568359 0.0035791832488030195 
vn 0.0038323511835187674 0.9999141097068787 0.01253504678606987 
vn -0.08867818862199783 0.762600839138031 0.6407619714736938 
vn 0.011449437588453293 0.9896226525306702 -0.14323388040065765 
vn -0.19612421095371246 0.7124928832054138 -0.6737127900123596 
vn -0.21502985060214996 0.715552031993866 -0.6646406054496765 
vn -0.09247376024723053 0.9896226525306702 -0.10998017340898514 
vn -0.45593973994255066 0.6452018022537231 -0.6130524277687073 
vn -0.6241326928138733 0.7063339352607727 -0.33399152755737305 
vn -0.6870126724243164 -0.002184694167226553 -0.7266417741775513 
vn -0.30678102374076843 0.002184694167226553 -0.9517772793769836 
vn 0.1073131337761879 0.9925254583358765 0.05811329931020737 
vn 0.611688494682312 0.7216291427612305 0.3241731524467468 
vn 0.8829452991485596 0.002184694167226553 0.4694701135158539 
vn 0.4336192309856415 -0.762600839138031 0.4800146520137787 
vn -0.0009828947950154543 -0.9999904632568359 0.004257389809936285 
vn -0.000228759745368734 -0.9999141097068787 0.013105799444019794 
vn -0.09106557816267014 -0.762600839138031 0.6404269933700562 
vn 0.0161301139742136 -0.9896226525306702 -0.1427825391292572 
vn -0.05812950059771538 -0.9925254583358765 0.10730435699224472 
vn 0.611246645450592 -0.7216291427612305 0.325005441904068 
vn 0.10638735443353653 -0.9925254583358765 0.05979124829173088 
vn -0.09029646217823029 -0.9896226525306702 -0.11177471280097961 
vn -0.4694701135158539 0.002184694167226553 0.8829452991485596 
vn -0.325005441904068 -0.7216291427612305 0.611246645450592 
vn -0.48253852128982544 -0.762600839138031 0.4308088719844818 
vn 0.11295684427022934 -0.9896226525306702 -0.08881322294473648 
vn -0.01253504678606987 -0.9999141097068787 0.0038323511835187674 
vn -0.6764913201332092 -0.7032341957092285 0.21867962181568146 
vn -0.008637791499495506 -0.999961793422699 -0.0013239702675491571 
vn -0.32250672578811646 0.7216291427612305 0.612568736076355 
vn -0.05974305048584938 0.9925254583358765 0.10641442984342575 
vn -0.48036685585975647 0.762600839138031 0.43322908878326416 
vn 0.1087704673409462 0.9896226525306702 -0.09389366954565048 
vn 0.3306635022163391 0.7063339352607727 -0.6259022355079651 
vn 0.03141191229224205 0.6452018022537231 -0.7633659243583679 
vn -0.27063220739364624 0.002184694167226553 -0.9626799821853638 
vn -0.8130397796630859 -0.002184694167226553 0.5822034478187561 
vn 0.16322597861289978 0.002184694167226553 -0.9865859746932983 
vn -0.8829452991485596 -0.002184694167226553 -0.4694701135158539 
vn -0.6254623532295227 -0.7063339352607727 -0.3314949870109558 
vn -0.45356518030166626 -0.6452018022537231 -0.6148113012313843 
vn -0.21684451401233673 -0.715552031993866 -0.664050817489624 
vn -0.19972077012062073 -0.7124928832054138 -0.6726553440093994 
vn 0.03600021079182625 -0.6452018022537231 -0.7631633281707764 
vn 0.10638735443353653 -0.9925254583358765 0.05979124829173088 
vn -0.09029646217823029 -0.9896226525306702 -0.11177471280097961 
vn -0.0009828947950154543 -0.9999904632568359 0.004257389809936285 
vn -0.000228759745368734 -0.9999141097068787 0.013105799444019794 
vn 0.0161301139742136 -0.9896226525306702 -0.1427825391292572 
vn 0.3298257887363434 -0.7063339352607727 -0.6263441443443298 
vn 0.4694701135158539 -0.002184694167226553 -0.8829452991485596 
vn 0.7266417741775513 0.002184694167226553 -0.6870126724243164 
vn 0.6119261980056763 0.6452018022537231 -0.45745009183883667 
vn 0.9470353126525879 0.002184694167226553 -0.321120947599411 
vn 0.611428439617157 -0.6452018022537231 -0.45811519026756287 
vn 0.11295684427022934 -0.9896226525306702 -0.08881322294473648 
vn -0.05812950059771538 -0.9925254583358765 0.10730435699224472 
vn 0.668769121170044 -0.7124928832054138 -0.21237099170684814 
vn 0.9606087803840637 -0.002184694167226553 -0.2778944969177246 
vn 0.6693021655082703 -0.7185974717140198 -0.18881744146347046 
vn 0.7630719542503357 -0.6452018022537231 0.03788793087005615 
vn 0.14330919086933136 -0.9896226525306702 0.01046476885676384 
vn 0.6236853003501892 -0.7063339352607727 0.33482635021209717 
vn -0.10819539427757263 -0.9925254583358765 -0.05645369365811348 
vn -0.01253504678606987 -0.9999141097068787 0.0038323511835187674 
vn -0.008637791499495506 -0.999961793422699 -0.0013239702675491571 
vn 0.9865859746932983 0.002184694167226553 0.16322597861289978 
vn 0.7631126642227173 0.6452018022537231 0.03705819323658943 
vn 0.6692880392074585 0.7185974717140198 -0.18886761367321014 
vn 0.14267948269844055 0.9896226525306702 0.01701764389872551 
vn 0.6241326928138733 0.7063339352607727 0.33399152755737305 
vn -0.1090354472398758 0.9925254583358765 -0.05481362342834473 
vn 0.8829452991485596 -0.002184694167226553 0.4694701135158539 
vn 0.6687768697738647 0.7124928832054138 -0.21234634518623352 
vn -0.01253504678606987 0.9999141097068787 0.0038323511835187674 
vn -0.00872669368982315 0.999961793422699 -0.00045734489685855806 
vn -0.6405008435249329 0.762600839138031 -0.09054519236087799 
vn -0.6099144220352173 0.7216291427612305 -0.32749879360198975 
vn -0.8829452991485596 0.002184694167226553 -0.4694701135158539 
vn -0.9996045827865601 -0.002184694167226553 -0.02802201174199581 
vn -0.6899972558021545 0.6969945430755615 0.19519749283790588 
vn -0.6776480674743652 0.7032341957092285 0.21506834030151367 
vn -0.9517772793769836 -0.002184694167226553 0.30678102374076843 
vn -0.9584828019142151 0.002184694167226553 0.2851409614086151 
vn -0.6900110244750977 -0.6969945430755615 0.19514884054660797 
vn -0.6409478783607483 -0.762600839138031 -0.0873243436217308 
vn -0.611246645450592 -0.7216291427612305 -0.325005441904068 
vn -0.10819539427757263 -0.9925254583358765 -0.05645369365811348 
vn 0.14330919086933136 -0.9896226525306702 0.01046476885676384 
vn -0.8829452991485596 0.002184694167226553 -0.4694701135158539 
vn -0.4318273067474365 0.762600839138031 -0.48162737488746643 
vn -0.6099144220352173 0.7216291427612305 -0.32749879360198975 
vn -0.1090354472398758 0.9925254583358765 -0.05481362342834473 
vn 0.08958743512630463 0.9896226525306702 0.11234378814697266 
vn 0.6241326928138733 0.7063339352607727 0.33399152755737305 
vn 0.45291072130203247 0.6452018022537231 0.6152935028076172 
vn 0.6870126724243164 -0.002184694167226553 0.7266417741775513 
vn 0.8829452991485596 -0.002184694167226553 0.4694701135158539 
vn 0.6236853003501892 -0.7063339352607727 0.33482635021209717 
vn 0.4566012918949127 -0.6452018022537231 0.6125597953796387 
vn 0.09321550279855728 -0.9896226525306702 0.10935220867395401 
vn 0.21325068175792694 -0.715552031993866 0.6652135848999023 
vn -0.003195560071617365 -0.9999904632568359 -0.002979906974360347 
vn 0.19609315693378448 -0.7124928832054138 0.6737217307090759 
vn 0.000228759745368734 -0.9999141097068787 -0.013105799444019794 
vn -0.012355477549135685 -0.9896226525306702 0.14315858483314514 
vn -0.032224141061306 -0.6452018022537231 0.7633320689201355 
vn -0.333161860704422 -0.7063339352607727 0.6245760321617126 
vn 0.05476422980427742 -0.9925254583358765 -0.10906026512384415 
vn -0.11057309061288834 -0.9896226525306702 0.09176398068666458 
vn -0.6136874556541443 -0.6452018022537231 0.4550846219062805 
vn -0.6699038147926331 -0.7124928832054138 0.20876416563987732 
vn 0.01253504678606987 -0.9999141097068787 -0.0038323511835187674 
vn 0.008356831036508083 -0.999961793422699 -0.0025549414567649364 
vn -0.6693021655082703 -0.7185974717140198 0.18881744146347046 
vn -0.14298301935195923 -0.9896226525306702 -0.014244036749005318 
vn -0.7632500529289246 -0.6452018022537231 -0.034112270921468735 
vn -0.6254623532295227 -0.7063339352607727 -0.3314949870109558 
vn -0.9865859746932983 0.002184694167226553 -0.16322597861289978 
vn -0.8829452991485596 -0.002184694167226553 -0.4694701135158539 
vn -0.6241326928138733 0.7063339352607727 -0.33399152755737305 
vn -0.7632861733436584 0.6452018022537231 -0.033294208347797394 
vn -0.1430731862783432 0.9896226525306702 -0.013307856395840645 
vn 0.1073131337761879 0.9925254583358765 0.05811329931020737 
vn 0.6410176753997803 0.762600839138031 0.08681047707796097 
vn 0.611688494682312 0.7216291427612305 0.3241731524467468 
vn 0.8829452991485596 0.002184694167226553 0.4694701135158539 
vn 0.9996045827865601 -0.002184694167226553 0.02802201174199581 
vn 0.6409478783607483 -0.762600839138031 0.0873243436217308 
vn 0.611246645450592 -0.7216291427612305 0.325005441904068 
vn 0.10638735443353653 -0.9925254583358765 0.05979124829173088 
vn -0.14298301935195923 -0.9896226525306702 -0.014244036749005318 
vn 0.008356831036508083 -0.999961793422699 -0.0025549414567649364 
vn 0.7662390470504761 -0.6042742133140564 -0.2184719294309616 
vn 0.5881414413452148 -0.7847417593002319 -0.1956266164779663 
vn 0.01253504678606987 -0.9999141097068787 -0.0038323511835187674 
vn 0.48253852128982544 -0.762600839138031 -0.4308088719844818 
vn -0.11057309061288834 -0.9896226525306702 0.09176398068666458 
vn 0.05476422980427742 -0.9925254583358765 -0.10906026512384415 
vn 0.325005441904068 -0.7216291427612305 -0.611246645450592 
vn 0.09106557816267014 -0.762600839138031 -0.6404269933700562 
vn -0.012355477549135685 -0.9896226525306702 0.14315858483314514 
vn 0.000228759745368734 -0.9999141097068787 -0.013105799444019794 
vn -0.17296743392944336 -0.7874425053596497 -0.5916218161582947 
vn -0.003195560071617365 -0.9999904632568359 -0.002979906974360347 
vn -0.2419646978378296 -0.6042742133140564 -0.7591477632522583 
vn -0.4336192309856415 -0.762600839138031 -0.4800146520137787 
vn 0.09321550279855728 -0.9896226525306702 0.10935220867395401 
vn -0.10819539427757263 -0.9925254583358765 -0.05645369365811348 
vn -0.611246645450592 -0.7216291427612305 -0.325005441904068 
vn -0.5822034478187561 -0.002184694167226553 -0.8130397796630859 
vn -0.24015459418296814 0.6042742133140564 -0.7597223520278931 
vn -0.30678102374076843 0.002184694167226553 -0.9517772793769836 
vn -0.2851409614086151 -0.002184694167226553 -0.9584828019142151 
vn 0.02802201174199581 0.002184694167226553 -0.9996045827865601 
vn -0.10819539427757263 -0.9925254583358765 -0.05645369365811348 
vn 0.10638735443353653 -0.9925254583358765 0.05979124829173088 
vn -0.16937649250030518 0.7874425053596497 -0.5926598310470581 
vn 0.00007625517173437402 0.9999904632568359 -0.0043687112629413605 
vn 0.21502985060214996 0.715552031993866 0.6646406054496765 
vn 0.30678102374076843 -0.002184694167226553 0.9517772793769836 
vn 0.27063220739364624 0.002184694167226553 0.9626799821853638 
vn -0.16322597861289978 -0.002184694167226553 0.9865859746932983 
vn 0.19973936676979065 0.7124928832054138 0.6726498007774353 
vn -0.035176295787096024 0.6452018022537231 0.7632017731666565 
vn -0.015164026990532875 0.9896226525306702 0.1428883671760559 
vn -0.0038323511835187674 0.9999141097068787 -0.01253504678606987 
vn 0.08494201302528381 0.762600839138031 -0.6412679553031921 
vn 0.4694701135158539 0.002184694167226553 -0.8829452991485596 
vn 0.8130397796630859 -0.002184694167226553 -0.5822034478187561 
vn 0.9540669322013855 -0.002184694167226553 -0.29958462715148926 
vn 0.9606087803840637 -0.002184694167226553 -0.2778944969177246 
vn 0.7662327885627747 0.6042742133140564 -0.21849380433559418 
vn 0.5881598591804504 0.7847417593002319 -0.19557109475135803 
vn 0.4828837513923645 0.762600839138031 -0.4304218888282776 
vn 0.3258371651172638 0.7216291427612305 -0.6108037233352661 
vn 0.056470029056072235 0.9925254583358765 -0.10818687081336975 
vn -0.3306635022163391 0.7063339352607727 0.6259022355079651 
vn -0.4694701135158539 0.002184694167226553 0.8829452991485596 
vn -0.7266417741775513 0.002184694167226553 0.6870126724243164 
vn -0.9470353126525879 -0.002184694167226553 0.321120947599411 
vn -0.11117134988307953 0.9896226525306702 0.09103827178478241 
vn 0.01253504678606987 0.9999141097068787 -0.0038323511835187674 
vn -0.6676269769668579 0.7124928832054138 0.21593476831912994 
vn -0.6141748428344727 0.6452018022537231 0.4544266164302826 
vn -0.9606087803840637 0.002184694167226553 0.2778944969177246 
vn -0.6692880392074585 0.7185974717140198 0.18886761367321014 
vn 0.008356831036508083 0.999961793422699 -0.0025549414567649364 
vn 0.30678102374076843 -0.002184694167226553 0.9517772793769836 
vn 0.24015459418296814 0.6042742133140564 0.7597223520278931 
vn 0.2851409614086151 -0.002184694167226553 0.9584828019142151 
vn 0.16937649250030518 0.7874425053596497 0.5926598310470581 
vn -0.02802201174199581 -0.002184694167226553 0.9996045827865601 
vn 0.17296743392944336 -0.7874425053596497 0.5916218161582947 
vn 0.24555915594100952 -0.6042742133140564 0.7579927444458008 
vn 0.5822034478187561 -0.002184694167226553 0.8130397796630859 
vn 0.42901280522346497 0.762600839138031 0.48413604497909546 
vn 0.0025061722844839096 0.9999904632568359 0.0035791832488030195 
vn 0.0038323511835187674 0.9999141097068787 0.01253504678606987 
vn -0.08867818862199783 0.762600839138031 0.6407619714736938 
vn 0.011449437588453293 0.9896226525306702 -0.14323388040065765 
vn -0.19612421095371246 0.7124928832054138 -0.6737127900123596 
vn -0.21502985060214996 0.715552031993866 -0.6646406054496765 
vn -0.09247376024723053 0.9896226525306702 -0.10998017340898514 
vn -0.45593973994255066 0.6452018022537231 -0.6130524277687073 
vn -0.6241326928138733 0.7063339352607727 -0.33399152755737305 
vn -0.6870126724243164 -0.002184694167226553 -0.7266417741775513 
vn -0.30678102374076843 0.002184694167226553 -0.9517772793769836 
vn 0.1073131337761879 0.9925254583358765 0.05811329931020737 
vn 0.611688494682312 0.7216291427612305 0.3241731524467468 
vn 0.8829452991485596 0.002184694167226553 0.4694701135158539 
vn 0.4336192309856415 -0.762600839138031 0.4800146520137787 
vn -0.0009828947950154543 -0.9999904632568359 0.004257389809936285 
vn -0.000228759745368734 -0.9999141097068787 0.013105799444019794 
vn -0.09106557816267014 -0.762600839138031 0.6404269933700562 
vn 0.0161301139742136 -0.9896226525306702 -0.1427825391292572 
vn -0.05812950059771538 -0.9925254583358765 0.10730435699224472 
vn 0.611246645450592 -0.7216291427612305 0.325005441904068 
vn 0.10638735443353653 -0.9925254583358765 0.05979124829173088 
vn -0.09029646217823029 -0.9896226525306702 -0.11177471280097961 
vn -0.4694701135158539 -0.002184694167226553 0.8829452991485596 
vn -0.325005441904068 -0.7216291427612305 0.611246645450592 
vn -0.48253852128982544 -0.762600839138031 0.4308088719844818 
vn 0.11295684427022934 -0.9896226525306702 -0.08881322294473648 
vn -0.01253504678606987 -0.9999141097068787 0.0038323511835187674 
vn -0.6764913201332092 -0.7032341957092285 0.21867962181568146 
vn -0.008637791499495506 -0.999961793422699 -0.0013239702675491571 
vn -0.32250672578811646 0.7216291427612305 0.612568736076355 
vn -0.05974305048584938 0.9925254583358765 0.10641442984342575 
vn -0.48036685585975647 0.762600839138031 0.43322908878326416 
vn 0.1087704673409462 0.9896226525306702 -0.09389366954565048 
vn 0.3306635022163391 0.7063339352607727 -0.6259022355079651 
vn 0.03141191229224205 0.6452018022537231 -0.7633659243583679 
vn -0.27063220739364624 0.002184694167226553 -0.9626799821853638 
vn -0.8130397796630859 0.002184694167226553 0.5822034478187561 
vn 0.16322597861289978 -0.002184694167226553 -0.9865859746932983 
vn -0.8829452991485596 0.002184694167226553 -0.4694701135158539 
vn -0.6254623532295227 -0.7063339352607727 -0.3314949870109558 
vn -0.45356518030166626 -0.6452018022537231 -0.6148113012313843 
vn -0.21684451401233673 -0.715552031993866 -0.664050817489624 
vn -0.19972077012062073 -0.7124928832054138 -0.6726553440093994 
vn 0.03600021079182625 -0.6452018022537231 -0.7631633281707764 
vn 0.10638735443353653 -0.9925254583358765 0.05979124829173088 
vn -0.09029646217823029 -0.9896226525306702 -0.11177471280097961 
vn -0.0009828947950154543 -0.9999904632568359 0.004257389809936285 
vn -0.000228759745368734 -0.9999141097068787 0.013105799444019794 
vn 0.0161301139742136 -0.9896226525306702 -0.1427825391292572 
vn 0.3298257887363434 -0.7063339352607727 -0.6263441443443298 
vn 0.4694701135158539 0.002184694167226553 -0.8829452991485596 
vn 0.7266417741775513 -0.002184694167226553 -0.6870126724243164 
vn 0.6119261980056763 0.6452018022537231 -0.45745009183883667 
vn 0.9470353126525879 0.002184694167226553 -0.321120947599411 
vn 0.611428439617157 -0.6452018022537231 -0.45811519026756287 
vn 0.11295684427022934 -0.9896226525306702 -0.08881322294473648 
vn -0.05812950059771538 -0.9925254583358765 0.10730435699224472 
vn 0.668769121170044 -0.7124928832054138 -0.21237099170684814 
vn 0.9606087803840637 0.002184694167226553 -0.2778944969177246 
vn 0.6693021655082703 -0.7185974717140198 -0.18881744146347046 
vn 0.7630719542503357 -0.6452018022537231 0.03788793087005615 
vn 0.14330919086933136 -0.9896226525306702 0.01046476885676384 
vn 0.6236853003501892 -0.7063339352607727 0.33482635021209717 
vn -0.10819539427757263 -0.9925254583358765 -0.05645369365811348 
vn -0.01253504678606987 -0.9999141097068787 0.0038323511835187674 
vn -0.008637791499495506 -0.999961793422699 -0.0013239702675491571 
vn 0.9865859746932983 0.002184694167226553 0.16322597861289978 
vn 0.7631126642227173 0.6452018022537231 0.03705819323658943 
vn 0.6692880392074585 0.7185974717140198 -0.18886761367321014 
vn 0.14267948269844055 0.9896226525306702 0.01701764389872551 
vn 0.6241326928138733 0.7063339352607727 0.33399152755737305 
vn -0.1090354472398758 0.9925254583358765 -0.05481362342834473 
vn 0.8829452991485596 0.002184694167226553 0.4694701135158539 
vn 0.6687768697738647 0.7124928832054138 -0.21234634518623352 
vn -0.01253504678606987 0.9999141097068787 0.0038323511835187674 
vn -0.00872669368982315 0.999961793422699 -0.00045734489685855806 
vn -0.6405008435249329 0.762600839138031 -0.09054519236087799 
vn -0.6099144220352173 0.7216291427612305 -0.32749879360198975 
vn -0.8829452991485596 -0.002184694167226553 -0.4694701135158539 
vn -0.9996045827865601 0.002184694167226553 -0.02802201174199581 
vn -0.6899972558021545 0.6969945430755615 0.19519749283790588 
vn -0.6776480674743652 0.7032341957092285 0.21506834030151367 
vn -0.9517772793769836 0.002184694167226553 0.30678102374076843 
vn -0.9584828019142151 0.002184694167226553 0.2851409614086151 
vn -0.6900110244750977 -0.6969945430755615 0.19514884054660797 
vn -0.6409478783607483 -0.762600839138031 -0.0873243436217308 
vn -0.611246645450592 -0.7216291427612305 -0.325005441904068 
vn -0.10819539427757263 -0.9925254583358765 -0.05645369365811348 
vn 0.14330919086933136 -0.9896226525306702 0.01046476885676384 
vn -0.8829452991485596 -0.002184694167226553 -0.4694701135158539 
vn -0.4318273067474365 0.762600839138031 -0.48162737488746643 
vn -0.6099144220352173 0.7216291427612305 -0.32749879360198975 
vn -0.1090354472398758 0.9925254583358765 -0.05481362342834473 
vn 0.08958743512630463 0.9896226525306702 0.11234378814697266 
vn 0.6241326928138733 0.7063339352607727 0.33399152755737305 
vn 0.45291072130203247 0.6452018022537231 0.6152935028076172 
vn 0.6870126724243164 -0.002184694167226553 0.7266417741775513 
vn 0.8829452991485596 0.002184694167226553 0.4694701135158539 
vn 0.6236853003501892 -0.7063339352607727 0.33482635021209717 
vn 0.4566012918949127 -0.6452018022537231 0.6125597953796387 
vn 0.09321550279855728 -0.9896226525306702 0.10935220867395401 
vn 0.21325068175792694 -0.715552031993866 0.6652135848999023 
vn -0.003195560071617365 -0.9999904632568359 -0.002979906974360347 
vn 0.19609315693378448 -0.7124928832054138 0.6737217307090759 
vn 0.000228759745368734 -0.9999141097068787 -0.013105799444019794 
vn -0.012355477549135685 -0.9896226525306702 0.14315858483314514 
vn -0.032224141061306 -0.6452018022537231 0.7633320689201355 
vn -0.333161860704422 -0.7063339352607727 0.6245760321617126 
vn 0.05476422980427742 -0.9925254583358765 -0.10906026512384415 
vn -0.11057309061288834 -0.9896226525306702 0.09176398068666458 
vn -0.6136874556541443 -0.6452018022537231 0.4550846219062805 
vn -0.6699038147926331 -0.7124928832054138 0.20876416563987732 
vn 0.01253504678606987 -0.9999141097068787 -0.0038323511835187674 
vn 0.008356831036508083 -0.999961793422699 -0.0025549414567649364 
vn -0.6693021655082703 -0.7185974717140198 0.18881744146347046 
vn -0.14298301935195923 -0.9896226525306702 -0.014244036749005318 
vn -0.7632500529289246 -0.6452018022537231 -0.034112270921468735 
vn -0.6254623532295227 -0.7063339352607727 -0.3314949870109558 
vn -0.9865859746932983 -0.002184694167226553 -0.16322597861289978 
vn -0.8829452991485596 0.002184694167226553 -0.4694701135158539 
vn -0.6241326928138733 0.7063339352607727 -0.33399152755737305 
vn -0.7632861733436584 0.6452018022537231 -0.033294208347797394 
vn -0.1430731862783432 0.9896226525306702 -0.013307856395840645 
vn 0.1073131337761879 0.9925254583358765 0.05811329931020737 
vn 0.6410176753997803 0.762600839138031 0.08681047707796097 
vn 0.611688494682312 0.7216291427612305 0.3241731524467468 
vn 0.8829452991485596 0.002184694167226553 0.4694701135158539 
vn 0.9996045827865601 0.002184694167226553 0.02802201174199581 
vn 0.6409478783607483 -0.762600839138031 0.0873243436217308 
vn 0.611246645450592 -0.7216291427612305 0.325005441904068 
vn 0.10638735443353653 -0.9925254583358765 0.05979124829173088 
vn -0.14298301935195923 -0.9896226525306702 -0.014244036749005318 
vn 0.008356831036508083 -0.999961793422699 -0.0025549414567649364 
vn 0.7662390470504761 -0.6042742133140564 -0.2184719294309616 
vn 0.5881414413452148 -0.7847417593002319 -0.1956266164779663 
vn 0.01253504678606987 -0.9999141097068787 -0.0038323511835187674 
vn 0.48253852128982544 -0.762600839138031 -0.4308088719844818 
vn -0.11057309061288834 -0.9896226525306702 0.09176398068666458 
vn 0.05476422980427742 -0.9925254583358765 -0.10906026512384415 
vn 0.325005441904068 -0.7216291427612305 -0.611246645450592 
vn 0.09106557816267014 -0.762600839138031 -0.6404269933700562 
vn -0.012355477549135685 -0.9896226525306702 0.14315858483314514 
vn 0.000228759745368734 -0.9999141097068787 -0.013105799444019794 
vn -0.17296743392944336 -0.7874425053596497 -0.5916218161582947 
vn -0.003195560071617365 -0.9999904632568359 -0.002979906974360347 
vn -0.2419646978378296 -0.6042742133140564 -0.7591477632522583 
vn -0.4336192309856415 -0.762600839138031 -0.4800146520137787 
vn 0.09321550279855728 -0.9896226525306702 0.10935220867395401 
vn -0.10819539427757263 -0.9925254583358765 -0.05645369365811348 
vn -0.611246645450592 -0.7216291427612305 -0.325005441904068 
vn -0.5822034478187561 -0.002184694167226553 -0.8130397796630859 
vn -0.24015459418296814 0.6042742133140564 -0.7597223520278931 
vn -0.30678102374076843 0.002184694167226553 -0.9517772793769836 
vn -0.2851409614086151 -0.002184694167226553 -0.9584828019142151 
vn 0.02802201174199581 -0.002184694167226553 -0.9996045827865601 
vn -0.10819539427757263 -0.9925254583358765 -0.05645369365811348 
vn 0.10638735443353653 -0.9925254583358765 0.05979124829173088 
vn -0.16937649250030518 0.7874425053596497 -0.5926598310470581 
vn 0.00007625517173437402 0.9999904632568359 -0.0043687112629413605 
vn 0.21502985060214996 0.715552031993866 0.6646406054496765 
vn 0.30678102374076843 -0.002184694167226553 0.9517772793769836 
vn 0.27063220739364624 0.002184694167226553 0.9626799821853638 
vn -0.16322597861289978 0.002184694167226553 0.9865859746932983 
vn 0.19973936676979065 0.7124928832054138 0.6726498007774353 
vn -0.035176295787096024 0.6452018022537231 0.7632017731666565 
vn -0.015164026990532875 0.9896226525306702 0.1428883671760559 
vn -0.0038323511835187674 0.9999141097068787 -0.01253504678606987 
vn 0.08494201302528381 0.762600839138031 -0.6412679553031921 
vn 0.4694701135158539 0.002184694167226553 -0.8829452991485596 
vn 0.8130397796630859 0.002184694167226553 -0.5822034478187561 
vn 0.9540669322013855 -0.002184694167226553 -0.29958462715148926 
vn 0.9606087803840637 0.002184694167226553 -0.2778944969177246 
vn 0.7662327885627747 0.6042742133140564 -0.21849380433559418 
vn 0.5881598591804504 0.7847417593002319 -0.19557109475135803 
vn 0.4828837513923645 0.762600839138031 -0.4304218888282776 
vn 0.3258371651172638 0.7216291427612305 -0.6108037233352661 
vn 0.056470029056072235 0.9925254583358765 -0.10818687081336975 
vn -0.3306635022163391 0.7063339352607727 0.6259022355079651 
vn -0.4694701135158539 0.002184694167226553 0.8829452991485596 
vn -0.7266417741775513 -0.002184694167226553 0.6870126724243164 
vn -0.9470353126525879 -0.002184694167226553 0.321120947599411 
vn -0.11117134988307953 0.9896226525306702 0.09103827178478241 
vn 0.01253504678606987 0.9999141097068787 -0.0038323511835187674 
vn -0.6676269769668579 0.7124928832054138 0.21593476831912994 
vn -0.6141748428344727 0.6452018022537231 0.4544266164302826 
vn -0.9606087803840637 0.002184694167226553 0.2778944969177246 
vn -0.6692880392074585 0.7185974717140198 0.18886761367321014 
vn 0.008356831036508083 0.999961793422699 -0.0025549414567649364 
vn 0.2778944969177246 0.002184694167226553 0.9606087803840637 
vn -0.02802201174199581 0.002184694167226553 0.9996045827865601 
vn 0.2778944969177246 0.002184694167226553 0.9606087803840637 
vn -0.16322597861289978 0.002184694167226553 0.9865859746932983 
vn -0.4084210693836212 0.002184694167226553 0.9127906560897827 
vn -0.5283512473106384 0.002184694167226553 0.8490226864814758 
vn -0.7266417741775513 0.002184694167226553 0.6870126724243164 
vn -0.8130397796630859 0.002184694167226553 0.5822034478187561 
vn -0.9517772793769836 0.002184694167226553 0.30678102374076843 
vn -0.9517772793769836 0.002184694167226553 0.30678102374076843 
vn -0.9584828019142151 0.002184694167226553 0.2851409614086151 
vn -0.9646963477134705 0.002184694167226553 0.26335451006889343 
vn -0.9996045827865601 0.002184694167226553 -0.02802201174199581 
vn -0.9865859746932983 0.002184694167226553 -0.16322597861289978 
vn -0.9127906560897827 0.002184694167226553 -0.4084210693836212 
vn -0.8490226864814758 0.002184694167226553 -0.5283512473106384 
vn -0.6870126724243164 0.002184694167226553 -0.7266417741775513 
vn -0.5822034478187561 0.002184694167226553 -0.8130397796630859 
vn -0.30678102374076843 0.002184694167226553 -0.9517772793769836 
vn -0.30678102374076843 0.002184694167226553 -0.9517772793769836 
vn -0.2851409614086151 0.002184694167226553 -0.9584828019142151 
vn -0.27063220739364624 0.002184694167226553 -0.9626799821853638 
vn 0.02802201174199581 0.002184694167226553 -0.9996045827865601 
vn 0.16322597861289978 0.002184694167226553 -0.9865859746932983 
vn 0.4084210693836212 0.002184694167226553 -0.9127906560897827 
vn 0.5283512473106384 0.002184694167226553 -0.8490226864814758 
vn 0.7266417741775513 0.002184694167226553 -0.6870126724243164 
vn 0.8130397796630859 0.002184694167226553 -0.5822034478187561 
vn 0.9517772793769836 0.002184694167226553 -0.30678102374076843 
vn 0.9517772793769836 0.002184694167226553 -0.30678102374076843 
vn 0.9584828019142151 0.002184694167226553 -0.2851409614086151 
vn 0.9646963477134705 0.002184694167226553 -0.26335451006889343 
vn 0.9996045827865601 0.002184694167226553 0.02802201174199581 
vn 0.9865859746932983 0.002184694167226553 0.16322597861289978 
vn 0.9127906560897827 0.002184694167226553 0.4084210693836212 
vn 0.8490226864814758 0.002184694167226553 0.5283512473106384 
vn 0.29958462715148926 0.002184694167226553 0.9540669322013855 
vn 0.31395992636680603 0.002184694167226553 0.9494333267211914 
vn 0.5822034478187561 0.002184694167226553 0.8130397796630859 
vn 0.6870126724243164 0.002184694167226553 0.7266417741775513 
vn 0.8490226864814758 0.002184694167226553 0.5283512473106384 
vn 0.9127906560897827 0.002184694167226553 0.4084210693836212 
vn -1.978301420249573e-13 -1 6.013450777912419e-14 
vn -1.978301420249573e-13 -1 6.013450777912419e-14 
vn -1.978301420249573e-13 -1 6.013450777912419e-14 
vn -1.978301420249573e-13 -1 6.013450777912419e-14 
vn -1.978301420249573e-13 -1 6.013450777912419e-14 
vn -1.978301420249573e-13 -1 6.013450777912419e-14 
vn -1.978301420249573e-13 -1 6.013450777912419e-14 
vn -1.978301420249573e-13 -1 6.013450777912419e-14 
vn -1.978301420249573e-13 -1 6.013450777912419e-14 
vn -1.978301420249573e-13 -1 6.013450777912419e-14 
vn -1.978301420249573e-13 -1 6.013450777912419e-14 
vn -1.978301420249573e-13 -1 6.013450777912419e-14 
vn -1.978301420249573e-13 -1 6.013450777912419e-14 
vn -1.978301420249573e-13 -1 6.013450777912419e-14 
vn -1.978301420249573e-13 -1 6.013450777912419e-14 
vn -1.978301420249573e-13 -1 6.013450777912419e-14 
vn -1.978301420249573e-13 -1 6.013450777912419e-14 
vn -1.978301420249573e-13 -1 6.013450777912419e-14 
vn -1.978301420249573e-13 -1 6.013450777912419e-14 
vn -1.978301420249573e-13 -1 6.013450777912419e-14 
vn -0.002106243511661887 0.9996563792228699 -0.026128597557544708 
vn -0.038674335926771164 0.9992268681526184 -0.0070652468129992485 
vn -0.013091766275465488 0.999389111995697 0.03240324184298515 
vn -0.849545955657959 0.0763898640871048 0.5219547152519226 
vn -0.8303520679473877 0.08945280313491821 0.5500127673149109 
vn -0.8358240723609924 0.002184694167226553 0.5489934086799622 
vn -0.8674299716949463 0.006554040592163801 0.4975165128707886 
vn -0.8512921333312988 -0.04149730131030083 0.5230488777160645 
vn -0.8330346941947937 -0.10684575140476227 0.5428053140640259 
vn -0.03830677270889282 -0.9992268681526184 -0.008843822404742241 
vn -0.008843822404742241 -0.9992268681526184 0.03830677270889282 
vn 0.05996269732713699 0.9981296062469482 -0.011906391009688377 
vn 0.8423240780830383 0.0633138045668602 -0.535240113735199 
vn 0.8546881675720215 0.05459024757146835 -0.5162639617919922 
vn 0.8598333597183228 0.002184694167226553 -0.5105705261230469 
vn 0.8316384553909302 0.006554040592163801 -0.5552791953086853 
vn 0.8427588939666748 -0.05459024757146835 -0.5355163812637329 
vn 0.858353853225708 -0.058952588587999344 -0.5096603035926819 
vn 0.0333019383251667 -0.999389111995697 0.010599307715892792 
vn 0.005072026047855616 -0.999389111995697 -0.03457801043987274 
vn -0.03830677270889282 -0.9992268681526184 -0.008843822404742241 
vn -0.008843822404742241 -0.9992268681526184 0.03830677270889282 
vn 0.5297055244445801 -0.028397228568792343 0.8477063775062561 
vn 0.8090095520019531 -0.04149730131030083 0.5863292217254639 
vn 0.536307156085968 -0.002184694167226553 0.8440203666687012 
vn 0.9792138338088989 -0.002184694167226553 0.20281989872455597 
vn 0.536307156085968 0.002184694167226553 0.8440203666687012 
vn 0.4261297881603241 -0.6181069612503052 0.6605736017227173 
vn -0.13844026625156403 0.10250037163496017 0.9850525259971619 
vn 0.37538349628448486 0.002184694167226553 0.9268672466278076 
vn 0.5297055244445801 -0.028397228568792343 0.8477063775062561 
vn 0.5234985947608948 -0.002184694167226553 0.8520240187644958 
vn 0.4922531545162201 -0.28230419754981995 0.823402464389801 
vn 0.44613441824913025 0.4835140109062195 0.7531126141548157 
vn -0.013091766275465488 0.999389111995697 0.03240324184298515 
vn -0.8303520679473877 0.08945280313491821 0.5500127673149109 
vn -0.8358240723609924 0.002184694167226553 0.5489934086799622 
vn -0.0003356302040629089 -0.03276457265019417 0.9994632601737976 
vn 0.7580753564834595 0.01966099627315998 0.651870846748352 
vn 0.536307156085968 0.002184694167226553 0.8440203666687012 
vn 0.5234985947608948 -0.002184694167226553 0.8520240187644958 
vn -0.24696612358093262 -0.002184694167226553 0.9690219163894653 
vn 0.29716476798057556 -0.010923261754214764 0.9547639489173889 
vn 0.36580023169517517 0.7482877969741821 0.5534037947654724 
vn 0.05996269732713699 0.9981296062469482 -0.011906391009688377 
vn 0.8546881675720215 0.05459024757146835 -0.5162639617919922 
vn 0.9111334085464478 0.03713129088282585 0.41043585538864136 
vn 0.8598333597183228 0.002184694167226553 -0.5105705261230469 
vn 0.6796613335609436 0.002184694167226553 0.7335231304168701 
vn 0.9316899180412292 -0.03276457265019417 0.36177465319633484 
vn 0.24626819789409637 0.01966099627315998 0.9690024852752686 
vn 0.4673737585544586 -0.5688942670822144 0.6766988635063171 
vn 0.858353853225708 -0.058952588587999344 -0.5096603035926819 
vn 0.0333019383251667 -0.999389111995697 0.010599307715892792 
vn 0.43119731545448303 -0.5361219048500061 0.7257013320922852 
vn -0.008843822404742241 -0.9992268681526184 0.03830677270889282 
vn -0.8330346941947937 -0.10684575140476227 0.5428053140640259 
vn 0.4729446470737457 0.5398051738739014 0.6963720917701721 
vn 0.4377448558807373 0.5212872624397278 0.7325567603111267 
vn 0.5234985947608948 0.002184694167226553 0.8520240187644958 
vn 0.5297055244445801 0.028397228568792343 0.8477063775062561 
vn 0.5297055244445801 0.028397228568792343 0.8477063775062561 
vn -0.849545955657959 0.0763898640871048 0.5219547152519226 
vn -0.8674299716949463 0.006554040592163801 0.4975165128707886 
vn -0.9574484825134277 0.0981530249118805 -0.27140167355537415 
vn -0.6851813793182373 -0.002184694167226553 -0.7283694744110107 
vn -0.25357896089553833 -0.01966099627315998 -0.9671151041984558 
vn 0.22495073080062866 0.002184694167226553 -0.9743679165840149 
vn -0.2899571359157562 0.006554040592163801 -0.9570174217224121 
vn -0.9229554533958435 -0.04149730131030083 -0.3826638460159302 
vn -0.038674335926771164 0.9992268681526184 -0.0070652468129992485 
vn -0.38952919840812683 0.6969945430755615 -0.6020513772964478 
vn -0.002106243511661887 0.9996563792228699 -0.026128597557544708 
vn -0.33182182908058167 0.6715083718299866 -0.6625488996505737 
vn 0.8423240780830383 0.0633138045668602 -0.535240113735199 
vn 0.2151608169078827 0.07203252613544464 -0.9739186763763428 
vn 0.8316384553909302 0.006554040592163801 -0.5552791953086853 
vn -0.35429009795188904 0.002184694167226553 -0.9351332187652588 
vn 0.07450871169567108 -0.0633138045668602 -0.9952086210250854 
vn -0.7432128190994263 0.010923261754214764 -0.6689662337303162 
vn -0.4286154508590698 -0.5796254277229309 -0.6930537223815918 
vn -0.47087588906288147 0.5175535082817078 -0.7144330739974976 
vn 0.8427588939666748 -0.05459024757146835 -0.5355163812637329 
vn 0.005072026047855616 -0.999389111995697 -0.03457801043987274 
vn -0.03830677270889282 -0.9992268681526184 -0.008843822404742241 
vn -0.4906563460826874 -0.528724730014801 -0.6926087141036987 
vn -0.44760051369667053 0.4949462115764618 -0.7447699904441833 
vn -0.5297055244445801 0.028397228568792343 -0.8477063775062561 
vn -0.536307156085968 0.002184694167226553 -0.8440203666687012 
vn -0.9743679165840149 -0.002184694167226553 -0.22495073080062866 
vn -0.8512921333312988 -0.04149730131030083 0.5230488777160645 
vn -0.5234985947608948 0.002184694167226553 -0.8520240187644958 
vn -0.5297055244445801 0.028397228568792343 -0.8477063775062561 
vn -0.5234985947608948 0.002184694167226553 -0.8520240187644958 
vn -0.5234985947608948 -0.002184694167226553 -0.8520240187644958 
vn -0.5297055244445801 -0.028397228568792343 -0.8477063775062561 
vn -0.40274327993392944 -0.6317508816719055 -0.6623360514640808 
vn -0.5297055244445801 -0.028397228568792343 -0.8477063775062561 
vn -0.5143409371376038 -0.2948545813560486 -0.8053040504455566 
vn -0.5426657795906067 0.002184694167226553 -0.8399461507797241 
vn -0.536307156085968 -0.002184694167226553 -0.8440203666687012 
vn -0.7173333168029785 -0.01966099627315998 -0.6964530348777771 
vn 0.01850798726081848 1.2495704889297485 -0.027039043605327606 
vn -0.03201162815093994 1.2490335702896118 -0.03728657588362694 
vn -0.0382077731192112 1.2492363452911377 0.021178919821977615 
vn -1.2358720302581787 0.0954873338341713 -0.16125161945819855 
vn -1.2392984628677368 0.11181600391864777 -0.1188962459564209 
vn -1.2438122034072876 0.002730867825448513 -0.12419099360704422 
vn -1.2340209484100342 0.008192550390958786 -0.1990601271390915 
vn -1.238429069519043 -0.05187162756919861 -0.16156232357025146 
vn -1.2362346649169922 -0.13355718553066254 -0.12800808250904083 
vn -0.030255446210503578 -1.2490335702896118 -0.038725197315216064 
vn -0.038725197315216064 -1.2490335702896118 0.030255446210503578 
vn 0.06761586666107178 1.24766206741333 0.03560340031981468 
vn 1.2393075227737427 0.0791422575712204 0.14266467094421387 
vn 1.2363908290863037 0.06823781132698059 0.17082488536834717 
vn 1.2369102239608765 0.0027308675926178694 0.18040315806865692 
vn 1.2446908950805664 0.008192550390958786 0.11479220539331436 
vn 1.2399471998214722 -0.06823781132698059 0.14273831248283386 
vn 1.2347569465637207 -0.0736907348036766 0.1801234930753708 
vn 0.02401263453066349 -1.2492363452911377 0.03649348020553589 
vn 0.032127924263477325 -1.2492363452911377 -0.029600290581583977 
vn -0.030255446210503578 -1.2490335702896118 -0.038725197315216064 
vn -0.038725197315216064 -1.2490335702896118 0.030255446210503578 
vn -0.15227510035037994 -0.035496536642313004 1.2401822805404663 
vn 0.32466214895248413 -0.05187162756919861 1.205986499786377 
vn -0.14296242594718933 -0.002730867825448513 1.2417947053909302 
vn 0.791691780090332 -0.002730867825448513 0.9673243761062622 
vn -0.14296242594718933 0.0027308675926178694 1.2417947053909302 
vn -0.10568396747112274 -0.7726337313652039 0.976917564868927 
vn -0.9093769192695618 0.12812545895576477 0.84800785779953 
vn -0.36446043848991394 0.0027308675926178694 1.1956843137741089 
vn -0.15227510035037994 -0.035496536642313004 1.2401822805404663 
vn -0.1617012321949005 -0.002730867825448513 1.2394938468933105 
vn -0.16953885555267334 -0.35288023948669434 1.1871107816696167 
vn -0.15904662013053894 0.6043925285339355 1.0825496912002563 
vn -0.0382077731192112 1.2492363452911377 0.021178919821977615 
vn -1.2392984628677368 0.11181600391864777 -0.1188962459564209 
vn -1.2438122034072876 0.002730867825448513 -0.12419099360704422 
vn -0.7865538001060486 -0.040955714881420135 0.9706469774246216 
vn 0.22362475097179413 0.02457624487578869 1.2295883893966675 
vn -0.14296242594718933 0.0027308675926178694 1.2417947053909302 
vn -0.1617012321949005 -0.002730867825448513 1.2394938468933105 
vn -1.0021919012069702 -0.002730867825448513 0.7470633387565613 
vn -0.4623895585536957 -0.013654077425599098 1.1612532138824463 
vn -0.0799848809838295 0.9353597164154053 0.8253511190414429 
vn 0.06761586666107178 1.24766206741333 0.03560340031981468 
vn 1.2363908290863037 0.06823781132698059 0.17082488536834717 
vn 0.5622351169586182 0.04641411453485489 1.1154537200927734 
vn 1.2369102239608765 0.0027308675926178694 0.18040315806865692 
vn 0.08321905136108398 0.0027308675926178694 1.2472237348556519 
vn 0.6204836964607239 -0.040955714881420135 1.0843534469604492 
vn -0.5230329036712646 0.02457624487578869 1.1350473165512085 
vn -0.07830312848091125 -0.7111178636550903 1.0250266790390015 
vn 1.2347569465637207 -0.0736907348036766 0.1801234930753708 
vn 0.02401263453066349 -1.2492363452911377 0.03649348020553589 
vn -0.15199394524097443 -0.6701523661613464 1.0441710948944092 
vn -0.038725197315216064 -1.2490335702896118 0.030255446210503578 
vn -1.2362346649169922 -0.13355718553066254 -0.12800808250904083 
vn -0.08836734294891357 0.6747564673423767 1.0485203266143799 
vn -0.15102621912956238 0.6516090631484985 1.0559812784194946 
vn -0.1617012321949005 0.0027308675926178694 1.2394938468933105 
vn -0.15227510035037994 0.035496536642313004 1.2401822805404663 
vn -0.15227510035037994 0.035496536642313004 1.2401822805404663 
vn -1.2358720302581787 0.0954873338341713 -0.16125161945819855 
vn -1.2340209484100342 0.008192550390958786 -0.1990601271390915 
vn -0.7165983319282532 0.12269128113985062 -1.0168251991271973 
vn -0.09263551980257034 -0.0027308675926178694 -1.2465596199035645 
vn 0.5144462585449219 -0.02457624487578869 -1.1389647722244263 
vn 0.9850109219551086 0.002730867825448513 -0.7695750594139099 
vn 0.4711639881134033 0.008192550390958786 -1.157772421836853 
vn -0.5955663323402405 -0.05187162756919861 -1.0977749824523926 
vn -0.03201162815093994 1.2490335702896118 -0.03728657588362694 
vn 0.09520240128040314 0.8712431788444519 -0.8912752866744995 
vn 0.01850798726081848 1.2495704889297485 -0.027039043605327606 
vn 0.19885161519050598 0.839385449886322 -0.9046490788459778 
vn 1.2393075227737427 0.0791422575712204 0.14266467094421387 
vn 0.9751473069190979 0.0900406613945961 -0.7768398523330688 
vn 1.2446908950805664 0.008192550390958786 0.11479220539331436 
vn 0.39145368337631226 0.002730867825448513 -1.187121033668518 
vn 0.8552610278129578 -0.0791422575712204 -0.9081656336784363 
vn -0.19573871791362762 0.013654077425599098 -1.2345038652420044 
vn 0.12881974875926971 -0.7245317697525024 -1.0104252099990845 
vn 0.10458465665578842 0.6469419002532959 -1.0644378662109375 
vn 1.2399471998214722 -0.06823781132698059 0.14273831248283386 
vn 0.032127924263477325 -1.2492363452911377 -0.029600290581583977 
vn -0.030255446210503578 -1.2490335702896118 -0.038725197315216064 
vn 0.06820114701986313 -0.6609058976173401 -1.0587973594665527 
vn 0.15105964243412018 0.6186827421188354 -1.0755985975265503 
vn 0.15227510035037994 0.035496536642313004 -1.2401822805404663 
vn 0.14296242594718933 0.002730867825448513 -1.2417947053909302 
vn -0.7695750594139099 -0.0027308675926178694 -0.9850109219551086 
vn -1.238429069519043 -0.05187162756919861 -0.16156232357025146 
vn 0.1617012321949005 0.002730867825448513 -1.2394938468933105 
vn 0.15227510035037994 0.035496536642313004 -1.2401822805404663 
vn 0.1617012321949005 0.002730867825448513 -1.2394938468933105 
vn 0.1617012321949005 -0.0027308675926178694 -1.2394938468933105 
vn 0.15227510035037994 -0.035496536642313004 -1.2401822805404663 
vn 0.12978875637054443 -0.7896885871887207 -0.960232675075531 
vn 0.15227510035037994 -0.035496536642313004 -1.2401822805404663 
vn 0.1338450163602829 -0.36856821179389954 -1.1869046688079834 
vn 0.1335805207490921 0.002730867825448513 -1.2428388595581055 
vn 0.14296242594718933 -0.0027308675926178694 -1.2417947053909302 
vn -0.14897605776786804 -0.02457624487578869 -1.2408472299575806 
vt 0.32809168100357056 0.3353749215602875 
vt 0.32651111483573914 0.3427739143371582 
vt 0.25587955117225647 0.3352416157722473 
vt 0.2555831968784332 0.34290724992752075 
vt 0.3350066542625427 0.35010626912117004 
vt 0.3349078893661499 0.4952200949192047 
vt 0.3398471474647522 0.35130611062049866 
vt 0.34310707449913025 0.3358415365219116 
vt 0.34735482931137085 0.34237396717071533 
vt 0.4938535988330841 0.3367747366428375 
vt 0.49128517508506775 0.3433071970939636 
vt 0.348441481590271 0.5042855143547058 
vt 0.3406374454498291 0.49388691782951355 
vt 0.3440949320793152 0.5119511485099792 
vt 0.33016619086265564 0.5040189027786255 
vt 0.33174675703048706 0.5106846690177917 
vt 0.2562747001647949 0.5038855671882629 
vt 0.25647225975990295 0.5114845633506775 
vt 0.18119779229164124 0.5106846690177917 
vt 0.18297593295574188 0.5040189027786255 
vt 0.17902451753616333 0.49828633666038513 
vt 0.16934354603290558 0.5116845369338989 
vt 0.1730974018573761 0.4968865215778351 
vt 0.16499699652194977 0.5040189027786255 
vt 0.022943587973713875 0.5114179253578186 
vt 0.02462293952703476 0.504152238368988 
vt 0.014744400046765804 0.4930203855037689 
vt 0.021856948733329773 0.3430405557155609 
vt 0.014941970817744732 0.3523726463317871 
vt 0.49128517508506775 0.5114179253578186 
vt 0.17339375615119934 0.35697200894355774 
vt 0.1788269430398941 0.356172114610672 
vt 0.18850791454315186 0.3427739143371582 
vt 0.18633463978767395 0.33544158935546875 
vt 0.16420671343803406 0.33477500081062317 
vt 0.16292250156402588 0.34204068779945374 
vt 0.0220545195043087 0.336641401052475 
vt 0.5013612508773804 0.352439284324646 
vt 0.5076835751533508 0.3433738350868225 
vt 0.5023491382598877 0.49175387620925903 
vt 0.4959280788898468 0.49042072892189026 
vt 0.48693862557411194 0.5046188235282898 
vt 0.496026873588562 0.35290589928627014 
vt 0.506102979183197 0.3361748158931732 
vt 0.5105482935905457 0.5045521855354309 
vt 0.579302966594696 0.34350717067718506 
vt 0.5792042016983032 0.3359748423099518 
vt 0.6520090103149414 0.3363081216812134 
vt 0.6511199474334717 0.34350717067718506 
vt 0.6629741787910461 0.3356415629386902 
vt 0.6590228080749512 0.3523726463317871 
vt 0.6677159070968628 0.3402409255504608 
vt 0.6655426025390625 0.35223931074142456 
vt 0.6655426025390625 0.4940202534198761 
vt 0.6578373312950134 0.4946201741695404 
vt 0.6695927977561951 0.5087515711784363 
vt 0.6631717681884766 0.5132176876068115 
vt 0.6480575799942017 0.5044188499450684 
vt 0.6499345302581787 0.5116845369338989 
vt 0.5076835751533508 0.5117511749267578 
vt 0.5791053771972656 0.5119511485099792 
vt 0.5791053771972656 0.5044188499450684 
vt 0.6127912402153015 0.8737025260925293 
vt 0.6127912402153015 0.722456157207489 
vt 0.6027150750160217 0.8807682394981384 
vt 0.6042956709861755 0.7161237001419067 
vt 0.5304042100906372 0.7161237001419067 
vt 0.5304042100906372 0.8807682394981384 
vt 0.4607604742050171 0.8805015683174133 
vt 0.4564139246940613 0.7161237001419067 
vt 0.4479183852672577 0.8659701943397522 
vt 0.4479183852672577 0.722456157207489 
vt 0.6585288643836975 0.8708361983299255 
vt 0.6689013242721558 0.878835141658783 
vt 0.6586276292800903 0.7215229868888855 
vt 0.6648511290550232 0.7133907079696655 
vt 0.7411134243011475 0.878835141658783 
vt 0.7411134243011475 0.7133907079696655 
vt 0.8172770142555237 0.7133907079696655 
vt 0.8132267594337463 0.878835141658783 
vt 0.8235992789268494 0.7214562892913818 
vt 0.8238956332206726 0.8696363568305969 
vt 0.4680582582950592 0.9689648151397705 
vt 0.257144957780838 0.9689648151397705 
vt 0.4680582582950592 0.9663669466972351 
vt 0.257144957780838 0.9663669466972351 
vt 0.24301159381866455 0.9689648151397705 
vt 0.257144957780838 0.971680760383606 
vt 0.4680582582950592 0.971680760383606 
vt 0.48219162225723267 0.9689648151397705 
vt 0.48219162225723267 0.9663669466972351 
vt 0.4680582582950592 0.9637691378593445 
vt 0.257144957780838 0.9637691378593445 
vt 0.24301159381866455 0.9663669466972351 
vt 0.24301159381866455 0.9637691378593445 
vt 0.257144957780838 0.961053192615509 
vt 0.4680582582950592 0.961053192615509 
vt 0.48219162225723267 0.9637691378593445 
vt 0.48219162225723267 0.961053192615509 
vt 0.4958418011665344 0.961053192615509 
vt 0.48219162225723267 0.9582191705703735 
vt 0.4680582582950592 0.9582191705703735 
vt 0.4958418011665344 0.9637691378593445 
vt 0.4958418011665344 0.9663669466972351 
vt 0.4958418011665344 0.9689648151397705 
vt 0.48219162225723267 0.971680760383606 
vt 0.4680582582950592 0.9743966460227966 
vt 0.257144957780838 0.9743966460227966 
vt 0.24301159381866455 0.971680760383606 
vt 0.24301159381866455 0.9743966460227966 
vt 0.22924061119556427 0.9743966460227966 
vt 0.4958418011665344 0.971680760383606 
vt 0.4958418011665344 0.9743966460227966 
vt 0.48219162225723267 0.9743966460227966 
vt 0.22924061119556427 0.9689648151397705 
vt 0.22924061119556427 0.971680760383606 
vt 0.2155904471874237 0.971680760383606 
vt 0.2155904471874237 0.9743966460227966 
vt 0.20133627951145172 0.9743966460227966 
vt 0.20133627951145172 0.971680760383606 
vt 0.034393440932035446 0.9743966460227966 
vt 0.22924061119556427 0.9663669466972351 
vt 0.22924061119556427 0.9637691378593445 
vt 0.2155904471874237 0.9663669466972351 
vt 0.2155904471874237 0.9637691378593445 
vt 0.22924061119556427 0.961053192615509 
vt 0.24301159381866455 0.961053192615509 
vt 0.257144957780838 0.9582191705703735 
vt 0.2155904471874237 0.9689648151397705 
vt 0.24301159381866455 0.9582191705703735 
vt 0.4958418011665344 0.9582191705703735 
vt 0.4958418011665344 0.955385148525238 
vt 0.48219162225723267 0.955385148525238 
vt 0.4680582582950592 0.955385148525238 
vt 0.257144957780838 0.955385148525238 
vt 0.24301159381866455 0.955385148525238 
vt 0.4958418011665344 0.9526692032814026 
vt 0.48219162225723267 0.9526692032814026 
vt 0.4680582582950592 0.9526692032814026 
vt 0.257144957780838 0.9526692032814026 
vt 0.24301159381866455 0.9526692032814026 
vt 0.22924061119556427 0.955385148525238 
vt 0.22924061119556427 0.9582191705703735 
vt 0.2155904471874237 0.9582191705703735 
vt 0.2155904471874237 0.961053192615509 
vt 0.20133627951145172 0.9582191705703735 
vt 0.2155904471874237 0.955385148525238 
vt 0.2155904471874237 0.9526692032814026 
vt 0.22924061119556427 0.9526692032814026 
vt 0.20133627951145172 0.955385148525238 
vt 0.034393440932035446 0.9582191705703735 
vt 0.034393440932035446 0.955385148525238 
vt 0.02013927884399891 0.955385148525238 
vt 0.02013927884399891 0.9526692032814026 
vt 0.006368305999785662 0.955385148525238 
vt 0.006368305999785662 0.9526692032814026 
vt 0.20133627951145172 0.9526692032814026 
vt 0.034393440932035446 0.9526692032814026 
vt 0.02013927884399891 0.9582191705703735 
vt 0.02013927884399891 0.961053192615509 
vt 0.034393440932035446 0.961053192615509 
vt 0.02013927884399891 0.9637691378593445 
vt 0.006368305999785662 0.961053192615509 
vt 0.006368305999785662 0.9637691378593445 
vt 0.006368305999785662 0.9582191705703735 
vt 0.20133627951145172 0.961053192615509 
vt 0.20133627951145172 0.9637691378593445 
vt 0.034393440932035446 0.9637691378593445 
vt 0.02013927884399891 0.9663669466972351 
vt 0.006368305999785662 0.9663669466972351 
vt 0.006368305999785662 0.9689648151397705 
vt 0.02013927884399891 0.9689648151397705 
vt 0.034393440932035446 0.9663669466972351 
vt 0.20133627951145172 0.9663669466972351 
vt 0.20133627951145172 0.9689648151397705 
vt 0.034393440932035446 0.9689648151397705 
vt 0.034393440932035446 0.971680760383606 
vt 0.02013927884399891 0.971680760383606 
vt 0.006368305999785662 0.971680760383606 
vt 0.006368305999785662 0.9743966460227966 
vt 0.02013927884399891 0.9743966460227966 
vt 0.9918383955955505 0.9683743715286255 
vt 0.9781882166862488 0.9657765626907349 
vt 0.9918383955955505 0.9657765626907349 
vt 0.9918383955955505 0.9630606174468994 
vt 0.9781882166862488 0.9630606174468994 
vt 0.9918383955955505 0.960344672203064 
vt 0.9781882166862488 0.960344672203064 
vt 0.9781882166862488 0.9576287269592285 
vt 0.9918383955955505 0.9576287269592285 
vt 0.9918383955955505 0.954794704914093 
vt 0.9781882166862488 0.954794704914093 
vt 0.9781882166862488 0.9519607424736023 
vt 0.9640548229217529 0.954794704914093 
vt 0.9640548229217529 0.9519607424736023 
vt 0.7532623410224915 0.954794704914093 
vt 0.7532623410224915 0.9519607424736023 
vt 0.7391289472579956 0.9519607424736023 
vt 0.7391289472579956 0.954794704914093 
vt 0.7253580093383789 0.954794704914093 
vt 0.7253580093383789 0.9519607424736023 
vt 0.7115870118141174 0.9519607424736023 
vt 0.7115870118141174 0.954794704914093 
vt 0.6974536776542664 0.954794704914093 
vt 0.6974536776542664 0.9519607424736023 
vt 0.5303900241851807 0.9519607424736023 
vt 0.5303900241851807 0.954794704914093 
vt 0.5161358714103699 0.9519607424736023 
vt 0.5161358714103699 0.954794704914093 
vt 0.5024856925010681 0.954794704914093 
vt 0.5161358714103699 0.9576287269592285 
vt 0.5024856925010681 0.9576287269592285 
vt 0.5024856925010681 0.960344672203064 
vt 0.5161358714103699 0.960344672203064 
vt 0.5161358714103699 0.9630606174468994 
vt 0.5024856925010681 0.9630606174468994 
vt 0.5161358714103699 0.9657765626907349 
vt 0.5024856925010681 0.9657765626907349 
vt 0.5024856925010681 0.9683743715286255 
vt 0.5161358714103699 0.9683743715286255 
vt 0.5161358714103699 0.9709722399711609 
vt 0.5024856925010681 0.9709722399711609 
vt 0.5024856925010681 0.9736881852149963 
vt 0.5161358714103699 0.9736881852149963 
vt 0.5303900241851807 0.9736881852149963 
vt 0.5303900241851807 0.9709722399711609 
vt 0.6974536776542664 0.9709722399711609 
vt 0.6974536776542664 0.9736881852149963 
vt 0.7115870118141174 0.9709722399711609 
vt 0.7115870118141174 0.9736881852149963 
vt 0.7253580093383789 0.9736881852149963 
vt 0.7253580093383789 0.9709722399711609 
vt 0.7391289472579956 0.9709722399711609 
vt 0.7391289472579956 0.9736881852149963 
vt 0.7532623410224915 0.9736881852149963 
vt 0.7532623410224915 0.9709722399711609 
vt 0.9640548229217529 0.9736881852149963 
vt 0.9640548229217529 0.9709722399711609 
vt 0.9781882166862488 0.9709722399711609 
vt 0.9781882166862488 0.9736881852149963 
vt 0.9918383955955505 0.9736881852149963 
vt 0.9918383955955505 0.9709722399711609 
vt 0.9781882166862488 0.9683743715286255 
vt 0.9640548229217529 0.9657765626907349 
vt 0.9640548229217529 0.9683743715286255 
vt 0.7532623410224915 0.9683743715286255 
vt 0.7391289472579956 0.9683743715286255 
vt 0.9918383955955505 0.9519607424736023 
vt 0.5024856925010681 0.9519607424736023 
vt 0.7532623410224915 0.9657765626907349 
vt 0.9640548229217529 0.9630606174468994 
vt 0.9640548229217529 0.960344672203064 
vt 0.9640548229217529 0.9576287269592285 
vt 0.7532623410224915 0.9576287269592285 
vt 0.7391289472579956 0.9576287269592285 
vt 0.7532623410224915 0.960344672203064 
vt 0.7391289472579956 0.960344672203064 
vt 0.7391289472579956 0.9630606174468994 
vt 0.7532623410224915 0.9630606174468994 
vt 0.7391289472579956 0.9657765626907349 
vt 0.7253580093383789 0.9683743715286255 
vt 0.7115870118141174 0.9683743715286255 
vt 0.6974536776542664 0.9683743715286255 
vt 0.5303900241851807 0.9683743715286255 
vt 0.5303900241851807 0.9657765626907349 
vt 0.6974536776542664 0.9657765626907349 
vt 0.7115870118141174 0.9657765626907349 
vt 0.7253580093383789 0.9657765626907349 
vt 0.7253580093383789 0.9630606174468994 
vt 0.7253580093383789 0.960344672203064 
vt 0.7253580093383789 0.9576287269592285 
vt 0.7115870118141174 0.9576287269592285 
vt 0.6974536776542664 0.9576287269592285 
vt 0.7115870118141174 0.9630606174468994 
vt 0.6974536776542664 0.9630606174468994 
vt 0.6974536776542664 0.960344672203064 
vt 0.7115870118141174 0.960344672203064 
vt 0.5303900241851807 0.9576287269592285 
vt 0.5303900241851807 0.960344672203064 
vt 0.5303900241851807 0.9630606174468994 
vt 0.9640548229217529 0.9290524125099182 
vt 0.9640548229217529 0.9263364672660828 
vt 0.7532623410224915 0.9290524125099182 
vt 0.7532623410224915 0.9263364672660828 
vt 0.7391289472579956 0.9290524125099182 
vt 0.7532623410224915 0.9316502809524536 
vt 0.9640548229217529 0.9316502809524536 
vt 0.9783090353012085 0.9290524125099182 
vt 0.9783090353012085 0.9263364672660828 
vt 0.9640548229217529 0.9237386584281921 
vt 0.7532623410224915 0.9237386584281921 
vt 0.7391289472579956 0.9263364672660828 
vt 0.7391289472579956 0.9237386584281921 
vt 0.7532623410224915 0.9210227131843567 
vt 0.9640548229217529 0.9210227131843567 
vt 0.9783090353012085 0.9237386584281921 
vt 0.9783090353012085 0.9210227131843567 
vt 0.9918383955955505 0.9210227131843567 
vt 0.9783090353012085 0.9183067679405212 
vt 0.9640548229217529 0.9183067679405212 
vt 0.9918383955955505 0.9237386584281921 
vt 0.9918383955955505 0.9263364672660828 
vt 0.9918383955955505 0.9290524125099182 
vt 0.9783090353012085 0.9316502809524536 
vt 0.9640548229217529 0.9343662261962891 
vt 0.7532623410224915 0.9343662261962891 
vt 0.7391289472579956 0.9316502809524536 
vt 0.7391289472579956 0.9343662261962891 
vt 0.7253580093383789 0.9343662261962891 
vt 0.9918383955955505 0.9316502809524536 
vt 0.9918383955955505 0.9343662261962891 
vt 0.9783090353012085 0.9343662261962891 
vt 0.7253580093383789 0.9290524125099182 
vt 0.7253580093383789 0.9316502809524536 
vt 0.7115870118141174 0.9316502809524536 
vt 0.7115870118141174 0.9343662261962891 
vt 0.6974536776542664 0.9343662261962891 
vt 0.6974536776542664 0.9316502809524536 
vt 0.5303900241851807 0.9343662261962891 
vt 0.7253580093383789 0.9263364672660828 
vt 0.7253580093383789 0.9237386584281921 
vt 0.7115870118141174 0.9263364672660828 
vt 0.7115870118141174 0.9237386584281921 
vt 0.7253580093383789 0.9210227131843567 
vt 0.7391289472579956 0.9210227131843567 
vt 0.7532623410224915 0.9183067679405212 
vt 0.7115870118141174 0.9290524125099182 
vt 0.7391289472579956 0.9183067679405212 
vt 0.9918383955955505 0.9183067679405212 
vt 0.9918383955955505 0.9153546690940857 
vt 0.9783090353012085 0.9153546690940857 
vt 0.9640548229217529 0.9153546690940857 
vt 0.7532623410224915 0.9153546690940857 
vt 0.7391289472579956 0.9153546690940857 
vt 0.9918383955955505 0.9126387238502502 
vt 0.9783090353012085 0.9126387238502502 
vt 0.9640548229217529 0.9126387238502502 
vt 0.7532623410224915 0.9126387238502502 
vt 0.7391289472579956 0.9126387238502502 
vt 0.7253580093383789 0.9153546690940857 
vt 0.7253580093383789 0.9183067679405212 
vt 0.7115870118141174 0.9183067679405212 
vt 0.7115870118141174 0.9210227131843567 
vt 0.6974536776542664 0.9183067679405212 
vt 0.7115870118141174 0.9153546690940857 
vt 0.7115870118141174 0.9126387238502502 
vt 0.7253580093383789 0.9126387238502502 
vt 0.6974536776542664 0.9153546690940857 
vt 0.5303900241851807 0.9183067679405212 
vt 0.5303900241851807 0.9153546690940857 
vt 0.5162566900253296 0.9153546690940857 
vt 0.5162566900253296 0.9126387238502502 
vt 0.5024856925010681 0.9153546690940857 
vt 0.5024856925010681 0.9126387238502502 
vt 0.6974536776542664 0.9126387238502502 
vt 0.5303900241851807 0.9126387238502502 
vt 0.5162566900253296 0.9183067679405212 
vt 0.5162566900253296 0.9210227131843567 
vt 0.5303900241851807 0.9210227131843567 
vt 0.5162566900253296 0.9237386584281921 
vt 0.5024856925010681 0.9210227131843567 
vt 0.5024856925010681 0.9237386584281921 
vt 0.5024856925010681 0.9183067679405212 
vt 0.6974536776542664 0.9210227131843567 
vt 0.6974536776542664 0.9237386584281921 
vt 0.5303900241851807 0.9237386584281921 
vt 0.5162566900253296 0.9263364672660828 
vt 0.5024856925010681 0.9263364672660828 
vt 0.5024856925010681 0.9290524125099182 
vt 0.5162566900253296 0.9290524125099182 
vt 0.5303900241851807 0.9263364672660828 
vt 0.6974536776542664 0.9263364672660828 
vt 0.6974536776542664 0.9290524125099182 
vt 0.5303900241851807 0.9290524125099182 
vt 0.5303900241851807 0.9316502809524536 
vt 0.5162566900253296 0.9316502809524536 
vt 0.5024856925010681 0.9316502809524536 
vt 0.5024856925010681 0.9343662261962891 
vt 0.5162566900253296 0.9343662261962891 
vt 0.49644580483436584 0.9297609329223633 
vt 0.4827956259250641 0.9270449876785278 
vt 0.49644580483436584 0.9270449876785278 
vt 0.49644580483436584 0.9244471192359924 
vt 0.4827956259250641 0.9244471192359924 
vt 0.49644580483436584 0.9217312335968018 
vt 0.4827956259250641 0.9217312335968018 
vt 0.4827956259250641 0.9190152883529663 
vt 0.49644580483436584 0.9190152883529663 
vt 0.49644580483436584 0.9160631895065308 
vt 0.4827956259250641 0.9160631895065308 
vt 0.4827956259250641 0.9133472442626953 
vt 0.4685414433479309 0.9160631895065308 
vt 0.4685414433479309 0.9133472442626953 
vt 0.2575073540210724 0.9160631895065308 
vt 0.2575073540210724 0.9133472442626953 
vt 0.2432531863451004 0.9133472442626953 
vt 0.2432531863451004 0.9160631895065308 
vt 0.22960300743579865 0.9160631895065308 
vt 0.22960300743579865 0.9133472442626953 
vt 0.21583203971385956 0.9133472442626953 
vt 0.21583203971385956 0.9160631895065308 
vt 0.20157787203788757 0.9160631895065308 
vt 0.20157787203788757 0.9133472442626953 
vt 0.034393440932035446 0.9133472442626953 
vt 0.034393440932035446 0.9160631895065308 
vt 0.02013927884399891 0.9133472442626953 
vt 0.02013927884399891 0.9160631895065308 
vt 0.006368305999785662 0.9160631895065308 
vt 0.02013927884399891 0.9190152883529663 
vt 0.006368305999785662 0.9190152883529663 
vt 0.006368305999785662 0.9217312335968018 
vt 0.02013927884399891 0.9217312335968018 
vt 0.02013927884399891 0.9244471192359924 
vt 0.006368305999785662 0.9244471192359924 
vt 0.02013927884399891 0.9270449876785278 
vt 0.006368305999785662 0.9270449876785278 
vt 0.006368305999785662 0.9297609329223633 
vt 0.02013927884399891 0.9297609329223633 
vt 0.02013927884399891 0.9323587417602539 
vt 0.006368305999785662 0.9323587417602539 
vt 0.006368305999785662 0.9350746870040894 
vt 0.02013927884399891 0.9350746870040894 
vt 0.034393440932035446 0.9350746870040894 
vt 0.034393440932035446 0.9323587417602539 
vt 0.20157787203788757 0.9323587417602539 
vt 0.20157787203788757 0.9350746870040894 
vt 0.21583203971385956 0.9323587417602539 
vt 0.21583203971385956 0.9350746870040894 
vt 0.22960300743579865 0.9350746870040894 
vt 0.22960300743579865 0.9323587417602539 
vt 0.2432531863451004 0.9323587417602539 
vt 0.2432531863451004 0.9350746870040894 
vt 0.2575073540210724 0.9350746870040894 
vt 0.2575073540210724 0.9323587417602539 
vt 0.4685414433479309 0.9350746870040894 
vt 0.4685414433479309 0.9323587417602539 
vt 0.4827956259250641 0.9323587417602539 
vt 0.4827956259250641 0.9350746870040894 
vt 0.49644580483436584 0.9350746870040894 
vt 0.49644580483436584 0.9323587417602539 
vt 0.4827956259250641 0.9297609329223633 
vt 0.4685414433479309 0.9270449876785278 
vt 0.4685414433479309 0.9297609329223633 
vt 0.2575073540210724 0.9297609329223633 
vt 0.2432531863451004 0.9297609329223633 
vt 0.49644580483436584 0.9133472442626953 
vt 0.006368305999785662 0.9133472442626953 
vt 0.2575073540210724 0.9270449876785278 
vt 0.4685414433479309 0.9244471192359924 
vt 0.4685414433479309 0.9217312335968018 
vt 0.4685414433479309 0.9190152883529663 
vt 0.2575073540210724 0.9190152883529663 
vt 0.2432531863451004 0.9190152883529663 
vt 0.2575073540210724 0.9217312335968018 
vt 0.2432531863451004 0.9217312335968018 
vt 0.2432531863451004 0.9244471192359924 
vt 0.2575073540210724 0.9244471192359924 
vt 0.2432531863451004 0.9270449876785278 
vt 0.22960300743579865 0.9297609329223633 
vt 0.21583203971385956 0.9297609329223633 
vt 0.20157787203788757 0.9297609329223633 
vt 0.034393440932035446 0.9297609329223633 
vt 0.034393440932035446 0.9270449876785278 
vt 0.20157787203788757 0.9270449876785278 
vt 0.21583203971385956 0.9270449876785278 
vt 0.22960300743579865 0.9270449876785278 
vt 0.22960300743579865 0.9244471192359924 
vt 0.22960300743579865 0.9217312335968018 
vt 0.22960300743579865 0.9190152883529663 
vt 0.21583203971385956 0.9190152883529663 
vt 0.20157787203788757 0.9190152883529663 
vt 0.21583203971385956 0.9244471192359924 
vt 0.20157787203788757 0.9244471192359924 
vt 0.20157787203788757 0.9217312335968018 
vt 0.21583203971385956 0.9217312335968018 
vt 0.034393440932035446 0.9190152883529663 
vt 0.034393440932035446 0.9217312335968018 
vt 0.034393440932035446 0.9244471192359924 
vt 0.7543495297431946 0.007170630153268576 
vt 0.7399745583534241 0.007170630153268576 
vt 0.7543495297431946 0.32458043098449707 
vt 0.7399745583534241 0.32458043098449707 
vt 0.7260828018188477 0.007170630153268576 
vt 0.7260828018188477 0.32458043098449707 
vt 0.7121910452842712 0.007170630153268576 
vt 0.7121910452842712 0.32458043098449707 
vt 0.6978160738945007 0.007170630153268576 
vt 0.6978160738945007 0.32458043098449707 
vt 0.5290612578392029 0.32458043098449707 
vt 0.5290612578392029 0.007170630153268576 
vt 0.5146862864494324 0.32458043098449707 
vt 0.5146862864494324 0.007170630153268576 
vt 0.5009152889251709 0.32458043098449707 
vt 0.5009152889251709 0.007170630153268576 
vt 0.48702356219291687 0.32458043098449707 
vt 0.48702356219291687 0.007170630153268576 
vt 0.47264859080314636 0.32458043098449707 
vt 0.47264859080314636 0.007170630153268576 
vt 0.2595609128475189 0.007170630153268576 
vt 0.2595609128475189 0.32458043098449707 
vt 0.2451859563589096 0.007170630153268576 
vt 0.2451859563589096 0.32458043098449707 
vt 0.23141497373580933 0.007170630153268576 
vt 0.23141497373580933 0.32458043098449707 
vt 0.2175232172012329 0.007170630153268576 
vt 0.2175232172012329 0.32458043098449707 
vt 0.2031482458114624 0.007170630153268576 
vt 0.2031482458114624 0.32458043098449707 
vt 0.034393440932035446 0.32458043098449707 
vt 0.034393440932035446 0.007170630153268576 
vt 0.020018480718135834 0.32458043098449707 
vt 0.020018480718135834 0.007170630153268576 
vt 0.0061267102137207985 0.32458043098449707 
vt 0.0061267102137207985 0.007170630153268576 
vt 0.9673163890838623 0.007170630153268576 
vt 0.9673163890838623 0.32458043098449707 
vt 0.9816913604736328 0.007170630153268576 
vt 0.9816913604736328 0.32458043098449707 
vt 0.9955831170082092 0.007170630153268576 
vt 0.9955831170082092 0.32458043098449707 
vt 0.7259619832038879 0.6332520246505737 
vt 0.7400953769683838 0.6360859870910645 
vt 0.7144861817359924 0.6254584789276123 
vt 0.9531830549240112 0.6360859870910645 
vt 0.7067551016807556 0.6140043139457703 
vt 0.9786714315414429 0.6254584789276123 
vt 0.9893016219139099 0.5999522805213928 
vt 0.9864024519920349 0.6140043139457703 
vt 0.9671955704689026 0.6332520246505737 
vt 0.7039767503738403 0.5999522805213928 
vt 0.7039767503738403 0.43109220266342163 
vt 0.9893016219139099 0.43109220266342163 
vt 0.7067551016807556 0.4170401990413666 
vt 0.9786714315414429 0.40558603405952454 
vt 0.9531830549240112 0.39495849609375 
vt 0.9671955704689026 0.3977924883365631 
vt 0.9864024519920349 0.4170401990413666 
vt 0.7144861817359924 0.40558603405952454 
vt 0.7400953769683838 0.39495849609375 
vt 0.7259619832038879 0.3977924883365631 
vt 0.3546968102455139 0.5357332229614258 
vt 0.5152744650840759 0.534395158290863 
vt 0.5142045021057129 0.6816739439964294 
vt 0.5213650465011597 0.534395158290863 
vt 0.5222703814506531 0.6819861531257629 
vt 0.603094220161438 0.6892117857933044 
vt 0.6027650237083435 0.5262774229049683 
vt 0.6838356852531433 0.5307376980781555 
vt 0.6840826272964478 0.6857773661613464 
vt 0.6899263262748718 0.5307376980781555 
vt 0.6900086402893066 0.6857773661613464 
vt 0.35305070877075195 0.6855097413063049 
vt 0.3482770025730133 0.5356886386871338 
vt 0.34654858708381653 0.6855097413063049 
vt 0.2662186324596405 0.6890333890914917 
vt 0.26687705516815186 0.5260990262031555 
vt 0.18531250953674316 0.5312729477882385 
vt 0.1845717579126358 0.6833688020706177 
vt 0.1791396141052246 0.6833688020706177 
vt 0.17889270186424255 0.5312729477882385 
vt 0.015845900401473045 0.5303362607955933 
vt 0.015845900401473045 0.6853759288787842 
vt 0.17346054315567017 0.8638321757316589 
vt 0.17658814787864685 0.8722174763679504 
vt 0.1713206171989441 0.8665529489517212 
vt 0.10786322504281998 0.8754734992980957 
vt 0.10778091847896576 0.8675342202186584 
vt 0.18127955496311188 0.8662853240966797 
vt 0.18440715968608856 0.8790863752365112 
vt 0.10802783817052841 0.884438693523407 
vt 0.17354285717010498 0.7308709025382996 
vt 0.1713206171989441 0.7277933359146118 
vt 0.18111494183540344 0.7279717326164246 
vt 0.19066235423088074 0.8720390796661377 
vt 0.20062129199504852 0.879353940486908 
vt 0.192802295088768 0.8887205719947815 
vt 0.10819244384765625 0.8905493021011353 
vt 0.03288309648633003 0.8812273144721985 
vt 0.039055995643138885 0.8721728920936584 
vt 0.04341817647218704 0.8663745522499084 
vt 0.10778091847896576 0.7266782522201538 
vt 0.10769861191511154 0.7183821201324463 
vt 0.17708198726177216 0.7221287488937378 
vt 0.19041544198989868 0.7198094129562378 
vt 0.1977406144142151 0.7135649919509888 
vt 0.1909915804862976 0.7070529460906982 
vt 0.18572403490543365 0.7127621173858643 
vt 0.10769861191511154 0.7029941082000732 
vt 0.10769861191511154 0.7091047167778015 
vt 0.03206004574894905 0.7126729488372803 
vt 0.03897368907928467 0.722039520740509 
vt 0.025064093992114067 0.7181590795516968 
vt 0.02284185029566288 0.705402672290802 
vt 0.016586648300290108 0.7121376991271973 
vt 0.025887146592140198 0.8738232254981995 
vt 0.018315058201551437 0.8802460432052612 
vt 0.024405650794506073 0.886668860912323 
vt 0.03419998288154602 0.8664191365242004 
vt 0.034035369753837585 0.7278379201889038 
vt 0.04341817647218704 0.7273918986320496 
vt 0.04103132337331772 0.8612897992134094 
vt 0.04144284874200821 0.7316737771034241 
vt 0.400705486536026 0.709416925907135 
vt 0.3162602484226227 0.7067407369613647 
vt 0.3926395773887634 0.717400848865509 
vt 0.3160133361816406 0.7127175331115723 
vt 0.38366827368736267 0.7253847718238831 
vt 0.315848708152771 0.7219057083129883 
vt 0.2475353181362152 0.7249387502670288 
vt 0.2425146996974945 0.7154383063316345 
vt 0.40737220644950867 0.7176684737205505 
vt 0.39716634154319763 0.7257415652275085 
vt 0.40778374671936035 0.8825653791427612 
vt 0.3965902030467987 0.8744030594825745 
vt 0.4001293480396271 0.891307532787323 
vt 0.3864666521549225 0.8840819001197815 
vt 0.315848708152771 0.8914413452148438 
vt 0.31576642394065857 0.8857767581939697 
vt 0.2392224818468094 0.882208526134491 
vt 0.24712379276752472 0.873020350933075 
vt 0.23403725028038025 0.8750720620155334 
vt 0.2424323856830597 0.8673111796379089 
vt 0.23181501030921936 0.8893896341323853 
vt 0.22531288862228394 0.882074773311615 
vt 0.2273705154657364 0.716241180896759 
vt 0.23527182638645172 0.7210136651992798 
vt 0.24276161193847656 0.7306479215621948 
vt 0.2488522082567215 0.8623156547546387 
vt 0.25090983510017395 0.8674895763397217 
vt 0.31576642394065857 0.8766778111457825 
vt 0.2333788126707077 0.7097737193107605 
vt 0.25132137537002563 0.7318521738052368 
vt 0.24909912049770355 0.7356434464454651 
vt 0.31576642394065857 0.7297112345695496 
vt 0.377824604511261 0.7307817339897156 
vt 0.38128143548965454 0.7346175312995911 
vt 0.38811278343200684 0.7310939431190491 
vt 0.3810345232486725 0.8631185293197632 
vt 0.3883596956729889 0.8676233887672424 
vt 0.31576642394065857 0.8686938881874084 
vt 0.37807151675224304 0.8671327829360962 
vt 0.3837505877017975 0.8731987476348877 
vt 0.3546968102455139 0.5357332229614258 
vt 0.5152744650840759 0.534395158290863 
vt 0.5142045021057129 0.6816739439964294 
vt 0.5213650465011597 0.534395158290863 
vt 0.5222703814506531 0.6819861531257629 
vt 0.603094220161438 0.6892117857933044 
vt 0.6027650237083435 0.5262774229049683 
vt 0.6838356852531433 0.5307376980781555 
vt 0.6840826272964478 0.6857773661613464 
vt 0.6899263262748718 0.5307376980781555 
vt 0.6900086402893066 0.6857773661613464 
vt 0.35305070877075195 0.6855097413063049 
vt 0.3482770025730133 0.5356886386871338 
vt 0.34654858708381653 0.6855097413063049 
vt 0.2662186324596405 0.6890333890914917 
vt 0.26687705516815186 0.5260990262031555 
vt 0.18531250953674316 0.5312729477882385 
vt 0.1845717579126358 0.6833688020706177 
vt 0.1791396141052246 0.6833688020706177 
vt 0.17889270186424255 0.5312729477882385 
vt 0.015845900401473045 0.5303362607955933 
vt 0.015845900401473045 0.6853759288787842 
vt 0.17346054315567017 0.8638321757316589 
vt 0.17658814787864685 0.8722174763679504 
vt 0.1713206171989441 0.8665529489517212 
vt 0.10786322504281998 0.8754734992980957 
vt 0.10778091847896576 0.8675342202186584 
vt 0.18127955496311188 0.8662853240966797 
vt 0.18440715968608856 0.8790863752365112 
vt 0.10802783817052841 0.884438693523407 
vt 0.17354285717010498 0.7308709025382996 
vt 0.1713206171989441 0.7277933359146118 
vt 0.18111494183540344 0.7279717326164246 
vt 0.19066235423088074 0.8720390796661377 
vt 0.20062129199504852 0.879353940486908 
vt 0.192802295088768 0.8887205719947815 
vt 0.10819244384765625 0.8905493021011353 
vt 0.03288309648633003 0.8812273144721985 
vt 0.039055995643138885 0.8721728920936584 
vt 0.04341817647218704 0.8663745522499084 
vt 0.10778091847896576 0.7266782522201538 
vt 0.10769861191511154 0.7183821201324463 
vt 0.17708198726177216 0.7221287488937378 
vt 0.19041544198989868 0.7198094129562378 
vt 0.1977406144142151 0.7135649919509888 
vt 0.1909915804862976 0.7070529460906982 
vt 0.18572403490543365 0.7127621173858643 
vt 0.10769861191511154 0.7029941082000732 
vt 0.10769861191511154 0.7091047167778015 
vt 0.03206004574894905 0.7126729488372803 
vt 0.03897368907928467 0.722039520740509 
vt 0.025064093992114067 0.7181590795516968 
vt 0.02284185029566288 0.705402672290802 
vt 0.016586648300290108 0.7121376991271973 
vt 0.025887146592140198 0.8738232254981995 
vt 0.018315058201551437 0.8802460432052612 
vt 0.024405650794506073 0.886668860912323 
vt 0.03419998288154602 0.8664191365242004 
vt 0.034035369753837585 0.7278379201889038 
vt 0.04341817647218704 0.7273918986320496 
vt 0.04103132337331772 0.8612897992134094 
vt 0.04144284874200821 0.7316737771034241 
vt 0.400705486536026 0.709416925907135 
vt 0.3162602484226227 0.7067407369613647 
vt 0.3926395773887634 0.717400848865509 
vt 0.3160133361816406 0.7127175331115723 
vt 0.38366827368736267 0.7253847718238831 
vt 0.315848708152771 0.7219057083129883 
vt 0.2475353181362152 0.7249387502670288 
vt 0.2425146996974945 0.7154383063316345 
vt 0.40737220644950867 0.7176684737205505 
vt 0.39716634154319763 0.7257415652275085 
vt 0.40778374671936035 0.8825653791427612 
vt 0.3965902030467987 0.8744030594825745 
vt 0.4001293480396271 0.891307532787323 
vt 0.3864666521549225 0.8840819001197815 
vt 0.315848708152771 0.8914413452148438 
vt 0.31576642394065857 0.8857767581939697 
vt 0.2392224818468094 0.882208526134491 
vt 0.24712379276752472 0.873020350933075 
vt 0.23403725028038025 0.8750720620155334 
vt 0.2424323856830597 0.8673111796379089 
vt 0.23181501030921936 0.8893896341323853 
vt 0.22531288862228394 0.882074773311615 
vt 0.2273705154657364 0.716241180896759 
vt 0.23527182638645172 0.7210136651992798 
vt 0.24276161193847656 0.7306479215621948 
vt 0.2488522082567215 0.8623156547546387 
vt 0.25090983510017395 0.8674895763397217 
vt 0.31576642394065857 0.8766778111457825 
vt 0.2333788126707077 0.7097737193107605 
vt 0.25132137537002563 0.7318521738052368 
vt 0.24909912049770355 0.7356434464454651 
vt 0.31576642394065857 0.7297112345695496 
vt 0.377824604511261 0.7307817339897156 
vt 0.38128143548965454 0.7346175312995911 
vt 0.38811278343200684 0.7310939431190491 
vt 0.3810345232486725 0.8631185293197632 
vt 0.3883596956729889 0.8676233887672424 
vt 0.31576642394065857 0.8686938881874084 
vt 0.37807151675224304 0.8671327829360962 
vt 0.3837505877017975 0.8731987476348877 
s on 
f 1/1/1 2/2/2 3/3/3 
f 2/2/2 2/2/2 3/3/3 
f 3/3/3 2/2/2 4/4/4 
f 2/2/2 5/5/5 4/4/4 
f 4/4/4 5/5/5 6/6/6 
f 5/5/5 5/5/5 6/6/6 
f 6/6/6 5/5/5 7/7/7 
f 5/5/5 8/8/8 7/7/7 
f 7/7/7 8/8/8 9/9/9 
f 8/8/8 10/10/10 9/9/9 
f 9/9/9 10/10/10 9/9/9 
f 10/10/10 11/11/11 9/9/9 
f 9/9/9 11/11/11 9/9/9 
f 11/11/11 12/12/12 9/9/9 
f 9/9/9 12/12/12 7/7/7 
f 12/12/12 13/13/13 7/7/7 
f 7/7/7 13/13/13 6/6/6 
f 13/13/13 14/14/14 6/6/6 
f 6/6/6 14/14/14 15/15/15 
f 14/14/14 16/16/16 15/15/15 
f 15/15/15 16/16/16 17/17/17 
f 16/16/16 18/18/18 17/17/17 
f 17/17/17 18/18/18 17/17/17 
f 18/18/18 19/19/19 17/17/17 
f 17/17/17 19/19/19 20/20/20 
f 19/19/19 19/19/19 20/20/20 
f 20/20/20 19/19/19 21/21/21 
f 19/19/19 22/22/22 21/21/21 
f 21/21/21 22/22/22 23/23/23 
f 22/22/22 22/22/22 23/23/23 
f 23/23/23 22/22/22 24/24/24 
f 22/22/22 25/25/25 24/24/24 
f 24/24/24 25/25/25 24/24/24 
f 25/25/25 26/26/26 24/24/24 
f 24/24/24 26/26/26 24/24/24 
f 26/26/26 27/27/27 24/24/24 
f 24/24/24 27/27/27 28/28/28 
f 27/27/27 29/29/29 28/28/28 
f 28/28/28 29/29/29 29/29/29 
f 29/29/29 1/1/1 29/29/29 
f 29/29/29 1/1/1 1/1/1 
f 1/1/1 8/8/8 1/1/1 
f 1/1/1 8/8/8 2/2/2 
f 8/8/8 5/5/5 2/2/2 
f 2/2/2 5/5/5 5/5/5 
f 5/5/5 13/13/13 5/5/5 
f 5/5/5 13/13/13 13/13/13 
f 13/13/13 12/12/12 13/13/13 
f 13/13/13 12/12/12 14/14/14 
f 12/12/12 30/30/30 14/14/14 
f 14/14/14 30/30/30 30/30/30 
f 30/30/30 17/17/17 30/30/30 
f 30/30/30 17/17/17 17/17/17 
f 17/17/17 6/6/6 17/17/17 
f 17/17/17 6/6/6 15/15/15 
f 6/6/6 15/15/15 15/15/15 
f 15/15/15 15/15/15 28/28/28 
f 15/15/15 28/28/28 28/28/28 
f 28/28/28 28/28/28 24/24/24 
f 28/28/28 31/31/31 24/24/24 
f 24/24/24 31/31/31 23/23/23 
f 31/31/31 32/32/32 23/23/23 
f 23/23/23 32/32/32 21/21/21 
f 32/32/32 32/32/32 21/21/21 
f 21/21/21 32/32/32 20/20/20 
f 32/32/32 33/33/33 20/20/20 
f 20/20/20 33/33/33 17/17/17 
f 33/33/33 4/4/4 17/17/17 
f 17/17/17 4/4/4 6/6/6 
f 4/4/4 6/6/6 6/6/6 
f 6/6/6 6/6/6 3/3/3 
f 6/6/6 3/3/3 3/3/3 
f 3/3/3 3/3/3 34/34/34 
f 3/3/3 4/4/4 34/34/34 
f 34/34/34 4/4/4 34/34/34 
f 4/4/4 33/33/33 34/34/34 
f 34/34/34 33/33/33 34/34/34 
f 33/33/33 32/32/32 34/34/34 
f 34/34/34 32/32/32 35/35/35 
f 32/32/32 36/36/36 35/35/35 
f 35/35/35 36/36/36 28/28/28 
f 36/36/36 36/36/36 28/28/28 
f 28/28/28 36/36/36 31/31/31 
f 36/36/36 32/32/32 31/31/31 
f 31/31/31 32/32/32 32/32/32 
f 32/32/32 35/35/35 32/32/32 
f 32/32/32 35/35/35 35/35/35 
f 35/35/35 28/28/28 35/35/35 
f 35/35/35 28/28/28 37/37/37 
f 28/28/28 37/37/37 37/37/37 
f 37/37/37 37/37/37 10/10/10 
f 37/37/37 10/10/10 10/10/10 
f 10/10/10 10/10/10 38/38/38 
f 10/10/10 39/39/39 38/38/38 
f 38/38/38 39/39/39 38/38/38 
f 39/39/39 40/40/40 38/38/38 
f 38/38/38 40/40/40 41/41/41 
f 40/40/40 42/42/42 41/41/41 
f 41/41/41 42/42/42 43/43/43 
f 42/42/42 11/11/11 43/43/43 
f 43/43/43 11/11/11 38/38/38 
f 11/11/11 10/10/10 38/38/38 
f 38/38/38 10/10/10 10/10/10 
f 10/10/10 10/10/10 10/10/10 
f 10/10/10 10/10/10 10/10/10 
f 10/10/10 44/44/44 10/10/10 
f 10/10/10 44/44/44 39/39/39 
f 44/44/44 39/39/39 39/39/39 
f 39/39/39 39/39/39 41/41/41 
f 39/39/39 41/41/41 41/41/41 
f 41/41/41 41/41/41 38/38/38 
f 41/41/41 43/43/43 38/38/38 
f 38/38/38 43/43/43 43/43/43 
f 43/43/43 11/11/11 43/43/43 
f 43/43/43 11/11/11 11/11/11 
f 11/11/11 42/42/42 11/11/11 
f 11/11/11 42/42/42 12/12/12 
f 42/42/42 42/42/42 12/12/12 
f 12/12/12 42/42/42 30/30/30 
f 42/42/42 40/40/40 30/30/30 
f 30/30/30 40/40/40 45/45/45 
f 40/40/40 39/39/39 45/45/45 
f 45/45/45 39/39/39 46/46/46 
f 39/39/39 44/44/44 46/46/46 
f 46/46/46 44/44/44 46/46/46 
f 44/44/44 47/47/47 46/46/46 
f 46/46/46 47/47/47 46/46/46 
f 47/47/47 48/48/48 46/46/46 
f 46/46/46 48/48/48 49/49/49 
f 48/48/48 50/50/50 49/49/49 
f 49/49/49 50/50/50 51/51/51 
f 50/50/50 52/52/52 51/51/51 
f 51/51/51 52/52/52 51/51/51 
f 52/52/52 53/53/53 51/51/51 
f 51/51/51 53/53/53 51/51/51 
f 53/53/53 54/54/54 51/51/51 
f 51/51/51 54/54/54 55/55/55 
f 54/54/54 56/56/56 55/55/55 
f 55/55/55 56/56/56 55/55/55 
f 56/56/56 57/57/57 55/55/55 
f 55/55/55 57/57/57 58/58/58 
f 57/57/57 59/59/59 58/58/58 
f 58/58/58 59/59/59 59/59/59 
f 59/59/59 30/30/30 59/59/59 
f 59/59/59 30/30/30 30/30/30 
f 30/30/30 45/45/45 30/30/30 
f 30/30/30 45/45/45 60/60/60 
f 45/45/45 45/45/45 60/60/60 
f 60/60/60 45/45/45 61/61/61 
f 45/45/45 62/62/62 61/61/61 
f 61/61/61 62/62/62 58/58/58 
f 62/62/62 46/46/46 58/58/58 
f 58/58/58 46/46/46 58/58/58 
f 46/46/46 49/49/49 58/58/58 
f 58/58/58 49/49/49 58/58/58 
f 49/49/49 51/51/51 58/58/58 
f 58/58/58 51/51/51 55/55/55 
f 51/51/51 55/55/55 55/55/55 
f 55/55/55 55/55/55 46/46/46 
f 55/55/55 46/46/46 46/46/46 
f 46/46/46 46/46/46 45/45/45 
f 46/46/46 62/62/62 45/45/45 
f 45/45/45 62/62/62 62/62/62 
f 62/62/62 61/61/61 62/62/62 
f 62/62/62 61/61/61 61/61/61 
f 61/61/61 58/58/58 61/61/61 
f 61/61/61 58/58/58 59/59/59 
f 58/58/58 59/59/59 59/59/59 
f 59/59/59 59/59/59 63/63/63 
f 59/59/59 63/63/63 63/63/63 
f 63/63/63 63/63/63 64/64/64 
f 63/63/63 65/65/65 64/64/64 
f 64/64/64 65/65/65 66/66/66 
f 65/65/65 65/65/65 66/66/66 
f 66/66/66 65/65/65 67/67/67 
f 65/65/65 68/68/68 67/67/67 
f 67/67/67 68/68/68 67/67/67 
f 68/68/68 69/69/69 67/67/67 
f 67/67/67 69/69/69 70/70/70 
f 69/69/69 71/71/71 70/70/70 
f 70/70/70 71/71/71 72/72/72 
f 71/71/71 72/72/72 72/72/72 
f 72/72/72 72/72/72 73/73/73 
f 72/72/72 73/73/73 73/73/73 
f 73/73/73 73/73/73 74/74/74 
f 73/73/73 75/75/75 74/74/74 
f 74/74/74 75/75/75 74/74/74 
f 75/75/75 76/76/76 74/74/74 
f 74/74/74 76/76/76 77/77/77 
f 76/76/76 78/78/78 77/77/77 
f 77/77/77 78/78/78 77/77/77 
f 78/78/78 79/79/79 77/77/77 
f 77/77/77 79/79/79 80/80/80 
f 79/79/79 81/81/81 80/80/80 
f 80/80/80 81/81/81 82/82/82 
f 81/81/81 82/82/82 82/82/82 
f 82/82/82 82/82/82 83/83/83 
f 82/82/82 83/83/83 83/83/83 
f 83/83/83 83/83/83 83/83/83 
f 83/83/83 84/84/84 83/83/83 
f 83/83/83 84/84/84 85/85/85 
f 84/84/84 84/84/84 85/85/85 
f 85/85/85 84/84/84 86/86/86 
f 84/84/84 84/84/84 86/86/86 
f 86/86/86 84/84/84 87/87/87 
f 84/84/84 84/84/84 87/87/87 
f 87/87/87 84/84/84 88/88/88 
f 84/84/84 84/84/84 88/88/88 
f 88/88/88 84/84/84 89/89/89 
f 84/84/84 83/83/83 89/89/89 
f 89/89/89 83/83/83 90/90/90 
f 83/83/83 85/85/85 90/90/90 
f 90/90/90 85/85/85 91/91/91 
f 85/85/85 85/85/85 91/91/91 
f 91/91/91 85/85/85 92/92/92 
f 85/85/85 86/86/86 92/92/92 
f 92/92/92 86/86/86 93/93/93 
f 86/86/86 94/94/94 93/93/93 
f 93/93/93 94/94/94 93/93/93 
f 94/94/94 95/95/95 93/93/93 
f 93/93/93 95/95/95 93/93/93 
f 95/95/95 96/96/96 93/93/93 
f 93/93/93 96/96/96 92/92/92 
f 96/96/96 97/97/97 92/92/92 
f 92/92/92 97/97/97 98/98/98 
f 97/97/97 99/99/99 98/98/98 
f 98/98/98 99/99/99 100/100/100 
f 99/99/99 99/99/99 100/100/100 
f 100/100/100 99/99/99 101/101/101 
f 99/99/99 99/99/99 101/101/101 
f 101/101/101 99/99/99 102/102/102 
f 99/99/99 97/97/97 102/102/102 
f 102/102/102 97/97/97 96/96/96 
f 97/97/97 96/96/96 96/96/96 
f 96/96/96 96/96/96 86/86/86 
f 96/96/96 86/86/86 86/86/86 
f 86/86/86 86/86/86 94/94/94 
f 86/86/86 87/87/87 94/94/94 
f 94/94/94 87/87/87 87/87/87 
f 87/87/87 92/92/92 87/87/87 
f 87/87/87 92/92/92 92/92/92 
f 92/92/92 98/98/98 92/92/92 
f 92/92/92 98/98/98 91/91/91 
f 98/98/98 103/103/103 91/91/91 
f 91/91/91 103/103/103 91/91/91 
f 103/103/103 104/104/104 91/91/91 
f 91/91/91 104/104/104 91/91/91 
f 104/104/104 105/105/105 91/91/91 
f 91/91/91 105/105/105 90/90/90 
f 105/105/105 106/106/106 90/90/90 
f 90/90/90 106/106/106 89/89/89 
f 106/106/106 107/107/107 89/89/89 
f 89/89/89 107/107/107 88/88/88 
f 107/107/107 108/108/108 88/88/88 
f 88/88/88 108/108/108 109/109/109 
f 108/108/108 110/110/110 109/109/109 
f 109/109/109 110/110/110 111/111/111 
f 110/110/110 111/111/111 111/111/111 
f 111/111/111 111/111/111 98/98/98 
f 111/111/111 98/98/98 98/98/98 
f 98/98/98 98/98/98 103/103/103 
f 98/98/98 100/100/100 103/103/103 
f 103/103/103 100/100/100 100/100/100 
f 100/100/100 105/105/105 100/100/100 
f 100/100/100 105/105/105 105/105/105 
f 105/105/105 112/112/112 105/105/105 
f 105/105/105 112/112/112 106/106/106 
f 112/112/112 113/113/113 106/106/106 
f 106/106/106 113/113/113 106/106/106 
f 113/113/113 114/114/114 106/106/106 
f 106/106/106 114/114/114 107/107/107 
f 114/114/114 107/107/107 107/107/107 
f 107/107/107 107/107/107 88/88/88 
f 107/107/107 88/88/88 88/88/88 
f 88/88/88 88/88/88 87/87/87 
f 88/88/88 109/109/109 87/87/87 
f 87/87/87 109/109/109 115/115/115 
f 109/109/109 116/116/116 115/115/115 
f 115/115/115 116/116/116 117/117/117 
f 116/116/116 111/111/111 117/117/117 
f 117/117/117 111/111/111 117/117/117 
f 111/111/111 118/118/118 117/117/117 
f 117/117/117 118/118/118 117/117/117 
f 118/118/118 119/119/119 117/117/117 
f 117/117/117 119/119/119 120/120/120 
f 119/119/119 121/121/121 120/120/120 
f 120/120/120 121/121/121 121/121/121 
f 121/121/121 87/87/87 121/121/121 
f 121/121/121 87/87/87 87/87/87 
f 87/87/87 115/115/115 87/87/87 
f 87/87/87 115/115/115 94/94/94 
f 115/115/115 122/122/122 94/94/94 
f 94/94/94 122/122/122 123/123/123 
f 122/122/122 124/124/124 123/123/123 
f 123/123/123 124/124/124 123/123/123 
f 124/124/124 125/125/125 123/123/123 
f 123/123/123 125/125/125 123/123/123 
f 125/125/125 126/126/126 123/123/123 
f 123/123/123 126/126/126 95/95/95 
f 126/126/126 127/127/127 95/95/95 
f 95/95/95 127/127/127 96/96/96 
f 127/127/127 128/128/128 96/96/96 
f 96/96/96 128/128/128 102/102/102 
f 128/128/128 102/102/102 102/102/102 
f 102/102/102 102/102/102 109/109/109 
f 102/102/102 109/109/109 109/109/109 
f 109/109/109 109/109/109 116/116/116 
f 109/109/109 111/111/111 116/116/116 
f 116/116/116 111/111/111 111/111/111 
f 111/111/111 122/122/122 111/111/111 
f 111/111/111 122/122/122 122/122/122 
f 122/122/122 115/115/115 122/122/122 
f 122/122/122 115/115/115 124/124/124 
f 115/115/115 115/115/115 124/124/124 
f 124/124/124 115/115/115 129/129/129 
f 115/115/115 117/117/117 129/129/129 
f 129/129/129 117/117/117 120/120/120 
f 117/117/117 120/120/120 120/120/120 
f 120/120/120 120/120/120 94/94/94 
f 120/120/120 94/94/94 94/94/94 
f 94/94/94 94/94/94 95/95/95 
f 94/94/94 123/123/123 95/95/95 
f 95/95/95 123/123/123 123/123/123 
f 123/123/123 128/128/128 123/123/123 
f 123/123/123 128/128/128 128/128/128 
f 128/128/128 127/127/127 128/128/128 
f 128/128/128 127/127/127 130/130/130 
f 127/127/127 126/126/126 130/130/130 
f 130/130/130 126/126/126 126/126/126 
f 126/126/126 131/131/131 126/126/126 
f 126/126/126 131/131/131 131/131/131 
f 131/131/131 101/101/101 131/131/131 
f 131/131/131 101/101/101 132/132/132 
f 101/101/101 101/101/101 132/132/132 
f 132/132/132 101/101/101 133/133/133 
f 101/101/101 102/102/102 133/133/133 
f 133/133/133 102/102/102 134/134/134 
f 102/102/102 102/102/102 134/134/134 
f 134/134/134 102/102/102 135/135/135 
f 102/102/102 128/128/128 135/135/135 
f 135/135/135 128/128/128 136/136/136 
f 128/128/128 130/130/130 136/136/136 
f 136/136/136 130/130/130 130/130/130 
f 130/130/130 100/100/100 130/130/130 
f 130/130/130 100/100/100 100/100/100 
f 100/100/100 101/101/101 100/100/100 
f 100/100/100 101/101/101 131/131/131 
f 101/101/101 131/131/131 131/131/131 
f 131/131/131 131/131/131 137/137/137 
f 131/131/131 137/137/137 137/137/137 
f 137/137/137 137/137/137 138/138/138 
f 137/137/137 132/132/132 138/138/138 
f 138/138/138 132/132/132 138/138/138 
f 132/132/132 133/133/133 138/138/138 
f 138/138/138 133/133/133 138/138/138 
f 133/133/133 134/134/134 138/138/138 
f 138/138/138 134/134/134 139/139/139 
f 134/134/134 135/135/135 139/139/139 
f 139/139/139 135/135/135 140/140/140 
f 135/135/135 135/135/135 140/140/140 
f 140/140/140 135/135/135 141/141/141 
f 135/135/135 136/136/136 141/141/141 
f 141/141/141 136/136/136 142/142/142 
f 136/136/136 130/130/130 142/142/142 
f 142/142/142 130/130/130 143/143/143 
f 130/130/130 126/126/126 143/143/143 
f 143/143/143 126/126/126 144/144/144 
f 126/126/126 145/145/145 144/144/144 
f 144/144/144 145/145/145 144/144/144 
f 145/145/145 146/146/146 144/144/144 
f 144/144/144 146/146/146 144/144/144 
f 146/146/146 147/147/147 144/144/144 
f 144/144/144 147/147/147 142/142/142 
f 147/147/147 148/148/148 142/142/142 
f 142/142/142 148/148/148 142/142/142 
f 148/148/148 149/149/149 142/142/142 
f 142/142/142 149/149/149 141/141/141 
f 149/149/149 141/141/141 141/141/141 
f 141/141/141 141/141/141 144/144/144 
f 141/141/141 144/144/144 144/144/144 
f 144/144/144 144/144/144 143/143/143 
f 144/144/144 142/142/142 143/143/143 
f 143/143/143 142/142/142 142/142/142 
f 142/142/142 126/126/126 142/142/142 
f 142/142/142 126/126/126 126/126/126 
f 126/126/126 125/125/125 126/126/126 
f 126/126/126 125/125/125 145/145/145 
f 125/125/125 145/145/145 145/145/145 
f 145/145/145 145/145/145 148/148/148 
f 145/145/145 148/148/148 148/148/148 
f 148/148/148 148/148/148 150/150/150 
f 148/148/148 147/147/147 150/150/150 
f 150/150/150 147/147/147 150/150/150 
f 147/147/147 146/146/146 150/150/150 
f 150/150/150 146/146/146 150/150/150 
f 146/146/146 151/151/151 150/150/150 
f 150/150/150 151/151/151 152/152/152 
f 151/151/151 153/153/153 152/152/152 
f 152/152/152 153/153/153 154/154/154 
f 153/153/153 155/155/155 154/154/154 
f 154/154/154 155/155/155 156/156/156 
f 155/155/155 156/156/156 156/156/156 
f 156/156/156 156/156/156 148/148/148 
f 156/156/156 148/148/148 148/148/148 
f 148/148/148 148/148/148 157/157/157 
f 148/148/148 150/150/150 157/157/157 
f 157/157/157 150/150/150 158/158/158 
f 150/150/150 152/152/152 158/158/158 
f 158/158/158 152/152/152 154/154/154 
f 152/152/152 154/154/154 154/154/154 
f 154/154/154 154/154/154 155/155/155 
f 154/154/154 155/155/155 155/155/155 
f 155/155/155 155/155/155 159/159/159 
f 155/155/155 153/153/153 159/159/159 
f 159/159/159 153/153/153 159/159/159 
f 153/153/153 151/151/151 159/159/159 
f 159/159/159 151/151/151 160/160/160 
f 151/151/151 161/161/161 160/160/160 
f 160/160/160 161/161/161 160/160/160 
f 161/161/161 162/162/162 160/160/160 
f 160/160/160 162/162/162 163/163/163 
f 162/162/162 164/164/164 163/163/163 
f 163/163/163 164/164/164 164/164/164 
f 164/164/164 155/155/155 164/164/164 
f 164/164/164 155/155/155 155/155/155 
f 155/155/155 159/159/159 155/155/155 
f 155/155/155 159/159/159 165/165/165 
f 159/159/159 159/159/159 165/165/165 
f 165/165/165 159/159/159 163/163/163 
f 159/159/159 160/160/160 163/163/163 
f 163/163/163 160/160/160 160/160/160 
f 160/160/160 161/161/161 160/160/160 
f 160/160/160 161/161/161 161/161/161 
f 161/161/161 151/151/151 161/161/161 
f 161/161/161 151/151/151 166/166/166 
f 151/151/151 146/146/146 166/166/166 
f 166/166/166 146/146/146 166/166/166 
f 146/146/146 145/145/145 166/166/166 
f 166/166/166 145/145/145 166/166/166 
f 145/145/145 125/125/125 166/166/166 
f 166/166/166 125/125/125 167/167/167 
f 125/125/125 124/124/124 167/167/167 
f 167/167/167 124/124/124 124/124/124 
f 124/124/124 167/167/167 124/124/124 
f 124/124/124 167/167/167 167/167/167 
f 167/167/167 168/168/168 167/167/167 
f 167/167/167 168/168/168 166/166/166 
f 168/168/168 168/168/168 166/166/166 
f 166/166/166 168/168/168 161/161/161 
f 168/168/168 168/168/168 161/161/161 
f 161/161/161 168/168/168 162/162/162 
f 168/168/168 169/169/169 162/162/162 
f 162/162/162 169/169/169 164/164/164 
f 169/169/169 169/169/169 164/164/164 
f 164/164/164 169/169/169 170/170/170 
f 169/169/169 169/169/169 170/170/170 
f 170/170/170 169/169/169 171/171/171 
f 169/169/169 169/169/169 171/171/171 
f 171/171/171 169/169/169 172/172/172 
f 169/169/169 169/169/169 172/172/172 
f 172/172/172 169/169/169 173/173/173 
f 169/169/169 168/168/168 173/173/173 
f 173/173/173 168/168/168 174/174/174 
f 168/168/168 167/167/167 174/174/174 
f 174/174/174 167/167/167 174/174/174 
f 167/167/167 124/124/124 174/174/174 
f 174/174/174 124/124/124 174/174/174 
f 124/124/124 129/129/129 174/174/174 
f 174/174/174 129/129/129 175/175/175 
f 129/129/129 120/120/120 175/175/175 
f 175/175/175 120/120/120 176/176/176 
f 120/120/120 177/177/177 176/176/176 
f 176/176/176 177/177/177 172/172/172 
f 177/177/177 178/178/178 172/172/172 
f 172/172/172 178/178/178 171/171/171 
f 178/178/178 178/178/178 171/171/171 
f 171/171/171 178/178/178 179/179/179 
f 178/178/178 178/178/178 179/179/179 
f 179/179/179 178/178/178 180/180/180 
f 178/178/178 178/178/178 180/180/180 
f 180/180/180 178/178/178 181/181/181 
f 178/178/178 178/178/178 181/181/181 
f 181/181/181 178/178/178 121/121/121 
f 178/178/178 177/177/177 121/121/121 
f 121/121/121 177/177/177 120/120/120 
f 177/177/177 120/120/120 120/120/120 
f 120/120/120 120/120/120 175/175/175 
f 120/120/120 175/175/175 175/175/175 
f 175/175/175 175/175/175 174/174/174 
f 175/175/175 176/176/176 174/174/174 
f 174/174/174 176/176/176 173/173/173 
f 176/176/176 172/172/172 173/173/173 
f 173/173/173 172/172/172 172/172/172 
f 172/172/172 182/182/182 172/172/172 
f 172/172/172 182/182/182 182/182/182 
f 182/182/182 183/183/183 182/182/182 
f 182/182/182 183/183/183 184/184/184 
f 183/183/183 183/183/183 184/184/184 
f 184/184/184 183/183/183 185/185/185 
f 183/183/183 186/186/186 185/185/185 
f 185/185/185 186/186/186 187/187/187 
f 186/186/186 188/188/188 187/187/187 
f 187/187/187 188/188/188 187/187/187 
f 188/188/188 189/189/189 187/187/187 
f 187/187/187 189/189/189 190/190/190 
f 189/189/189 189/189/189 190/190/190 
f 190/190/190 189/189/189 191/191/191 
f 189/189/189 192/192/192 191/191/191 
f 191/191/191 192/192/192 193/193/193 
f 192/192/192 194/194/194 193/193/193 
f 193/193/193 194/194/194 195/195/195 
f 194/194/194 196/196/196 195/195/195 
f 195/195/195 196/196/196 197/197/197 
f 196/196/196 196/196/196 197/197/197 
f 197/197/197 196/196/196 198/198/198 
f 196/196/196 199/199/199 198/198/198 
f 198/198/198 199/199/199 198/198/198 
f 199/199/199 200/200/200 198/198/198 
f 198/198/198 200/200/200 201/201/201 
f 200/200/200 200/200/200 201/201/201 
f 201/201/201 200/200/200 202/202/202 
f 200/200/200 203/203/203 202/202/202 
f 202/202/202 203/203/203 202/202/202 
f 203/203/203 204/204/204 202/202/202 
f 202/202/202 204/204/204 205/205/205 
f 204/204/204 204/204/204 205/205/205 
f 205/205/205 204/204/204 206/206/206 
f 204/204/204 207/207/207 206/206/206 
f 206/206/206 207/207/207 208/208/208 
f 207/207/207 209/209/209 208/208/208 
f 208/208/208 209/209/209 210/210/210 
f 209/209/209 211/211/211 210/210/210 
f 210/210/210 211/211/211 212/212/212 
f 211/211/211 211/211/211 212/212/212 
f 212/212/212 211/211/211 213/213/213 
f 211/211/211 214/214/214 213/213/213 
f 213/213/213 214/214/214 213/213/213 
f 214/214/214 215/215/215 213/213/213 
f 213/213/213 215/215/215 216/216/216 
f 215/215/215 217/217/217 216/216/216 
f 216/216/216 217/217/217 218/218/218 
f 217/217/217 217/217/217 218/218/218 
f 218/218/218 217/217/217 219/219/219 
f 217/217/217 220/220/220 219/219/219 
f 219/219/219 220/220/220 219/219/219 
f 220/220/220 221/221/221 219/219/219 
f 219/219/219 221/221/221 222/222/222 
f 221/221/221 221/221/221 222/222/222 
f 222/222/222 221/221/221 223/223/223 
f 221/221/221 221/221/221 223/223/223 
f 223/223/223 221/221/221 224/224/224 
f 221/221/221 221/221/221 224/224/224 
f 224/224/224 221/221/221 225/225/225 
f 221/221/221 226/226/226 225/225/225 
f 225/225/225 226/226/226 225/225/225 
f 226/226/226 227/227/227 225/225/225 
f 225/225/225 227/227/227 228/228/228 
f 227/227/227 229/229/229 228/228/228 
f 228/228/228 229/229/229 230/230/230 
f 229/229/229 229/229/229 230/230/230 
f 230/230/230 229/229/229 231/231/231 
f 229/229/229 232/232/232 231/231/231 
f 231/231/231 232/232/232 231/231/231 
f 232/232/232 233/233/233 231/231/231 
f 231/231/231 233/233/233 234/234/234 
f 233/233/233 233/233/233 234/234/234 
f 234/234/234 233/233/233 235/235/235 
f 233/233/233 236/236/236 235/235/235 
f 235/235/235 236/236/236 237/237/237 
f 236/236/236 238/238/238 237/237/237 
f 237/237/237 238/238/238 237/237/237 
f 238/238/238 239/239/239 237/237/237 
f 237/237/237 239/239/239 240/240/240 
f 239/239/239 239/239/239 240/240/240 
f 240/240/240 239/239/239 241/241/241 
f 239/239/239 239/239/239 241/241/241 
f 241/241/241 239/239/239 242/242/242 
f 239/239/239 239/239/239 242/242/242 
f 242/242/242 239/239/239 182/182/182 
f 239/239/239 243/243/243 182/182/182 
f 182/182/182 243/243/243 183/183/183 
f 243/243/243 243/243/243 183/183/183 
f 183/183/183 243/243/243 244/244/244 
f 243/243/243 245/245/245 244/244/244 
f 244/244/244 245/245/245 246/246/246 
f 245/245/245 238/238/238 246/246/246 
f 246/246/246 238/238/238 246/246/246 
f 238/238/238 236/236/236 246/246/246 
f 246/246/246 236/236/236 247/247/247 
f 236/236/236 233/233/233 247/247/247 
f 247/247/247 233/233/233 233/233/233 
f 233/233/233 193/193/193 233/233/233 
f 233/233/233 193/193/193 193/193/193 
f 193/193/193 248/248/248 193/193/193 
f 193/193/193 248/248/248 191/191/191 
f 248/248/248 191/191/191 191/191/191 
f 191/191/191 191/191/191 208/208/208 
f 191/191/191 208/208/208 208/208/208 
f 208/208/208 208/208/208 249/249/249 
f 208/208/208 210/210/210 249/249/249 
f 249/249/249 210/210/210 210/210/210 
f 210/210/210 220/220/220 210/210/210 
f 210/210/210 220/220/220 220/220/220 
f 220/220/220 226/226/226 220/220/220 
f 220/220/220 226/226/226 221/221/221 
f 226/226/226 221/221/221 221/221/221 
f 221/221/221 221/221/221 239/239/239 
f 221/221/221 239/239/239 239/239/239 
f 239/239/239 239/239/239 243/243/243 
f 239/239/239 238/238/238 243/243/243 
f 243/243/243 238/238/238 245/245/245 
f 238/238/238 245/245/245 245/245/245 
f 245/245/245 245/245/245 247/247/247 
f 245/245/245 247/247/247 247/247/247 
f 247/247/247 247/247/247 246/246/246 
f 247/247/247 250/250/250 246/246/246 
f 246/246/246 250/250/250 244/244/244 
f 250/250/250 251/251/251 244/244/244 
f 244/244/244 251/251/251 183/183/183 
f 251/251/251 251/251/251 183/183/183 
f 183/183/183 251/251/251 186/186/186 
f 251/251/251 252/252/252 186/186/186 
f 186/186/186 252/252/252 188/188/188 
f 252/252/252 253/253/253 188/188/188 
f 188/188/188 253/253/253 189/189/189 
f 253/253/253 253/253/253 189/189/189 
f 189/189/189 253/253/253 192/192/192 
f 253/253/253 253/253/253 192/192/192 
f 192/192/192 253/253/253 194/194/194 
f 253/253/253 253/253/253 194/194/194 
f 194/194/194 253/253/253 196/196/196 
f 253/253/253 254/254/254 196/196/196 
f 196/196/196 254/254/254 199/199/199 
f 254/254/254 255/255/255 199/199/199 
f 199/199/199 255/255/255 200/200/200 
f 255/255/255 200/200/200 200/200/200 
f 200/200/200 200/200/200 253/253/253 
f 200/200/200 253/253/253 253/253/253 
f 253/253/253 253/253/253 254/254/254 
f 253/253/253 256/256/256 254/254/254 
f 254/254/254 256/256/256 257/257/257 
f 256/256/256 256/256/256 257/257/257 
f 257/257/257 256/256/256 258/258/258 
f 256/256/256 259/259/259 258/258/258 
f 258/258/258 259/259/259 260/260/260 
f 259/259/259 250/250/250 260/260/260 
f 260/260/260 250/250/250 260/260/260 
f 250/250/250 247/247/247 260/260/260 
f 260/260/260 247/247/247 261/261/261 
f 247/247/247 233/233/233 261/261/261 
f 261/261/261 233/233/233 261/261/261 
f 233/233/233 232/232/232 261/261/261 
f 261/261/261 232/232/232 261/261/261 
f 232/232/232 229/229/229 261/261/261 
f 261/261/261 229/229/229 262/262/262 
f 229/229/229 227/227/227 262/262/262 
f 262/262/262 227/227/227 263/263/263 
f 227/227/227 226/226/226 263/263/263 
f 263/263/263 226/226/226 264/264/264 
f 226/226/226 220/220/220 264/264/264 
f 264/264/264 220/220/220 265/265/265 
f 220/220/220 217/217/217 265/265/265 
f 265/265/265 217/217/217 217/217/217 
f 217/217/217 254/254/254 217/217/217 
f 217/217/217 254/254/254 254/254/254 
f 254/254/254 257/257/257 254/254/254 
f 254/254/254 257/257/257 255/255/255 
f 257/257/257 255/255/255 255/255/255 
f 255/255/255 255/255/255 253/253/253 
f 255/255/255 253/253/253 253/253/253 
f 253/253/253 253/253/253 256/256/256 
f 253/253/253 252/252/252 256/256/256 
f 256/256/256 252/252/252 256/256/256 
f 252/252/252 251/251/251 256/256/256 
f 256/256/256 251/251/251 259/259/259 
f 251/251/251 250/250/250 259/259/259 
f 259/259/259 250/250/250 250/250/250 
f 250/250/250 264/264/264 250/250/250 
f 250/250/250 264/264/264 264/264/264 
f 264/264/264 265/265/265 264/264/264 
f 264/264/264 265/265/265 263/263/263 
f 265/265/265 266/266/266 263/263/263 
f 263/263/263 266/266/266 262/262/262 
f 266/266/266 267/267/267 262/262/262 
f 262/262/262 267/267/267 261/261/261 
f 267/267/267 268/268/268 261/261/261 
f 261/261/261 268/268/268 260/260/260 
f 268/268/268 269/269/269 260/260/260 
f 260/260/260 269/269/269 258/258/258 
f 269/269/269 270/270/270 258/258/258 
f 258/258/258 270/270/270 257/257/257 
f 270/270/270 270/270/270 257/257/257 
f 257/257/257 270/270/270 255/255/255 
f 270/270/270 271/271/271 255/255/255 
f 255/255/255 271/271/271 200/200/200 
f 271/271/271 272/272/272 200/200/200 
f 200/200/200 272/272/272 203/203/203 
f 272/272/272 273/273/273 203/203/203 
f 203/203/203 273/273/273 204/204/204 
f 273/273/273 204/204/204 204/204/204 
f 204/204/204 204/204/204 268/268/268 
f 204/204/204 268/268/268 268/268/268 
f 268/268/268 268/268/268 269/269/269 
f 268/268/268 267/267/267 269/269/269 
f 269/269/269 267/267/267 274/274/274 
f 267/267/267 275/275/275 274/274/274 
f 274/274/274 275/275/275 274/274/274 
f 275/275/275 276/276/276 274/274/274 
f 274/274/274 276/276/276 277/277/277 
f 276/276/276 273/273/273 277/277/277 
f 277/277/277 273/273/273 277/277/277 
f 273/273/273 272/272/272 277/277/277 
f 277/277/277 272/272/272 270/270/270 
f 272/272/272 271/271/271 270/270/270 
f 270/270/270 271/271/271 271/271/271 
f 271/271/271 277/277/277 271/271/271 
f 271/271/271 277/277/277 277/277/277 
f 277/277/277 270/270/270 277/277/277 
f 277/277/277 270/270/270 274/274/274 
f 270/270/270 269/269/269 274/274/274 
f 274/274/274 269/269/269 269/269/269 
f 269/269/269 275/275/275 269/269/269 
f 269/269/269 275/275/275 275/275/275 
f 275/275/275 267/267/267 275/275/275 
f 275/275/275 267/267/267 266/266/266 
f 267/267/267 266/266/266 266/266/266 
f 266/266/266 266/266/266 276/276/276 
f 266/266/266 276/276/276 276/276/276 
f 276/276/276 276/276/276 273/273/273 
f 276/276/276 278/278/278 273/273/273 
f 273/273/273 278/278/278 204/204/204 
f 278/278/278 278/278/278 204/204/204 
f 204/204/204 278/278/278 207/207/207 
f 278/278/278 278/278/278 207/207/207 
f 207/207/207 278/278/278 209/209/209 
f 278/278/278 278/278/278 209/209/209 
f 209/209/209 278/278/278 211/211/211 
f 278/278/278 278/278/278 211/211/211 
f 211/211/211 278/278/278 214/214/214 
f 278/278/278 279/279/279 214/214/214 
f 214/214/214 279/279/279 215/215/215 
f 279/279/279 280/280/280 215/215/215 
f 215/215/215 280/280/280 217/217/217 
f 280/280/280 280/280/280 217/217/217 
f 217/217/217 280/280/280 265/265/265 
f 280/280/280 280/280/280 265/265/265 
f 265/265/265 280/280/280 266/266/266 
f 280/280/280 280/280/280 266/266/266 
f 266/266/266 280/280/280 275/275/275 
f 280/280/280 280/280/280 275/275/275 
f 275/275/275 280/280/280 276/276/276 
f 280/280/280 279/279/279 276/276/276 
f 276/276/276 279/279/279 278/278/278 
f 279/279/279 278/278/278 278/278/278 
f 278/278/278 278/278/278 281/281/281 
f 278/278/278 281/281/281 281/281/281 
f 281/281/281 281/281/281 282/282/282 
f 281/281/281 283/283/283 282/282/282 
f 282/282/282 283/283/283 284/284/284 
f 283/283/283 283/283/283 284/284/284 
f 284/284/284 283/283/283 285/285/285 
f 283/283/283 283/283/283 285/285/285 
f 285/285/285 283/283/283 286/286/286 
f 283/283/283 283/283/283 286/286/286 
f 286/286/286 283/283/283 287/287/287 
f 283/283/283 281/281/281 287/287/287 
f 287/287/287 281/281/281 288/288/288 
f 281/281/281 282/282/282 288/288/288 
f 288/288/288 282/282/282 289/289/289 
f 282/282/282 282/282/282 289/289/289 
f 289/289/289 282/282/282 290/290/290 
f 282/282/282 284/284/284 290/290/290 
f 290/290/290 284/284/284 291/291/291 
f 284/284/284 292/292/292 291/291/291 
f 291/291/291 292/292/292 291/291/291 
f 292/292/292 293/293/293 291/291/291 
f 291/291/291 293/293/293 291/291/291 
f 293/293/293 294/294/294 291/291/291 
f 291/291/291 294/294/294 290/290/290 
f 294/294/294 295/295/295 290/290/290 
f 290/290/290 295/295/295 296/296/296 
f 295/295/295 297/297/297 296/296/296 
f 296/296/296 297/297/297 298/298/298 
f 297/297/297 297/297/297 298/298/298 
f 298/298/298 297/297/297 299/299/299 
f 297/297/297 297/297/297 299/299/299 
f 299/299/299 297/297/297 300/300/300 
f 297/297/297 295/295/295 300/300/300 
f 300/300/300 295/295/295 294/294/294 
f 295/295/295 294/294/294 294/294/294 
f 294/294/294 294/294/294 284/284/284 
f 294/294/294 284/284/284 284/284/284 
f 284/284/284 284/284/284 292/292/292 
f 284/284/284 285/285/285 292/292/292 
f 292/292/292 285/285/285 285/285/285 
f 285/285/285 290/290/290 285/285/285 
f 285/285/285 290/290/290 290/290/290 
f 290/290/290 296/296/296 290/290/290 
f 290/290/290 296/296/296 289/289/289 
f 296/296/296 301/301/301 289/289/289 
f 289/289/289 301/301/301 289/289/289 
f 301/301/301 302/302/302 289/289/289 
f 289/289/289 302/302/302 289/289/289 
f 302/302/302 303/303/303 289/289/289 
f 289/289/289 303/303/303 288/288/288 
f 303/303/303 304/304/304 288/288/288 
f 288/288/288 304/304/304 287/287/287 
f 304/304/304 305/305/305 287/287/287 
f 287/287/287 305/305/305 286/286/286 
f 305/305/305 306/306/306 286/286/286 
f 286/286/286 306/306/306 307/307/307 
f 306/306/306 308/308/308 307/307/307 
f 307/307/307 308/308/308 309/309/309 
f 308/308/308 309/309/309 309/309/309 
f 309/309/309 309/309/309 296/296/296 
f 309/309/309 296/296/296 296/296/296 
f 296/296/296 296/296/296 301/301/301 
f 296/296/296 298/298/298 301/301/301 
f 301/301/301 298/298/298 298/298/298 
f 298/298/298 303/303/303 298/298/298 
f 298/298/298 303/303/303 303/303/303 
f 303/303/303 310/310/310 303/303/303 
f 303/303/303 310/310/310 304/304/304 
f 310/310/310 311/311/311 304/304/304 
f 304/304/304 311/311/311 304/304/304 
f 311/311/311 312/312/312 304/304/304 
f 304/304/304 312/312/312 305/305/305 
f 312/312/312 305/305/305 305/305/305 
f 305/305/305 305/305/305 286/286/286 
f 305/305/305 286/286/286 286/286/286 
f 286/286/286 286/286/286 285/285/285 
f 286/286/286 307/307/307 285/285/285 
f 285/285/285 307/307/307 313/313/313 
f 307/307/307 314/314/314 313/313/313 
f 313/313/313 314/314/314 315/315/315 
f 314/314/314 309/309/309 315/315/315 
f 315/315/315 309/309/309 315/315/315 
f 309/309/309 316/316/316 315/315/315 
f 315/315/315 316/316/316 315/315/315 
f 316/316/316 317/317/317 315/315/315 
f 315/315/315 317/317/317 318/318/318 
f 317/317/317 319/319/319 318/318/318 
f 318/318/318 319/319/319 319/319/319 
f 319/319/319 285/285/285 319/319/319 
f 319/319/319 285/285/285 285/285/285 
f 285/285/285 313/313/313 285/285/285 
f 285/285/285 313/313/313 292/292/292 
f 313/313/313 320/320/320 292/292/292 
f 292/292/292 320/320/320 321/321/321 
f 320/320/320 322/322/322 321/321/321 
f 321/321/321 322/322/322 321/321/321 
f 322/322/322 323/323/323 321/321/321 
f 321/321/321 323/323/323 321/321/321 
f 323/323/323 324/324/324 321/321/321 
f 321/321/321 324/324/324 293/293/293 
f 324/324/324 325/325/325 293/293/293 
f 293/293/293 325/325/325 294/294/294 
f 325/325/325 326/326/326 294/294/294 
f 294/294/294 326/326/326 300/300/300 
f 326/326/326 300/300/300 300/300/300 
f 300/300/300 300/300/300 307/307/307 
f 300/300/300 307/307/307 307/307/307 
f 307/307/307 307/307/307 314/314/314 
f 307/307/307 309/309/309 314/314/314 
f 314/314/314 309/309/309 309/309/309 
f 309/309/309 320/320/320 309/309/309 
f 309/309/309 320/320/320 320/320/320 
f 320/320/320 313/313/313 320/320/320 
f 320/320/320 313/313/313 322/322/322 
f 313/313/313 313/313/313 322/322/322 
f 322/322/322 313/313/313 327/327/327 
f 313/313/313 315/315/315 327/327/327 
f 327/327/327 315/315/315 318/318/318 
f 315/315/315 318/318/318 318/318/318 
f 318/318/318 318/318/318 292/292/292 
f 318/318/318 292/292/292 292/292/292 
f 292/292/292 292/292/292 293/293/293 
f 292/292/292 321/321/321 293/293/293 
f 293/293/293 321/321/321 321/321/321 
f 321/321/321 326/326/326 321/321/321 
f 321/321/321 326/326/326 326/326/326 
f 326/326/326 325/325/325 326/326/326 
f 326/326/326 325/325/325 328/328/328 
f 325/325/325 324/324/324 328/328/328 
f 328/328/328 324/324/324 324/324/324 
f 324/324/324 329/329/329 324/324/324 
f 324/324/324 329/329/329 329/329/329 
f 329/329/329 299/299/299 329/329/329 
f 329/329/329 299/299/299 330/330/330 
f 299/299/299 299/299/299 330/330/330 
f 330/330/330 299/299/299 331/331/331 
f 299/299/299 300/300/300 331/331/331 
f 331/331/331 300/300/300 332/332/332 
f 300/300/300 300/300/300 332/332/332 
f 332/332/332 300/300/300 333/333/333 
f 300/300/300 326/326/326 333/333/333 
f 333/333/333 326/326/326 334/334/334 
f 326/326/326 328/328/328 334/334/334 
f 334/334/334 328/328/328 328/328/328 
f 328/328/328 298/298/298 328/328/328 
f 328/328/328 298/298/298 298/298/298 
f 298/298/298 299/299/299 298/298/298 
f 298/298/298 299/299/299 329/329/329 
f 299/299/299 329/329/329 329/329/329 
f 329/329/329 329/329/329 335/335/335 
f 329/329/329 335/335/335 335/335/335 
f 335/335/335 335/335/335 336/336/336 
f 335/335/335 330/330/330 336/336/336 
f 336/336/336 330/330/330 336/336/336 
f 330/330/330 331/331/331 336/336/336 
f 336/336/336 331/331/331 336/336/336 
f 331/331/331 332/332/332 336/336/336 
f 336/336/336 332/332/332 337/337/337 
f 332/332/332 333/333/333 337/337/337 
f 337/337/337 333/333/333 338/338/338 
f 333/333/333 333/333/333 338/338/338 
f 338/338/338 333/333/333 339/339/339 
f 333/333/333 334/334/334 339/339/339 
f 339/339/339 334/334/334 340/340/340 
f 334/334/334 328/328/328 340/340/340 
f 340/340/340 328/328/328 341/341/341 
f 328/328/328 324/324/324 341/341/341 
f 341/341/341 324/324/324 342/342/342 
f 324/324/324 343/343/343 342/342/342 
f 342/342/342 343/343/343 342/342/342 
f 343/343/343 344/344/344 342/342/342 
f 342/342/342 344/344/344 342/342/342 
f 344/344/344 345/345/345 342/342/342 
f 342/342/342 345/345/345 340/340/340 
f 345/345/345 346/346/346 340/340/340 
f 340/340/340 346/346/346 340/340/340 
f 346/346/346 347/347/347 340/340/340 
f 340/340/340 347/347/347 339/339/339 
f 347/347/347 339/339/339 339/339/339 
f 339/339/339 339/339/339 342/342/342 
f 339/339/339 342/342/342 342/342/342 
f 342/342/342 342/342/342 341/341/341 
f 342/342/342 340/340/340 341/341/341 
f 341/341/341 340/340/340 340/340/340 
f 340/340/340 324/324/324 340/340/340 
f 340/340/340 324/324/324 324/324/324 
f 324/324/324 323/323/323 324/324/324 
f 324/324/324 323/323/323 343/343/343 
f 323/323/323 343/343/343 343/343/343 
f 343/343/343 343/343/343 346/346/346 
f 343/343/343 346/346/346 346/346/346 
f 346/346/346 346/346/346 348/348/348 
f 346/346/346 345/345/345 348/348/348 
f 348/348/348 345/345/345 348/348/348 
f 345/345/345 344/344/344 348/348/348 
f 348/348/348 344/344/344 348/348/348 
f 344/344/344 349/349/349 348/348/348 
f 348/348/348 349/349/349 350/350/350 
f 349/349/349 351/351/351 350/350/350 
f 350/350/350 351/351/351 352/352/352 
f 351/351/351 353/353/353 352/352/352 
f 352/352/352 353/353/353 354/354/354 
f 353/353/353 354/354/354 354/354/354 
f 354/354/354 354/354/354 346/346/346 
f 354/354/354 346/346/346 346/346/346 
f 346/346/346 346/346/346 355/355/355 
f 346/346/346 348/348/348 355/355/355 
f 355/355/355 348/348/348 356/356/356 
f 348/348/348 350/350/350 356/356/356 
f 356/356/356 350/350/350 352/352/352 
f 350/350/350 352/352/352 352/352/352 
f 352/352/352 352/352/352 353/353/353 
f 352/352/352 353/353/353 353/353/353 
f 353/353/353 353/353/353 357/357/357 
f 353/353/353 351/351/351 357/357/357 
f 357/357/357 351/351/351 357/357/357 
f 351/351/351 349/349/349 357/357/357 
f 357/357/357 349/349/349 358/358/358 
f 349/349/349 359/359/359 358/358/358 
f 358/358/358 359/359/359 358/358/358 
f 359/359/359 360/360/360 358/358/358 
f 358/358/358 360/360/360 361/361/361 
f 360/360/360 362/362/362 361/361/361 
f 361/361/361 362/362/362 362/362/362 
f 362/362/362 353/353/353 362/362/362 
f 362/362/362 353/353/353 353/353/353 
f 353/353/353 357/357/357 353/353/353 
f 353/353/353 357/357/357 363/363/363 
f 357/357/357 357/357/357 363/363/363 
f 363/363/363 357/357/357 361/361/361 
f 357/357/357 358/358/358 361/361/361 
f 361/361/361 358/358/358 358/358/358 
f 358/358/358 359/359/359 358/358/358 
f 358/358/358 359/359/359 359/359/359 
f 359/359/359 349/349/349 359/359/359 
f 359/359/359 349/349/349 364/364/364 
f 349/349/349 344/344/344 364/364/364 
f 364/364/364 344/344/344 364/364/364 
f 344/344/344 343/343/343 364/364/364 
f 364/364/364 343/343/343 364/364/364 
f 343/343/343 323/323/323 364/364/364 
f 364/364/364 323/323/323 365/365/365 
f 323/323/323 322/322/322 365/365/365 
f 365/365/365 322/322/322 322/322/322 
f 322/322/322 365/365/365 322/322/322 
f 322/322/322 365/365/365 365/365/365 
f 365/365/365 366/366/366 365/365/365 
f 365/365/365 366/366/366 364/364/364 
f 366/366/366 366/366/366 364/364/364 
f 364/364/364 366/366/366 359/359/359 
f 366/366/366 366/366/366 359/359/359 
f 359/359/359 366/366/366 360/360/360 
f 366/366/366 367/367/367 360/360/360 
f 360/360/360 367/367/367 362/362/362 
f 367/367/367 367/367/367 362/362/362 
f 362/362/362 367/367/367 368/368/368 
f 367/367/367 367/367/367 368/368/368 
f 368/368/368 367/367/367 369/369/369 
f 367/367/367 367/367/367 369/369/369 
f 369/369/369 367/367/367 370/370/370 
f 367/367/367 367/367/367 370/370/370 
f 370/370/370 367/367/367 371/371/371 
f 367/367/367 366/366/366 371/371/371 
f 371/371/371 366/366/366 372/372/372 
f 366/366/366 365/365/365 372/372/372 
f 372/372/372 365/365/365 372/372/372 
f 365/365/365 322/322/322 372/372/372 
f 372/372/372 322/322/322 372/372/372 
f 322/322/322 327/327/327 372/372/372 
f 372/372/372 327/327/327 373/373/373 
f 327/327/327 318/318/318 373/373/373 
f 373/373/373 318/318/318 374/374/374 
f 318/318/318 375/375/375 374/374/374 
f 374/374/374 375/375/375 370/370/370 
f 375/375/375 376/376/376 370/370/370 
f 370/370/370 376/376/376 369/369/369 
f 376/376/376 376/376/376 369/369/369 
f 369/369/369 376/376/376 377/377/377 
f 376/376/376 376/376/376 377/377/377 
f 377/377/377 376/376/376 378/378/378 
f 376/376/376 376/376/376 378/378/378 
f 378/378/378 376/376/376 379/379/379 
f 376/376/376 376/376/376 379/379/379 
f 379/379/379 376/376/376 319/319/319 
f 376/376/376 375/375/375 319/319/319 
f 319/319/319 375/375/375 318/318/318 
f 375/375/375 318/318/318 318/318/318 
f 318/318/318 318/318/318 373/373/373 
f 318/318/318 373/373/373 373/373/373 
f 373/373/373 373/373/373 372/372/372 
f 373/373/373 374/374/374 372/372/372 
f 372/372/372 374/374/374 371/371/371 
f 374/374/374 370/370/370 371/371/371 
f 371/371/371 370/370/370 370/370/370 
f 370/370/370 380/380/380 370/370/370 
f 370/370/370 380/380/380 380/380/380 
f 380/380/380 381/381/381 380/380/380 
f 380/380/380 381/381/381 382/382/382 
f 381/381/381 381/381/381 382/382/382 
f 382/382/382 381/381/381 383/383/383 
f 381/381/381 384/384/384 383/383/383 
f 383/383/383 384/384/384 385/385/385 
f 384/384/384 386/386/386 385/385/385 
f 385/385/385 386/386/386 385/385/385 
f 386/386/386 387/387/387 385/385/385 
f 385/385/385 387/387/387 388/388/388 
f 387/387/387 387/387/387 388/388/388 
f 388/388/388 387/387/387 389/389/389 
f 387/387/387 390/390/390 389/389/389 
f 389/389/389 390/390/390 391/391/391 
f 390/390/390 392/392/392 391/391/391 
f 391/391/391 392/392/392 393/393/393 
f 392/392/392 394/394/394 393/393/393 
f 393/393/393 394/394/394 395/395/395 
f 394/394/394 394/394/394 395/395/395 
f 395/395/395 394/394/394 396/396/396 
f 394/394/394 397/397/397 396/396/396 
f 396/396/396 397/397/397 396/396/396 
f 397/397/397 398/398/398 396/396/396 
f 396/396/396 398/398/398 399/399/399 
f 398/398/398 398/398/398 399/399/399 
f 399/399/399 398/398/398 400/400/400 
f 398/398/398 401/401/401 400/400/400 
f 400/400/400 401/401/401 400/400/400 
f 401/401/401 402/402/402 400/400/400 
f 400/400/400 402/402/402 403/403/403 
f 402/402/402 402/402/402 403/403/403 
f 403/403/403 402/402/402 404/404/404 
f 402/402/402 405/405/405 404/404/404 
f 404/404/404 405/405/405 406/406/406 
f 405/405/405 407/407/407 406/406/406 
f 406/406/406 407/407/407 408/408/408 
f 407/407/407 409/409/409 408/408/408 
f 408/408/408 409/409/409 410/410/410 
f 409/409/409 409/409/409 410/410/410 
f 410/410/410 409/409/409 411/411/411 
f 409/409/409 412/412/412 411/411/411 
f 411/411/411 412/412/412 411/411/411 
f 412/412/412 413/413/413 411/411/411 
f 411/411/411 413/413/413 414/414/414 
f 413/413/413 415/415/415 414/414/414 
f 414/414/414 415/415/415 416/416/416 
f 415/415/415 415/415/415 416/416/416 
f 416/416/416 415/415/415 417/417/417 
f 415/415/415 418/418/418 417/417/417 
f 417/417/417 418/418/418 417/417/417 
f 418/418/418 419/419/419 417/417/417 
f 417/417/417 419/419/419 420/420/420 
f 419/419/419 419/419/419 420/420/420 
f 420/420/420 419/419/419 421/421/421 
f 419/419/419 419/419/419 421/421/421 
f 421/421/421 419/419/419 422/422/422 
f 419/419/419 419/419/419 422/422/422 
f 422/422/422 419/419/419 423/423/423 
f 419/419/419 424/424/424 423/423/423 
f 423/423/423 424/424/424 423/423/423 
f 424/424/424 425/425/425 423/423/423 
f 423/423/423 425/425/425 426/426/426 
f 425/425/425 427/427/427 426/426/426 
f 426/426/426 427/427/427 428/428/428 
f 427/427/427 427/427/427 428/428/428 
f 428/428/428 427/427/427 429/429/429 
f 427/427/427 430/430/430 429/429/429 
f 429/429/429 430/430/430 429/429/429 
f 430/430/430 431/431/431 429/429/429 
f 429/429/429 431/431/431 432/432/432 
f 431/431/431 431/431/431 432/432/432 
f 432/432/432 431/431/431 433/433/433 
f 431/431/431 434/434/434 433/433/433 
f 433/433/433 434/434/434 435/435/435 
f 434/434/434 436/436/436 435/435/435 
f 435/435/435 436/436/436 435/435/435 
f 436/436/436 437/437/437 435/435/435 
f 435/435/435 437/437/437 438/438/438 
f 437/437/437 437/437/437 438/438/438 
f 438/438/438 437/437/437 439/439/439 
f 437/437/437 437/437/437 439/439/439 
f 439/439/439 437/437/437 440/440/440 
f 437/437/437 437/437/437 440/440/440 
f 440/440/440 437/437/437 380/380/380 
f 437/437/437 441/441/441 380/380/380 
f 380/380/380 441/441/441 381/381/381 
f 441/441/441 441/441/441 381/381/381 
f 381/381/381 441/441/441 442/442/442 
f 441/441/441 443/443/443 442/442/442 
f 442/442/442 443/443/443 444/444/444 
f 443/443/443 436/436/436 444/444/444 
f 444/444/444 436/436/436 444/444/444 
f 436/436/436 434/434/434 444/444/444 
f 444/444/444 434/434/434 445/445/445 
f 434/434/434 431/431/431 445/445/445 
f 445/445/445 431/431/431 431/431/431 
f 431/431/431 391/391/391 431/431/431 
f 431/431/431 391/391/391 391/391/391 
f 391/391/391 446/446/446 391/391/391 
f 391/391/391 446/446/446 389/389/389 
f 446/446/446 389/389/389 389/389/389 
f 389/389/389 389/389/389 406/406/406 
f 389/389/389 406/406/406 406/406/406 
f 406/406/406 406/406/406 447/447/447 
f 406/406/406 408/408/408 447/447/447 
f 447/447/447 408/408/408 408/408/408 
f 408/408/408 418/418/418 408/408/408 
f 408/408/408 418/418/418 418/418/418 
f 418/418/418 424/424/424 418/418/418 
f 418/418/418 424/424/424 419/419/419 
f 424/424/424 419/419/419 419/419/419 
f 419/419/419 419/419/419 437/437/437 
f 419/419/419 437/437/437 437/437/437 
f 437/437/437 437/437/437 441/441/441 
f 437/437/437 436/436/436 441/441/441 
f 441/441/441 436/436/436 443/443/443 
f 436/436/436 443/443/443 443/443/443 
f 443/443/443 443/443/443 445/445/445 
f 443/443/443 445/445/445 445/445/445 
f 445/445/445 445/445/445 444/444/444 
f 445/445/445 448/448/448 444/444/444 
f 444/444/444 448/448/448 442/442/442 
f 448/448/448 449/449/449 442/442/442 
f 442/442/442 449/449/449 381/381/381 
f 449/449/449 449/449/449 381/381/381 
f 381/381/381 449/449/449 384/384/384 
f 449/449/449 450/450/450 384/384/384 
f 384/384/384 450/450/450 386/386/386 
f 450/450/450 451/451/451 386/386/386 
f 386/386/386 451/451/451 387/387/387 
f 451/451/451 451/451/451 387/387/387 
f 387/387/387 451/451/451 390/390/390 
f 451/451/451 451/451/451 390/390/390 
f 390/390/390 451/451/451 392/392/392 
f 451/451/451 451/451/451 392/392/392 
f 392/392/392 451/451/451 394/394/394 
f 451/451/451 452/452/452 394/394/394 
f 394/394/394 452/452/452 397/397/397 
f 452/452/452 453/453/453 397/397/397 
f 397/397/397 453/453/453 398/398/398 
f 453/453/453 398/398/398 398/398/398 
f 398/398/398 398/398/398 451/451/451 
f 398/398/398 451/451/451 451/451/451 
f 451/451/451 451/451/451 452/452/452 
f 451/451/451 454/454/454 452/452/452 
f 452/452/452 454/454/454 455/455/455 
f 454/454/454 454/454/454 455/455/455 
f 455/455/455 454/454/454 456/456/456 
f 454/454/454 457/457/457 456/456/456 
f 456/456/456 457/457/457 458/458/458 
f 457/457/457 448/448/448 458/458/458 
f 458/458/458 448/448/448 458/458/458 
f 448/448/448 445/445/445 458/458/458 
f 458/458/458 445/445/445 459/459/459 
f 445/445/445 431/431/431 459/459/459 
f 459/459/459 431/431/431 459/459/459 
f 431/431/431 430/430/430 459/459/459 
f 459/459/459 430/430/430 459/459/459 
f 430/430/430 427/427/427 459/459/459 
f 459/459/459 427/427/427 460/460/460 
f 427/427/427 425/425/425 460/460/460 
f 460/460/460 425/425/425 461/461/461 
f 425/425/425 424/424/424 461/461/461 
f 461/461/461 424/424/424 462/462/462 
f 424/424/424 418/418/418 462/462/462 
f 462/462/462 418/418/418 463/463/463 
f 418/418/418 415/415/415 463/463/463 
f 463/463/463 415/415/415 415/415/415 
f 415/415/415 452/452/452 415/415/415 
f 415/415/415 452/452/452 452/452/452 
f 452/452/452 455/455/455 452/452/452 
f 452/452/452 455/455/455 453/453/453 
f 455/455/455 453/453/453 453/453/453 
f 453/453/453 453/453/453 451/451/451 
f 453/453/453 451/451/451 451/451/451 
f 451/451/451 451/451/451 454/454/454 
f 451/451/451 450/450/450 454/454/454 
f 454/454/454 450/450/450 454/454/454 
f 450/450/450 449/449/449 454/454/454 
f 454/454/454 449/449/449 457/457/457 
f 449/449/449 448/448/448 457/457/457 
f 457/457/457 448/448/448 448/448/448 
f 448/448/448 462/462/462 448/448/448 
f 448/448/448 462/462/462 462/462/462 
f 462/462/462 463/463/463 462/462/462 
f 462/462/462 463/463/463 461/461/461 
f 463/463/463 464/464/464 461/461/461 
f 461/461/461 464/464/464 460/460/460 
f 464/464/464 465/465/465 460/460/460 
f 460/460/460 465/465/465 459/459/459 
f 465/465/465 466/466/466 459/459/459 
f 459/459/459 466/466/466 458/458/458 
f 466/466/466 467/467/467 458/458/458 
f 458/458/458 467/467/467 456/456/456 
f 467/467/467 468/468/468 456/456/456 
f 456/456/456 468/468/468 455/455/455 
f 468/468/468 468/468/468 455/455/455 
f 455/455/455 468/468/468 453/453/453 
f 468/468/468 469/469/469 453/453/453 
f 453/453/453 469/469/469 398/398/398 
f 469/469/469 470/470/470 398/398/398 
f 398/398/398 470/470/470 401/401/401 
f 470/470/470 471/471/471 401/401/401 
f 401/401/401 471/471/471 402/402/402 
f 471/471/471 402/402/402 402/402/402 
f 402/402/402 402/402/402 466/466/466 
f 402/402/402 466/466/466 466/466/466 
f 466/466/466 466/466/466 467/467/467 
f 466/466/466 465/465/465 467/467/467 
f 467/467/467 465/465/465 472/472/472 
f 465/465/465 473/473/473 472/472/472 
f 472/472/472 473/473/473 472/472/472 
f 473/473/473 474/474/474 472/472/472 
f 472/472/472 474/474/474 475/475/475 
f 474/474/474 471/471/471 475/475/475 
f 475/475/475 471/471/471 475/475/475 
f 471/471/471 470/470/470 475/475/475 
f 475/475/475 470/470/470 468/468/468 
f 470/470/470 469/469/469 468/468/468 
f 468/468/468 469/469/469 469/469/469 
f 469/469/469 475/475/475 469/469/469 
f 469/469/469 475/475/475 475/475/475 
f 475/475/475 468/468/468 475/475/475 
f 475/475/475 468/468/468 472/472/472 
f 468/468/468 467/467/467 472/472/472 
f 472/472/472 467/467/467 467/467/467 
f 467/467/467 473/473/473 467/467/467 
f 467/467/467 473/473/473 473/473/473 
f 473/473/473 465/465/465 473/473/473 
f 473/473/473 465/465/465 464/464/464 
f 465/465/465 464/464/464 464/464/464 
f 464/464/464 464/464/464 474/474/474 
f 464/464/464 474/474/474 474/474/474 
f 474/474/474 474/474/474 471/471/471 
f 474/474/474 476/476/476 471/471/471 
f 471/471/471 476/476/476 402/402/402 
f 476/476/476 476/476/476 402/402/402 
f 402/402/402 476/476/476 405/405/405 
f 476/476/476 476/476/476 405/405/405 
f 405/405/405 476/476/476 407/407/407 
f 476/476/476 476/476/476 407/407/407 
f 407/407/407 476/476/476 409/409/409 
f 476/476/476 476/476/476 409/409/409 
f 409/409/409 476/476/476 412/412/412 
f 476/476/476 477/477/477 412/412/412 
f 412/412/412 477/477/477 413/413/413 
f 477/477/477 478/478/478 413/413/413 
f 413/413/413 478/478/478 415/415/415 
f 478/478/478 478/478/478 415/415/415 
f 415/415/415 478/478/478 463/463/463 
f 478/478/478 478/478/478 463/463/463 
f 463/463/463 478/478/478 464/464/464 
f 478/478/478 478/478/478 464/464/464 
f 464/464/464 478/478/478 473/473/473 
f 478/478/478 478/478/478 473/473/473 
f 473/473/473 478/478/478 474/474/474 
f 478/478/478 477/477/477 474/474/474 
f 474/474/474 477/477/477 476/476/476 
f 477/477/477 476/476/476 476/476/476 
f 476/476/476 476/476/476 479/479/479 
f 476/476/476 479/479/479 479/479/479 
f 479/479/479 479/479/479 480/480/480 
f 479/479/479 481/481/481 480/480/480 
f 480/480/480 481/481/481 480/480/480 
f 481/481/481 482/482/482 480/480/480 
f 480/480/480 482/482/482 483/483/483 
f 482/482/482 484/484/484 483/483/483 
f 483/483/483 484/484/484 485/485/485 
f 484/484/484 486/486/486 485/485/485 
f 485/485/485 486/486/486 487/487/487 
f 486/486/486 488/488/488 487/487/487 
f 487/487/487 488/488/488 487/487/487 
f 488/488/488 489/489/489 487/487/487 
f 487/487/487 489/489/489 490/490/490 
f 489/489/489 491/491/491 490/490/490 
f 490/490/490 491/491/491 492/492/492 
f 491/491/491 493/493/493 492/492/492 
f 492/492/492 493/493/493 494/494/494 
f 493/493/493 495/495/495 494/494/494 
f 494/494/494 495/495/495 496/496/496 
f 495/495/495 497/497/497 496/496/496 
f 496/496/496 497/497/497 498/498/498 
f 497/497/497 497/497/497 498/498/498 
f 498/498/498 497/497/497 499/499/499 
f 497/497/497 500/500/500 499/499/499 
f 499/499/499 500/500/500 501/501/501 
f 500/500/500 502/502/502 501/501/501 
f 501/501/501 502/502/502 503/503/503 
f 502/502/502 504/504/504 503/503/503 
f 503/503/503 504/504/504 505/505/505 
f 504/504/504 506/506/506 505/505/505 
f 505/505/505 506/506/506 507/507/507 
f 506/506/506 508/508/508 507/507/507 
f 507/507/507 508/508/508 507/507/507 
f 508/508/508 509/509/509 507/507/507 
f 507/507/507 509/509/509 510/510/510 
f 509/509/509 511/511/511 510/510/510 
f 510/510/510 511/511/511 512/512/512 
f 511/511/511 513/513/513 512/512/512 
f 512/512/512 513/513/513 514/514/514 
f 513/513/513 514/514/514 514/514/514 
f 514/514/514 514/514/514 479/479/479 
f 514/514/514 479/479/479 479/479/479 
f 479/479/479 479/479/479 481/481/481 
f 479/479/479 515/515/515 481/481/481 
f 481/481/481 515/515/515 516/516/516 
f 515/515/515 517/517/517 516/516/516 
f 516/516/516 517/517/517 518/518/518 
f 517/517/517 519/519/519 518/518/518 
f 518/518/518 519/519/519 520/520/520 
f 519/519/519 520/520/520 520/520/520 
f 520/520/520 520/520/520 521/521/521 
f 520/520/520 521/521/521 521/521/521 
f 521/521/521 521/521/521 522/522/522 
f 521/521/521 523/523/523 522/522/522 
f 522/522/522 523/523/523 524/524/524 
f 523/523/523 525/525/525 524/524/524 
f 524/524/524 525/525/525 526/526/526 
f 525/525/525 527/527/527 526/526/526 
f 526/526/526 527/527/527 528/528/528 
f 527/527/527 528/528/528 528/528/528 
f 528/528/528 528/528/528 524/524/524 
f 528/528/528 524/524/524 524/524/524 
f 524/524/524 524/524/524 529/529/529 
f 524/524/524 526/526/526 529/529/529 
f 529/529/529 526/526/526 526/526/526 
f 526/526/526 525/525/525 526/526/526 
f 526/526/526 525/525/525 525/525/525 
f 525/525/525 530/530/530 525/525/525 
f 525/525/525 530/530/530 527/527/527 
f 530/530/530 531/531/531 527/527/527 
f 527/527/527 531/531/531 532/532/532 
f 531/531/531 533/533/533 532/532/532 
f 532/532/532 533/533/533 534/534/534 
f 533/533/533 535/535/535 534/534/534 
f 534/534/534 535/535/535 536/536/536 
f 535/535/535 536/536/536 536/536/536 
f 536/536/536 536/536/536 532/532/532 
f 536/536/536 532/532/532 532/532/532 
f 532/532/532 532/532/532 537/537/537 
f 532/532/532 534/534/534 537/537/537 
f 537/537/537 534/534/534 534/534/534 
f 534/534/534 533/533/533 534/534/534 
f 534/534/534 533/533/533 533/533/533 
f 533/533/533 538/538/538 533/533/533 
f 533/533/533 538/538/538 535/535/535 
f 538/538/538 538/538/538 535/535/535 
f 535/535/535 538/538/538 539/539/539 
f 538/538/538 540/540/540 539/539/539 
f 539/539/539 540/540/540 540/540/540 
f 540/540/540 541/541/541 540/540/540 
f 540/540/540 541/541/541 541/541/541 
f 541/541/541 542/542/542 541/541/541 
f 541/541/541 542/542/542 543/543/543 
f 542/542/542 544/544/544 543/543/543 
f 543/543/543 544/544/544 545/545/545 
f 544/544/544 544/544/544 545/545/545 
f 545/545/545 544/544/544 546/546/546 
f 544/544/544 547/547/547 546/546/546 
f 546/546/546 547/547/547 546/546/546 
f 547/547/547 548/548/548 546/546/546 
f 546/546/546 548/548/548 549/549/549 
f 548/548/548 550/550/550 549/549/549 
f 549/549/549 550/550/550 551/551/551 
f 550/550/550 551/551/551 551/551/551 
f 551/551/551 551/551/551 543/543/543 
f 551/551/551 543/543/543 543/543/543 
f 543/543/543 543/543/543 541/541/541 
f 543/543/543 552/552/552 541/541/541 
f 541/541/541 552/552/552 553/553/553 
f 552/552/552 554/554/554 553/553/553 
f 553/553/553 554/554/554 553/553/553 
f 554/554/554 555/555/555 553/553/553 
f 553/553/553 555/555/555 556/556/556 
f 555/555/555 555/555/555 556/556/556 
f 556/556/556 555/555/555 557/557/557 
f 555/555/555 558/558/558 557/557/557 
f 557/557/557 558/558/558 557/557/557 
f 558/558/558 559/559/559 557/557/557 
f 557/557/557 559/559/559 560/560/560 
f 559/559/559 559/559/559 560/560/560 
f 560/560/560 559/559/559 561/561/561 
f 559/559/559 562/562/562 561/561/561 
f 561/561/561 562/562/562 562/562/562 
f 562/562/562 563/563/563 562/562/562 
f 562/562/562 563/563/563 563/563/563 
f 563/563/563 564/564/564 563/563/563 
f 563/563/563 564/564/564 565/565/565 
f 564/564/564 566/566/566 565/565/565 
f 565/565/565 566/566/566 567/567/567 
f 566/566/566 567/567/567 567/567/567 
f 567/567/567 567/567/567 563/563/563 
f 567/567/567 563/563/563 563/563/563 
f 563/563/563 563/563/563 564/564/564 
f 563/563/563 568/568/568 564/564/564 
f 564/564/564 568/568/568 564/564/564 
f 568/568/568 569/569/569 564/564/564 
f 564/564/564 569/569/569 564/564/564 
f 569/569/569 570/570/570 564/564/564 
f 564/564/564 570/570/570 566/566/566 
f 570/570/570 566/566/566 566/566/566 
f 566/566/566 566/566/566 568/568/568 
f 566/566/566 568/568/568 568/568/568 
f 568/568/568 568/568/568 571/571/571 
f 568/568/568 563/563/563 571/571/571 
f 571/571/571 563/563/563 571/571/571 
f 563/563/563 565/565/565 571/571/571 
f 571/571/571 565/565/565 572/572/572 
f 565/565/565 567/567/567 572/572/572 
f 572/572/572 567/567/567 567/567/567 
f 567/567/567 572/572/572 567/567/567 
f 567/567/567 572/572/572 572/572/572 
f 572/572/572 573/573/573 572/572/572 
f 572/572/572 573/573/573 571/571/571 
f 573/573/573 573/573/573 571/571/571 
f 571/571/571 573/573/573 568/568/568 
f 573/573/573 574/574/574 568/568/568 
f 568/568/568 574/574/574 569/569/569 
f 574/574/574 575/575/575 569/569/569 
f 569/569/569 575/575/575 569/569/569 
f 575/575/575 576/576/576 569/569/569 
f 569/569/569 576/576/576 569/569/569 
f 576/576/576 577/577/577 569/569/569 
f 569/569/569 577/577/577 570/570/570 
f 577/577/577 578/578/578 570/570/570 
f 570/570/570 578/578/578 570/570/570 
f 578/578/578 579/579/579 570/570/570 
f 570/570/570 579/579/579 566/566/566 
f 579/579/579 580/580/580 566/566/566 
f 566/566/566 580/580/580 567/567/567 
f 580/580/580 581/581/581 567/567/567 
f 567/567/567 581/581/581 572/572/572 
f 581/581/581 582/582/582 572/572/572 
f 572/572/572 582/582/582 572/572/572 
f 582/582/582 583/583/583 572/572/572 
f 572/572/572 583/583/583 573/573/573 
f 583/583/583 584/584/584 573/573/573 
f 573/573/573 584/584/584 574/574/574 
f 584/584/584 584/584/584 574/574/574 
f 574/574/574 584/584/584 575/575/575 
f 584/584/584 584/584/584 575/575/575 
f 575/575/575 584/584/584 585/585/585 
f 584/584/584 584/584/584 585/585/585 
f 585/585/585 584/584/584 586/586/586 
f 584/584/584 587/587/587 586/586/586 
f 586/586/586 587/587/587 588/588/588 
f 587/587/587 589/589/589 588/588/588 
f 588/588/588 589/589/589 590/590/590 
f 589/589/589 591/591/591 590/590/590 
f 590/590/590 591/591/591 590/590/590 
f 591/591/591 592/592/592 590/590/590 
f 590/590/590 592/592/592 593/593/593 
f 592/592/592 592/592/592 593/593/593 
f 593/593/593 592/592/592 594/594/594 
f 592/592/592 595/595/595 594/594/594 
f 594/594/594 595/595/595 596/596/596 
f 595/595/595 595/595/595 596/596/596 
f 596/596/596 595/595/595 597/597/597 
f 595/595/595 578/578/578 597/597/597 
f 597/597/597 578/578/578 577/577/577 
f 578/578/578 577/577/577 577/577/577 
f 577/577/577 577/577/577 584/584/584 
f 577/577/577 584/584/584 584/584/584 
f 584/584/584 584/584/584 587/587/587 
f 584/584/584 583/583/583 587/587/587 
f 587/587/587 583/583/583 589/589/589 
f 583/583/583 582/582/582 589/589/589 
f 589/589/589 582/582/582 591/591/591 
f 582/582/582 591/591/591 591/591/591 
f 591/591/591 591/591/591 590/590/590 
f 591/591/591 590/590/590 590/590/590 
f 590/590/590 590/590/590 588/588/588 
f 590/590/590 593/593/593 588/588/588 
f 588/588/588 593/593/593 593/593/593 
f 593/593/593 578/578/578 593/593/593 
f 593/593/593 578/578/578 578/578/578 
f 578/578/578 595/595/595 578/578/578 
f 578/578/578 595/595/595 579/579/579 
f 595/595/595 598/598/598 579/579/579 
f 579/579/579 598/598/598 580/580/580 
f 598/598/598 580/580/580 580/580/580 
f 580/580/580 580/580/580 598/598/598 
f 580/580/580 598/598/598 598/598/598 
f 598/598/598 598/598/598 599/599/599 
f 598/598/598 595/595/595 599/599/599 
f 599/599/599 595/595/595 599/599/599 
f 595/595/595 592/592/592 599/599/599 
f 599/599/599 592/592/592 599/599/599 
f 592/592/592 591/591/591 599/599/599 
f 599/599/599 591/591/591 600/600/600 
f 591/591/591 582/582/582 600/600/600 
f 600/600/600 582/582/582 600/600/600 
f 582/582/582 581/581/581 600/600/600 
f 600/600/600 581/581/581 600/600/600 
f 581/581/581 580/580/580 600/600/600 
f 600/600/600 580/580/580 601/601/601 
f 580/580/580 598/598/598 601/601/601 
f 601/601/601 598/598/598 601/601/601 
f 598/598/598 599/599/599 601/601/601 
f 601/601/601 599/599/599 602/602/602 
f 599/599/599 600/600/600 602/602/602 
f 602/602/602 600/600/600 601/601/601 
f 600/600/600 601/601/601 601/601/601 
f 601/601/601 601/601/601 603/603/603 
f 601/601/601 603/603/603 603/603/603 
f 603/603/603 603/603/603 604/604/604 
f 603/603/603 605/605/605 604/604/604 
f 604/604/604 605/605/605 606/606/606 
f 605/605/605 607/607/607 606/606/606 
f 606/606/606 607/607/607 606/606/606 
f 607/607/607 608/608/608 606/606/606 
f 606/606/606 608/608/608 606/606/606 
f 608/608/608 609/609/609 606/606/606 
f 606/606/606 609/609/609 606/606/606 
f 609/609/609 610/610/610 606/606/606 
f 606/606/606 610/610/610 604/604/604 
f 610/610/610 604/604/604 604/604/604 
f 604/604/604 604/604/604 603/603/603 
f 604/604/604 603/603/603 603/603/603 
f 603/603/603 603/603/603 605/605/605 
f 603/603/603 611/611/611 605/605/605 
f 605/605/605 611/611/611 612/612/612 
f 611/611/611 613/613/613 612/612/612 
f 612/612/612 613/613/613 614/614/614 
f 613/613/613 615/615/615 614/614/614 
f 614/614/614 615/615/615 616/616/616 
f 615/615/615 617/617/617 616/616/616 
f 616/616/616 617/617/617 618/618/618 
f 617/617/617 619/619/619 618/618/618 
f 618/618/618 619/619/619 620/620/620 
f 619/619/619 621/621/621 620/620/620 
f 620/620/620 621/621/621 622/622/622 
f 621/621/621 622/622/622 622/622/622 
f 622/622/622 622/622/622 607/607/607 
f 622/622/622 607/607/607 607/607/607 
f 607/607/607 607/607/607 612/612/612 
f 607/607/607 605/605/605 612/612/612 
f 612/612/612 605/605/605 605/605/605 
f 605/605/605 617/617/617 605/605/605 
f 605/605/605 617/617/617 617/617/617 
f 617/617/617 623/623/623 617/617/617 
f 617/617/617 623/623/623 619/619/619 
f 623/623/623 624/624/624 619/619/619 
f 619/619/619 624/624/624 621/621/621 
f 624/624/624 625/625/625 621/621/621 
f 621/621/621 625/625/625 625/625/625 
f 625/625/625 625/625/625 625/625/625 
f 625/625/625 625/625/625 625/625/625 
f 625/625/625 626/626/626 625/625/625 
f 625/625/625 626/626/626 621/621/621 
f 626/626/626 627/627/627 621/621/621 
f 621/621/621 627/627/627 622/622/622 
f 627/627/627 628/628/628 622/622/622 
f 622/622/622 628/628/628 622/622/622 
f 628/628/628 629/629/629 622/622/622 
f 622/622/622 629/629/629 620/620/620 
f 629/629/629 630/630/630 620/620/620 
f 620/620/620 630/630/630 618/618/618 
f 630/630/630 618/618/618 618/618/618 
f 618/618/618 618/618/618 625/625/625 
f 618/618/618 625/625/625 625/625/625 
f 625/625/625 625/625/625 626/626/626 
f 625/625/625 631/631/631 626/626/626 
f 626/626/626 631/631/631 610/610/610 
f 631/631/631 604/604/604 610/610/610 
f 610/610/610 604/604/604 604/604/604 
f 604/604/604 610/610/610 604/604/604 
f 604/604/604 610/610/610 610/610/610 
f 610/610/610 609/609/609 610/610/610 
f 610/610/610 609/609/609 626/626/626 
f 609/609/609 609/609/609 626/626/626 
f 626/626/626 609/609/609 627/627/627 
f 609/609/609 632/632/632 627/627/627 
f 627/627/627 632/632/632 633/633/633 
f 632/632/632 628/628/628 633/633/633 
f 633/633/633 628/628/628 627/627/627 
f 628/628/628 627/627/627 627/627/627 
f 627/627/627 627/627/627 609/609/609 
f 627/627/627 609/609/609 609/609/609 
f 609/609/609 609/609/609 632/632/632 
f 609/609/609 608/608/608 632/632/632 
f 632/632/632 608/608/608 634/634/634 
f 608/608/608 608/608/608 634/634/634 
f 634/634/634 608/608/608 635/635/635 
f 608/608/608 607/607/607 635/635/635 
f 635/635/635 607/607/607 636/636/636 
f 607/607/607 637/637/637 636/636/636 
f 636/636/636 637/637/637 638/638/638 
f 637/637/637 637/637/637 638/638/638 
f 638/638/638 637/637/637 639/639/639 
f 637/637/637 612/612/612 639/639/639 
f 639/639/639 612/612/612 614/614/614 
f 612/612/612 614/614/614 614/614/614 
f 614/614/614 614/614/614 628/628/628 
f 614/614/614 628/628/628 628/628/628 
f 628/628/628 628/628/628 629/629/629 
f 628/628/628 632/632/632 629/629/629 
f 629/629/629 632/632/632 629/629/629 
f 632/632/632 634/634/634 629/629/629 
f 629/629/629 634/634/634 640/640/640 
f 634/634/634 641/641/641 640/640/640 
f 640/640/640 641/641/641 630/630/630 
f 641/641/641 641/641/641 630/630/630 
f 630/630/630 641/641/641 642/642/642 
f 641/641/641 638/638/638 642/642/642 
f 642/642/642 638/638/638 642/642/642 
f 638/638/638 639/639/639 642/642/642 
f 642/642/642 639/639/639 642/642/642 
f 639/639/639 614/614/614 642/642/642 
f 642/642/642 614/614/614 642/642/642 
f 614/614/614 616/616/616 642/642/642 
f 642/642/642 616/616/616 642/642/642 
f 616/616/616 618/618/618 642/642/642 
f 642/642/642 618/618/618 630/630/630 
f 618/618/618 630/630/630 630/630/630 
f 630/630/630 630/630/630 607/607/607 
f 630/630/630 607/607/607 607/607/607 
f 607/607/607 607/607/607 637/637/637 
f 607/607/607 612/612/612 637/637/637 
f 637/637/637 612/612/612 612/612/612 
f 612/612/612 636/636/636 612/612/612 
f 612/612/612 636/636/636 636/636/636 
f 636/636/636 638/638/638 636/636/636 
f 636/636/636 638/638/638 635/635/635 
f 638/638/638 641/641/641 635/635/635 
f 635/635/635 641/641/641 634/634/634 
f 641/641/641 634/634/634 634/634/634 
f 634/634/634 634/634/634 630/630/630 
f 634/634/634 630/630/630 630/630/630 
f 630/630/630 630/630/630 640/640/640 
f 630/630/630 629/629/629 640/640/640 
f 640/640/640 629/629/629 629/629/629 
f 629/629/629 643/643/643 629/629/629 
f 629/629/629 643/643/643 643/643/643 
f 643/643/643 644/644/644 643/643/643 
f 643/643/643 644/644/644 645/645/645 
f 644/644/644 646/646/646 645/645/645 
f 645/645/645 646/646/646 647/647/647 
f 646/646/646 646/646/646 647/647/647 
f 647/647/647 646/646/646 648/648/648 
f 646/646/646 649/649/649 648/648/648 
f 648/648/648 649/649/649 648/648/648 
f 649/649/649 650/650/650 648/648/648 
f 648/648/648 650/650/650 651/651/651 
f 650/650/650 652/652/652 651/651/651 
f 651/651/651 652/652/652 653/653/653 
f 652/652/652 653/653/653 653/653/653 
f 653/653/653 653/653/653 645/645/645 
f 653/653/653 645/645/645 645/645/645 
f 645/645/645 645/645/645 643/643/643 
f 645/645/645 654/654/654 643/643/643 
f 643/643/643 654/654/654 655/655/655 
f 654/654/654 656/656/656 655/655/655 
f 655/655/655 656/656/656 655/655/655 
f 656/656/656 657/657/657 655/655/655 
f 655/655/655 657/657/657 658/658/658 
f 657/657/657 657/657/657 658/658/658 
f 658/658/658 657/657/657 659/659/659 
f 657/657/657 660/660/660 659/659/659 
f 659/659/659 660/660/660 659/659/659 
f 660/660/660 661/661/661 659/659/659 
f 659/659/659 661/661/661 662/662/662 
f 661/661/661 661/661/661 662/662/662 
f 662/662/662 661/661/661 663/663/663 
f 661/661/661 664/664/664 663/663/663 
f 663/663/663 664/664/664 664/664/664 
f 664/664/664 665/665/665 664/664/664 
f 664/664/664 665/665/665 665/665/665 
f 665/665/665 666/666/666 665/665/665 
f 665/665/665 666/666/666 667/667/667 
f 666/666/666 668/668/668 667/667/667 
f 667/667/667 668/668/668 669/669/669 
f 668/668/668 669/669/669 669/669/669 
f 669/669/669 669/669/669 665/665/665 
f 669/669/669 665/665/665 665/665/665 
f 665/665/665 665/665/665 666/666/666 
f 665/665/665 670/670/670 666/666/666 
f 666/666/666 670/670/670 666/666/666 
f 670/670/670 671/671/671 666/666/666 
f 666/666/666 671/671/671 666/666/666 
f 671/671/671 672/672/672 666/666/666 
f 666/666/666 672/672/672 668/668/668 
f 672/672/672 668/668/668 668/668/668 
f 668/668/668 668/668/668 670/670/670 
f 668/668/668 670/670/670 670/670/670 
f 670/670/670 670/670/670 673/673/673 
f 670/670/670 665/665/665 673/673/673 
f 673/673/673 665/665/665 673/673/673 
f 665/665/665 667/667/667 673/673/673 
f 673/673/673 667/667/667 674/674/674 
f 667/667/667 669/669/669 674/674/674 
f 674/674/674 669/669/669 669/669/669 
f 669/669/669 674/674/674 669/669/669 
f 669/669/669 674/674/674 674/674/674 
f 674/674/674 675/675/675 674/674/674 
f 674/674/674 675/675/675 673/673/673 
f 675/675/675 675/675/675 673/673/673 
f 673/673/673 675/675/675 670/670/670 
f 675/675/675 676/676/676 670/670/670 
f 670/670/670 676/676/676 671/671/671 
f 676/676/676 677/677/677 671/671/671 
f 671/671/671 677/677/677 671/671/671 
f 677/677/677 678/678/678 671/671/671 
f 671/671/671 678/678/678 671/671/671 
f 678/678/678 679/679/679 671/671/671 
f 671/671/671 679/679/679 672/672/672 
f 679/679/679 680/680/680 672/672/672 
f 672/672/672 680/680/680 672/672/672 
f 680/680/680 681/681/681 672/672/672 
f 672/672/672 681/681/681 668/668/668 
f 681/681/681 682/682/682 668/668/668 
f 668/668/668 682/682/682 669/669/669 
f 682/682/682 683/683/683 669/669/669 
f 669/669/669 683/683/683 674/674/674 
f 683/683/683 684/684/684 674/674/674 
f 674/674/674 684/684/684 674/674/674 
f 684/684/684 685/685/685 674/674/674 
f 674/674/674 685/685/685 675/675/675 
f 685/685/685 686/686/686 675/675/675 
f 675/675/675 686/686/686 676/676/676 
f 686/686/686 686/686/686 676/676/676 
f 676/676/676 686/686/686 677/677/677 
f 686/686/686 686/686/686 677/677/677 
f 677/677/677 686/686/686 687/687/687 
f 686/686/686 686/686/686 687/687/687 
f 687/687/687 686/686/686 688/688/688 
f 686/686/686 689/689/689 688/688/688 
f 688/688/688 689/689/689 690/690/690 
f 689/689/689 691/691/691 690/690/690 
f 690/690/690 691/691/691 692/692/692 
f 691/691/691 693/693/693 692/692/692 
f 692/692/692 693/693/693 692/692/692 
f 693/693/693 694/694/694 692/692/692 
f 692/692/692 694/694/694 695/695/695 
f 694/694/694 694/694/694 695/695/695 
f 695/695/695 694/694/694 696/696/696 
f 694/694/694 697/697/697 696/696/696 
f 696/696/696 697/697/697 698/698/698 
f 697/697/697 697/697/697 698/698/698 
f 698/698/698 697/697/697 699/699/699 
f 697/697/697 680/680/680 699/699/699 
f 699/699/699 680/680/680 679/679/679 
f 680/680/680 679/679/679 679/679/679 
f 679/679/679 679/679/679 686/686/686 
f 679/679/679 686/686/686 686/686/686 
f 686/686/686 686/686/686 689/689/689 
f 686/686/686 685/685/685 689/689/689 
f 689/689/689 685/685/685 691/691/691 
f 685/685/685 684/684/684 691/691/691 
f 691/691/691 684/684/684 693/693/693 
f 684/684/684 693/693/693 693/693/693 
f 693/693/693 693/693/693 692/692/692 
f 693/693/693 692/692/692 692/692/692 
f 692/692/692 692/692/692 690/690/690 
f 692/692/692 695/695/695 690/690/690 
f 690/690/690 695/695/695 695/695/695 
f 695/695/695 680/680/680 695/695/695 
f 695/695/695 680/680/680 680/680/680 
f 680/680/680 697/697/697 680/680/680 
f 680/680/680 697/697/697 681/681/681 
f 697/697/697 700/700/700 681/681/681 
f 681/681/681 700/700/700 682/682/682 
f 700/700/700 682/682/682 682/682/682 
f 682/682/682 682/682/682 700/700/700 
f 682/682/682 700/700/700 700/700/700 
f 700/700/700 700/700/700 701/701/701 
f 700/700/700 697/697/697 701/701/701 
f 701/701/701 697/697/697 701/701/701 
f 697/697/697 694/694/694 701/701/701 
f 701/701/701 694/694/694 701/701/701 
f 694/694/694 693/693/693 701/701/701 
f 701/701/701 693/693/693 702/702/702 
f 693/693/693 684/684/684 702/702/702 
f 702/702/702 684/684/684 702/702/702 
f 684/684/684 683/683/683 702/702/702 
f 702/702/702 683/683/683 702/702/702 
f 683/683/683 682/682/682 702/702/702 
f 702/702/702 682/682/682 703/703/703 
f 682/682/682 700/700/700 703/703/703 
f 703/703/703 700/700/700 703/703/703 
f 700/700/700 701/701/701 703/703/703 
f 703/703/703 701/701/701 704/704/704 
f 701/701/701 702/702/702 704/704/704 
f 704/704/704 702/702/702 703/703/703 
f 702/702/702 703/703/703 703/703/703 
f 703/703/703 703/703/703 705/705/705 
f 703/703/703 705/705/705 705/705/705 
f 705/705/705 705/705/705 706/706/706 
f 705/705/705 707/707/707 706/706/706 
f 706/706/706 707/707/707 708/708/708 
f 707/707/707 709/709/709 708/708/708 
f 708/708/708 709/709/709 708/708/708 
f 709/709/709 710/710/710 708/708/708 
f 708/708/708 710/710/710 708/708/708 
f 710/710/710 711/711/711 708/708/708 
f 708/708/708 711/711/711 708/708/708 
f 711/711/711 712/712/712 708/708/708 
f 708/708/708 712/712/712 706/706/706 
f 712/712/712 706/706/706 706/706/706 
f 706/706/706 706/706/706 705/705/705 
f 706/706/706 705/705/705 705/705/705 
f 705/705/705 705/705/705 707/707/707 
f 705/705/705 713/713/713 707/707/707 
f 707/707/707 713/713/713 714/714/714 
f 713/713/713 715/715/715 714/714/714 
f 714/714/714 715/715/715 716/716/716 
f 715/715/715 717/717/717 716/716/716 
f 716/716/716 717/717/717 718/718/718 
f 717/717/717 719/719/719 718/718/718 
f 718/718/718 719/719/719 720/720/720 
f 719/719/719 721/721/721 720/720/720 
f 720/720/720 721/721/721 722/722/722 
f 721/721/721 723/723/723 722/722/722 
f 722/722/722 723/723/723 724/724/724 
f 723/723/723 724/724/724 724/724/724 
f 724/724/724 724/724/724 709/709/709 
f 724/724/724 709/709/709 709/709/709 
f 709/709/709 709/709/709 714/714/714 
f 709/709/709 707/707/707 714/714/714 
f 714/714/714 707/707/707 707/707/707 
f 707/707/707 719/719/719 707/707/707 
f 707/707/707 719/719/719 719/719/719 
f 719/719/719 725/725/725 719/719/719 
f 719/719/719 725/725/725 721/721/721 
f 725/725/725 726/726/726 721/721/721 
f 721/721/721 726/726/726 723/723/723 
f 726/726/726 727/727/727 723/723/723 
f 723/723/723 727/727/727 727/727/727 
f 727/727/727 727/727/727 727/727/727 
f 727/727/727 727/727/727 727/727/727 
f 727/727/727 728/728/728 727/727/727 
f 727/727/727 728/728/728 723/723/723 
f 728/728/728 729/729/729 723/723/723 
f 723/723/723 729/729/729 724/724/724 
f 729/729/729 730/730/730 724/724/724 
f 724/724/724 730/730/730 724/724/724 
f 730/730/730 731/731/731 724/724/724 
f 724/724/724 731/731/731 722/722/722 
f 731/731/731 732/732/732 722/722/722 
f 722/722/722 732/732/732 720/720/720 
f 732/732/732 720/720/720 720/720/720 
f 720/720/720 720/720/720 727/727/727 
f 720/720/720 727/727/727 727/727/727 
f 727/727/727 727/727/727 728/728/728 
f 727/727/727 733/733/733 728/728/728 
f 728/728/728 733/733/733 712/712/712 
f 733/733/733 706/706/706 712/712/712 
f 712/712/712 706/706/706 706/706/706 
f 706/706/706 712/712/712 706/706/706 
f 706/706/706 712/712/712 712/712/712 
f 712/712/712 711/711/711 712/712/712 
f 712/712/712 711/711/711 728/728/728 
f 711/711/711 711/711/711 728/728/728 
f 728/728/728 711/711/711 729/729/729 
f 711/711/711 734/734/734 729/729/729 
f 729/729/729 734/734/734 735/735/735 
f 734/734/734 730/730/730 735/735/735 
f 735/735/735 730/730/730 729/729/729 
f 730/730/730 729/729/729 729/729/729 
f 729/729/729 729/729/729 711/711/711 
f 729/729/729 711/711/711 711/711/711 
f 711/711/711 711/711/711 734/734/734 
f 711/711/711 710/710/710 734/734/734 
f 734/734/734 710/710/710 736/736/736 
f 710/710/710 710/710/710 736/736/736 
f 736/736/736 710/710/710 737/737/737 
f 710/710/710 709/709/709 737/737/737 
f 737/737/737 709/709/709 738/738/738 
f 709/709/709 739/739/739 738/738/738 
f 738/738/738 739/739/739 740/740/740 
f 739/739/739 739/739/739 740/740/740 
f 740/740/740 739/739/739 741/741/741 
f 739/739/739 714/714/714 741/741/741 
f 741/741/741 714/714/714 716/716/716 
f 714/714/714 716/716/716 716/716/716 
f 716/716/716 716/716/716 730/730/730 
f 716/716/716 730/730/730 730/730/730 
f 730/730/730 730/730/730 731/731/731 
f 730/730/730 734/734/734 731/731/731 
f 731/731/731 734/734/734 731/731/731 
f 734/734/734 736/736/736 731/731/731 
f 731/731/731 736/736/736 742/742/742 
f 736/736/736 743/743/743 742/742/742 
f 742/742/742 743/743/743 732/732/732 
f 743/743/743 743/743/743 732/732/732 
f 732/732/732 743/743/743 744/744/744 
f 743/743/743 740/740/740 744/744/744 
f 744/744/744 740/740/740 744/744/744 
f 740/740/740 741/741/741 744/744/744 
f 744/744/744 741/741/741 744/744/744 
f 741/741/741 716/716/716 744/744/744 
f 744/744/744 716/716/716 744/744/744 
f 716/716/716 718/718/718 744/744/744 
f 744/744/744 718/718/718 744/744/744 
f 718/718/718 720/720/720 744/744/744 
f 744/744/744 720/720/720 732/732/732 
f 720/720/720 732/732/732 732/732/732 
f 732/732/732 732/732/732 709/709/709 
f 732/732/732 709/709/709 709/709/709 
f 709/709/709 709/709/709 739/739/739 
f 709/709/709 714/714/714 739/739/739 
f 739/739/739 714/714/714 714/714/714 
f 714/714/714 738/738/738 714/714/714 
f 714/714/714 738/738/738 738/738/738 
f 738/738/738 740/740/740 738/738/738 
f 738/738/738 740/740/740 737/737/737 
f 740/740/740 743/743/743 737/737/737 
f 737/737/737 743/743/743 736/736/736 
f 743/743/743 736/736/736 736/736/736 
f 736/736/736 736/736/736 732/732/732 
f 736/736/736 732/732/732 732/732/732 
f 732/732/732 732/732/732 742/742/742 
f 732/732/732 731/731/731 742/742/742 

