mtllib model_4.mtl
o model_4
v 26.353748321533203 17.564836502075195 11.22035026550293 
v 26.383275985717773 17.136127471923828 9.960585594177246 
v 26.560443878173828 17.36309051513672 11.273957252502441 
v 26.678556442260742 16.80828857421875 9.933781623840332 
v 27.948259353637695 16.984817504882812 10.30009651184082 
v 27.9777889251709 16.18623924255371 8.781231880187988 
v 26.678556442260742 16.211456298828125 8.781231880187988 
v 26.412803649902344 16.530887603759766 8.656148910522461 
v 26.383275985717773 18.237323760986328 13.963241577148438 
v 26.560443878173828 18.09442138671875 14.01684856414795 
v 26.383275985717773 18.82575035095215 15.348089218139648 
v 26.560443878173828 18.708065032958984 15.437434196472168 
v 26.383275985717773 19.565486907958984 16.000308990478516 
v 26.560443878173828 19.481426239013672 16.170063018798828 
v 26.353748321533203 20.33884620666504 16.321950912475586 
v 26.560443878173828 20.33884620666504 16.500640869140625 
v 27.918731689453125 19.481426239013672 16.170063018798828 
v 27.9777889251709 20.33884620666504 16.500640869140625 
v 28.12542724609375 19.565486907958984 16.018177032470703 
v 28.154956817626953 20.33884620666504 16.321950912475586 
v 27.77109146118164 18.708065032958984 15.437434196472168 
v 28.00731658935547 18.09442138671875 14.01684856414795 
v 27.9777889251709 17.36309051513672 11.273957252502441 
v 28.12542724609375 18.237323760986328 13.963241577148438 
v 28.12542724609375 17.52280616760254 11.22035026550293 
v 28.12542724609375 17.178157806396484 10.29116153717041 
v 28.09589958190918 16.295516967773438 8.691886901855469 
v 27.9777889251709 15.43809700012207 7.664419174194336 
v 28.12542724609375 18.89299964904785 15.205137252807617 
v 28.12542724609375 15.547375679016113 7.58400821685791 
v 28.12542724609375 14.496614456176758 6.3778510093688965 
v 26.5899715423584 15.513751029968262 7.771633148193359 
v 26.383275985717773 15.665060997009277 7.5214667320251465 
v 26.560443878173828 14.328493118286133 6.431457996368408 
v 26.353748321533203 14.496614456176758 6.306375026702881 
v 26.383275985717773 13.302949905395508 5.412924766540527 
v 26.5899715423584 13.193671226501465 5.538007736206055 
v 26.383275985717773 12.201751708984375 4.653492450714111 
v 26.5899715423584 12.109285354614258 4.850051403045654 
v 26.383275985717773 11.058524131774902 3.920863389968872 
v 26.737611770629883 10.856778144836426 4.18889856338501 
v 26.412803649902344 9.881670951843262 3.5098764896392822 
v 26.5899715423584 9.789204597473145 3.706435441970825 
v 26.412803649902344 7.368250370025635 2.4377365112304688 
v 26.560443878173828 7.26737642288208 2.589622974395752 
v 26.412803649902344 6.889102458953857 2.0267493724823 
v 26.61949920654297 6.687357425689697 2.142897844314575 
v 26.383275985717773 6.561264514923096 1.4638760089874268 
v 26.560443878173828 6.267052173614502 1.5442864894866943 
v 26.442331314086914 6.3511128425598145 0.7669849991798401 
v 26.737611770629883 6.065306186676025 0.8027229905128479 
v 27.9777889251709 6.267052173614502 1.5442864894866943 
v 27.859676361083984 6.67894983291626 2.142897844314575 
v 27.830148696899414 7.26737642288208 2.589622974395752 
v 27.9777889251709 9.948920249938965 3.777911424636841 
v 27.830148696899414 12.109285354614258 4.823247909545898 
v 27.948259353637695 12.790178298950195 5.261038303375244 
v 28.00731658935547 14.378929138183594 6.467195987701416 
v 28.09589958190918 12.93308162689209 5.100217342376709 
v 28.12542724609375 12.201751708984375 4.4301300048828125 
v 28.12542724609375 10.024575233459473 3.6260249614715576 
v 28.12542724609375 7.368250370025635 2.401998519897461 
v 28.12542724609375 6.821854114532471 2.0267493724823 
v 28.12542724609375 6.418362140655518 1.4638760089874268 
v 28.12542724609375 6.23342752456665 0.8473955392837524 
v 27.948259353637695 6.056900501251221 0.7669849991798401 
v 27.918731689453125 6.225021839141846 0.597229540348053 
v 26.708084106445312 6.3006768226623535 0.588295042514801 
v 27.9777889251709 20.33884620666504 0.588295042514801 
v 26.560443878173828 20.33884620666504 0.588295042514801 
v 26.442331314086914 6.3511128425598145 0.7669849991798401 
v 26.353748321533203 20.33884620666504 0.7669849991798401 
v 28.12542724609375 6.23342752456665 0.8473955392837524 
v 28.154956817626953 20.33884620666504 0.7669849991798401 
v 28.154956817626953 20.33884620666504 16.321950912475586 
v 28.12542724609375 19.565486907958984 16.018177032470703 
v 28.154956817626953 20.33884620666504 0.7669849991798401 
v 28.12542724609375 18.89299964904785 15.205137252807617 
v 28.12542724609375 18.237323760986328 13.963241577148438 
v 28.12542724609375 17.52280616760254 11.22035026550293 
v 28.12542724609375 17.178157806396484 10.29116153717041 
v 28.09589958190918 16.295516967773438 8.691886901855469 
v 28.12542724609375 15.547375679016113 7.58400821685791 
v 28.12542724609375 14.496614456176758 6.3778510093688965 
v 28.09589958190918 12.93308162689209 5.100217342376709 
v 28.12542724609375 12.201751708984375 4.4301300048828125 
v 28.12542724609375 10.024575233459473 3.6260249614715576 
v 28.12542724609375 7.368250370025635 2.401998519897461 
v 28.12542724609375 6.821854114532471 2.0267493724823 
v 28.12542724609375 6.418362140655518 1.4638760089874268 
v 28.12542724609375 6.23342752456665 0.8473955392837524 
v 26.442331314086914 6.3511128425598145 0.7669849991798401 
v 26.353748321533203 20.33884620666504 0.7669849991798401 
v 26.383275985717773 6.561264514923096 1.4638760089874268 
v 26.412803649902344 6.889102458953857 2.0267493724823 
v 26.412803649902344 7.368250370025635 2.4377365112304688 
v 26.412803649902344 9.881670951843262 3.5098764896392822 
v 26.383275985717773 11.058524131774902 3.920863389968872 
v 26.383275985717773 12.201751708984375 4.653492450714111 
v 26.383275985717773 13.302949905395508 5.412924766540527 
v 26.353748321533203 14.496614456176758 6.306375026702881 
v 26.383275985717773 15.665060997009277 7.5214667320251465 
v 26.412803649902344 16.530887603759766 8.656148910522461 
v 26.383275985717773 17.136127471923828 9.960585594177246 
v 26.353748321533203 17.564836502075195 11.22035026550293 
v 26.383275985717773 18.237323760986328 13.963241577148438 
v 26.383275985717773 18.82575035095215 15.348089218139648 
v 26.383275985717773 19.565486907958984 16.000308990478516 
v 26.353748321533203 20.33884620666504 16.321950912475586 
v -28.154939651489258 18.22051239013672 13.92750358581543 
v -27.977771759033203 18.077608108520508 13.981110572814941 
v -28.095884323120117 17.77499008178711 11.425843238830566 
v -27.85965919494629 17.39671516418457 11.390105247497559 
v -28.125411987304688 17.329465866088867 10.451982498168945 
v -27.918716430664062 17.035253524780273 10.47878646850586 
v -28.095884323120117 17.052064895629883 9.665746688842773 
v -28.154939651489258 18.783720016479492 15.285547256469727 
v -27.977771759033203 18.674440383911133 15.40169620513916 
v -28.154939651489258 19.55708122253418 16.00924301147461 
v -26.560428619384766 18.077608108520508 13.981110572814941 
v -26.471843719482422 17.37990379333496 11.300760269165039 
v -26.353731155395508 20.33884620666504 16.286212921142578 
v -26.589956283569336 19.473020553588867 16.170063018798828 
v -26.38326072692871 19.55708122253418 16.00924301147461 
v -26.560428619384766 18.674440383911133 15.40169620513916 
v -26.353731155395508 18.783720016479492 15.285547256469727 
v -26.353731155395508 18.22051239013672 13.92750358581543 
v -27.977771759033203 19.473020553588867 16.13432502746582 
v -27.977771759033203 20.33884620666504 16.464902877807617 
v -28.154939651489258 20.33884620666504 16.286212921142578 
v -26.560428619384766 20.33884620666504 16.464902877807617 
v -26.353731155395508 17.548025131225586 11.202481269836426 
v -26.619483947753906 16.26189422607422 8.852707862854004 
v -26.41278839111328 16.446826934814453 8.665082931518555 
v -26.38326072692871 15.59781265258789 7.5125322341918945 
v -26.70806884765625 15.396065711975098 7.610812187194824 
v -26.38326072692871 14.437771797180176 6.225964546203613 
v -26.530899047851562 14.294868469238281 6.3689165115356445 
v -26.41278839111328 13.302949905395508 5.439728260040283 
v -26.589956283569336 13.210482597351074 5.546942234039307 
v -26.38326072692871 12.201751708984375 4.680295944213867 
v -26.619483947753906 12.109285354614258 4.850051403045654 
v -26.38326072692871 11.033305168151855 4.0548810958862305 
v -26.619483947753906 10.915620803833008 4.206767559051514 
v -26.353731155395508 10.024575233459473 3.581352472305298 
v -26.530899047851562 9.948920249938965 3.777911424636841 
v -26.353731155395508 7.292595386505127 2.401998519897461 
v -26.649011611938477 7.183315753936768 2.553884983062744 
v -26.70806884765625 6.687357425689697 2.142897844314575 
v -26.41278839111328 6.872290134429932 1.9910115003585815 
v -26.353731155395508 6.460392475128174 1.5264174938201904 
v -26.560428619384766 6.292271137237549 1.606827974319458 
v -26.38326072692871 6.23342752456665 0.7669849991798401 
v -26.589956283569336 6.056900501251221 0.7580505013465881 
v -27.948244094848633 6.065306186676025 0.8205919861793518 
v -27.977771759033203 6.292271137237549 1.606827974319458 
v -28.125411987304688 6.460392475128174 1.5264174938201904 
v -27.977771759033203 6.687357425689697 2.1339633464813232 
v -28.154939651489258 6.830259799957275 2.0267493724823 
v -28.007299423217773 7.183315753936768 2.5270814895629883 
v -27.771076202392578 8.536696434020996 3.17930006980896 
v -27.977771759033203 9.948920249938965 3.751107931137085 
v -27.977771759033203 12.109285354614258 4.8143134117126465 
v -28.007299423217773 13.504695892333984 5.725632667541504 
v -28.007299423217773 14.462990760803223 6.5565409660339355 
v -27.918716430664062 15.396065711975098 7.628681182861328 
v -28.154939651489258 14.55545711517334 6.449326992034912 
v -28.125411987304688 13.597163200378418 5.5737457275390625 
v -28.154939651489258 12.201751708984375 4.653492450714111 
v -28.154939651489258 10.024575233459473 3.581352472305298 
v -28.125411987304688 8.6039457321167 2.8219199180603027 
v -28.154939651489258 7.292595386505127 2.401998519897461 
v -28.125411987304688 6.241833209991455 0.7669849991798401 
v -28.125411987304688 15.547375679016113 7.601877689361572 
v -27.889188766479492 16.236675262451172 8.808034896850586 
v -28.095884323120117 16.396390914916992 8.665082931518555 
v -27.889188766479492 16.732633590698242 9.781895637512207 
v -28.154939651489258 20.33884620666504 16.286212921142578 
v -28.154939651489258 19.55708122253418 16.00924301147461 
v -28.154939651489258 20.33884620666504 0.7669849991798401 
v -28.154939651489258 18.783720016479492 15.285547256469727 
v -28.154939651489258 18.22051239013672 13.92750358581543 
v -28.095884323120117 17.77499008178711 11.425843238830566 
v -28.125411987304688 17.329465866088867 10.451982498168945 
v -28.095884323120117 17.052064895629883 9.665746688842773 
v -28.095884323120117 16.396390914916992 8.665082931518555 
v -28.125411987304688 15.547375679016113 7.601877689361572 
v -28.154939651489258 14.55545711517334 6.449326992034912 
v -28.125411987304688 13.597163200378418 5.5737457275390625 
v -28.154939651489258 12.201751708984375 4.653492450714111 
v -28.154939651489258 10.024575233459473 3.581352472305298 
v -28.125411987304688 8.6039457321167 2.8219199180603027 
v -28.154939651489258 7.292595386505127 2.401998519897461 
v -28.154939651489258 6.830259799957275 2.0267493724823 
v -28.125411987304688 6.460392475128174 1.5264174938201904 
v -28.125411987304688 6.241833209991455 0.7669849991798401 
v -27.977771759033203 20.33884620666504 0.5793604850769043 
v -26.560428619384766 20.33884620666504 0.5793604850769043 
v -26.560428619384766 6.275457859039307 0.5793604850769043 
v -26.353731155395508 20.33884620666504 0.7669849991798401 
v -26.38326072692871 6.23342752456665 0.7669849991798401 
v -27.948244094848633 6.250240802764893 0.597229540348053 
v -28.125411987304688 6.241833209991455 0.7669849991798401 
v -28.154939651489258 20.33884620666504 0.7669849991798401 
v -26.38326072692871 6.23342752456665 0.7669849991798401 
v -26.353731155395508 6.460392475128174 1.5264174938201904 
v -26.353731155395508 20.33884620666504 0.7669849991798401 
v -26.41278839111328 6.872290134429932 1.9910115003585815 
v -26.353731155395508 7.292595386505127 2.401998519897461 
v -26.353731155395508 10.024575233459473 3.581352472305298 
v -26.38326072692871 11.033305168151855 4.0548810958862305 
v -26.38326072692871 12.201751708984375 4.680295944213867 
v -26.41278839111328 13.302949905395508 5.439728260040283 
v -26.38326072692871 14.437771797180176 6.225964546203613 
v -26.38326072692871 15.59781265258789 7.5125322341918945 
v -26.41278839111328 16.446826934814453 8.665082931518555 
v -26.353731155395508 17.548025131225586 11.202481269836426 
v -26.353731155395508 18.22051239013672 13.92750358581543 
v -26.353731155395508 18.783720016479492 15.285547256469727 
v -26.38326072692871 19.55708122253418 16.00924301147461 
v -26.353731155395508 20.33884620666504 16.286212921142578 
v 30.074275970458984 20.347253799438477 3.6170904636383057 
v 29.778995513916016 20.330440521240234 5.127020835876465 
v 30.074275970458984 20.32203483581543 0.5793604850769043 
v 21.038707733154297 20.32203483581543 17.796142578125 
v 30.074275970458984 20.32203483581543 6.878182888031006 
v 23.519060134887695 20.32203483581543 17.796142578125 
v 30.044748306274414 20.33884620666504 17.39409065246582 
v 29.749467849731445 20.33884620666504 17.787208557128906 
v 30.1923885345459 20.64146614074707 17.724666595458984 
v 30.162860870361328 20.49856185913086 17.39409065246582 
v 30.22191619873047 21.03655242919922 17.760404586791992 
v 30.1923885345459 21.37279510498047 17.39409065246582 
v 29.749467849731445 21.37279510498047 17.983766555786133 
v 29.98569107055664 21.01974105834961 17.983766555786133 
v 29.86758041381836 20.53218650817871 17.93909454345703 
v 23.519060134887695 20.49856185913086 17.983766555786133 
v 21.038707733154297 20.599435806274414 17.97483253479004 
v 17.79062843322754 20.32203483581543 17.805076599121094 
v 1.2254199981689453 20.347253799438477 17.769338607788086 
v -30.01520347595215 20.32203483581543 0.5793604850769043 
v -17.790611267089844 20.330440521240234 17.849750518798828 
v -19.916627883911133 20.330440521240234 17.760404586791992 
v -30.04473114013672 20.33884620666504 11.077398300170898 
v -21.924531936645508 20.330440521240234 17.831880569458008 
v -29.778980255126953 20.347253799438477 12.703476905822754 
v -28.538803100585938 20.330440521240234 17.8408145904541 
v -30.04473114013672 20.380876541137695 13.873896598815918 
v -30.074260711669922 20.35565948486328 17.51917266845703 
v -29.838035583496094 20.330440521240234 17.796142578125 
v -28.538803100585938 20.49856185913086 17.99270248413086 
v -29.956148147583008 20.574216842651367 17.983766555786133 
v -29.838035583496094 21.322359085083008 17.97483253479004 
v -28.804555892944336 21.532512664794922 17.983766555786133 
v -28.273052215576172 21.540918350219727 17.983766555786133 
v -27.1214599609375 21.398014068603516 17.93909454345703 
v -23.637155532836914 21.38960838317871 17.95696449279785 
v -21.954059600830078 20.5153751373291 17.983766555786133 
v -19.916627883911133 20.616247177124023 17.983766555786133 
v -17.790611267089844 20.506969451904297 17.99270248413086 
v -21.747364044189453 21.557729721069336 17.97483253479004 
v -14.070083618164062 21.456857681274414 17.99270248413086 
v -10.733420372009277 21.288734436035156 17.965898513793945 
v 1.1958919763565063 20.548999786376953 17.983766555786133 
v -0.8120120167732239 21.51569938659668 17.965898513793945 
v 2.819931983947754 21.347578048706055 17.965898513793945 
v 7.7215800285339355 21.297142028808594 17.948028564453125 
v 17.76110076904297 20.456531524658203 17.983766555786133 
v 11.323995590209961 21.38960838317871 17.983766555786133 
v 15.66461181640625 21.2467041015625 17.965898513793945 
v 21.274932861328125 21.473669052124023 17.97483253479004 
v 30.162860870361328 20.43131446838379 0.49001550674438477 
v -30.133316040039062 20.414501190185547 0.49001550674438477 
v 23.489532470703125 21.490480422973633 17.965898513793945 
v 28.863628387451172 21.38960838317871 17.99270248413086 
v -30.221900939941406 21.46526336669922 0.8920680284500122 
v -30.192371368408203 21.532512664794922 2.5181469917297363 
v -30.133316040039062 20.414501190185547 0.49001550674438477 
v -30.221900939941406 21.431638717651367 3.5009419918060303 
v -30.01520347595215 21.6754150390625 2.5181469917297363 
v -30.01520347595215 21.65860366821289 0.9992820024490356 
v -30.162843704223633 21.12061309814453 0.4989500045776367 
v -29.6018123626709 21.65860366821289 0.6508365273475647 
v -29.66086769104004 21.456857681274414 0.43640851974487305 
v -28.715972900390625 21.46526336669922 0.4274740219116211 
v -28.715972900390625 21.667009353637695 0.6061640381813049 
v -29.985675811767578 21.667009353637695 3.59028697013855 
v -30.221900939941406 21.313953399658203 6.172357559204102 
v -30.221900939941406 20.5153751373291 11.050594329833984 
v -30.01520347595215 20.32203483581543 0.5793604850769043 
v -30.04473114013672 20.33884620666504 11.077398300170898 
v -30.221900939941406 20.64146614074707 12.68560791015625 
v -29.778980255126953 20.347253799438477 12.703476905822754 
v -30.04473114013672 20.380876541137695 13.873896598815918 
v -30.221900939941406 20.548999786376953 13.847092628479004 
v -30.221900939941406 20.540592193603516 17.51917266845703 
v -30.074260711669922 20.35565948486328 17.51917266845703 
v -29.838035583496094 20.330440521240234 17.796142578125 
v -30.221900939941406 20.75074577331543 17.858684539794922 
v -29.956148147583008 20.574216842651367 17.983766555786133 
v -29.838035583496094 21.322359085083008 17.97483253479004 
v -30.221900939941406 21.255111694335938 17.581714630126953 
v -30.221900939941406 21.490480422973633 16.447032928466797 
v -30.192371368408203 21.482074737548828 7.968192100524902 
v -30.01520347595215 21.683820724487305 7.977126598358154 
v -29.867563247680664 21.683820724487305 6.109816074371338 
v -14.070083618164062 21.683820724487305 17.778274536132812 
v -10.792475700378418 21.650196075439453 17.61745262145996 
v -14.070083618164062 21.456857681274414 17.99270248413086 
v -21.747364044189453 21.557729721069336 17.97483253479004 
v -21.747364044189453 21.6754150390625 17.81401252746582 
v -23.637155532836914 21.38960838317871 17.95696449279785 
v -24.52299690246582 21.650196075439453 17.61745262145996 
v -27.1214599609375 21.398014068603516 17.93909454345703 
v -26.73759651184082 21.650196075439453 17.545976638793945 
v -28.273052215576172 21.6754150390625 17.724666595458984 
v -29.985675811767578 21.6754150390625 16.41129493713379 
v -29.838035583496094 21.683820724487305 17.34941864013672 
v -29.572284698486328 21.683820724487305 17.71573257446289 
v -28.804555892944336 21.532512664794922 17.983766555786133 
v -28.804555892944336 21.65860366821289 17.831880569458008 
v -28.273052215576172 21.540918350219727 17.983766555786133 
v -10.733420372009277 21.288734436035156 17.965898513793945 
v -0.8120120167732239 21.650196075439453 17.760404586791992 
v 28.06637191772461 21.683820724487305 0.5793604850769043 
v 2.819931983947754 21.650196075439453 17.724666595458984 
v 2.819931983947754 21.347578048706055 17.965898513793945 
v 7.632996082305908 21.650196075439453 17.590648651123047 
v 7.7215800285339355 21.297142028808594 17.948028564453125 
v 11.235411643981934 21.650196075439453 17.662124633789062 
v 11.323995590209961 21.38960838317871 17.983766555786133 
v 15.694140434265137 21.650196075439453 17.608518600463867 
v 15.66461181640625 21.2467041015625 17.965898513793945 
v 21.274932861328125 21.473669052124023 17.97483253479004 
v 21.274932861328125 21.692228317260742 17.724666595458984 
v 23.519060134887695 21.650196075439453 17.8408145904541 
v 23.489532470703125 21.490480422973633 17.965898513793945 
v 28.863628387451172 21.38960838317871 17.99270248413086 
v 28.863628387451172 21.692228317260742 17.724666595458984 
v 29.63135528564453 21.683820724487305 17.65319061279297 
v 29.9266357421875 21.65860366821289 17.277942657470703 
v 30.1923885345459 21.37279510498047 17.39409065246582 
v 30.22191619873047 21.507293701171875 15.330220222473145 
v 30.162860870361328 20.49856185913086 17.39409065246582 
v -0.8120120167732239 21.51569938659668 17.965898513793945 
v 29.749467849731445 21.37279510498047 17.983766555786133 
v 30.074275970458984 21.692228317260742 15.330220222473145 
v 30.015220642089844 21.6754150390625 11.926175117492676 
v 29.98569107055664 21.650196075439453 9.219021797180176 
v 29.808523178100586 21.650196075439453 7.610812187194824 
v 30.1923885345459 21.33917236328125 11.926175117492676 
v 30.1923885345459 20.48175048828125 6.89605188369751 
v 30.044748306274414 20.33884620666504 17.39409065246582 
v 30.074275970458984 20.32203483581543 6.878182888031006 
v 30.1923885345459 20.548999786376953 5.100217342376709 
v 29.778995513916016 20.330440521240234 5.127020835876465 
v 30.074275970458984 20.347253799438477 3.6170904636383057 
v 30.1923885345459 20.456531524658203 3.6170904636383057 
v 30.074275970458984 20.32203483581543 0.5793604850769043 
v 30.162860870361328 20.43131446838379 0.49001550674438477 
v 30.22191619873047 21.398014068603516 1.0350199937820435 
v 30.162860870361328 21.12061309814453 0.5078845024108887 
v 30.22191619873047 21.381202697753906 9.15648078918457 
v 30.162860870361328 21.19626808166504 7.485728740692139 
v 30.1923885345459 21.448450088500977 4.707099437713623 
v 29.95616340637207 21.650196075439453 4.644557952880859 
v 29.9266357421875 21.650196075439453 1.0439544916152954 
v 29.660884857177734 21.650196075439453 0.7133780121803284 
v 29.51324462890625 21.448450088500977 0.445343017578125 
v 28.06637191772461 21.540918350219727 0.41853952407836914 
v 30.162860870361328 21.12061309814453 0.5078845024108887 
v 29.51324462890625 21.448450088500977 0.445343017578125 
v 28.06637191772461 21.540918350219727 0.41853952407836914 
v -28.715972900390625 21.46526336669922 0.4274740219116211 
v -29.66086769104004 21.456857681274414 0.43640851974487305 
v -30.162843704223633 21.12061309814453 0.4989500045776367 
v -27.269100189208984 23.2641658782959 0.2755874991416931 
v -27.269100189208984 23.2641658782959 0.40067049860954285 
v -26.885236740112305 23.163293838500977 0.2755874991416931 
v -26.885236740112305 23.163293838500977 0.40067049860954285 
v -26.589956283569336 22.877485275268555 0.2755874991416931 
v -26.589956283569336 22.877485275268555 0.40067049860954285 
v -26.471843719482422 22.490806579589844 0.2755874991416931 
v -26.471843719482422 22.490806579589844 0.40067049860954285 
v -27.652963638305664 23.163293838500977 0.2755874991416931 
v -27.652963638305664 23.163293838500977 0.40067049860954285 
v -27.918716430664062 22.877485275268555 0.2755874991416931 
v -27.918716430664062 22.877485275268555 0.40067049860954285 
v -28.036827087402344 22.490806579589844 0.2755874991416931 
v -28.036827087402344 22.490806579589844 0.40067049860954285 
v -27.977771759033203 22.112531661987305 0.2755874991416931 
v -27.977771759033203 22.112531661987305 0.40067049860954285 
v -27.889188766479492 21.843536376953125 0.2755874991416931 
v -27.889188766479492 21.843536376953125 0.40067049860954285 
v -27.889188766479492 20.994522094726562 0.40067049860954285 
v -27.889188766479492 20.994522094726562 0.2755874991416931 
v -26.649011611938477 20.994522094726562 0.40067049860954285 
v -27.269100189208984 20.994522094726562 0.40067049860954285 
v -27.269100189208984 20.994522094726562 0.2755874991416931 
v -27.889188766479492 20.994522094726562 0.40067049860954285 
v -27.889188766479492 20.994522094726562 0.2755874991416931 
v -26.649011611938477 20.994522094726562 0.2755874991416931 
v -26.973819732666016 21.97803497314453 0.2755874991416931 
v -27.269100189208984 21.902379989624023 0.2755874991416931 
v -26.649011611938477 21.843536376953125 0.2755874991416931 
v -26.73759651184082 22.196592330932617 0.2755874991416931 
v -26.560428619384766 22.112531661987305 0.2755874991416931 
v -26.678539276123047 22.490806579589844 0.2755874991416931 
v -26.471843719482422 22.490806579589844 0.2755874991416931 
v -26.589956283569336 22.877485275268555 0.2755874991416931 
v -26.73759651184082 22.785018920898438 0.2755874991416931 
v -26.973819732666016 22.99517059326172 0.2755874991416931 
v -26.885236740112305 23.163293838500977 0.2755874991416931 
v -27.269100189208984 23.079233169555664 0.2755874991416931 
v -27.269100189208984 23.2641658782959 0.2755874991416931 
v -27.652963638305664 23.163293838500977 0.2755874991416931 
v -27.564380645751953 22.99517059326172 0.2755874991416931 
v -27.918716430664062 22.877485275268555 0.2755874991416931 
v -27.771076202392578 22.785018920898438 0.2755874991416931 
v -27.85965919494629 22.490806579589844 0.2755874991416931 
v -28.036827087402344 22.490806579589844 0.2755874991416931 
v -27.977771759033203 22.112531661987305 0.2755874991416931 
v -27.771076202392578 22.196592330932617 0.2755874991416931 
v -27.889188766479492 21.843536376953125 0.2755874991416931 
v -27.564380645751953 21.97803497314453 0.2755874991416931 
v -26.560428619384766 22.112531661987305 0.2755874991416931 
v -26.560428619384766 22.112531661987305 0.40067049860954285 
v -26.649011611938477 21.843536376953125 0.2755874991416931 
v -26.649011611938477 21.843536376953125 0.40067049860954285 
v -26.649011611938477 20.994522094726562 0.40067049860954285 
v -26.649011611938477 20.994522094726562 0.2755874991416931 
v -26.589956283569336 22.877485275268555 0.40067049860954285 
v -26.471843719482422 22.490806579589844 0.40067049860954285 
v -26.678539276123047 22.827049255371094 0.47214651107788086 
v -26.589956283569336 22.490806579589844 0.47214651107788086 
v -26.678539276123047 22.490806579589844 0.40067049860954285 
v -26.649011611938477 22.146156311035156 0.47214651107788086 
v -26.73759651184082 22.196592330932617 0.40067049860954285 
v -26.678539276123047 22.490806579589844 0.2755874991416931 
v -26.73759651184082 22.196592330932617 0.2755874991416931 
v -26.973819732666016 21.97803497314453 0.40067049860954285 
v -26.973819732666016 21.97803497314453 0.2755874991416931 
v -26.560428619384766 22.112531661987305 0.40067049860954285 
v -26.885236740112305 21.809913635253906 0.40067049860954285 
v -26.914764404296875 21.902379989624023 0.47214651107788086 
v -26.73759651184082 22.785018920898438 0.2755874991416931 
v -26.73759651184082 22.785018920898438 0.40067049860954285 
v -26.649011611938477 21.843536376953125 0.40067049860954285 
v -26.649011611938477 20.994522094726562 0.40067049860954285 
v -27.269100189208984 20.994522094726562 0.40067049860954285 
v -27.269100189208984 21.700634002685547 0.40067049860954285 
v -27.269100189208984 21.809913635253906 0.47214651107788086 
v -27.269100189208984 21.902379989624023 0.40067049860954285 
v -27.269100189208984 21.902379989624023 0.2755874991416931 
v -27.564380645751953 21.97803497314453 0.2755874991416931 
v -27.564380645751953 21.97803497314453 0.40067049860954285 
v -27.771076202392578 22.196592330932617 0.2755874991416931 
v -27.771076202392578 22.196592330932617 0.40067049860954285 
v -27.85965919494629 22.490806579589844 0.2755874991416931 
v -27.593908309936523 21.902379989624023 0.47214651107788086 
v -27.652963638305664 21.809913635253906 0.40067049860954285 
v -27.889188766479492 20.994522094726562 0.40067049860954285 
v -27.889188766479492 21.843536376953125 0.40067049860954285 
v -27.977771759033203 22.112531661987305 0.40067049860954285 
v -27.85965919494629 22.146156311035156 0.47214651107788086 
v -27.85965919494629 22.490806579589844 0.40067049860954285 
v -27.771076202392578 22.785018920898438 0.2755874991416931 
v -27.771076202392578 22.785018920898438 0.40067049860954285 
v -27.564380645751953 22.99517059326172 0.2755874991416931 
v -27.564380645751953 22.99517059326172 0.40067049860954285 
v -27.269100189208984 23.079233169555664 0.2755874991416931 
v -27.85965919494629 22.827049255371094 0.47214651107788086 
v -27.948244094848633 22.490806579589844 0.47214651107788086 
v -28.036827087402344 22.490806579589844 0.40067049860954285 
v -27.918716430664062 22.877485275268555 0.40067049860954285 
v -27.593908309936523 23.079233169555664 0.47214651107788086 
v -27.652963638305664 23.163293838500977 0.40067049860954285 
v -27.269100189208984 23.2641658782959 0.40067049860954285 
v -27.269100189208984 23.17169952392578 0.47214651107788086 
v -27.269100189208984 23.079233169555664 0.40067049860954285 
v -26.973819732666016 22.99517059326172 0.40067049860954285 
v -26.973819732666016 22.99517059326172 0.2755874991416931 
v -26.914764404296875 23.079233169555664 0.47214651107788086 
v -26.885236740112305 23.163293838500977 0.40067049860954285 
v 27.269115447998047 23.2641658782959 0.2755874991416931 
v 27.269115447998047 23.2641658782959 0.40067049860954285 
v 26.885251998901367 23.163293838500977 0.2755874991416931 
v 26.885251998901367 23.163293838500977 0.40067049860954285 
v 26.5899715423584 22.877485275268555 0.2755874991416931 
v 26.5899715423584 22.877485275268555 0.40067049860954285 
v 26.471860885620117 22.490806579589844 0.2755874991416931 
v 27.65298080444336 23.163293838500977 0.2755874991416931 
v 27.65298080444336 23.163293838500977 0.40067049860954285 
v 27.918731689453125 22.877485275268555 0.2755874991416931 
v 27.918731689453125 22.877485275268555 0.40067049860954285 
v 28.03684425354004 22.490806579589844 0.2755874991416931 
v 28.03684425354004 22.490806579589844 0.40067049860954285 
v 27.9777889251709 22.112531661987305 0.2755874991416931 
v 27.9777889251709 22.112531661987305 0.40067049860954285 
v 27.889204025268555 21.843536376953125 0.2755874991416931 
v 27.889204025268555 21.843536376953125 0.40067049860954285 
v 27.889204025268555 20.994522094726562 0.40067049860954285 
v 27.889204025268555 20.994522094726562 0.2755874991416931 
v 26.471860885620117 22.490806579589844 0.40067049860954285 
v 26.560443878173828 22.112531661987305 0.2755874991416931 
v 26.560443878173828 22.112531661987305 0.40067049860954285 
v 26.649028778076172 21.843536376953125 0.2755874991416931 
v 26.649028778076172 21.843536376953125 0.40067049860954285 
v 26.649028778076172 20.994522094726562 0.40067049860954285 
v 26.649028778076172 20.994522094726562 0.2755874991416931 
v 26.649028778076172 20.994522094726562 0.40067049860954285 
v 27.269115447998047 20.994522094726562 0.2755874991416931 
v 27.269115447998047 20.994522094726562 0.40067049860954285 
v 27.889204025268555 20.994522094726562 0.40067049860954285 
v 27.889204025268555 20.994522094726562 0.2755874991416931 
v 27.564395904541016 21.97803497314453 0.2755874991416931 
v 27.889204025268555 21.843536376953125 0.2755874991416931 
v 27.77109146118164 22.196592330932617 0.2755874991416931 
v 27.9777889251709 22.112531661987305 0.2755874991416931 
v 27.859676361083984 22.490806579589844 0.2755874991416931 
v 28.03684425354004 22.490806579589844 0.2755874991416931 
v 27.918731689453125 22.877485275268555 0.2755874991416931 
v 27.77109146118164 22.785018920898438 0.2755874991416931 
v 27.564395904541016 22.99517059326172 0.2755874991416931 
v 27.65298080444336 23.163293838500977 0.2755874991416931 
v 27.269115447998047 23.079233169555664 0.2755874991416931 
v 27.269115447998047 23.2641658782959 0.2755874991416931 
v 26.885251998901367 23.163293838500977 0.2755874991416931 
v 26.97383689880371 22.99517059326172 0.2755874991416931 
v 26.5899715423584 22.877485275268555 0.2755874991416931 
v 26.737611770629883 22.785018920898438 0.2755874991416931 
v 26.678556442260742 22.490806579589844 0.2755874991416931 
v 26.471860885620117 22.490806579589844 0.2755874991416931 
v 26.560443878173828 22.112531661987305 0.2755874991416931 
v 26.737611770629883 22.196592330932617 0.2755874991416931 
v 26.649028778076172 21.843536376953125 0.2755874991416931 
v 26.97383689880371 21.97803497314453 0.2755874991416931 
v 26.649028778076172 20.994522094726562 0.2755874991416931 
v 27.269115447998047 21.902379989624023 0.2755874991416931 
v 26.5899715423584 22.490806579589844 0.47214651107788086 
v 26.471860885620117 22.490806579589844 0.40067049860954285 
v 26.678556442260742 22.827049255371094 0.47214651107788086 
v 26.5899715423584 22.877485275268555 0.40067049860954285 
v 26.560443878173828 22.112531661987305 0.40067049860954285 
v 26.649028778076172 22.146156311035156 0.47214651107788086 
v 26.678556442260742 22.490806579589844 0.40067049860954285 
v 26.737611770629883 22.785018920898438 0.40067049860954285 
v 26.97383689880371 22.99517059326172 0.40067049860954285 
v 26.97383689880371 22.99517059326172 0.2755874991416931 
v 27.269115447998047 23.079233169555664 0.2755874991416931 
v 26.737611770629883 22.785018920898438 0.2755874991416931 
v 26.914779663085938 23.079233169555664 0.47214651107788086 
v 26.885251998901367 23.163293838500977 0.40067049860954285 
v 27.269115447998047 23.2641658782959 0.40067049860954285 
v 27.269115447998047 23.17169952392578 0.47214651107788086 
v 27.269115447998047 23.079233169555664 0.40067049860954285 
v 27.564395904541016 22.99517059326172 0.40067049860954285 
v 27.564395904541016 22.99517059326172 0.2755874991416931 
v 27.77109146118164 22.785018920898438 0.40067049860954285 
v 27.77109146118164 22.785018920898438 0.2755874991416931 
v 27.859676361083984 22.490806579589844 0.40067049860954285 
v 27.859676361083984 22.490806579589844 0.2755874991416931 
v 27.77109146118164 22.196592330932617 0.40067049860954285 
v 27.77109146118164 22.196592330932617 0.2755874991416931 
v 27.564395904541016 21.97803497314453 0.40067049860954285 
v 27.564395904541016 21.97803497314453 0.2755874991416931 
v 27.269115447998047 21.902379989624023 0.40067049860954285 
v 27.269115447998047 21.902379989624023 0.2755874991416931 
v 26.97383689880371 21.97803497314453 0.2755874991416931 
v 26.97383689880371 21.97803497314453 0.40067049860954285 
v 26.737611770629883 22.196592330932617 0.2755874991416931 
v 26.737611770629883 22.196592330932617 0.40067049860954285 
v 26.678556442260742 22.490806579589844 0.2755874991416931 
v 26.914779663085938 21.902379989624023 0.47214651107788086 
v 26.885251998901367 21.809913635253906 0.40067049860954285 
v 26.649028778076172 21.843536376953125 0.40067049860954285 
v 26.649028778076172 20.994522094726562 0.40067049860954285 
v 27.269115447998047 20.994522094726562 0.40067049860954285 
v 27.269115447998047 21.700634002685547 0.40067049860954285 
v 27.269115447998047 21.809913635253906 0.47214651107788086 
v 27.593923568725586 21.902379989624023 0.47214651107788086 
v 27.859676361083984 22.146156311035156 0.47214651107788086 
v 27.65298080444336 21.809913635253906 0.40067049860954285 
v 27.889204025268555 20.994522094726562 0.40067049860954285 
v 27.889204025268555 21.843536376953125 0.40067049860954285 
v 27.9777889251709 22.112531661987305 0.40067049860954285 
v 27.948259353637695 22.490806579589844 0.47214651107788086 
v 27.859676361083984 22.827049255371094 0.47214651107788086 
v 27.593923568725586 23.079233169555664 0.47214651107788086 
v 27.65298080444336 23.163293838500977 0.40067049860954285 
v 27.918731689453125 22.877485275268555 0.40067049860954285 
v 28.03684425354004 22.490806579589844 0.40067049860954285 
v -26.973819732666016 22.860673904418945 0.7133780121803284 
v -27.09193229675293 23.12126350402832 0.793788492679596 
v -27.09193229675293 23.12126350402832 0.7133780121803284 
v -27.328155517578125 23.222135543823242 0.793788492679596 
v -27.328155517578125 23.222135543823242 0.7133780121803284 
v -27.593908309936523 23.12126350402832 0.793788492679596 
v -27.593908309936523 23.12126350402832 0.7133780121803284 
v -27.712020874023438 22.860673904418945 0.793788492679596 
v -27.712020874023438 22.860673904418945 0.7133780121803284 
v -27.593908309936523 22.608491897583008 0.793788492679596 
v -27.593908309936523 22.608491897583008 0.7133780121803284 
v -27.328155517578125 22.49921226501465 0.793788492679596 
v -27.328155517578125 22.49921226501465 0.7133780121803284 
v -27.09193229675293 22.608491897583008 0.793788492679596 
v -27.09193229675293 22.608491897583008 0.7133780121803284 
v -26.973819732666016 22.860673904418945 0.793788492679596 
v -27.328155517578125 22.860673904418945 0.793788492679596 
v -27.210044860839844 22.860673904418945 0.7044435143470764 
v -26.973819732666016 22.860673904418945 0.7133780121803284 
v -27.239572525024414 22.953140258789062 0.7044435143470764 
v -27.09193229675293 23.12126350402832 0.7133780121803284 
v -27.239572525024414 22.768207550048828 0.7044435143470764 
v -27.09193229675293 22.608491897583008 0.7133780121803284 
v -27.328155517578125 22.726177215576172 0.7044435143470764 
v -27.328155517578125 22.49921226501465 0.7133780121803284 
v -27.593908309936523 22.608491897583008 0.7133780121803284 
v -27.44626808166504 22.768207550048828 0.7044435143470764 
v -27.712020874023438 22.860673904418945 0.7133780121803284 
v -27.47579574584961 22.860673904418945 0.7044435143470764 
v -27.44626808166504 22.953140258789062 0.7044435143470764 
v -27.593908309936523 23.12126350402832 0.7133780121803284 
v -27.328155517578125 22.99517059326172 0.7044435143470764 
v -27.328155517578125 23.222135543823242 0.7133780121803284 
v -27.44626808166504 22.953140258789062 0.7044435143470764 
v -27.357683181762695 22.936328887939453 0.2041115015745163 
v -27.328155517578125 22.99517059326172 0.7044435143470764 
v -27.269100189208984 22.969953536987305 0.2041115015745163 
v -27.239572525024414 22.953140258789062 0.7044435143470764 
v -27.18051528930664 22.936328887939453 0.2041115015745163 
v -27.210044860839844 22.860673904418945 0.7044435143470764 
v -27.47579574584961 22.860673904418945 0.7044435143470764 
v -27.3872127532959 22.843862533569336 0.2041115015745163 
v -27.44626808166504 22.768207550048828 0.7044435143470764 
v -27.357683181762695 22.74298858642578 0.2041115015745163 
v -27.328155517578125 22.726177215576172 0.7044435143470764 
v -27.269100189208984 22.70936393737793 0.2041115015745163 
v -27.357683181762695 22.785018920898438 -0.29622048139572144 
v -27.269100189208984 22.751394271850586 -0.29622048139572144 
v -27.3872127532959 22.885892868041992 -0.29622048139572144 
v -27.357683181762695 22.97835922241211 -0.29622048139572144 
v -27.269100189208984 23.01198387145996 -0.29622048139572144 
v -27.18051528930664 22.97835922241211 -0.29622048139572144 
v -27.1214599609375 22.885892868041992 -0.29622048139572144 
v -27.1214599609375 22.843862533569336 0.2041115015745163 
v -27.239572525024414 22.768207550048828 0.7044435143470764 
v -27.18051528930664 22.74298858642578 0.2041115015745163 
v -27.269100189208984 22.70936393737793 0.2041115015745163 
v -27.269100189208984 22.751394271850586 -0.29622048139572144 
v -27.18051528930664 22.785018920898438 -0.29622048139572144 
v -27.328155517578125 22.726177215576172 0.7044435143470764 
v 26.826196670532227 22.85226821899414 0.7133780121803284 
v 26.944307327270508 23.104450225830078 0.7133780121803284 
v 26.944307327270508 23.104450225830078 0.793788492679596 
v 27.180532455444336 23.213729858398438 0.793788492679596 
v 27.180532455444336 23.213729858398438 0.7133780121803284 
v 27.4462833404541 23.104450225830078 0.793788492679596 
v 27.4462833404541 23.104450225830078 0.7133780121803284 
v 27.564395904541016 22.85226821899414 0.793788492679596 
v 27.564395904541016 22.85226821899414 0.7133780121803284 
v 27.4462833404541 22.591678619384766 0.793788492679596 
v 27.4462833404541 22.591678619384766 0.7133780121803284 
v 27.180532455444336 22.490806579589844 0.793788492679596 
v 27.180532455444336 22.490806579589844 0.7133780121803284 
v 26.944307327270508 22.591678619384766 0.793788492679596 
v 26.944307327270508 22.591678619384766 0.7133780121803284 
v 26.826196670532227 22.85226821899414 0.793788492679596 
v 27.180532455444336 22.85226821899414 0.793788492679596 
v 27.091947555541992 22.944734573364258 0.7044435143470764 
v 27.062419891357422 22.85226821899414 0.7044435143470764 
v 26.826196670532227 22.85226821899414 0.7133780121803284 
v 27.091947555541992 22.75979995727539 0.7044435143470764 
v 26.944307327270508 22.591678619384766 0.7133780121803284 
v 27.180532455444336 22.717769622802734 0.7044435143470764 
v 27.180532455444336 22.490806579589844 0.7133780121803284 
v 27.4462833404541 22.591678619384766 0.7133780121803284 
v 27.298643112182617 22.75979995727539 0.7044435143470764 
v 27.564395904541016 22.85226821899414 0.7133780121803284 
v 27.32817268371582 22.85226821899414 0.7044435143470764 
v 27.298643112182617 22.944734573364258 0.7044435143470764 
v 27.4462833404541 23.104450225830078 0.7133780121803284 
v 27.180532455444336 22.986764907836914 0.7044435143470764 
v 27.180532455444336 23.213729858398438 0.7133780121803284 
v 26.944307327270508 23.104450225830078 0.7133780121803284 
v 27.091947555541992 23.01198387145996 -0.29622048139572144 
v 27.091947555541992 22.953140258789062 0.2041115015745163 
v 27.062419891357422 22.91951560974121 -0.29622048139572144 
v 27.062419891357422 22.860673904418945 0.2041115015745163 
v 27.091947555541992 22.944734573364258 0.7044435143470764 
v 27.180532455444336 22.99517059326172 0.2041115015745163 
v 27.180532455444336 22.986764907836914 0.7044435143470764 
v 27.298643112182617 22.953140258789062 0.2041115015745163 
v 27.298643112182617 22.944734573364258 0.7044435143470764 
v 27.32817268371582 22.860673904418945 0.2041115015745163 
v 27.32817268371582 22.85226821899414 0.7044435143470764 
v 27.180532455444336 23.054014205932617 -0.29622048139572144 
v 27.298643112182617 23.01198387145996 -0.29622048139572144 
v 27.32817268371582 22.91951560974121 -0.29622048139572144 
v 27.298643112182617 22.827049255371094 -0.29622048139572144 
v 27.298643112182617 22.768207550048828 0.2041115015745163 
v 27.180532455444336 22.785018920898438 -0.29622048139572144 
v 27.180532455444336 22.726177215576172 0.2041115015745163 
v 27.298643112182617 22.75979995727539 0.7044435143470764 
v 27.180532455444336 22.717769622802734 0.7044435143470764 
v 27.062419891357422 22.85226821899414 0.7044435143470764 
v 27.091947555541992 22.768207550048828 0.2041115015745163 
v 27.091947555541992 22.827049255371094 -0.29622048139572144 
v 27.180532455444336 22.726177215576172 0.2041115015745163 
v 27.180532455444336 22.785018920898438 -0.29622048139572144 
v 27.091947555541992 22.75979995727539 0.7044435143470764 
v 27.180532455444336 22.717769622802734 0.7044435143470764 
vn -0.9994345903396606 -0.03276457265019417 0.007547779008746147 
vn -0.9969637393951416 -0.0763898640871048 0.015095389448106289 
vn -0.18828365206718445 -0.9364978075027466 0.29583972692489624 
vn -0.1838952749967575 -0.8867024183273315 0.42419499158859253 
vn 0.11752919107675552 -0.9041935205459595 0.410634845495224 
vn 0.06219599395990372 -0.8678402304649353 0.49293506145477295 
vn -0.15664047002792358 -0.8358433246612549 0.5261460542678833 
vn -0.9979309439659119 -0.05459024757146835 0.03396717831492424 
vn -0.9991964101791382 -0.03713129088282585 0.015092821791768074 
vn -0.05638841167092323 -0.9424833655357361 0.32946231961250305 
vn -0.9996926784515381 -0.01966099627315998 0.01510031707584858 
vn -0.09024117887020111 -0.865661084651947 0.4924301505088806 
vn -0.9995972514152527 -0.024029340595006943 0.015098875388503075 
vn -0.1128900945186615 -0.5831804275512695 0.804460346698761 
vn -0.9988822340965271 -0.04149730131030083 0.022634264081716537 
vn -0.05469249561429024 -0.3649536371231079 0.9294178485870361 
vn 0.07357458025217056 -0.5025205612182617 0.86142897605896 
vn 0.18009155988693237 -0.36088213324546814 0.9150579571723938 
vn 0.9988545179367065 -0.03713129088282585 0.03018219955265522 
vn 0.9995972514152527 -0.024029340595006943 0.015098875388503075 
vn 0.07532712817192078 -0.865661084651947 0.49493107199668884 
vn 0.11678831279277802 -0.9349566102027893 0.33498743176460266 
vn 0.1158117726445198 -0.9548956751823425 0.2734261453151703 
vn 0.9991964101791382 -0.03713129088282585 0.0150928208604455 
vn 0.9992818832397461 -0.03713129088282585 0.007546626031398773 
vn 0.9989191889762878 -0.04586252197623253 0.0075529650785028934 
vn 0.9992066025733948 -0.03276457265019417 0.022641615942120552 
vn 0.09224165230989456 -0.7792953848838806 0.6198307871818542 
vn 0.999053955078125 -0.03713129088282585 0.02263815514743328 
vn 0.9999499917030334 -0.006554040592163801 0.0075516714714467525 
vn 0.9999118447303772 -0.010923261754214764 0.007551383227109909 
vn -0.24697940051555634 -0.7540562748908997 0.6086052060127258 
vn -0.9991703629493713 -0.0152922747656703 0.037746138870716095 
vn -0.16482427716255188 -0.6969945430755615 0.6978764533996582 
vn -0.9999118447303772 -0.010923261754214764 0.007551383227109909 
vn -0.9999118447303772 -0.010923261754214764 0.007551383227109909 
vn -0.10164298117160797 -0.5867242813110352 0.8033824563026428 
vn -0.9999118447303772 -0.010923261754214764 0.007551383227109909 
vn -0.16711010038852692 -0.5100564956665039 0.8437514901161194 
vn -0.9995501041412354 -0.01966099627315998 0.022649399936199188 
vn -0.15974251925945282 -0.42909738421440125 0.8890206813812256 
vn -0.9993505477905273 -0.01966099627315998 0.03019719012081623 
vn -0.07920398563146591 -0.401274174451828 0.9125271439552307 
vn -0.9990940093994141 -0.01966099627315998 0.037743259221315384 
vn -0.08670612424612045 -0.43303996324539185 0.8971947431564331 
vn -0.9984100461006165 -0.01966099627315998 0.052828505635261536 
vn -0.16473837196826935 -0.6875353455543518 0.7072173357009888 
vn -0.9997782111167908 -0.01966099627315998 -0.007550373673439026 
vn -0.18554340302944183 -0.882628321647644 0.4319038391113281 
vn -0.9114102721214294 -0.03276457265019417 -0.41019245982170105 
vn -0.10460507124662399 -0.9945066571235657 0.003778959158807993 
vn 0.10810354351997375 -0.9219872951507568 0.3718239963054657 
vn 0.11658759415149689 -0.7453821301460266 0.656363308429718 
vn 0.04905945062637329 -0.43303996324539185 0.9000386595726013 
vn 0.16700096428394318 -0.405272513628006 0.898813009262085 
vn 0.21686968207359314 -0.456519216299057 0.862877607345581 
vn 0.09795085340738297 -0.5760593414306641 0.8115178942680359 
vn 0.11295575648546219 -0.6551609039306641 0.7469974756240845 
vn 0.9995501041412354 -0.01966099627315998 0.022649399936199188 
vn 0.9979826211929321 -0.01966099627315998 0.06036682799458504 
vn 0.9996837377548218 -0.010923261754214764 0.02265242673456669 
vn 0.9985707402229309 -0.028397228568792343 0.045277662575244904 
vn 0.9988842010498047 -0.028397228568792343 0.03773533180356026 
vn 0.9996926784515381 -0.01966099627315998 0.01510031707584858 
vn 0.9400835037231445 -0.01966099627315998 -0.3403768539428711 
vn 0.12521563470363617 -0.991421103477478 0.037487100809812546 
vn 0.18020299077033997 -0.024029340595006943 -0.9833359122276306 
vn -0.060374896973371506 -0.010923261754214764 -0.9981160163879395 
vn 0.1429940164089203 -0.002184694167226553 -0.9897211194038391 
vn -0.18767757713794708 -0.002184694167226553 -0.9822282791137695 
vn -0.9114102721214294 -0.03276457265019417 -0.41019245982170105 
vn -0.9998835325241089 -0.002184694167226553 -0.015103200450539589 
vn 0.9400835037231445 -0.01966099627315998 -0.3403768539428711 
vn 0.9998835325241089 -0.002184694167226553 -0.015103200450539589 
vn 0.9995972514152527 -0.024029340595006943 0.015098875388503075 
vn 0.9988545179367065 -0.03713129088282585 0.03018219955265522 
vn 0.9998835325241089 -0.002184694167226553 -0.015103200450539589 
vn 0.999053955078125 -0.03713129088282585 0.02263815514743328 
vn 0.9991964101791382 -0.03713129088282585 0.0150928208604455 
vn 0.9992818832397461 -0.03713129088282585 0.007546626031398773 
vn 0.9989191889762878 -0.04586252197623253 0.0075529650785028934 
vn 0.9992066025733948 -0.03276457265019417 0.022641615942120552 
vn 0.9999499917030334 -0.006554040592163801 0.0075516714714467525 
vn 0.9999118447303772 -0.010923261754214764 0.007551383227109909 
vn 0.9995501041412354 -0.01966099627315998 0.022649399936199188 
vn 0.9979826211929321 -0.01966099627315998 0.06036682799458504 
vn 0.9996837377548218 -0.010923261754214764 0.02265242673456669 
vn 0.9985707402229309 -0.028397228568792343 0.045277662575244904 
vn 0.9988842010498047 -0.028397228568792343 0.03773533180356026 
vn 0.9996926784515381 -0.01966099627315998 0.01510031707584858 
vn 0.9400835037231445 -0.01966099627315998 -0.3403768539428711 
vn -0.9114102721214294 -0.03276457265019417 -0.41019245982170105 
vn -0.9998835325241089 -0.002184694167226553 -0.015103200450539589 
vn -0.9997782111167908 -0.01966099627315998 -0.007550373673439026 
vn -0.9984100461006165 -0.01966099627315998 0.052828505635261536 
vn -0.9990940093994141 -0.01966099627315998 0.037743259221315384 
vn -0.9993505477905273 -0.01966099627315998 0.03019719012081623 
vn -0.9995501041412354 -0.01966099627315998 0.022649399936199188 
vn -0.9999118447303772 -0.010923261754214764 0.007551383227109909 
vn -0.9999118447303772 -0.010923261754214764 0.007551383227109909 
vn -0.9999118447303772 -0.010923261754214764 0.007551383227109909 
vn -0.9991703629493713 -0.0152922747656703 0.037746138870716095 
vn -0.9979309439659119 -0.05459024757146835 0.03396717831492424 
vn -0.9969637393951416 -0.0763898640871048 0.015095389448106289 
vn -0.9994345903396606 -0.03276457265019417 0.007547779008746147 
vn -0.9991964101791382 -0.03713129088282585 0.015092821791768074 
vn -0.9996926784515381 -0.01966099627315998 0.01510031707584858 
vn -0.9995972514152527 -0.024029340595006943 0.015098875388503075 
vn -0.9988822340965271 -0.04149730131030083 0.022634264081716537 
vn -0.9995967149734497 -0.028397228568792343 2.0673339342497377e-13 
vn -0.13402290642261505 -0.946783721446991 0.29264044761657715 
vn -0.9965558052062988 -0.08074574917554855 0.018885085359215736 
vn -0.08744979649782181 -0.961154580116272 0.26179081201553345 
vn -0.9988822340965271 -0.04149730131030083 0.022634264081716537 
vn -0.24917438626289368 -0.8965907096862793 0.3661108911037445 
vn -0.9975931644439697 -0.06767380982637405 0.015104919672012329 
vn -0.9999118447303772 -0.010923261754214764 0.007551383227109909 
vn -0.049031928181648254 -0.8700028657913208 0.49060261249542236 
vn -0.9999499917030334 -0.006554040592163801 0.0075516714714467525 
vn 0.033911898732185364 -0.9522643685340881 0.3033851981163025 
vn 0.0933389812707901 -0.9439348578453064 0.3166619837284088 
vn 0.999053955078125 -0.03713129088282585 0.02263815514743328 
vn 0.0754474624991417 -0.5324283838272095 0.8431059718132019 
vn 0.9996264576911926 -0.0152922747656703 0.022651128470897675 
vn 0.08841710537672043 -0.8634653687477112 0.49659842252731323 
vn 0.9999499917030334 -0.006554040592163801 0.0075516714714467525 
vn 0.9997782111167908 -0.01966099627315998 0.007550373673439026 
vn -0.11673342436552048 -0.5361219048500061 0.8360302448272705 
vn -0.10544264316558838 -0.3363112509250641 0.9358293414115906 
vn -0.9999691247940063 -0.002184694167226553 0.007551815826445818 
vn 0.10554836690425873 -0.3198012113571167 0.9415873289108276 
vn 0.9994345903396606 -0.03276457265019417 0.007547779008746147 
vn 0.2054651826620102 -0.865661084651947 0.45652490854263306 
vn 0.9996827244758606 -0.024029340595006943 0.007549653295427561 
vn 0.9995501041412354 -0.01966099627315998 0.022649399936199188 
vn 0.11271318793296814 -0.7765498161315918 0.6198920011520386 
vn 0.9996926784515381 -0.01966099627315998 0.01510031707584858 
vn 0.11096500605344772 -0.6682642698287964 0.735601544380188 
vn 0.99945467710495 -0.024029340595006943 0.02264723740518093 
vn 0.07168469578027725 -0.5652954578399658 0.8217678070068359 
vn 0.998856782913208 -0.0152922747656703 0.04529063403606415 
vn 0.14472103118896484 -0.4987381398677826 0.8545853495597839 
vn 0.9984100461006165 -0.01966099627315998 0.052828505635261536 
vn 0.08299299329519272 -0.43697428703308105 0.8956369757652283 
vn 0.9992275834083557 -0.010923261754214764 0.0377483032643795 
vn 0.15965726971626282 -0.3932546079158783 0.9054614305496216 
vn 0.9987506866455078 -0.03276457265019417 0.03773028776049614 
vn 0.09616922587156296 -0.4487268626689911 0.8884794116020203 
vn 0.1221301332116127 -0.715552031993866 0.6878005266189575 
vn 0.99945467710495 -0.024029340595006943 0.02264723740518093 
vn 0.9995501041412354 -0.01966099627315998 0.022649399936199188 
vn 0.11368551850318909 -0.9202865362167358 0.3743637800216675 
vn 0.9805020689964294 -0.024029340595006943 -0.195033997297287 
vn 0.09497826546430588 -0.9883291721343994 -0.1190989762544632 
vn -0.11432939767837524 -0.9824016690254211 0.1477014124393463 
vn -0.09024293720722198 -0.8763908743858337 0.47307005524635315 
vn -0.999711275100708 -0.024029340595006943 2.0675804547187066e-13 
vn -0.17745377123355865 -0.715552031993866 0.6756445169448853 
vn -0.9997690320014954 -0.0152922747656703 0.015101470053195953 
vn -0.12041274458169937 -0.5175535082817078 0.8471358418464661 
vn -0.1672070473432541 -0.3972681760787964 0.9023413062095642 
vn -0.13909637928009033 -0.41324591636657715 0.8999333381652832 
vn -0.2020169049501419 -0.4758462607860565 0.8560137152671814 
vn -0.11104847490787506 -0.6007870435714722 0.7916584610939026 
vn -0.049097009003162384 -0.7185974717140198 0.6936910152435303 
vn -0.12935996055603027 -0.7737894654273987 0.6200934052467346 
vn -0.9996264576911926 -0.0152922747656703 0.022651128470897675 
vn -0.9996264576911926 -0.0152922747656703 0.022651128470897675 
vn -0.9991703629493713 -0.0152922747656703 0.037746138870716095 
vn -0.9974871873855591 -0.03713129088282585 0.06033686175942421 
vn -0.9987804889678955 -0.01966099627315998 0.04528717324137688 
vn -0.9975744485855103 -0.0152922747656703 0.06790688633918762 
vn -0.9821157455444336 -0.0152922747656703 -0.18765608966350555 
vn -0.9997409582138062 -0.002184694167226553 0.022653724998235703 
vn -0.17308251559734344 -0.8236515522003174 0.5400375723838806 
vn -0.9998644590377808 -0.006554040592163801 0.015102911740541458 
vn -0.10852117091417313 -0.9023185968399048 0.41718611121177673 
vn -0.9999691247940063 -0.002184694167226553 0.007551815826445818 
vn -0.9999499917030334 -0.006554040592163801 0.0075516714714467525 
vn -0.9998835325241089 -0.002184694167226553 -0.015103200450539589 
vn -0.9999118447303772 -0.010923261754214764 0.007551383227109909 
vn -0.9995967149734497 -0.028397228568792343 2.0673339342497377e-13 
vn -0.9965558052062988 -0.08074574917554855 0.018885085359215736 
vn -0.9988822340965271 -0.04149730131030083 0.022634264081716537 
vn -0.9975931644439697 -0.06767380982637405 0.015104919672012329 
vn -0.9998644590377808 -0.006554040592163801 0.015102911740541458 
vn -0.9997409582138062 -0.002184694167226553 0.022653724998235703 
vn -0.9996264576911926 -0.0152922747656703 0.022651128470897675 
vn -0.9996264576911926 -0.0152922747656703 0.022651128470897675 
vn -0.9991703629493713 -0.0152922747656703 0.037746138870716095 
vn -0.9974871873855591 -0.03713129088282585 0.06033686175942421 
vn -0.9987804889678955 -0.01966099627315998 0.04528717324137688 
vn -0.9975744485855103 -0.0152922747656703 0.06790688633918762 
vn -0.9997690320014954 -0.0152922747656703 0.015101470053195953 
vn -0.999711275100708 -0.024029340595006943 2.0675804547187066e-13 
vn -0.9821157455444336 -0.0152922747656703 -0.18765608966350555 
vn -0.06791467219591141 -0.002184694167226553 -0.9976887702941895 
vn 0.11303620040416718 -0.002184694167226553 -0.9935884475708008 
vn 0.10552754998207092 -0.006554040592163801 -0.9943947792053223 
vn 0.9997409582138062 -0.002184694167226553 -0.022653724998235703 
vn 0.9805020689964294 -0.024029340595006943 -0.195033997297287 
vn -0.2024330198764801 -0.024029340595006943 -0.9790012836456299 
vn -0.9821157455444336 -0.0152922747656703 -0.18765608966350555 
vn -0.9998835325241089 -0.002184694167226553 -0.015103200450539589 
vn 0.9805020689964294 -0.024029340595006943 -0.195033997297287 
vn 0.9995501041412354 -0.01966099627315998 0.022649399936199188 
vn 0.9997409582138062 -0.002184694167226553 -0.022653724998235703 
vn 0.99945467710495 -0.024029340595006943 0.02264723740518093 
vn 0.9987506866455078 -0.03276457265019417 0.03773028776049614 
vn 0.9992275834083557 -0.010923261754214764 0.0377483032643795 
vn 0.9984100461006165 -0.01966099627315998 0.052828505635261536 
vn 0.998856782913208 -0.0152922747656703 0.04529063403606415 
vn 0.99945467710495 -0.024029340595006943 0.02264723740518093 
vn 0.9996926784515381 -0.01966099627315998 0.01510031707584858 
vn 0.9995501041412354 -0.01966099627315998 0.022649399936199188 
vn 0.9996827244758606 -0.024029340595006943 0.007549653295427561 
vn 0.9994345903396606 -0.03276457265019417 0.007547779008746147 
vn 0.9997782111167908 -0.01966099627315998 0.007550373673439026 
vn 0.9999499917030334 -0.006554040592163801 0.0075516714714467525 
vn 0.9996264576911926 -0.0152922747656703 0.022651128470897675 
vn 0.999053955078125 -0.03713129088282585 0.02263815514743328 
vn 0.4135139584541321 -0.9097144603729248 0.03775927796959877 
vn 0.013107799924910069 -0.9999141097068787 -2.220259304955223e-16 
vn -0.002184688812121749 -0.9999904632568359 -0.0037839922588318586 
vn 0.0040505328215658665 -0.9999141097068787 0.012466258369386196 
vn 0.021845221519470215 -0.9997613430023193 -2.2199200947296274e-16 
vn 0.0038889264687895775 -0.9998472929000854 0.01703849993646145 
vn 0.05240868031978607 -0.9986256957054138 -2.2173984511758717e-16 
vn 0.033970385789871216 -0.8907088041305542 0.4533033072948456 
vn 0.7397941946983337 -0.44481781125068665 0.5048184394836426 
vn 0.9947329759597778 -0.10250037163496017 -2.275969422902302e-17 
vn 0.916975736618042 0.2401314377784729 0.31857869029045105 
vn 0.9466061592102051 0.2990269064903259 0.12049752473831177 
vn 0.26065003871917725 0.3852050006389618 0.885256290435791 
vn 0.47804227471351624 -0.002184694167226553 0.878334105014801 
vn 0.02641865611076355 -0.18463370203971863 0.9824522733688354 
vn 3.0518805798490645e-13 -0.17173540592193604 0.9851431250572205 
vn -0.0018880317220464349 -0.22312943637371063 0.9747869968414307 
vn -0.0019445375073701143 -0.999961793422699 0.00851957593113184 
vn -0.002184688812121749 -0.9999904632568359 0.0037839922588318586 
vn -0.002184688812121749 -0.9999904632568359 -0.0037839922588318586 
vn -0.002184688812121749 -0.9999904632568359 0.0037839922588318586 
vn 2.0682311115474694e-13 -1 -2.2204500197172533e-16 
vn -0.021845221519470215 -0.9997613430023193 4.296104521661712e-15 
vn 0.001892047468572855 -0.999389111995697 0.03489676117897034 
vn -0.021845221519470215 -0.9997613430023193 4.296104521661712e-15 
vn -0.009519347921013832 -0.9986256957054138 0.05153689533472061 
vn -0.20360396802425385 -0.9789873361587524 -0.01136635523289442 
vn -0.12197896093130112 -0.9925254583358765 -0.003795364871621132 
vn -0.2106873095035553 -0.8110666871070862 0.5456938147544861 
vn -0.003776365192607045 -0.06767380982637405 0.9977003335952759 
vn -0.10173026472330093 -0.18463370203971863 0.9775281548500061 
vn -0.18378253281116486 0.2103329300880432 0.9602000117301941 
vn -0.02076868712902069 0.12854042649269104 0.9914867877960205 
vn 0.026410561054944992 0.15880759060382843 0.9869562387466431 
vn 0.013196775689721107 0.43303996324539185 0.9012780785560608 
vn -0.009438417851924896 0.2017817199230194 0.9793850183486938 
vn 0.0018872113432735205 -0.08945280313491821 0.9959892630577087 
vn 3.0952372826256735e-13 -0.04149730131030083 0.999138593673706 
vn -0.0018864546436816454 -0.0633138045668602 0.9979918599128723 
vn -0.005663774441927671 0.08510008454322815 0.9963563084602356 
vn 0.0056594661436975 0.18033768236637115 0.983588457107544 
vn 0.0018880139105021954 0.18892620503902435 0.9819895029067993 
vn 0.0018881993601098657 -0.12854042649269104 0.9917024970054626 
vn -0.003775948192924261 0.11986933648586273 0.992782473564148 
vn 0.0075502279214560986 0.21886809170246124 0.9757252335548401 
vn -0.001886497950181365 0.18033768236637115 0.9836029410362244 
vn 3.048244436813091e-13 -0.19321508705615997 0.9811564087867737 
vn 0.003771411720663309 0.34452807903289795 0.9387684464454651 
vn 2.9686664368075433e-13 0.2948545813560486 0.9555421471595764 
vn -0.005657149478793144 0.25706008076667786 0.9663788676261902 
vn 0.04718220233917236 -0.18892620503902435 -0.9808571338653564 
vn -0.12232241034507751 -0.11553031951189041 -0.9857433438301086 
vn -0.003773920238018036 0.1242060661315918 0.9922492504119873 
vn 0.0037733782082796097 0.15880759060382843 0.9873023629188538 
vn -0.9920929670333862 0.11553031951189041 -0.049033548682928085 
vn -0.9879940152168274 0.15449213981628418 2.0437429147038971e-13 
vn -0.12232241034507751 -0.11553031951189041 -0.9857433438301086 
vn -0.9892776012420654 0.1458524912595749 0.007543610408902168 
vn -0.14796672761440277 0.9889853596687317 0.0037195926997810602 
vn -0.23666240274906158 0.9658315181732178 -0.10564269870519638 
vn -0.5839177966117859 0.40926313400268555 -0.7011017799377441 
vn -0.23245784640312195 0.8136147856712341 -0.5329111814498901 
vn -0.08853499591350555 0.16742929816246033 -0.981900691986084 
vn -1.0291221271430812e-13 0.0981530249118805 -0.995171308517456 
vn 0.0015174545114859939 0.999961793422699 -0.008605912327766418 
vn -0.017476677894592285 0.9998472929000854 3.836591688875096e-15 
vn -0.992760956287384 0.11986933648586273 -0.007551841903477907 
vn -0.97575443983078 -0.21886809170246124 2.0219329682769072e-13 
vn -0.002184688812121749 -0.9999904632568359 -0.0037839922588318586 
vn -0.021845221519470215 -0.9997613430023193 4.296104521661712e-15 
vn -0.9911260008811951 -0.1328723281621933 0.0037742170970886946 
vn -0.021845221519470215 -0.9997613430023193 4.296104521661712e-15 
vn -0.20360396802425385 -0.9789873361587524 -0.01136635523289442 
vn -0.9922564625740051 -0.1242060661315918 2.0519397541784307e-13 
vn -0.9916395545005798 -0.12854042649269104 0.011328957043588161 
vn -0.12197896093130112 -0.9925254583358765 -0.003795364871621132 
vn -0.2106873095035553 -0.8110666871070862 0.5456938147544861 
vn -0.8078539967536926 -0.08510008454322815 0.5832065343856812 
vn -0.10173026472330093 -0.18463370203971863 0.9775281548500061 
vn -0.18378253281116486 0.2103329300880432 0.9602000117301941 
vn -0.987057626247406 0.1415284425020218 0.07541158050298691 
vn -0.9899054169654846 0.1415284425020218 0.007548397872596979 
vn -0.9641047716140747 0.26549527049064636 -0.0037719053216278553 
vn -0.025969194248318672 0.9996563792228699 0.003569383639842272 
vn -0.008211665786802769 0.999961793422699 0.0029888020362704992 
vn 4.0606729845218004e-15 0.9999141097068787 0.013107799924910069 
vn 0.0013502120273187757 0.9999904632568359 0.0041555254720151424 
vn 0.0056594661436975 0.18033768236637115 0.983588457107544 
vn -0.005663774441927671 0.08510008454322815 0.9963563084602356 
vn -0.006688034627586603 0.9998472929000854 0.016146345064044 
vn -0.009438417851924896 0.2017817199230194 0.9793850183486938 
vn -0.0017888620495796204 0.9996563792228699 0.026152238249778748 
vn 0.013196775689721107 0.43303996324539185 0.9012780785560608 
vn 0.006750544533133507 0.9997613430023193 0.020776038989424706 
vn 0.006750544533133507 0.9997613430023193 0.020776038989424706 
vn -0.16958275437355042 0.9855159521102905 3.529246122777052e-14 
vn -0.36241549253463745 0.9219872951507568 0.13636161386966705 
vn -0.19520831108093262 0.8358433246612549 0.5130883455276489 
vn -0.02076868712902069 0.12854042649269104 0.9914867877960205 
vn 0.007467308547347784 0.9945066571235657 0.10440661758184433 
vn 0.026410561054944992 0.15880759060382843 0.9869562387466431 
vn 0.0018880139105021954 0.18892620503902435 0.9819895029067993 
vn 0.0013502120273187757 0.9999904632568359 0.0041555254720151424 
vn 0 1 2.2204500197172533e-16 
vn 0.0013502120273187757 0.9999904632568359 0.0041555254720151424 
vn 0.0075502279214560986 0.21886809170246124 0.9757252335548401 
vn 0.0013502120273187757 0.9999904632568359 0.0041555254720151424 
vn -0.001886497950181365 0.18033768236637115 0.9836029410362244 
vn 0.0013502120273187757 0.9999904632568359 0.0041555254720151424 
vn 0.003771411720663309 0.34452807903289795 0.9387684464454651 
vn 4.0606729845218004e-15 0.9999141097068787 0.013107799924910069 
vn 2.9686664368075433e-13 0.2948545813560486 0.9555421471595764 
vn -0.005657149478793144 0.25706008076667786 0.9663788676261902 
vn 6.767443423954644e-15 0.9997613430023193 0.021845221519470215 
vn -0.0018728610593825579 0.986960232257843 0.16095328330993652 
vn -0.003773920238018036 0.1242060661315918 0.9922492504119873 
vn 0.0037733782082796097 0.15880759060382843 0.9873023629188538 
vn 3.3772650339302865e-14 0.9940398335456848 0.10901768505573273 
vn 0.24439693987369537 0.8161473870277405 0.523615837097168 
vn 0.32594889402389526 0.9439348578453064 0.052386149764060974 
vn 0.9466061592102051 0.2990269064903259 0.12049752473831177 
vn 0.9802737832069397 0.1975002884864807 0.0075482395477592945 
vn 0.9947329759597778 -0.10250037163496017 -2.275969422902302e-17 
vn -0.003775948192924261 0.11986933648586273 0.992782473564148 
vn 0.26065003871917725 0.3852050006389618 0.885256290435791 
vn 0.020776038989424706 0.9997613430023193 0.006750544533133507 
vn 0.020776038989424706 0.9997613430023193 -0.006750544533133507 
vn 0.004369377624243498 0.9999904632568359 2.220428843893572e-16 
vn 0.004369377624243498 0.9999904632568359 2.220428843893572e-16 
vn 0.9974023103713989 0.07203252613544464 1.5994461931637624e-17 
vn 0.9899342060089111 -0.1415284425020218 -3.142568334929809e-17 
vn 0.05240868031978607 -0.9986256957054138 -2.2173984511758717e-16 
vn 0.021845221519470215 -0.9997613430023193 -2.2199200947296274e-16 
vn 0.9244744777679443 -0.3811691105365753 -0.007553671952337027 
vn 0.013107799924910069 -0.9999141097068787 -2.220259304955223e-16 
vn 0.4135139584541321 -0.9097144603729248 0.03775927796959877 
vn 0.9933039546012878 -0.11553031951189041 -2.5652930474994645e-17 
vn -0.002184688812121749 -0.9999904632568359 -0.0037839922588318586 
vn 0.04718220233917236 -0.18892620503902435 -0.9808571338653564 
vn 0.9801865816116333 0.1975002884864807 -0.015096031129360199 
vn 0.6179628372192383 0.40926313400268555 -0.6712865829467773 
vn 0.9612818956375122 0.27391019463539124 -0.03017176128923893 
vn 0.9488729238510132 0.31565824151039124 7.009033525895805e-17 
vn 0.976584792137146 0.21460255980491638 0.015096068382263184 
vn 0.004369377624243498 0.9999904632568359 2.220428843893572e-16 
vn 0.004369377624243498 0.9999904632568359 2.220428843893572e-16 
vn 0.22156381607055664 0.865661084651947 -0.4489325284957886 
vn 0.08663313090801239 0.2864931523799896 -0.9541574120521545 
vn 0.003772683208808303 0.08074574917554855 -0.9967275857925415 
vn 0.6179628372192383 0.40926313400268555 -0.6712865829467773 
vn 0.08663313090801239 0.2864931523799896 -0.9541574120521545 
vn 0.003772683208808303 0.08074574917554855 -0.9967275857925415 
vn -1.0291221271430812e-13 0.0981530249118805 -0.995171308517456 
vn -0.08853499591350555 0.16742929816246033 -0.981900691986084 
vn -0.5839177966117859 0.40926313400268555 -0.7011017799377441 
vn 0 1 2.2204500197172533e-16 
vn 0 1 2.2204500197172533e-16 
vn 0.41920527815818787 0.9078915119171143 2.015927694204496e-16 
vn 0.5742721557617188 0.8186644315719604 1.817803379119265e-16 
vn 0.8174078464508057 0.5760593414306641 1.2791109387447214e-16 
vn 0.9069734811782837 0.42118772864341736 9.352262824202141e-17 
vn 0.9922564625740051 0.1242060661315918 2.7579336514318365e-17 
vn 0.999711275100708 -0.024029340595006943 -5.335594951604378e-18 
vn -0.41920527815818787 0.9078915119171143 8.69029308692322e-14 
vn -0.5742598176002502 0.8186644315719604 -0.0037664223928004503 
vn -0.8173992037773132 0.5760593414306641 -0.003770856885239482 
vn -0.9069656133651733 0.42118772864341736 -0.003773950971662998 
vn -0.9922564625740051 0.1242060661315918 2.0524913420336827e-13 
vn -0.999711275100708 -0.024029340595006943 2.0675804547187066e-13 
vn -0.9766941666603088 -0.21460255980491638 -0.0037741579581052065 
vn -0.9641121625900269 -0.26549527049064636 1.9934172314130943e-13 
vn -0.9967275857925415 -0.08074574917554855 -0.0037772341165691614 
vn -0.9967275857925415 -0.08074574917554855 -0.0037772341165691614 
vn -0.999997615814209 -0.002184694167226553 2.0682212182026455e-13 
vn -0.999997615814209 -0.002184694167226553 2.0682212182026455e-13 
vn -2.0682311115474694e-13 -1 -2.2204500197172533e-16 
vn -2.0682311115474694e-13 -1 -2.2204500197172533e-16 
vn 0.0018886204343289137 -0.08074574917554855 -0.9967329502105713 
vn -2.0682311115474694e-13 -1 -2.2204500197172533e-16 
vn -1.0332247481637663e-13 -0.04149730131030083 -0.999138593673706 
vn -1.0332247481637663e-13 -0.04149730131030083 -0.999138593673706 
vn -1.0341130485562108e-13 0.002184694167226553 -0.999997615814209 
vn -1.0341130485562108e-13 0.002184694167226553 -0.999997615814209 
vn -1.0341130485562108e-13 0.002184694167226553 -0.999997615814209 
vn -1.0341130485562108e-13 0.002184694167226553 -0.999997615814209 
vn -1.0341130485562108e-13 0.002184694167226553 -0.999997615814209 
vn -1.0341130485562108e-13 0.002184694167226553 -0.999997615814209 
vn -1.0341130485562108e-13 0.002184694167226553 -0.999997615814209 
vn -1.0341130485562108e-13 0.002184694167226553 -0.999997615814209 
vn -1.0341130485562108e-13 0.002184694167226553 -0.999997615814209 
vn -1.0341130485562108e-13 0.002184694167226553 -0.999997615814209 
vn -1.0341130485562108e-13 0.002184694167226553 -0.999997615814209 
vn -1.0341130485562108e-13 0.002184694167226553 -0.999997615814209 
vn -1.0341130485562108e-13 0.002184694167226553 -0.999997615814209 
vn -1.0341130485562108e-13 0.002184694167226553 -0.999997615814209 
vn -1.0341130485562108e-13 0.002184694167226553 -0.999997615814209 
vn -1.0341130485562108e-13 0.002184694167226553 -0.999997615814209 
vn -1.0341130485562108e-13 0.002184694167226553 -0.999997615814209 
vn -1.0341130485562108e-13 0.002184694167226553 -0.999997615814209 
vn -1.0341130485562108e-13 0.002184694167226553 -0.999997615814209 
vn -1.0341130485562108e-13 0.002184694167226553 -0.999997615814209 
vn -1.0341130485562108e-13 0.002184694167226553 -0.999997615814209 
vn -1.0341130485562108e-13 0.002184694167226553 -0.999997615814209 
vn -1.0341130485562108e-13 0.002184694167226553 -0.999997615814209 
vn 0.9767014384269714 -0.21460255980491638 -4.765142663456677e-17 
vn 0.9641121625900269 -0.26549527049064636 -5.89518983246783e-17 
vn 0.9967347383499146 -0.08074574917554855 -1.7929189407923628e-17 
vn 0.9967347383499146 -0.08074574917554855 -1.7929189407923628e-17 
vn 0.999997615814209 -0.002184694167226553 -4.851004321232411e-19 
vn 0.999997615814209 -0.002184694167226553 -4.851004321232411e-19 
vn 0.49099138379096985 0.34452807903289795 0.8001424074172974 
vn 0.5977672338485718 0.10684575140476227 0.7945176362991333 
vn -0.03208078071475029 -0.05459024757146835 0.9979933500289917 
vn 0.1355079710483551 -0.010923261754214764 0.9907160401344299 
vn -0.8835081458091736 -0.08074574917554855 0.46140384674072266 
vn 0.0018886204343289137 -0.08074574917554855 0.9967329502105713 
vn -0.8429116606712341 0.43697428703308105 0.3139322102069855 
vn -0.995983898639679 0.08945280313491821 -0.003774415934458375 
vn -0.8173992037773132 0.5760593414306641 -0.003770856885239482 
vn -0.45789751410484314 0.7874425053596497 0.41263076663017273 
vn -0.41920527815818787 0.9078915119171143 8.69029308692322e-14 
vn 0.03019949607551098 -0.0152922747656703 0.9994269013404846 
vn 0.007551383227109909 -0.010923261754214764 0.9999118447303772 
vn -0.10173026472330093 0.18463370203971863 0.9775281548500061 
vn -0.9069656133651733 -0.42118772864341736 -0.003773950971662998 
vn -0.7737008333206177 -0.5175535082817078 0.3654111921787262 
vn 3.097898456858039e-13 0.002184694167226553 0.999997615814209 
vn 3.097898456858039e-13 0.002184694167226553 0.999997615814209 
vn 3.097898456858039e-13 0.002184694167226553 0.999997615814209 
vn 3.0977209187522947e-13 -0.010923261754214764 0.9999403357505798 
vn 0.0018880139105021954 0.18892620503902435 0.9819895029067993 
vn 9.35487649259166e-14 0.953589141368866 0.3011109232902527 
vn 0 1 2.2204500197172533e-16 
vn 0.41920527815818787 0.9078915119171143 2.015927694204496e-16 
vn 0.45789751410484314 0.7874425053596497 0.41263076663017273 
vn 0.8174078464508057 0.5760593414306641 1.2791109387447214e-16 
vn 0.8442209959030151 0.43697428703308105 0.31039395928382874 
vn 0.995991051197052 0.08945280313491821 1.9862547073115244e-17 
vn 0.10173026472330093 0.18463370203971863 0.9775281548500061 
vn -0.007551383227109909 -0.010923261754214764 0.9999118447303772 
vn 3.097898456858039e-13 0.002184694167226553 0.999997615814209 
vn 3.097898456858039e-13 0.002184694167226553 0.999997615814209 
vn -0.03019949607551098 -0.0152922747656703 0.9994269013404846 
vn -0.0056658340618014336 -0.08074574917554855 0.9967186450958252 
vn 0.8852503299713135 -0.08074574917554855 0.4580523669719696 
vn 0.9069734811782837 -0.42118772864341736 -9.352262824202141e-17 
vn 0.7737008333206177 -0.5175535082817078 0.3654111921787262 
vn 0.5742721557617188 -0.8186644315719604 -1.817803379119265e-16 
vn 0.4274863600730896 -0.7792953848838806 0.45820751786231995 
vn -2.0682311115474694e-13 -1 -2.2204500197172533e-16 
vn 0.03585345298051834 -0.05459024757146835 0.9978649616241455 
vn -0.1355079710483551 -0.010923261754214764 0.9907160401344299 
vn -0.5977672338485718 0.10684575140476227 0.7945176362991333 
vn -0.49099138379096985 0.34452807903289795 0.8001424074172974 
vn -0.1017717570066452 0.11986933648586273 0.9875595569610596 
vn -0.30070459842681885 0.5175535082817078 0.8010712265968323 
vn -0.003770883660763502 0.6007870435714722 0.7994002103805542 
vn -0.001887861406430602 0.05022686347365379 0.9987360239028931 
vn -0.0018898227717727423 -0.8033295273780823 0.5955317616462708 
vn -0.43024152517318726 -0.7792953848838806 0.45562151074409485 
vn -0.5742597579956055 -0.8186644315719604 -0.0037822143640369177 
vn 0.1017717570066452 0.11986933648586273 0.9875595569610596 
vn 0.29717203974723816 0.5175535082817078 0.8023883700370789 
vn 0 1 2.2204500197172533e-16 
vn 0 1 2.2204500197172533e-16 
vn -0.41920527815818787 0.9078915119171143 8.69029308692322e-14 
vn -0.5742598176002502 0.8186644315719604 -0.0037664223928004503 
vn -0.8173992037773132 0.5760593414306641 -0.003770856885239482 
vn -0.9069656133651733 0.42118772864341736 -0.003773950971662998 
vn -0.9922564625740051 0.1242060661315918 2.0524913420336827e-13 
vn 0.41920527815818787 0.9078915119171143 2.015927694204496e-16 
vn 0.5742721557617188 0.8186644315719604 1.817803379119265e-16 
vn 0.8174078464508057 0.5760593414306641 1.2791109387447214e-16 
vn 0.9069734811782837 0.42118772864341736 9.352262824202141e-17 
vn 0.9922564625740051 0.1242060661315918 2.7579336514318365e-17 
vn 0.999711275100708 -0.024029340595006943 -5.335594951604378e-18 
vn 0.9767014384269714 -0.21460255980491638 -4.765142663456677e-17 
vn 0.9641121625900269 -0.26549527049064636 -5.89518983246783e-17 
vn 0.9967347383499146 -0.08074574917554855 -1.7929189407923628e-17 
vn 0.9967347383499146 -0.08074574917554855 -1.7929189407923628e-17 
vn 0.999997615814209 -0.002184694167226553 -4.851004321232411e-19 
vn 0.999997615814209 -0.002184694167226553 -4.851004321232411e-19 
vn -0.999711275100708 -0.024029340595006943 2.0675804547187066e-13 
vn -0.9766941666603088 -0.21460255980491638 -0.0037741579581052065 
vn -0.9641121625900269 -0.26549527049064636 1.9934172314130943e-13 
vn -0.9967275857925415 -0.08074574917554855 -0.0037772341165691614 
vn -0.9967275857925415 -0.08074574917554855 -0.0037772341165691614 
vn -0.999997615814209 -0.002184694167226553 2.0682212182026455e-13 
vn -0.999997615814209 -0.002184694167226553 2.0682212182026455e-13 
vn -2.0682311115474694e-13 -1 -2.2204500197172533e-16 
vn 0.0018886204343289137 -0.08074574917554855 -0.9967329502105713 
vn -2.0682311115474694e-13 -1 -2.2204500197172533e-16 
vn -2.0682311115474694e-13 -1 -2.2204500197172533e-16 
vn -1.0332247481637663e-13 -0.04149730131030083 -0.999138593673706 
vn -1.0341130485562108e-13 0.002184694167226553 -0.999997615814209 
vn -1.0341130485562108e-13 0.002184694167226553 -0.999997615814209 
vn -1.0341130485562108e-13 0.002184694167226553 -0.999997615814209 
vn -1.0341130485562108e-13 0.002184694167226553 -0.999997615814209 
vn -1.0341130485562108e-13 0.002184694167226553 -0.999997615814209 
vn -1.0341130485562108e-13 0.002184694167226553 -0.999997615814209 
vn -1.0341130485562108e-13 0.002184694167226553 -0.999997615814209 
vn -1.0341130485562108e-13 0.002184694167226553 -0.999997615814209 
vn -1.0341130485562108e-13 0.002184694167226553 -0.999997615814209 
vn -1.0341130485562108e-13 0.002184694167226553 -0.999997615814209 
vn -1.0341130485562108e-13 0.002184694167226553 -0.999997615814209 
vn -1.0341130485562108e-13 0.002184694167226553 -0.999997615814209 
vn -1.0341130485562108e-13 0.002184694167226553 -0.999997615814209 
vn -1.0341130485562108e-13 0.002184694167226553 -0.999997615814209 
vn -1.0341130485562108e-13 0.002184694167226553 -0.999997615814209 
vn -1.0341130485562108e-13 0.002184694167226553 -0.999997615814209 
vn -1.0341130485562108e-13 0.002184694167226553 -0.999997615814209 
vn -1.0341130485562108e-13 0.002184694167226553 -0.999997615814209 
vn -1.0341130485562108e-13 0.002184694167226553 -0.999997615814209 
vn -1.0341130485562108e-13 0.002184694167226553 -0.999997615814209 
vn -1.0341130485562108e-13 0.002184694167226553 -0.999997615814209 
vn -1.0341130485562108e-13 0.002184694167226553 -0.999997615814209 
vn -1.0332247481637663e-13 -0.04149730131030083 -0.999138593673706 
vn -1.0341130485562108e-13 0.002184694167226553 -0.999997615814209 
vn -0.1355079710483551 -0.010923261754214764 0.9907160401344299 
vn -0.5977672338485718 0.10684575140476227 0.7945176362991333 
vn 0.03585345298051834 -0.05459024757146835 0.9978649616241455 
vn -0.49099138379096985 0.34452807903289795 0.8001424074172974 
vn -0.03019949607551098 -0.0152922747656703 0.9994269013404846 
vn -0.0056658340618014336 -0.08074574917554855 0.9967186450958252 
vn 0.8852503299713135 -0.08074574917554855 0.4580523669719696 
vn 0.7737008333206177 -0.5175535082817078 0.3654111921787262 
vn 0.4274863600730896 -0.7792953848838806 0.45820751786231995 
vn 0.5742721557617188 -0.8186644315719604 -1.817803379119265e-16 
vn -2.0682311115474694e-13 -1 -2.2204500197172533e-16 
vn 0.9069734811782837 -0.42118772864341736 -9.352262824202141e-17 
vn -0.1017717570066452 0.11986933648586273 0.9875595569610596 
vn -0.30070459842681885 0.5175535082817078 0.8010712265968323 
vn 0.003770883660763502 0.6007870435714722 0.7994002103805542 
vn -0.001887861406430602 0.05022686347365379 0.9987360239028931 
vn -0.0018898227717727423 -0.8033295273780823 0.5955317616462708 
vn -0.43024152517318726 -0.7792953848838806 0.45562151074409485 
vn -0.5742597579956055 -0.8186644315719604 -0.0037822143640369177 
vn -0.7737008333206177 -0.5175535082817078 0.3654111921787262 
vn -0.9069656133651733 -0.42118772864341736 -0.003773950971662998 
vn -0.8835081458091736 -0.08074574917554855 0.46140384674072266 
vn -0.995983898639679 0.08945280313491821 -0.003774415934458375 
vn -0.8429116606712341 0.43697428703308105 0.3139322102069855 
vn -0.8173992037773132 0.5760593414306641 -0.003770856885239482 
vn -0.45789751410484314 0.7874425053596497 0.41263076663017273 
vn -0.41920527815818787 0.9078915119171143 8.69029308692322e-14 
vn 9.35487649259166e-14 0.953589141368866 0.3011109232902527 
vn 0 1 2.2204500197172533e-16 
vn 0.41920527815818787 0.9078915119171143 2.015927694204496e-16 
vn 0.45789751410484314 0.7874425053596497 0.41263076663017273 
vn 0.8174078464508057 0.5760593414306641 1.2791109387447214e-16 
vn 0.8442209959030151 0.43697428703308105 0.31039395928382874 
vn 0.995991051197052 0.08945280313491821 1.9862547073115244e-17 
vn 0.10173026472330093 0.18463370203971863 0.9775281548500061 
vn -0.007551383227109909 -0.010923261754214764 0.9999118447303772 
vn 3.097898456858039e-13 0.002184694167226553 0.999997615814209 
vn 3.097898456858039e-13 0.002184694167226553 0.999997615814209 
vn 3.097898456858039e-13 0.002184694167226553 0.999997615814209 
vn 3.0977209187522947e-13 -0.010923261754214764 0.9999403357505798 
vn 0.0018880139105021954 0.18892620503902435 0.9819895029067993 
vn -0.10173026472330093 0.18463370203971863 0.9775281548500061 
vn 0.0018886204343289137 -0.08074574917554855 0.9967329502105713 
vn 0.007551383227109909 -0.010923261754214764 0.9999118447303772 
vn 3.097898456858039e-13 0.002184694167226553 0.999997615814209 
vn 3.097898456858039e-13 0.002184694167226553 0.999997615814209 
vn 0.03019949607551098 -0.0152922747656703 0.9994269013404846 
vn 0.1355079710483551 -0.010923261754214764 0.9907160401344299 
vn -0.03208078071475029 -0.05459024757146835 0.9979933500289917 
vn 0.1017717570066452 0.11986933648586273 0.9875595569610596 
vn 0.29717203974723816 0.5175535082817078 0.8023883700370789 
vn 0.49099138379096985 0.34452807903289795 0.8001424074172974 
vn 0.5977672338485718 0.10684575140476227 0.7945176362991333 
vn 0.999997615814209 0.002184694167226553 4.851004321232411e-19 
vn 0.06601185351610184 0.05459024757146835 0.9963244199752808 
vn 0.6025320887565613 0.7980946898460388 1.772129377369843e-16 
vn 0.009439533576369286 0.08510008454322815 0.9963276982307434 
vn -0.13503733277320862 0.990840494632721 2.8148853013039085e-14 
vn -0.049073055386543274 0.06767380982637405 0.9964998960494995 
vn -0.7967764139175415 0.6042742133140564 1.649259477902107e-13 
vn -0.0829704999923706 0.010923261754214764 0.9964921474456787 
vn -0.9905431270599365 -0.1372016966342926 2.0483674435453625e-13 
vn -0.06977798044681549 -0.05459024757146835 0.9960677623748779 
vn -0.602520227432251 -0.7980946898460388 -0.003778239479288459 
vn -0.013215157203376293 -0.08510008454322815 0.9962847828865051 
vn 0.13503733277320862 -0.990840494632721 -2.2001118322113915e-16 
vn 0.08488502353429794 -0.08074574917554855 0.99311363697052 
vn 0.7078787684440613 -0.7063339352607727 -1.5683791753280673e-16 
vn 0.06037835404276848 -0.002184694167226553 0.998173177242279 
vn 3.097898456858039e-13 -0.002184694167226553 0.999997615814209 
vn 0.04529581964015961 -0.002184694167226553 -0.9989712238311768 
vn 0.04529581964015961 -0.002184694167226553 -0.9989712238311768 
vn 0.03773533180356026 0.028397228568792343 -0.9988842010498047 
vn 0.03018219955265522 0.03713129088282585 -0.9988545179367065 
vn 0.03773533180356026 -0.028397228568792343 -0.9988842010498047 
vn 0.03018219955265522 -0.03713129088282585 -0.9988545179367065 
vn -0.0018882581498473883 -0.04586252197623253 -0.998945951461792 
vn -0.0018882581498473883 -0.04586252197623253 -0.998945951461792 
vn -0.03018219955265522 -0.03713129088282585 -0.9988545179367065 
vn -0.03773533180356026 -0.028397228568792343 -0.9988842010498047 
vn -0.04529581964015961 0.002184694167226553 -0.9989712238311768 
vn -0.04529581964015961 0.002184694167226553 -0.9989712238311768 
vn -0.03773533180356026 0.028397228568792343 -0.9988842010498047 
vn -0.03018219955265522 0.03713129088282585 -0.9988545179367065 
vn -0.0018882581498473883 0.04586252197623253 -0.998945951461792 
vn -0.0018882581498473883 0.04586252197623253 -0.998945951461792 
vn -0.6989392638206482 0.7001210451126099 -0.1459946185350418 
vn -0.7064341902732849 0.7063339352607727 -0.045200414955616 
vn -0.1377076804637909 0.9883291721343994 -0.06513088196516037 
vn 0.13616237044334412 0.9902410507202148 0.029707346111536026 
vn 0.6022180914878845 0.7954543828964233 0.06771818548440933 
vn 0.7958542108535767 0.6007870435714722 0.07530612498521805 
vn 0.9779013395309448 0.1372016966342926 0.15774860978126526 
vn -0.9766168594360352 0.1328723281621933 -0.1690102070569992 
vn -0.9870607256889343 -0.1372016966342926 -0.08298686891794205 
vn -0.7929148077964783 -0.6007870435714722 -0.10169106721878052 
vn -0.6440480947494507 -0.762600839138031 -0.06034928932785988 
vn -0.13752947747707367 -0.9902410507202148 0.022546812891960144 
vn -0.0019445375073701143 -0.999961793422699 -0.00851957593113184 
vn -0.7056143879890442 -0.7063339352607727 -0.05657457560300827 
vn 0.13578417897224426 -0.986960232257843 -0.08644144982099533 
vn -0.990478515625 0.1372016966342926 0.011315692216157913 
vn -0.7053112983703613 0.7063339352607727 0.06023532152175903 
vn -0.13845320045948029 0.986960232257843 0.082098588347435 
vn 0.6022180914878845 0.7954543828964233 0.06771818548440933 
vn 0.9904282093048096 0.1372016966342926 0.01508733443915844 
vn 0.9876648187637329 -0.1372016966342926 0.07545796781778336 
vn 0.6996522545814514 -0.7001210451126099 0.14253854751586914 
vn 0.6466929316520691 -0.762600839138031 0.01510792039334774 
vn -0.0019445375073701143 -0.999961793422699 -0.00851957593113184 
vn 0.13578417897224426 -0.986960232257843 -0.08644144982099533 
vn 0.7950238585472107 -0.6042742133140564 -0.05281803756952286 
vn -0.13752947747707367 -0.9902410507202148 0.022546812891960144 
vn -0.999997615814209 0.002184694167226553 2.0682309760221979e-13 
vn -0.6025320887565613 0.7980946898460388 1.247947735818003e-13 
vn -0.06977798044681549 0.05459024757146835 0.9960677623748779 
vn -0.013215157203376293 0.08510008454322815 0.9962847828865051 
vn 0.13503733277320862 0.990840494632721 2.2001118322113915e-16 
vn 0.049073055386543274 0.06767380982637405 0.9964998960494995 
vn 0.7967764139175415 0.6042742133140564 1.3417606718972016e-16 
vn 0.0829704999923706 0.010923261754214764 0.9964921474456787 
vn 0.9905431270599365 -0.1372016966342926 -3.04649494637647e-17 
vn 0.06601185351610184 -0.05459024757146835 0.9963244199752808 
vn 0.6025320887565613 -0.7980946898460388 -1.772129377369843e-16 
vn 0.009439533576369286 -0.08510008454322815 0.9963276982307434 
vn -0.13503733277320862 -0.990840494632721 2.7708829561335843e-14 
vn -0.08112090080976486 -0.08074574917554855 0.9934281706809998 
vn -0.7078686952590942 -0.7063339352607727 -0.0037756471429020166 
vn -0.06037835404276848 -0.002184694167226553 0.998173177242279 
vn 3.097898456858039e-13 -0.002184694167226553 0.999997615814209 
vn -0.03773533180356026 0.028397228568792343 -0.9988842010498047 
vn -0.04529581964015961 -0.002184694167226553 -0.9989712238311768 
vn -0.04529581964015961 -0.002184694167226553 -0.9989712238311768 
vn -0.03773533180356026 -0.028397228568792343 -0.9988842010498047 
vn -0.03018219955265522 -0.03713129088282585 -0.9988545179367065 
vn -0.0018882581498473883 -0.04586252197623253 -0.998945951461792 
vn -0.0018882581498473883 -0.04586252197623253 -0.998945951461792 
vn 0.03018219955265522 -0.03713129088282585 -0.9988545179367065 
vn 0.03773533180356026 -0.028397228568792343 -0.9988842010498047 
vn 0.04529581964015961 -0.002184694167226553 -0.9989712238311768 
vn 0.04529581964015961 -0.002184694167226553 -0.9989712238311768 
vn 0.03773533180356026 0.028397228568792343 -0.9988842010498047 
vn 0.03018219955265522 0.03713129088282585 -0.9988545179367065 
vn -0.0018882581498473883 0.04586252197623253 -0.998945951461792 
vn -0.0018882581498473883 0.04586252197623253 -0.998945951461792 
vn -0.03018219955265522 0.03713129088282585 -0.9988545179367065 
vn -0.7061185240745544 0.7032341957092285 0.0828147903084755 
vn -0.7053112983703613 0.7063339352607727 0.06023532152175903 
vn -0.990363597869873 0.1372016966342926 0.018858756870031357 
vn -0.9999691247940063 -0.002184694167226553 -0.007551815826445818 
vn -0.7077181935310364 0.7063339352607727 0.015075922943651676 
vn -0.0018595322035253048 0.9975572824478149 0.0698285773396492 
vn 0.1375606656074524 0.9902410507202148 0.022355783730745316 
vn 0.7064341902732849 0.7063339352607727 0.045200414955616 
vn 0.7966337203979492 0.6042742133140564 0.015078297816216946 
vn 0.9999691247940063 -0.002184694167226553 -0.007551815826445818 
vn 0.9905431270599365 -0.1372016966342926 -3.04649494637647e-17 
vn -0.1348877251148224 0.9839963912963867 0.11643195897340775 
vn 0.6027825474739075 0.7927988767623901 0.09012879431247711 
vn 0.9904282093048096 0.1372016966342926 0.01508733443915844 
vn 0.7965205907821655 -0.6007870435714722 -0.06789632886648178 
vn 0.705906093120575 -0.7063339352607727 -0.052810199558734894 
vn 0.13376107811927795 -0.9839963912963867 -0.11772456020116806 
vn 0.0037817833945155144 -0.9975572824478149 -0.06975089013576508 
vn 0.6023425459861755 -0.7980946898460388 -0.015111472457647324 
vn -0.13752947747707367 -0.9902410507202148 -0.022546812891960144 
vn -0.9905431270599365 -0.1372016966342926 2.0483674435453625e-13 
vn -0.7070633172988892 -0.7063339352607727 -0.03396793454885483 
vn -0.7065331339836121 -0.7032341957092285 -0.07919967919588089 
vn 0.0037817833945155144 -0.9975572824478149 -0.06975089013576508 
vn 0.13376107811927795 -0.9839963912963867 -0.11772456020116806 
vn -0.7077881693840027 -0.7063339352607727 -0.011326512321829796 
vn -0.13752947747707367 -0.9902410507202148 -0.022546812891960144 
vt 0.11293543875217438 0.6269849538803101 
vt 0.1338271051645279 0.6265032887458801 
vt 0.1130555048584938 0.6311993598937988 
vt 0.13634850084781647 0.6328850984573364 
vt 0.13010501861572266 0.6535958051681519 
vt 0.15760035812854767 0.6539570093154907 
vt 0.1573602259159088 0.6327646970748901 
vt 0.1563996970653534 0.6259012818336487 
vt 0.06791031360626221 0.6281890869140625 
vt 0.06803037971258163 0.6319218277931213 
vt 0.04365678131580353 0.628791093826294 
vt 0.0435367152094841 0.6324034333229065 
vt 0.027087535709142685 0.6291523575782776 
vt 0.027087535709142685 0.6328850984573364 
vt 0.013519964180886745 0.6291523575782776 
vt 0.012559427879750729 0.6332463026046753 
vt 0.02768786996603012 0.6544386744499207 
vt 0.013279830105602741 0.6556427478790283 
vt 0.028048070147633553 0.6586530804634094 
vt 0.01460056658834219 0.6596163511276245 
vt 0.04401698336005211 0.6515488028526306 
vt 0.06827051937580109 0.6547998785972595 
vt 0.11341571062803268 0.6538366079330444 
vt 0.06827051937580109 0.6581714153289795 
vt 0.11353577673435211 0.6575693488121033 
vt 0.1290244162082672 0.657448947429657 
vt 0.15796056389808655 0.6566060781478882 
vt 0.17909236252307892 0.6537162065505981 
vt 0.04533771798014641 0.6585326194763184 
vt 0.17909236252307892 0.6570876836776733 
vt 0.20430642366409302 0.657448947429657 
vt 0.17729134857654572 0.6315605640411377 
vt 0.17885223031044006 0.6261420845985413 
vt 0.20586730539798737 0.6313197612762451 
vt 0.20538702607154846 0.6268645524978638 
vt 0.22892016172409058 0.6278278231620789 
vt 0.22916029393672943 0.6319218277931213 
vt 0.24993188679218292 0.6277074217796326 
vt 0.24957168102264404 0.6325238347053528 
vt 0.271423876285553 0.6269849538803101 
vt 0.2723844051361084 0.634570837020874 
vt 0.291114866733551 0.6278278231620789 
vt 0.29123494029045105 0.6322830319404602 
vt 0.33469918370246887 0.6280686855316162 
vt 0.3348192572593689 0.631680965423584 
vt 0.3453851640224457 0.6278278231620789 
vt 0.34610554575920105 0.6328850984573364 
vt 0.35631126165390015 0.6269849538803101 
vt 0.35715171694755554 0.6322830319404602 
vt 0.36831796169281006 0.62746661901474 
vt 0.36915841698646545 0.6344504356384277 
vt 0.3575119078159332 0.6537162065505981 
vt 0.3463456928730011 0.6521508693695068 
vt 0.3348192572593689 0.6519100069999695 
vt 0.2883533239364624 0.6541978716850281 
vt 0.2498118132352829 0.6523916721343994 
vt 0.23672451078891754 0.6537162065505981 
vt 0.20478668808937073 0.6546794772148132 
vt 0.23636431992053986 0.6580510139465332 
vt 0.2516128122806549 0.6602184176445007 
vt 0.2884733974933624 0.6579306125640869 
vt 0.3349393308162689 0.657448947429657 
vt 0.345985472202301 0.6570876836776733 
vt 0.3575119078159332 0.6573285460472107 
vt 0.36795774102211 0.656967282295227 
vt 0.36999887228012085 0.6532345414161682 
vt 0.37324070930480957 0.6522712707519531 
vt 0.37408116459846497 0.6339687705039978 
vt 0.5852790474891663 0.6527529358863831 
vt 0.5847987532615662 0.6314401626586914 
vt 0.37408116459846497 0.6291523575782776 
vt 0.5846787095069885 0.6277074217796326 
vt 0.3728804886341095 0.6568468809127808 
vt 0.5852790474891663 0.6566060781478882 
vt 0.522003710269928 0.7407733798027039 
vt 0.5340104103088379 0.7454693913459778 
vt 0.522003710269928 0.9826790690422058 
vt 0.5444562435150146 0.7581125497817993 
vt 0.5546619296073914 0.777498722076416 
vt 0.5658281445503235 0.8201242089271545 
vt 0.5711110830307007 0.83457350730896 
vt 0.5849187970161438 0.8594986200332642 
vt 0.5964452624320984 0.8767173886299133 
vt 0.6127743721008301 0.8953810930252075 
vt 0.6371479630470276 0.9153693318367004 
vt 0.6485543251037598 0.9257246255874634 
vt 0.6824132204055786 0.9383677840232849 
vt 0.7235962152481079 0.9572723507881165 
vt 0.732120931148529 0.9631724953651428 
vt 0.7383644580841064 0.9718420505523682 
vt 0.7413660883903503 0.9813545346260071 
vt 0.8421023488044739 0.6257808208465576 
vt 0.6246609687805176 0.6257808208465576 
vt 0.8387404680252075 0.6366178393363953 
vt 0.8336976170539856 0.6452874541282654 
vt 0.8262534737586975 0.6517896056175232 
vt 0.7872316837310791 0.6684063673019409 
vt 0.7689815163612366 0.6749085187911987 
vt 0.7510915398597717 0.6862271428108215 
vt 0.7339219450950623 0.6980274319648743 
vt 0.7154316306114197 0.7118747234344482 
vt 0.6973015069961548 0.730779230594635 
vt 0.6837339401245117 0.7484796643257141 
vt 0.6743687391281128 0.7687087059020996 
vt 0.6677650213241577 0.7883356809616089 
vt 0.6571991443634033 0.8309611678123474 
vt 0.6480740308761597 0.8523943424224854 
vt 0.6365476250648499 0.8627496957778931 
vt 0.6246609687805176 0.8676865696907043 
vt 0.06779024749994278 0.6810495257377625 
vt 0.06779024749994278 0.6847822666168213 
vt 0.10801269114017487 0.6794841289520264 
vt 0.11053410172462463 0.6861067414283752 
vt 0.12482207268476486 0.6799657940864563 
vt 0.12614281475543976 0.6852638721466064 
vt 0.13766923546791077 0.6796045899391174 
vt 0.04401698336005211 0.681290328502655 
vt 0.04365678131580353 0.6850230693817139 
vt 0.026607267558574677 0.681290328502655 
vt 0.06791031360626221 0.7071787118911743 
vt 0.11185483634471893 0.7081419825553894 
vt 0.01315976306796074 0.711272656917572 
vt 0.0264871995896101 0.7066970467567444 
vt 0.026607267558574677 0.7107909917831421 
vt 0.043776847422122955 0.7071787118911743 
vt 0.044137049466371536 0.7107909917831421 
vt 0.06791031360626221 0.7109114527702332 
vt 0.026727333664894104 0.6850230693817139 
vt 0.012199226766824722 0.6849026679992676 
vt 0.013279830105602741 0.6809290647506714 
vt 0.01207915972918272 0.7072991132736206 
vt 0.11245517432689667 0.7116339206695557 
vt 0.1545986831188202 0.7064562439918518 
vt 0.15579935908317566 0.7116339206695557 
vt 0.1781318187713623 0.7110318541526794 
vt 0.1789722889661789 0.7051317095756531 
vt 0.20538702607154846 0.711754322052002 
vt 0.2055070996284485 0.7077807188034058 
vt 0.22711916267871857 0.7101889848709106 
vt 0.2272392213344574 0.7068174481391907 
vt 0.2481308877468109 0.7109114527702332 
vt 0.2480108141899109 0.7063357830047607 
vt 0.26902255415916443 0.7109114527702332 
vt 0.2697429358959198 0.7063357830047607 
vt 0.2866723835468292 0.711754322052002 
vt 0.2865523099899292 0.7077807188034058 
vt 0.33421891927719116 0.7113930583000183 
vt 0.3343389928340912 0.7062153816223145 
vt 0.34430456161499023 0.7050113081932068 
vt 0.34394434094429016 0.7113930583000183 
vt 0.3542701005935669 0.711754322052002 
vt 0.35451024770736694 0.7077807188034058 
vt 0.3672373592853546 0.711754322052002 
vt 0.36819788813591003 0.7077807188034058 
vt 0.3677176237106323 0.685986340045929 
vt 0.35487043857574463 0.6858659386634827 
vt 0.35487043857574463 0.6817719340324402 
vt 0.3446647524833679 0.6852638721466064 
vt 0.34442460536956787 0.6815311312675476 
vt 0.33469918370246887 0.6846618056297302 
vt 0.3110460042953491 0.6877925395965576 
vt 0.28679245710372925 0.6847822666168213 
vt 0.24837101995944977 0.6846618056297302 
vt 0.22171613574028015 0.6838189363479614 
vt 0.20142482221126556 0.6841802000999451 
vt 0.17873215675354004 0.685504674911499 
vt 0.2015448808670044 0.6809290647506714 
vt 0.22207634150981903 0.6806882619857788 
vt 0.24837101995944977 0.6805678606033325 
vt 0.2869125306606293 0.6808086633682251 
vt 0.3123667240142822 0.6799657940864563 
vt 0.3344590663909912 0.6814107298851013 
vt 0.3675975501537323 0.6818923950195312 
vt 0.1776515543460846 0.6817719340324402 
vt 0.1555592268705368 0.6858659386634827 
vt 0.15627962350845337 0.6811699271202087 
vt 0.13814951479434967 0.6857455372810364 
vt 0.2791081666946411 0.9834015369415283 
vt 0.291114866733551 0.9791871309280396 
vt 0.2791081666946411 0.7420978546142578 
vt 0.30324164032936096 0.967988908290863 
vt 0.31200653314590454 0.9467965960502625 
vt 0.3188503384590149 0.9079038500785828 
vt 0.32581421732902527 0.8927320241928101 
vt 0.33025670051574707 0.8805705308914185 
vt 0.34034234285354614 0.8649170994758606 
vt 0.3535497188568115 0.8484207987785339 
vt 0.3689182698726654 0.8304795622825623 
vt 0.383926659822464 0.8167526721954346 
vt 0.4055387079715729 0.8025441765785217 
vt 0.4393976032733917 0.7859274744987488 
vt 0.4614899456501007 0.7740067839622498 
vt 0.4819013178348541 0.7675045728683472 
vt 0.48910534381866455 0.7617248892784119 
vt 0.49486857652664185 0.7538981437683105 
vt 0.4981103837490082 0.7420978546142578 
vt 0.5851589441299438 0.6865884065628052 
vt 0.5852790474891663 0.7079011797904968 
vt 0.3724002242088318 0.7074195146560669 
vt 0.5852790474891663 0.711754322052002 
vt 0.3711995482444763 0.7109114527702332 
vt 0.3719199597835541 0.6865884065628052 
vt 0.3710795044898987 0.6830964684486389 
vt 0.5851589441299438 0.6827352643013 
vt 0.2418873906135559 0.9821974039077759 
vt 0.23840545117855072 0.9703971147537231 
vt 0.02264505624771118 0.9821974039077759 
vt 0.23204191029071808 0.9630520343780518 
vt 0.2254382222890854 0.9566702842712402 
vt 0.18305456638336182 0.9382473826408386 
vt 0.16732579469680786 0.9309023022651672 
vt 0.14907561242580414 0.921269416809082 
vt 0.1320260912179947 0.9094691872596741 
vt 0.1143762469291687 0.8971872329711914 
vt 0.09636619687080383 0.8771989941596985 
vt 0.08303875476121902 0.8592577576637268 
vt 0.06598924100399017 0.819883406162262 
vt 0.05554341524839401 0.7773783206939697 
vt 0.04689858853816986 0.7563063502311707 
vt 0.03477182239294052 0.7451081275939941 
vt 0.02264505624771118 0.7407733798027039 
vt 0.949922502040863 0.07189024984836578 
vt 0.9454799890518188 0.09549080580472946 
vt 0.9493221640586853 0.02541160210967064 
vt 0.8094441294670105 0.29344648122787476 
vt 0.9500425457954407 0.12282410264015198 
vt 0.8481056690216064 0.2932056784629822 
vt 0.9495623111724854 0.2868238687515259 
vt 0.9439191222190857 0.2916403114795685 
vt 0.9501626491546631 0.2947710156440735 
vt 0.9524438977241516 0.29019540548324585 
vt 0.9510030746459961 0.2994670271873474 
vt 0.9568864107131958 0.3034406006336212 
vt 0.9452399015426636 0.3068121075630188 
vt 0.947281002998352 0.3005507290363312 
vt 0.9454799890518188 0.2946505844593048 
vt 0.8481056690216064 0.2971792221069336 
vt 0.8094441294670105 0.2985037565231323 
vt 0.7584156394004822 0.293807715177536 
vt 0.49979132413864136 0.293807715177536 
vt 0.012799561955034733 0.02685653418302536 
vt 0.20274555683135986 0.2957342863082886 
vt 0.16948699951171875 0.29416894912719727 
vt 0.010998557321727276 0.19025425612926483 
vt 0.13802944123744965 0.29525265097618103 
vt 0.015320968814194202 0.2155405730009079 
vt 0.035011958330869675 0.2956138849258423 
vt 0.010998557321727276 0.23384304344654083 
vt 0.011118624359369278 0.29091784358024597 
vt 0.014720633625984192 0.29513224959373474 
vt 0.035011958330869675 0.29910579323768616 
vt 0.012919628992676735 0.30006909370422363 
vt 0.014480499550700188 0.3117489516735077 
vt 0.030929679051041603 0.31536129117012024 
vt 0.03897416964173317 0.31536129117012024 
vt 0.057104285806417465 0.3130734860897064 
vt 0.1117347702383995 0.3125918507575989 
vt 0.1377893090248108 0.2987445592880249 
vt 0.16948699951171875 0.29994869232177734 
vt 0.20274555683135986 0.29754045605659485 
vt 0.1409110575914383 0.315000057220459 
vt 0.2609780430793762 0.3122306168079376 
vt 0.31296706199645996 0.30970197916030884 
vt 0.4994311034679413 0.29838332533836365 
vt 0.4677334129810333 0.3134347200393677 
vt 0.5247652530670166 0.3107856810092926 
vt 0.6011278629302979 0.30958154797554016 
vt 0.7581754922866821 0.2956138849258423 
vt 0.6576794385910034 0.3106652498245239 
vt 0.7251570820808411 0.30801621079444885 
vt 0.8130460977554321 0.3122306168079376 
vt 0.9505228400230408 0.023244203999638557 
vt 0.010878490284085274 0.024327902123332024 
vt 0.8479856252670288 0.3125918507575989 
vt 0.9310719966888428 0.3083774447441101 
vt 0.02984907664358616 0.5962801575660706 
vt 0.029969142749905586 0.5712346434593201 
vt 0.014840700663626194 0.6037456393241882 
vt 0.02852833829820156 0.5561832785606384 
vt 0.03345108777284622 0.5711142420768738 
vt 0.03321095183491707 0.5944740176200867 
vt 0.026367133483290672 0.6033843755722046 
vt 0.038734033703804016 0.6003741025924683 
vt 0.036692894995212555 0.6047089099884033 
vt 0.052181538194417953 0.6056722402572632 
vt 0.05278187245130539 0.6014578342437744 
vt 0.03357115387916565 0.5548587441444397 
vt 0.026367133483290672 0.5147619247436523 
vt 0.014000232331454754 0.4391438066959381 
vt 0.010878490284085274 0.6021803021430969 
vt 0.010998557321727276 0.4386621415615082 
vt 0.01568116992712021 0.4133758544921875 
vt 0.007276480086147785 0.41313502192497253 
vt 0.010878490284085274 0.39435091614723206 
vt 0.014480499550700188 0.3949529528617859 
vt 0.01640157215297222 0.337637335062027 
vt 0.013039696030318737 0.3366740345954895 
vt 0.013039696030318737 0.3304126560688019 
vt 0.020844051614403725 0.33318212628364563 
vt 0.01892297901213169 0.32884731888771057 
vt 0.03261061757802963 0.3304126560688019 
vt 0.02768786996603012 0.337637335062027 
vt 0.029608942568302155 0.3552173376083374 
vt 0.028768472373485565 0.4869469702243805 
vt 0.03273068368434906 0.4868265688419342 
vt 0.034651756286621094 0.5157251954078674 
vt 0.2809091806411743 0.3342658281326294 
vt 0.33145737648010254 0.33691486716270447 
vt 0.2809091806411743 0.3294493854045868 
vt 0.16108231246471405 0.3302922546863556 
vt 0.16108231246471405 0.3334229290485382 
vt 0.13190603256225586 0.32981061935424805 
vt 0.11821838468313217 0.3366740345954895 
vt 0.0776357427239418 0.3304126560688019 
vt 0.0833989605307579 0.33775773644447327 
vt 0.05950562655925751 0.3351086974143982 
vt 0.03369121998548508 0.3559398055076599 
vt 0.035852424800395966 0.3416108787059784 
vt 0.0390942357480526 0.3358311653137207 
vt 0.050860799849033356 0.3304126560688019 
vt 0.05122100189328194 0.3334229290485382 
vt 0.05938555672764778 0.33053308725357056 
vt 0.332658052444458 0.3293289542198181 
vt 0.48646387457847595 0.3341453969478607 
vt 0.9359947443008423 0.6020599007606506 
vt 0.5430154204368591 0.3352290987968445 
vt 0.5431355237960815 0.3293289542198181 
vt 0.6179372668266296 0.3372761011123657 
vt 0.6190178394317627 0.3295697867870331 
vt 0.6737684011459351 0.3358311653137207 
vt 0.6750891208648682 0.3292085528373718 
vt 0.7430470585823059 0.3372761011123657 
vt 0.7424467206001282 0.32896772027015686 
vt 0.8299755454063416 0.3302922546863556 
vt 0.8299755454063416 0.33546993136405945 
vt 0.8647949695587158 0.3335433602333069 
vt 0.8646749258041382 0.3302922546863556 
vt 0.9484816789627075 0.3292085528373718 
vt 0.9481214880943298 0.33534952998161316 
vt 0.9602482318878174 0.33691486716270447 
vt 0.9648107886314392 0.3424537777900696 
vt 0.9708141684532166 0.3401659429073334 
vt 0.9700937271118164 0.37255650758743286 
vt 0.9854623079299927 0.34028637409210205 
vt 0.486583948135376 0.3300514221191406 
vt 0.963009774684906 0.3304126560688019 
vt 0.9668519496917725 0.37267693877220154 
vt 0.9657713174819946 0.4254169464111328 
vt 0.9655312299728394 0.4675607979297638 
vt 0.963249921798706 0.4926062822341919 
vt 0.9714145064353943 0.4254169464111328 
vt 0.9840215444564819 0.5039249062538147 
vt 0.988584041595459 0.34052717685699463 
vt 0.9871432781219482 0.5041657090187073 
vt 0.9836613535881042 0.5317398309707642 
vt 0.9907453060150146 0.5314990282058716 
vt 0.9870231747627258 0.555099606513977 
vt 0.9846218824386597 0.555099606513977 
vt 0.9861827492713928 0.6024211049079895 
vt 0.9839014410972595 0.6038660407066345 
vt 0.9699736833572388 0.5949556231498718 
vt 0.9724950790405273 0.6037456393241882 
vt 0.9708141684532166 0.4685240685939789 
vt 0.9724950790405273 0.49453285336494446 
vt 0.9694933891296387 0.5378808379173279 
vt 0.9651709794998169 0.538844108581543 
vt 0.9648107886314392 0.594594419002533 
vt 0.9608485698699951 0.5997720956802368 
vt 0.9601281881332397 0.6051905751228333 
vt 0.9364749789237976 0.6056722402572632 
vt 0.9505228400230408 0.01252762507647276 
vt 0.9407973885536194 0.0074703628197312355 
vt 0.9178646206855774 0.005905020050704479 
vt 0.03309088572859764 0.009637760929763317 
vt 0.018322644755244255 0.009878583252429962 
vt 0.010758423246443272 0.015176666900515556 
vt 0.8249327540397644 0.8273488879203796 
vt 0.8249327540397644 0.8212078809738159 
vt 0.8448638916015625 0.8272284269332886 
vt 0.8448638916015625 0.8212078809738159 
vt 0.8647949695587158 0.8272284269332886 
vt 0.8647949695587158 0.8212078809738159 
vt 0.8848462104797363 0.8272284269332886 
vt 0.8848462104797363 0.8212078809738159 
vt 0.8050016164779663 0.8273488879203796 
vt 0.8050016164779663 0.8212078809738159 
vt 0.7849504351615906 0.8273488879203796 
vt 0.7849504351615906 0.8212078809738159 
vt 0.7650192975997925 0.8273488879203796 
vt 0.7650192975997925 0.8213282823562622 
vt 0.7461687922477722 0.8273488879203796 
vt 0.7461687922477722 0.8213282823562622 
vt 0.7320008873939514 0.8273488879203796 
vt 0.7320008873939514 0.8213282823562622 
vt 0.6893771290779114 0.8213282823562622 
vt 0.6893771290779114 0.8274692893028259 
vt 0.8907294869422913 0.6368586421012878 
vt 0.9213465452194214 0.6368586421012878 
vt 0.9213465452194214 0.6429996490478516 
vt 0.9519636631011963 0.6368586421012878 
vt 0.9519636631011963 0.6429996490478516 
vt 0.8907294869422913 0.6429996490478516 
vt 0.9066984057426453 0.692247748374939 
vt 0.9213465452194214 0.6882741451263428 
vt 0.8906093835830688 0.685504674911499 
vt 0.8960124254226685 0.7029643058776855 
vt 0.886046826839447 0.6989907622337341 
vt 0.8920502066612244 0.7175340056419373 
vt 0.8828050494194031 0.7175340056419373 
vt 0.8879679441452026 0.7367997765541077 
vt 0.8960124254226685 0.7321037650108337 
vt 0.9066984057426453 0.7428203225135803 
vt 0.902015745639801 0.7508878707885742 
vt 0.9213465452194214 0.7467939257621765 
vt 0.9213465452194214 0.7560655474662781 
vt 0.9405572414398193 0.7508878707885742 
vt 0.9358746409416199 0.7428203225135803 
vt 0.9547252058982849 0.7367997765541077 
vt 0.9466806650161743 0.7321037650108337 
vt 0.9505228400230408 0.7175340056419373 
vt 0.9598880410194397 0.7175340056419373 
vt 0.9566462635993958 0.6989907622337341 
vt 0.9466806650161743 0.7029643058776855 
vt 0.9519636631011963 0.685504674911499 
vt 0.9358746409416199 0.692247748374939 
vt 0.9036967158317566 0.8272284269332886 
vt 0.9036967158317566 0.8212078809738159 
vt 0.9178646206855774 0.8272284269332886 
vt 0.917744517326355 0.8212078809738159 
vt 0.9603683352470398 0.8210874795913696 
vt 0.9603683352470398 0.8272284269332886 
vt 0.9253087639808655 0.9708787798881531 
vt 0.9311920404434204 0.9499272704124451 
vt 0.920386016368866 0.967988908290863 
vt 0.9254288077354431 0.9500476717948914 
vt 0.9200258255004883 0.9500476717948914 
vt 0.920626163482666 0.9321064352989197 
vt 0.9157034158706665 0.9348759055137634 
vt 0.914502739906311 0.9500476717948914 
vt 0.9109007120132446 0.9378861784934998 
vt 0.9041769504547119 0.9241592884063721 
vt 0.9014154076576233 0.9290961623191833 
vt 0.926749587059021 0.9295778274536133 
vt 0.9093398451805115 0.9139243960380554 
vt 0.9066984057426453 0.9193428754806519 
vt 0.9109007120132446 0.9623295664787292 
vt 0.9157034158706665 0.9652194380760193 
vt 0.9212265014648438 0.915610134601593 
vt 0.9202659726142883 0.8721417784690857 
vt 0.8889284729957581 0.8725029826164246 
vt 0.8889284729957581 0.9083854556083679 
vt 0.8889284729957581 0.9146468639373779 
vt 0.8889284729957581 0.9201857447624207 
vt 0.8889284729957581 0.9258450865745544 
vt 0.8763214349746704 0.9290961623191833 
vt 0.8736799359321594 0.9241592884063721 
vt 0.8669561743736267 0.9378861784934998 
vt 0.8621535301208496 0.9348759055137634 
vt 0.8633542060852051 0.9500476717948914 
vt 0.8710384964942932 0.9193428754806519 
vt 0.8683969974517822 0.9139243960380554 
vt 0.8575909733772278 0.8721417784690857 
vt 0.8566304445266724 0.915610134601593 
vt 0.8511073589324951 0.9295778274536133 
vt 0.8571106791496277 0.9321064352989197 
vt 0.8577110171318054 0.9500476717948914 
vt 0.8669561743736267 0.9623295664787292 
vt 0.8620334267616272 0.9652194380760193 
vt 0.8763214349746704 0.9712399840354919 
vt 0.8735598921775818 0.9761768579483032 
vt 0.8889284729957581 0.9744911193847656 
vt 0.8573508262634277 0.967988908290863 
vt 0.8523080348968506 0.9500476717948914 
vt 0.8466649055480957 0.9499272704124451 
vt 0.8524280786514282 0.9708787798881531 
vt 0.8707983493804932 0.9808728694915771 
vt 0.8680368065834045 0.9859301447868347 
vt 0.8889284729957581 0.9913486242294312 
vt 0.8889284729957581 0.9855689406394958 
vt 0.8889284729957581 0.9801504015922546 
vt 0.9042970538139343 0.9761768579483032 
vt 0.9014154076576233 0.9712399840354919 
vt 0.9069384932518005 0.9808728694915771 
vt 0.9097000360488892 0.9859301447868347 
vt 0.8246926069259644 0.846494197845459 
vt 0.8246926069259644 0.84035325050354 
vt 0.8047614693641663 0.8463737964630127 
vt 0.8047614693641663 0.84035325050354 
vt 0.7848303914070129 0.8463737964630127 
vt 0.7848303914070129 0.84035325050354 
vt 0.7648992538452148 0.8463737964630127 
vt 0.8446237444877625 0.846494197845459 
vt 0.8447437882423401 0.84035325050354 
vt 0.8646749258041382 0.846494197845459 
vt 0.8646749258041382 0.84035325050354 
vt 0.8846060633659363 0.846494197845459 
vt 0.8846060633659363 0.84035325050354 
vt 0.9035766124725342 0.846494197845459 
vt 0.9035766124725342 0.8404736518859863 
vt 0.917744517326355 0.846494197845459 
vt 0.917744517326355 0.8404736518859863 
vt 0.9603683352470398 0.8404736518859863 
vt 0.9603683352470398 0.8466145992279053 
vt 0.7648992538452148 0.84035325050354 
vt 0.7460487484931946 0.8463737964630127 
vt 0.7460487484931946 0.84035325050354 
vt 0.7318808436393738 0.8463737964630127 
vt 0.7318808436393738 0.84035325050354 
vt 0.6893771290779114 0.8402328491210938 
vt 0.6893771290779114 0.8463737964630127 
vt 0.8207303881645203 0.8729846477508545 
vt 0.7901133298873901 0.8791255950927734 
vt 0.7901133298873901 0.8729846477508545 
vt 0.7594962120056152 0.8729846477508545 
vt 0.7594962120056152 0.8791255950927734 
vt 0.7755852341651917 0.9283736944198608 
vt 0.7594962120056152 0.9216306805610657 
vt 0.7647792100906372 0.9389698505401611 
vt 0.7548136115074158 0.9349963068962097 
vt 0.7609370350837708 0.9536600112915039 
vt 0.7515718340873718 0.9536600112915039 
vt 0.7567346692085266 0.9729257822036743 
vt 0.7647792100906372 0.9682297110557556 
vt 0.7755852341651917 0.978946328163147 
vt 0.7709025740623474 0.9870138764381409 
vt 0.7901133298873901 0.9827994704246521 
vt 0.7901133298873901 0.9921914935112 
vt 0.8094441294670105 0.9870138764381409 
vt 0.8047614693641663 0.978946328163147 
vt 0.8234919309616089 0.9729257822036743 
vt 0.8154474496841431 0.9682297110557556 
vt 0.8194096684455872 0.9536600112915039 
vt 0.8286548256874084 0.9536600112915039 
vt 0.8254129886627197 0.9349963068962097 
vt 0.8154474496841431 0.9389698505401611 
vt 0.8208504915237427 0.9216306805610657 
vt 0.8047614693641663 0.9283736944198608 
vt 0.8207303881645203 0.8791255950927734 
vt 0.7901133298873901 0.9244001507759094 
vt 0.7869915962219238 0.7660596370697021 
vt 0.7813484072685242 0.7659392356872559 
vt 0.7921544313430786 0.7840008735656738 
vt 0.7872316837310791 0.7868907451629639 
vt 0.7857909202575684 0.7455897927284241 
vt 0.7917942404747009 0.7481184005737305 
vt 0.7923945784568787 0.7661800980567932 
vt 0.7967169880867004 0.7813518643379211 
vt 0.808243453502655 0.7923092842102051 
vt 0.8110049962997437 0.7872520089149475 
vt 0.8236120343208313 0.7905030846595764 
vt 0.8016397356987 0.7784619927406311 
vt 0.8054819107055664 0.797005295753479 
vt 0.8027203679084778 0.8019421696662903 
vt 0.8236120343208313 0.8073606491088867 
vt 0.8236120343208313 0.8017013072967529 
vt 0.8236120343208313 0.7961624264717102 
vt 0.8389806151390076 0.7923092842102051 
vt 0.836219072341919 0.7872520089149475 
vt 0.8503869771957397 0.7813518643379211 
vt 0.8455842733383179 0.7784619927406311 
vt 0.8548294305801392 0.7661800980567932 
vt 0.8491863012313843 0.7661800980567932 
vt 0.8503869771957397 0.7510082721710205 
vt 0.8455842733383179 0.7538981437683105 
vt 0.8388605117797852 0.7401713132858276 
vt 0.8360989689826965 0.7452285885810852 
vt 0.8236120343208313 0.7361977100372314 
vt 0.8236120343208313 0.7419774532318115 
vt 0.8111250400543213 0.7452285885810852 
vt 0.8083634972572327 0.7401713132858276 
vt 0.8016397356987 0.7538981437683105 
vt 0.7968370914459229 0.7510082721710205 
vt 0.7980377674102783 0.7661800980567932 
vt 0.8057220578193665 0.7353548407554626 
vt 0.8030805587768555 0.7300567626953125 
vt 0.7913140058517456 0.7317425012588501 
vt 0.792274534702301 0.6881537437438965 
vt 0.8236120343208313 0.6886354088783264 
vt 0.8236120343208313 0.7245178818702698 
vt 0.8236120343208313 0.730779230594635 
vt 0.8413819074630737 0.7353548407554626 
vt 0.8553097248077393 0.7481184005737305 
vt 0.8440234065055847 0.7300567626953125 
vt 0.8549494743347168 0.6881537437438965 
vt 0.855910062789917 0.7317425012588501 
vt 0.8614330887794495 0.7455897927284241 
vt 0.8601123690605164 0.7660596370697021 
vt 0.8550695776939392 0.7840008735656738 
vt 0.8416220545768738 0.797005295753479 
vt 0.8445037007331848 0.8019421696662903 
vt 0.8599923253059387 0.7868907451629639 
vt 0.8658756017684937 0.7659392356872559 
vt 0.19290006160736084 0.8593781590461731 
vt 0.1776515543460846 0.8810521960258484 
vt 0.1820940375328064 0.885507345199585 
vt 0.15603949129581451 0.8899625539779663 
vt 0.15603949129581451 0.8962239623069763 
vt 0.13442742824554443 0.8810521960258484 
vt 0.12998495995998383 0.885507345199585 
vt 0.125422403216362 0.8593781590461731 
vt 0.11917892098426819 0.8593781590461731 
vt 0.13442742824554443 0.8378246426582336 
vt 0.12998495995998383 0.8333694338798523 
vt 0.15603949129581451 0.8287938237190247 
vt 0.15603949129581451 0.8225324153900146 
vt 0.1776515543460846 0.8378246426582336 
vt 0.1820940375328064 0.8333694338798523 
vt 0.18665657937526703 0.8593781590461731 
vt 0.15603949129581451 0.8593781590461731 
vt 0.4371163547039032 0.8637129664421082 
vt 0.4181457459926605 0.8637129664421082 
vt 0.44035816192626953 0.8714193105697632 
vt 0.4269106388092041 0.8849053382873535 
vt 0.44035816192626953 0.8558862805366516 
vt 0.4269106388092041 0.8424002528190613 
vt 0.4481624960899353 0.8526351451873779 
vt 0.4481624960899353 0.8336102366447449 
vt 0.4694143533706665 0.8424002528190613 
vt 0.45596686005592346 0.8558862805366516 
vt 0.4782993197441101 0.8637129664421082 
vt 0.4592086672782898 0.8637129664421082 
vt 0.45596686005592346 0.8714193105697632 
vt 0.4694143533706665 0.8849053382873535 
vt 0.4481624960899353 0.8746703863143921 
vt 0.4481624960899353 0.8936952948570251 
vt 0.20478668808937073 0.7274077534675598 
vt 0.20478668808937073 0.7687087059020996 
vt 0.21319139003753662 0.7274077534675598 
vt 0.21319139003753662 0.7687087059020996 
vt 0.22171613574028015 0.7274077534675598 
vt 0.22171613574028015 0.7687087059020996 
vt 0.23012083768844604 0.7274077534675598 
vt 0.19638200104236603 0.7274077534675598 
vt 0.19638200104236603 0.7687087059020996 
vt 0.18797731399536133 0.7274077534675598 
vt 0.18797731399536133 0.7687087059020996 
vt 0.1794525533914566 0.7274077534675598 
vt 0.1794525533914566 0.7687087059020996 
vt 0.18797731399536133 0.8101300597190857 
vt 0.1794525533914566 0.8101300597190857 
vt 0.19638200104236603 0.8101300597190857 
vt 0.20478668808937073 0.8101300597190857 
vt 0.21319139003753662 0.8101300597190857 
vt 0.22171613574028015 0.8101300597190857 
vt 0.23012083768844604 0.8101300597190857 
vt 0.23012083768844604 0.7687087059020996 
vt 0.23852552473545074 0.7274077534675598 
vt 0.23852552473545074 0.7687087059020996 
vt 0.24693021178245544 0.7687087059020996 
vt 0.24693021178245544 0.8101300597190857 
vt 0.23852552473545074 0.8101300597190857 
vt 0.24693021178245544 0.7274077534675598 
vt 0.19326026737689972 0.9035690426826477 
vt 0.20406629145145416 0.9296982288360596 
vt 0.20850877463817596 0.9252430200576782 
vt 0.23012083768844604 0.9341534376144409 
vt 0.23012083768844604 0.9404147863388062 
vt 0.25173288583755493 0.9252430200576782 
vt 0.25617536902427673 0.9296982288360596 
vt 0.26061785221099854 0.9035690426826477 
vt 0.2669813930988312 0.9035690426826477 
vt 0.25173288583755493 0.8820154666900635 
vt 0.25617536902427673 0.8775602579116821 
vt 0.23012083768844604 0.8729846477508545 
vt 0.23012083768844604 0.8667232394218445 
vt 0.20850877463817596 0.8820154666900635 
vt 0.20406629145145416 0.8775602579116821 
vt 0.19950374960899353 0.9035690426826477 
vt 0.23012083768844604 0.9035690426826477 
vt 0.3959333598613739 0.954623281955719 
vt 0.39917516708374023 0.9467965960502625 
vt 0.41826581954956055 0.9467965960502625 
vt 0.3959333598613739 0.9389698505401611 
vt 0.40950092673301697 0.9256042242050171 
vt 0.38812899589538574 0.9358391761779785 
vt 0.38812899589538574 0.9166938066482544 
vt 0.36687713861465454 0.9256042242050171 
vt 0.3804447054862976 0.9389698505401611 
vt 0.35811224579811096 0.9467965960502625 
vt 0.3772028982639313 0.9467965960502625 
vt 0.3804447054862976 0.954623281955719 
vt 0.36687713861465454 0.9681093096733093 
vt 0.38812899589538574 0.9578743577003479 
vt 0.38812899589538574 0.9768993258476257 
vt 0.40950092673301697 0.9681093096733093 
vt 0.1196591928601265 0.8116954565048218 
vt 0.1196591928601265 0.7703944444656372 
vt 0.1112544983625412 0.8116954565048218 
vt 0.1112544983625412 0.7703944444656372 
vt 0.1196591928601265 0.7289730906486511 
vt 0.1280638873577118 0.7703944444656372 
vt 0.1280638873577118 0.7289730906486511 
vt 0.13658863306045532 0.7703944444656372 
vt 0.13658863306045532 0.7289730906486511 
vt 0.14499333500862122 0.7703944444656372 
vt 0.14499333500862122 0.7289730906486511 
vt 0.1280638873577118 0.8116954565048218 
vt 0.13658863306045532 0.8116954565048218 
vt 0.14499333500862122 0.8116954565048218 
vt 0.15339802205562592 0.8116954565048218 
vt 0.15339802205562592 0.7703944444656372 
vt 0.16180270910263062 0.8116954565048218 
vt 0.16180270910263062 0.7703944444656372 
vt 0.15339802205562592 0.7289730906486511 
vt 0.16180270910263062 0.7289730906486511 
vt 0.1112544983625412 0.7289730906486511 
vt 0.1028498113155365 0.7703944444656372 
vt 0.1028498113155365 0.8116954565048218 
vt 0.09432505816221237 0.7703944444656372 
vt 0.09432505816221237 0.8116954565048218 
vt 0.1028498113155365 0.7289730906486511 
vt 0.09432505816221237 0.7289730906486511 
s on 
f 1/1/1 2/2/2 3/3/3 
f 2/2/2 4/4/4 3/3/3 
f 3/3/3 4/4/4 5/5/5 
f 4/4/4 4/4/4 5/5/5 
f 5/5/5 4/4/4 6/6/6 
f 4/4/4 4/4/4 6/6/6 
f 6/6/6 4/4/4 7/7/7 
f 4/4/4 4/4/4 7/7/7 
f 7/7/7 4/4/4 8/8/8 
f 4/4/4 2/2/2 8/8/8 
f 8/8/8 2/2/2 2/2/2 
f 2/2/2 1/1/1 2/2/2 
f 2/2/2 1/1/1 1/1/1 
f 1/1/1 3/3/3 1/1/1 
f 1/1/1 3/3/3 9/9/9 
f 3/3/3 10/10/10 9/9/9 
f 9/9/9 10/10/10 11/11/11 
f 10/10/10 12/12/12 11/11/11 
f 11/11/11 12/12/12 13/13/13 
f 12/12/12 14/14/14 13/13/13 
f 13/13/13 14/14/14 15/15/15 
f 14/14/14 14/14/14 15/15/15 
f 15/15/15 14/14/14 16/16/16 
f 14/14/14 17/17/17 16/16/16 
f 16/16/16 17/17/17 18/18/18 
f 17/17/17 19/19/19 18/18/18 
f 18/18/18 19/19/19 20/20/20 
f 19/19/19 20/20/20 20/20/20 
f 20/20/20 20/20/20 19/19/19 
f 20/20/20 19/19/19 19/19/19 
f 19/19/19 19/19/19 21/21/21 
f 19/19/19 17/17/17 21/21/21 
f 21/21/21 17/17/17 21/21/21 
f 17/17/17 14/14/14 21/21/21 
f 21/21/21 14/14/14 21/21/21 
f 14/14/14 12/12/12 21/21/21 
f 21/21/21 12/12/12 21/21/21 
f 12/12/12 10/10/10 21/21/21 
f 21/21/21 10/10/10 22/22/22 
f 10/10/10 23/23/23 22/22/22 
f 22/22/22 23/23/23 24/24/24 
f 23/23/23 23/23/23 24/24/24 
f 24/24/24 23/23/23 25/25/25 
f 23/23/23 23/23/23 25/25/25 
f 25/25/25 23/23/23 26/26/26 
f 23/23/23 5/5/5 26/26/26 
f 26/26/26 5/5/5 27/27/27 
f 5/5/5 6/6/6 27/27/27 
f 27/27/27 6/6/6 28/28/28 
f 6/6/6 7/7/7 28/28/28 
f 28/28/28 7/7/7 7/7/7 
f 7/7/7 19/19/19 7/7/7 
f 7/7/7 19/19/19 19/19/19 
f 19/19/19 21/21/21 19/19/19 
f 19/19/19 21/21/21 29/29/29 
f 21/21/21 22/22/22 29/29/29 
f 29/29/29 22/22/22 24/24/24 
f 22/22/22 24/24/24 24/24/24 
f 24/24/24 24/24/24 10/10/10 
f 24/24/24 10/10/10 10/10/10 
f 10/10/10 10/10/10 23/23/23 
f 10/10/10 3/3/3 23/23/23 
f 23/23/23 3/3/3 5/5/5 
f 3/3/3 5/5/5 5/5/5 
f 5/5/5 5/5/5 27/27/27 
f 5/5/5 27/27/27 27/27/27 
f 27/27/27 27/27/27 30/30/30 
f 27/27/27 28/28/28 30/30/30 
f 30/30/30 28/28/28 31/31/31 
f 28/28/28 31/31/31 31/31/31 
f 31/31/31 31/31/31 28/28/28 
f 31/31/31 28/28/28 28/28/28 
f 28/28/28 28/28/28 32/32/32 
f 28/28/28 7/7/7 32/32/32 
f 32/32/32 7/7/7 32/32/32 
f 7/7/7 8/8/8 32/32/32 
f 32/32/32 8/8/8 32/32/32 
f 8/8/8 33/33/33 32/32/32 
f 32/32/32 33/33/33 34/34/34 
f 33/33/33 35/35/35 34/34/34 
f 34/34/34 35/35/35 34/34/34 
f 35/35/35 36/36/36 34/34/34 
f 34/34/34 36/36/36 37/37/37 
f 36/36/36 38/38/38 37/37/37 
f 37/37/37 38/38/38 39/39/39 
f 38/38/38 40/40/40 39/39/39 
f 39/39/39 40/40/40 41/41/41 
f 40/40/40 42/42/42 41/41/41 
f 41/41/41 42/42/42 43/43/43 
f 42/42/42 44/44/44 43/43/43 
f 43/43/43 44/44/44 45/45/45 
f 44/44/44 46/46/46 45/45/45 
f 45/45/45 46/46/46 47/47/47 
f 46/46/46 48/48/48 47/47/47 
f 47/47/47 48/48/48 49/49/49 
f 48/48/48 50/50/50 49/49/49 
f 49/49/49 50/50/50 49/49/49 
f 50/50/50 51/51/51 49/49/49 
f 49/49/49 51/51/51 49/49/49 
f 51/51/51 52/52/52 49/49/49 
f 49/49/49 52/52/52 49/49/49 
f 52/52/52 53/53/53 49/49/49 
f 49/49/49 53/53/53 47/47/47 
f 53/53/53 54/54/54 47/47/47 
f 47/47/47 54/54/54 45/45/45 
f 54/54/54 54/54/54 45/45/45 
f 45/45/45 54/54/54 43/43/43 
f 54/54/54 55/55/55 43/43/43 
f 43/43/43 55/55/55 41/41/41 
f 55/55/55 56/56/56 41/41/41 
f 41/41/41 56/56/56 39/39/39 
f 56/56/56 57/57/57 39/39/39 
f 39/39/39 57/57/57 37/37/37 
f 57/57/57 58/58/58 37/37/37 
f 37/37/37 58/58/58 34/34/34 
f 58/58/58 28/28/28 34/34/34 
f 34/34/34 28/28/28 32/32/32 
f 28/28/28 32/32/32 32/32/32 
f 32/32/32 32/32/32 28/28/28 
f 32/32/32 28/28/28 28/28/28 
f 28/28/28 28/28/28 31/31/31 
f 28/28/28 58/58/58 31/31/31 
f 31/31/31 58/58/58 59/59/59 
f 58/58/58 57/57/57 59/59/59 
f 59/59/59 57/57/57 59/59/59 
f 57/57/57 56/56/56 59/59/59 
f 59/59/59 56/56/56 60/60/60 
f 56/56/56 55/55/55 60/60/60 
f 60/60/60 55/55/55 61/61/61 
f 55/55/55 55/55/55 61/61/61 
f 61/61/61 55/55/55 62/62/62 
f 55/55/55 54/54/54 62/62/62 
f 62/62/62 54/54/54 63/63/63 
f 54/54/54 53/53/53 63/63/63 
f 63/63/63 53/53/53 64/64/64 
f 53/53/53 52/52/52 64/64/64 
f 64/64/64 52/52/52 65/65/65 
f 52/52/52 52/52/52 65/65/65 
f 65/65/65 52/52/52 66/66/66 
f 52/52/52 51/51/51 66/66/66 
f 66/66/66 51/51/51 67/67/67 
f 51/51/51 68/68/68 67/67/67 
f 67/67/67 68/68/68 69/69/69 
f 68/68/68 68/68/68 69/69/69 
f 69/69/69 68/68/68 70/70/70 
f 68/68/68 71/71/71 70/70/70 
f 70/70/70 71/71/71 72/72/72 
f 71/71/71 72/72/72 72/72/72 
f 72/72/72 72/72/72 66/66/66 
f 72/72/72 66/66/66 66/66/66 
f 66/66/66 66/66/66 73/73/73 
f 66/66/66 67/67/67 73/73/73 
f 73/73/73 67/67/67 73/73/73 
f 67/67/67 69/69/69 73/73/73 
f 73/73/73 69/69/69 74/74/74 
f 69/69/69 74/74/74 74/74/74 
f 74/74/74 74/74/74 71/71/71 
f 74/74/74 71/71/71 71/71/71 
f 71/71/71 71/71/71 51/51/51 
f 71/71/71 68/68/68 51/51/51 
f 51/51/51 68/68/68 68/68/68 
f 68/68/68 75/75/75 68/68/68 
f 68/68/68 75/75/75 75/75/75 
f 75/75/75 76/76/76 75/75/75 
f 75/75/75 76/76/76 77/77/77 
f 76/76/76 78/78/78 77/77/77 
f 77/77/77 78/78/78 77/77/77 
f 78/78/78 79/79/79 77/77/77 
f 77/77/77 79/79/79 77/77/77 
f 79/79/79 80/80/80 77/77/77 
f 77/77/77 80/80/80 77/77/77 
f 80/80/80 81/81/81 77/77/77 
f 77/77/77 81/81/81 77/77/77 
f 81/81/81 82/82/82 77/77/77 
f 77/77/77 82/82/82 77/77/77 
f 82/82/82 83/83/83 77/77/77 
f 77/77/77 83/83/83 77/77/77 
f 83/83/83 84/84/84 77/77/77 
f 77/77/77 84/84/84 77/77/77 
f 84/84/84 85/85/85 77/77/77 
f 77/77/77 85/85/85 77/77/77 
f 85/85/85 86/86/86 77/77/77 
f 77/77/77 86/86/86 77/77/77 
f 86/86/86 87/87/87 77/77/77 
f 77/77/77 87/87/87 77/77/77 
f 87/87/87 88/88/88 77/77/77 
f 77/77/77 88/88/88 77/77/77 
f 88/88/88 89/89/89 77/77/77 
f 77/77/77 89/89/89 77/77/77 
f 89/89/89 90/90/90 77/77/77 
f 77/77/77 90/90/90 91/91/91 
f 90/90/90 91/91/91 91/91/91 
f 91/91/91 91/91/91 92/92/92 
f 91/91/91 92/92/92 92/92/92 
f 92/92/92 92/92/92 93/93/93 
f 92/92/92 94/94/94 93/93/93 
f 93/93/93 94/94/94 93/93/93 
f 94/94/94 95/95/95 93/93/93 
f 93/93/93 95/95/95 93/93/93 
f 95/95/95 96/96/96 93/93/93 
f 93/93/93 96/96/96 93/93/93 
f 96/96/96 97/97/97 93/93/93 
f 93/93/93 97/97/97 93/93/93 
f 97/97/97 98/98/98 93/93/93 
f 93/93/93 98/98/98 93/93/93 
f 98/98/98 99/99/99 93/93/93 
f 93/93/93 99/99/99 93/93/93 
f 99/99/99 100/100/100 93/93/93 
f 93/93/93 100/100/100 93/93/93 
f 100/100/100 101/101/101 93/93/93 
f 93/93/93 101/101/101 93/93/93 
f 101/101/101 102/102/102 93/93/93 
f 93/93/93 102/102/102 93/93/93 
f 102/102/102 103/103/103 93/93/93 
f 93/93/93 103/103/103 93/93/93 
f 103/103/103 104/104/104 93/93/93 
f 93/93/93 104/104/104 93/93/93 
f 104/104/104 105/105/105 93/93/93 
f 93/93/93 105/105/105 93/93/93 
f 105/105/105 106/106/106 93/93/93 
f 93/93/93 106/106/106 93/93/93 
f 106/106/106 107/107/107 93/93/93 
f 93/93/93 107/107/107 93/93/93 
f 107/107/107 108/108/108 93/93/93 
f 93/93/93 108/108/108 109/109/109 
f 108/108/108 109/109/109 109/109/109 
f 109/109/109 109/109/109 110/110/110 
f 109/109/109 110/110/110 110/110/110 
f 110/110/110 110/110/110 111/111/111 
f 110/110/110 112/112/112 111/111/111 
f 111/111/111 112/112/112 113/113/113 
f 112/112/112 114/114/114 113/113/113 
f 113/113/113 114/114/114 115/115/115 
f 114/114/114 116/116/116 115/115/115 
f 115/115/115 116/116/116 116/116/116 
f 116/116/116 110/110/110 116/116/116 
f 116/116/116 110/110/110 110/110/110 
f 110/110/110 111/111/111 110/110/110 
f 110/110/110 111/111/111 117/117/117 
f 111/111/111 118/118/118 117/117/117 
f 117/117/117 118/118/118 119/119/119 
f 118/118/118 119/119/119 119/119/119 
f 119/119/119 119/119/119 118/118/118 
f 119/119/119 118/118/118 118/118/118 
f 118/118/118 118/118/118 120/120/120 
f 118/118/118 111/111/111 120/120/120 
f 120/120/120 111/111/111 120/120/120 
f 111/111/111 113/113/113 120/120/120 
f 120/120/120 113/113/113 121/121/121 
f 113/113/113 115/115/115 121/121/121 
f 121/121/121 115/115/115 115/115/115 
f 115/115/115 122/122/122 115/115/115 
f 115/115/115 122/122/122 122/122/122 
f 122/122/122 123/123/123 122/122/122 
f 122/122/122 123/123/123 124/124/124 
f 123/123/123 125/125/125 124/124/124 
f 124/124/124 125/125/125 126/126/126 
f 125/125/125 120/120/120 126/126/126 
f 126/126/126 120/120/120 127/127/127 
f 120/120/120 121/121/121 127/127/127 
f 127/127/127 121/121/121 121/121/121 
f 121/121/121 120/120/120 121/121/121 
f 121/121/121 120/120/120 120/120/120 
f 120/120/120 125/125/125 120/120/120 
f 120/120/120 125/125/125 118/118/118 
f 125/125/125 123/123/123 118/118/118 
f 118/118/118 123/123/123 128/128/128 
f 123/123/123 129/129/129 128/128/128 
f 128/128/128 129/129/129 119/119/119 
f 129/129/129 130/130/130 119/119/119 
f 119/119/119 130/130/130 130/130/130 
f 130/130/130 122/122/122 130/130/130 
f 130/130/130 122/122/122 122/122/122 
f 122/122/122 131/131/131 122/122/122 
f 122/122/122 131/131/131 123/123/123 
f 131/131/131 129/129/129 123/123/123 
f 123/123/123 129/129/129 129/129/129 
f 129/129/129 119/119/119 129/129/129 
f 129/129/129 119/119/119 119/119/119 
f 119/119/119 118/118/118 119/119/119 
f 119/119/119 118/118/118 128/128/128 
f 118/118/118 128/128/128 128/128/128 
f 128/128/128 128/128/128 127/127/127 
f 128/128/128 127/127/127 127/127/127 
f 127/127/127 127/127/127 132/132/132 
f 127/127/127 121/121/121 132/132/132 
f 132/132/132 121/121/121 132/132/132 
f 121/121/121 133/133/133 132/132/132 
f 132/132/132 133/133/133 134/134/134 
f 133/133/133 133/133/133 134/134/134 
f 134/134/134 133/133/133 135/135/135 
f 133/133/133 136/136/136 135/135/135 
f 135/135/135 136/136/136 137/137/137 
f 136/136/136 138/138/138 137/137/137 
f 137/137/137 138/138/138 139/139/139 
f 138/138/138 140/140/140 139/139/139 
f 139/139/139 140/140/140 141/141/141 
f 140/140/140 142/142/142 141/141/141 
f 141/141/141 142/142/142 143/143/143 
f 142/142/142 144/144/144 143/143/143 
f 143/143/143 144/144/144 145/145/145 
f 144/144/144 146/146/146 145/145/145 
f 145/145/145 146/146/146 147/147/147 
f 146/146/146 148/148/148 147/147/147 
f 147/147/147 148/148/148 147/147/147 
f 148/148/148 149/149/149 147/147/147 
f 147/147/147 149/149/149 150/150/150 
f 149/149/149 149/149/149 150/150/150 
f 150/150/150 149/149/149 151/151/151 
f 149/149/149 152/152/152 151/151/151 
f 151/151/151 152/152/152 153/153/153 
f 152/152/152 152/152/152 153/153/153 
f 153/153/153 152/152/152 154/154/154 
f 152/152/152 152/152/152 154/154/154 
f 154/154/154 152/152/152 155/155/155 
f 152/152/152 156/156/156 155/155/155 
f 155/155/155 156/156/156 157/157/157 
f 156/156/156 158/158/158 157/157/157 
f 157/157/157 158/158/158 159/159/159 
f 158/158/158 158/158/158 159/159/159 
f 159/159/159 158/158/158 160/160/160 
f 158/158/158 149/149/149 160/160/160 
f 160/160/160 149/149/149 160/160/160 
f 149/149/149 148/148/148 160/160/160 
f 160/160/160 148/148/148 161/161/161 
f 148/148/148 146/146/146 161/161/161 
f 161/161/161 146/146/146 162/162/162 
f 146/146/146 144/144/144 162/162/162 
f 162/162/162 144/144/144 163/163/163 
f 144/144/144 142/142/142 163/163/163 
f 163/163/163 142/142/142 163/163/163 
f 142/142/142 140/140/140 163/163/163 
f 163/163/163 140/140/140 164/164/164 
f 140/140/140 138/138/138 164/164/164 
f 164/164/164 138/138/138 165/165/165 
f 138/138/138 136/136/136 165/165/165 
f 165/165/165 136/136/136 165/165/165 
f 136/136/136 166/166/166 165/165/165 
f 165/165/165 166/166/166 165/165/165 
f 166/166/166 167/167/167 165/165/165 
f 165/165/165 167/167/167 164/164/164 
f 167/167/167 168/168/168 164/164/164 
f 164/164/164 168/168/168 163/163/163 
f 168/168/168 169/169/169 163/163/163 
f 163/163/163 169/169/169 163/163/163 
f 169/169/169 170/170/170 163/163/163 
f 163/163/163 170/170/170 162/162/162 
f 170/170/170 170/170/170 162/162/162 
f 162/162/162 170/170/170 161/161/161 
f 170/170/170 171/171/171 161/161/161 
f 161/161/161 171/171/171 161/161/161 
f 171/171/171 172/172/172 161/161/161 
f 161/161/161 172/172/172 160/160/160 
f 172/172/172 159/159/159 160/160/160 
f 160/160/160 159/159/159 159/159/159 
f 159/159/159 152/152/152 159/159/159 
f 159/159/159 152/152/152 152/152/152 
f 152/152/152 149/149/149 152/152/152 
f 152/152/152 149/149/149 156/156/156 
f 149/149/149 158/158/158 156/156/156 
f 156/156/156 158/158/158 158/158/158 
f 158/158/158 155/155/155 158/158/158 
f 158/158/158 155/155/155 155/155/155 
f 155/155/155 157/157/157 155/155/155 
f 155/155/155 157/157/157 173/173/173 
f 157/157/157 173/173/173 173/173/173 
f 173/173/173 173/173/173 167/167/167 
f 173/173/173 167/167/167 167/167/167 
f 167/167/167 167/167/167 174/174/174 
f 167/167/167 166/166/166 174/174/174 
f 174/174/174 166/166/166 175/175/175 
f 166/166/166 136/136/136 175/175/175 
f 175/175/175 136/136/136 136/136/136 
f 136/136/136 174/174/174 136/136/136 
f 136/136/136 174/174/174 174/174/174 
f 174/174/174 175/175/175 174/174/174 
f 174/174/174 175/175/175 176/176/176 
f 175/175/175 175/175/175 176/176/176 
f 176/176/176 175/175/175 116/116/116 
f 175/175/175 177/177/177 116/116/116 
f 116/116/116 177/177/177 115/115/115 
f 177/177/177 177/177/177 115/115/115 
f 115/115/115 177/177/177 121/121/121 
f 177/177/177 177/177/177 121/121/121 
f 121/121/121 177/177/177 133/133/133 
f 177/177/177 175/175/175 133/133/133 
f 133/133/133 175/175/175 136/136/136 
f 175/175/175 136/136/136 136/136/136 
f 136/136/136 136/136/136 178/178/178 
f 136/136/136 178/178/178 178/178/178 
f 178/178/178 178/178/178 179/179/179 
f 178/178/178 180/180/180 179/179/179 
f 179/179/179 180/180/180 181/181/181 
f 180/180/180 180/180/180 181/181/181 
f 181/181/181 180/180/180 182/182/182 
f 180/180/180 180/180/180 182/182/182 
f 182/182/182 180/180/180 183/183/183 
f 180/180/180 180/180/180 183/183/183 
f 183/183/183 180/180/180 184/184/184 
f 180/180/180 180/180/180 184/184/184 
f 184/184/184 180/180/180 185/185/185 
f 180/180/180 180/180/180 185/185/185 
f 185/185/185 180/180/180 186/186/186 
f 180/180/180 180/180/180 186/186/186 
f 186/186/186 180/180/180 187/187/187 
f 180/180/180 180/180/180 187/187/187 
f 187/187/187 180/180/180 188/188/188 
f 180/180/180 180/180/180 188/188/188 
f 188/188/188 180/180/180 189/189/189 
f 180/180/180 180/180/180 189/189/189 
f 189/189/189 180/180/180 190/190/190 
f 180/180/180 180/180/180 190/190/190 
f 190/190/190 180/180/180 191/191/191 
f 180/180/180 180/180/180 191/191/191 
f 191/191/191 180/180/180 192/192/192 
f 180/180/180 180/180/180 192/192/192 
f 192/192/192 180/180/180 193/193/193 
f 180/180/180 180/180/180 193/193/193 
f 193/193/193 180/180/180 194/194/194 
f 180/180/180 180/180/180 194/194/194 
f 194/194/194 180/180/180 195/195/195 
f 180/180/180 196/196/196 195/195/195 
f 195/195/195 196/196/196 196/196/196 
f 196/196/196 197/197/197 196/196/196 
f 196/196/196 197/197/197 197/197/197 
f 197/197/197 198/198/198 197/197/197 
f 197/197/197 198/198/198 199/199/199 
f 198/198/198 200/200/200 199/199/199 
f 199/199/199 200/200/200 199/199/199 
f 200/200/200 201/201/201 199/199/199 
f 199/199/199 201/201/201 199/199/199 
f 201/201/201 154/154/154 199/199/199 
f 199/199/199 154/154/154 202/202/202 
f 154/154/154 155/155/155 202/202/202 
f 202/202/202 155/155/155 202/202/202 
f 155/155/155 203/203/203 202/202/202 
f 202/202/202 203/203/203 202/202/202 
f 203/203/203 204/204/204 202/202/202 
f 202/202/202 204/204/204 202/202/202 
f 204/204/204 197/197/197 202/202/202 
f 202/202/202 197/197/197 199/199/199 
f 197/197/197 199/199/199 199/199/199 
f 199/199/199 199/199/199 205/205/205 
f 199/199/199 205/205/205 205/205/205 
f 205/205/205 205/205/205 206/206/206 
f 205/205/205 207/207/207 206/206/206 
f 206/206/206 207/207/207 208/208/208 
f 207/207/207 207/207/207 208/208/208 
f 208/208/208 207/207/207 209/209/209 
f 207/207/207 207/207/207 209/209/209 
f 209/209/209 207/207/207 210/210/210 
f 207/207/207 207/207/207 210/210/210 
f 210/210/210 207/207/207 211/211/211 
f 207/207/207 207/207/207 211/211/211 
f 211/211/211 207/207/207 212/212/212 
f 207/207/207 207/207/207 212/212/212 
f 212/212/212 207/207/207 213/213/213 
f 207/207/207 207/207/207 213/213/213 
f 213/213/213 207/207/207 214/214/214 
f 207/207/207 207/207/207 214/214/214 
f 214/214/214 207/207/207 215/215/215 
f 207/207/207 207/207/207 215/215/215 
f 215/215/215 207/207/207 216/216/216 
f 207/207/207 207/207/207 216/216/216 
f 216/216/216 207/207/207 217/217/217 
f 207/207/207 207/207/207 217/217/217 
f 217/217/217 207/207/207 218/218/218 
f 207/207/207 207/207/207 218/218/218 
f 218/218/218 207/207/207 219/219/219 
f 207/207/207 207/207/207 219/219/219 
f 219/219/219 207/207/207 220/220/220 
f 207/207/207 221/221/221 220/220/220 
f 220/220/220 221/221/221 221/221/221 
f 221/221/221 222/222/222 221/221/221 
f 221/221/221 222/222/222 222/222/222 
f 222/222/222 223/223/223 222/222/222 
f 222/222/222 223/223/223 224/224/224 
f 223/223/223 223/223/223 224/224/224 
f 224/224/224 223/223/223 225/225/225 
f 223/223/223 226/226/226 225/225/225 
f 225/225/225 226/226/226 227/227/227 
f 226/226/226 228/228/228 227/227/227 
f 227/227/227 228/228/228 229/229/229 
f 228/228/228 228/228/228 229/229/229 
f 229/229/229 228/228/228 230/230/230 
f 228/228/228 231/231/231 230/230/230 
f 230/230/230 231/231/231 232/232/232 
f 231/231/231 233/233/233 232/232/232 
f 232/232/232 233/233/233 232/232/232 
f 233/233/233 234/234/234 232/232/232 
f 232/232/232 234/234/234 235/235/235 
f 234/234/234 236/236/236 235/235/235 
f 235/235/235 236/236/236 230/230/230 
f 236/236/236 236/236/236 230/230/230 
f 230/230/230 236/236/236 229/229/229 
f 236/236/236 237/237/237 229/229/229 
f 229/229/229 237/237/237 227/227/227 
f 237/237/237 237/237/237 227/227/227 
f 227/227/227 237/237/237 225/225/225 
f 237/237/237 238/238/238 225/225/225 
f 225/225/225 238/238/238 225/225/225 
f 238/238/238 239/239/239 225/225/225 
f 225/225/225 239/239/239 224/224/224 
f 239/239/239 240/240/240 224/224/224 
f 224/224/224 240/240/240 241/241/241 
f 240/240/240 242/242/242 241/241/241 
f 241/241/241 242/242/242 241/241/241 
f 242/242/242 243/243/243 241/241/241 
f 241/241/241 243/243/243 244/244/244 
f 243/243/243 245/245/245 244/244/244 
f 244/244/244 245/245/245 246/246/246 
f 245/245/245 247/247/247 246/246/246 
f 246/246/246 247/247/247 248/248/248 
f 247/247/247 247/247/247 248/248/248 
f 248/248/248 247/247/247 249/249/249 
f 247/247/247 247/247/247 249/249/249 
f 249/249/249 247/247/247 250/250/250 
f 247/247/247 251/251/251 250/250/250 
f 250/250/250 251/251/251 252/252/252 
f 251/251/251 251/251/251 252/252/252 
f 252/252/252 251/251/251 253/253/253 
f 251/251/251 251/251/251 253/253/253 
f 253/253/253 251/251/251 254/254/254 
f 251/251/251 251/251/251 254/254/254 
f 254/254/254 251/251/251 255/255/255 
f 251/251/251 251/251/251 255/255/255 
f 255/255/255 251/251/251 256/256/256 
f 251/251/251 251/251/251 256/256/256 
f 256/256/256 251/251/251 257/257/257 
f 251/251/251 251/251/251 257/257/257 
f 257/257/257 251/251/251 258/258/258 
f 251/251/251 247/247/247 258/258/258 
f 258/258/258 247/247/247 258/258/258 
f 247/247/247 245/245/245 258/258/258 
f 258/258/258 245/245/245 259/259/259 
f 245/245/245 243/243/243 259/259/259 
f 259/259/259 243/243/243 259/259/259 
f 243/243/243 260/260/260 259/259/259 
f 259/259/259 260/260/260 261/261/261 
f 260/260/260 260/260/260 261/261/261 
f 261/261/261 260/260/260 262/262/262 
f 260/260/260 260/260/260 262/262/262 
f 262/262/262 260/260/260 263/263/263 
f 260/260/260 264/264/264 263/263/263 
f 263/263/263 264/264/264 265/265/265 
f 264/264/264 264/264/264 265/265/265 
f 265/265/265 264/264/264 266/266/266 
f 264/264/264 264/264/264 266/266/266 
f 266/266/266 264/264/264 267/267/267 
f 264/264/264 268/268/268 267/267/267 
f 267/267/267 268/268/268 269/269/269 
f 268/268/268 268/268/268 269/269/269 
f 269/269/269 268/268/268 270/270/270 
f 268/268/268 268/268/268 270/270/270 
f 270/270/270 268/268/268 271/271/271 
f 268/268/268 268/268/268 271/271/271 
f 271/271/271 268/268/268 238/238/238 
f 268/268/268 268/268/268 238/238/238 
f 238/238/238 268/268/268 239/239/239 
f 268/268/268 268/268/268 239/239/239 
f 239/239/239 268/268/268 240/240/240 
f 268/268/268 264/264/264 240/240/240 
f 240/240/240 264/264/264 242/242/242 
f 264/264/264 260/260/260 242/242/242 
f 242/242/242 260/260/260 243/243/243 
f 260/260/260 243/243/243 243/243/243 
f 243/243/243 243/243/243 230/230/230 
f 243/243/243 230/230/230 230/230/230 
f 230/230/230 230/230/230 235/235/235 
f 230/230/230 232/232/232 235/235/235 
f 235/235/235 232/232/232 232/232/232 
f 232/232/232 224/224/224 232/232/232 
f 232/232/232 224/224/224 224/224/224 
f 224/224/224 241/241/241 224/224/224 
f 224/224/224 241/241/241 272/272/272 
f 241/241/241 273/273/273 272/272/272 
f 272/272/272 273/273/273 273/273/273 
f 273/273/273 259/259/259 273/273/273 
f 273/273/273 259/259/259 259/259/259 
f 259/259/259 261/261/261 259/259/259 
f 259/259/259 261/261/261 258/258/258 
f 261/261/261 257/257/257 258/258/258 
f 258/258/258 257/257/257 257/257/257 
f 257/257/257 238/238/238 257/257/257 
f 257/257/257 238/238/238 238/238/238 
f 238/238/238 237/237/237 238/238/238 
f 238/238/238 237/237/237 271/271/271 
f 237/237/237 237/237/237 271/271/271 
f 271/271/271 237/237/237 274/274/274 
f 237/237/237 237/237/237 274/274/274 
f 274/274/274 237/237/237 275/275/275 
f 237/237/237 236/236/236 275/275/275 
f 275/275/275 236/236/236 234/234/234 
f 236/236/236 234/234/234 234/234/234 
f 234/234/234 234/234/234 276/276/276 
f 234/234/234 276/276/276 276/276/276 
f 276/276/276 276/276/276 277/277/277 
f 276/276/276 278/278/278 277/277/277 
f 277/277/277 278/278/278 277/277/277 
f 278/278/278 279/279/279 277/277/277 
f 277/277/277 279/279/279 277/277/277 
f 279/279/279 280/280/280 277/277/277 
f 277/277/277 280/280/280 277/277/277 
f 280/280/280 281/281/281 277/277/277 
f 277/277/277 281/281/281 276/276/276 
f 281/281/281 282/282/282 276/276/276 
f 276/276/276 282/282/282 278/278/278 
f 282/282/282 278/278/278 278/278/278 
f 278/278/278 278/278/278 281/281/281 
f 278/278/278 281/281/281 281/281/281 
f 281/281/281 281/281/281 282/282/282 
f 281/281/281 283/283/283 282/282/282 
f 282/282/282 283/283/283 284/284/284 
f 283/283/283 283/283/283 284/284/284 
f 284/284/284 283/283/283 285/285/285 
f 283/283/283 283/283/283 285/285/285 
f 285/285/285 283/283/283 286/286/286 
f 283/283/283 281/281/281 286/286/286 
f 286/286/286 281/281/281 286/286/286 
f 281/281/281 280/280/280 286/286/286 
f 286/286/286 280/280/280 287/287/287 
f 280/280/280 279/279/279 287/287/287 
f 287/287/287 279/279/279 288/288/288 
f 279/279/279 278/278/278 288/288/288 
f 288/288/288 278/278/278 289/289/289 
f 278/278/278 290/290/290 289/289/289 
f 289/289/289 290/290/290 289/289/289 
f 290/290/290 291/291/291 289/289/289 
f 289/289/289 291/291/291 292/292/292 
f 291/291/291 293/293/293 292/292/292 
f 292/292/292 293/293/293 292/292/292 
f 293/293/293 294/294/294 292/292/292 
f 292/292/292 294/294/294 295/295/295 
f 294/294/294 294/294/294 295/295/295 
f 295/295/295 294/294/294 296/296/296 
f 294/294/294 297/297/297 296/296/296 
f 296/296/296 297/297/297 296/296/296 
f 297/297/297 298/298/298 296/296/296 
f 296/296/296 298/298/298 299/299/299 
f 298/298/298 300/300/300 299/299/299 
f 299/299/299 300/300/300 299/299/299 
f 300/300/300 301/301/301 299/299/299 
f 299/299/299 301/301/301 299/299/299 
f 301/301/301 302/302/302 299/299/299 
f 299/299/299 302/302/302 296/296/296 
f 302/302/302 303/303/303 296/296/296 
f 296/296/296 303/303/303 295/295/295 
f 303/303/303 303/303/303 295/295/295 
f 295/295/295 303/303/303 292/292/292 
f 303/303/303 304/304/304 292/292/292 
f 292/292/292 304/304/304 289/289/289 
f 304/304/304 304/304/304 289/289/289 
f 289/289/289 304/304/304 288/288/288 
f 304/304/304 305/305/305 288/288/288 
f 288/288/288 305/305/305 288/288/288 
f 305/305/305 306/306/306 288/288/288 
f 288/288/288 306/306/306 287/287/287 
f 306/306/306 307/307/307 287/287/287 
f 287/287/287 307/307/307 286/286/286 
f 307/307/307 307/307/307 286/286/286 
f 286/286/286 307/307/307 308/308/308 
f 307/307/307 307/307/307 308/308/308 
f 308/308/308 307/307/307 309/309/309 
f 307/307/307 307/307/307 309/309/309 
f 309/309/309 307/307/307 310/310/310 
f 307/307/307 311/311/311 310/310/310 
f 310/310/310 311/311/311 312/312/312 
f 311/311/311 313/313/313 312/312/312 
f 312/312/312 313/313/313 314/314/314 
f 313/313/313 315/315/315 314/314/314 
f 314/314/314 315/315/315 316/316/316 
f 315/315/315 305/305/305 316/316/316 
f 316/316/316 305/305/305 317/317/317 
f 305/305/305 304/304/304 317/317/317 
f 317/317/317 304/304/304 317/317/317 
f 304/304/304 303/303/303 317/317/317 
f 317/317/317 303/303/303 318/318/318 
f 303/303/303 302/302/302 318/318/318 
f 318/318/318 302/302/302 318/318/318 
f 302/302/302 301/301/301 318/318/318 
f 318/318/318 301/301/301 319/319/319 
f 301/301/301 320/320/320 319/319/319 
f 319/319/319 320/320/320 321/321/321 
f 320/320/320 322/322/322 321/321/321 
f 321/321/321 322/322/322 316/316/316 
f 322/322/322 314/314/314 316/316/316 
f 316/316/316 314/314/314 314/314/314 
f 314/314/314 307/307/307 314/314/314 
f 314/314/314 307/307/307 307/307/307 
f 307/307/307 306/306/306 307/307/307 
f 307/307/307 306/306/306 311/311/311 
f 306/306/306 306/306/306 311/311/311 
f 311/311/311 306/306/306 313/313/313 
f 306/306/306 305/305/305 313/313/313 
f 313/313/313 305/305/305 315/315/315 
f 305/305/305 315/315/315 315/315/315 
f 315/315/315 315/315/315 319/319/319 
f 315/315/315 319/319/319 319/319/319 
f 319/319/319 319/319/319 318/318/318 
f 319/319/319 321/321/321 318/318/318 
f 318/318/318 321/321/321 317/317/317 
f 321/321/321 316/316/316 317/317/317 
f 317/317/317 316/316/316 316/316/316 
f 316/316/316 309/309/309 316/316/316 
f 316/316/316 309/309/309 309/309/309 
f 309/309/309 323/323/323 309/309/309 
f 309/309/309 323/323/323 308/308/308 
f 323/323/323 324/324/324 308/308/308 
f 308/308/308 324/324/324 286/286/286 
f 324/324/324 324/324/324 286/286/286 
f 286/286/286 324/324/324 325/325/325 
f 324/324/324 324/324/324 325/325/325 
f 325/325/325 324/324/324 326/326/326 
f 324/324/324 327/327/327 326/326/326 
f 326/326/326 327/327/327 328/328/328 
f 327/327/327 329/329/329 328/328/328 
f 328/328/328 329/329/329 330/330/330 
f 329/329/329 331/331/331 330/330/330 
f 330/330/330 331/331/331 332/332/332 
f 331/331/331 333/333/333 332/332/332 
f 332/332/332 333/333/333 332/332/332 
f 333/333/333 334/334/334 332/332/332 
f 332/332/332 334/334/334 335/335/335 
f 334/334/334 334/334/334 335/335/335 
f 335/335/335 334/334/334 336/336/336 
f 334/334/334 337/337/337 336/336/336 
f 336/336/336 337/337/337 336/336/336 
f 337/337/337 338/338/338 336/336/336 
f 336/336/336 338/338/338 339/339/339 
f 338/338/338 340/340/340 339/339/339 
f 339/339/339 340/340/340 341/341/341 
f 340/340/340 342/342/342 341/341/341 
f 341/341/341 342/342/342 343/343/343 
f 342/342/342 344/344/344 343/343/343 
f 343/343/343 344/344/344 344/344/344 
f 344/344/344 327/327/327 344/344/344 
f 344/344/344 327/327/327 327/327/327 
f 327/327/327 324/324/324 327/327/327 
f 327/327/327 324/324/324 345/345/345 
f 324/324/324 323/323/323 345/345/345 
f 345/345/345 323/323/323 323/323/323 
f 323/323/323 338/338/338 323/323/323 
f 323/323/323 338/338/338 338/338/338 
f 338/338/338 346/346/346 338/338/338 
f 338/338/338 346/346/346 340/340/340 
f 346/346/346 342/342/342 340/340/340 
f 340/340/340 342/342/342 342/342/342 
f 342/342/342 343/343/343 342/342/342 
f 342/342/342 343/343/343 343/343/343 
f 343/343/343 347/347/347 343/343/343 
f 343/343/343 347/347/347 341/341/341 
f 347/347/347 347/347/347 341/341/341 
f 341/341/341 347/347/347 339/339/339 
f 347/347/347 347/347/347 339/339/339 
f 339/339/339 347/347/347 336/336/336 
f 347/347/347 347/347/347 336/336/336 
f 336/336/336 347/347/347 335/335/335 
f 347/347/347 348/348/348 335/335/335 
f 335/335/335 348/348/348 332/332/332 
f 348/348/348 349/349/349 332/332/332 
f 332/332/332 349/349/349 330/330/330 
f 349/349/349 350/350/350 330/330/330 
f 330/330/330 350/350/350 328/328/328 
f 350/350/350 328/328/328 328/328/328 
f 328/328/328 328/328/328 347/347/347 
f 328/328/328 347/347/347 347/347/347 
f 347/347/347 347/347/347 348/348/348 
f 347/347/347 343/343/343 348/348/348 
f 348/348/348 343/343/343 351/351/351 
f 343/343/343 344/344/344 351/351/351 
f 351/351/351 344/344/344 352/352/352 
f 344/344/344 353/353/353 352/352/352 
f 352/352/352 353/353/353 352/352/352 
f 353/353/353 354/354/354 352/352/352 
f 352/352/352 354/354/354 355/355/355 
f 354/354/354 356/356/356 355/355/355 
f 355/355/355 356/356/356 355/355/355 
f 356/356/356 357/357/357 355/355/355 
f 355/355/355 357/357/357 358/358/358 
f 357/357/357 359/359/359 358/358/358 
f 358/358/358 359/359/359 358/358/358 
f 359/359/359 360/360/360 358/358/358 
f 358/358/358 360/360/360 361/361/361 
f 360/360/360 362/362/362 361/361/361 
f 361/361/361 362/362/362 362/362/362 
f 362/362/362 348/348/348 362/362/362 
f 362/362/362 348/348/348 348/348/348 
f 348/348/348 351/351/351 348/348/348 
f 348/348/348 351/351/351 349/349/349 
f 351/351/351 363/363/363 349/349/349 
f 349/349/349 363/363/363 350/350/350 
f 363/363/363 364/364/364 350/350/350 
f 350/350/350 364/364/364 365/365/365 
f 364/364/364 352/352/352 365/365/365 
f 365/365/365 352/352/352 365/365/365 
f 352/352/352 355/355/355 365/365/365 
f 365/365/365 355/355/355 365/365/365 
f 355/355/355 358/358/358 365/365/365 
f 365/365/365 358/358/358 365/365/365 
f 358/358/358 361/361/361 365/365/365 
f 365/365/365 361/361/361 366/366/366 
f 361/361/361 367/367/367 366/366/366 
f 366/366/366 367/367/367 328/328/328 
f 367/367/367 367/367/367 328/328/328 
f 328/328/328 367/367/367 326/326/326 
f 367/367/367 367/367/367 326/326/326 
f 326/326/326 367/367/367 325/325/325 
f 367/367/367 367/367/367 325/325/325 
f 325/325/325 367/367/367 368/368/368 
f 367/367/367 362/362/362 368/368/368 
f 368/368/368 362/362/362 368/368/368 
f 362/362/362 369/369/369 368/368/368 
f 368/368/368 369/369/369 325/325/325 
f 369/369/369 370/370/370 325/325/325 
f 325/325/325 370/370/370 286/286/286 
f 370/370/370 285/285/285 286/286/286 
f 286/286/286 285/285/285 285/285/285 
f 285/285/285 351/351/351 285/285/285 
f 285/285/285 351/351/351 351/351/351 
f 351/351/351 352/352/352 351/351/351 
f 351/351/351 352/352/352 363/363/363 
f 352/352/352 364/364/364 363/363/363 
f 363/363/363 364/364/364 364/364/364 
f 364/364/364 365/365/365 364/364/364 
f 364/364/364 365/365/365 365/365/365 
f 365/365/365 366/366/366 365/365/365 
f 365/365/365 366/366/366 350/350/350 
f 366/366/366 328/328/328 350/350/350 
f 350/350/350 328/328/328 328/328/328 
f 328/328/328 362/362/362 328/328/328 
f 328/328/328 362/362/362 362/362/362 
f 362/362/362 367/367/367 362/362/362 
f 362/362/362 367/367/367 361/361/361 
f 367/367/367 361/361/361 361/361/361 
f 361/361/361 361/361/361 371/371/371 
f 361/361/361 371/371/371 371/371/371 
f 371/371/371 371/371/371 372/372/372 
f 371/371/371 272/272/272 372/372/372 
f 372/372/372 272/272/272 373/373/373 
f 272/272/272 273/273/273 373/373/373 
f 373/373/373 273/273/273 374/374/374 
f 273/273/273 273/273/273 374/374/374 
f 374/374/374 273/273/273 375/375/375 
f 273/273/273 376/376/376 375/375/375 
f 375/375/375 376/376/376 376/376/376 
f 376/376/376 377/377/377 376/376/376 
f 376/376/376 377/377/377 377/377/377 
f 377/377/377 378/378/378 377/377/377 
f 377/377/377 378/378/378 379/379/379 
f 378/378/378 380/380/380 379/379/379 
f 379/379/379 380/380/380 381/381/381 
f 380/380/380 382/382/382 381/381/381 
f 381/381/381 382/382/382 383/383/383 
f 382/382/382 384/384/384 383/383/383 
f 383/383/383 384/384/384 384/384/384 
f 384/384/384 377/377/377 384/384/384 
f 384/384/384 377/377/377 377/377/377 
f 377/377/377 385/385/385 377/377/377 
f 377/377/377 385/385/385 378/378/378 
f 385/385/385 385/385/385 378/378/378 
f 378/378/378 385/385/385 386/386/386 
f 385/385/385 387/387/387 386/386/386 
f 386/386/386 387/387/387 388/388/388 
f 387/387/387 389/389/389 388/388/388 
f 388/388/388 389/389/389 390/390/390 
f 389/389/389 391/391/391 390/390/390 
f 390/390/390 391/391/391 392/392/392 
f 391/391/391 393/393/393 392/392/392 
f 392/392/392 393/393/393 394/394/394 
f 393/393/393 393/393/393 394/394/394 
f 394/394/394 393/393/393 395/395/395 
f 393/393/393 396/396/396 395/395/395 
f 395/395/395 396/396/396 396/396/396 
f 396/396/396 397/397/397 396/396/396 
f 396/396/396 397/397/397 397/397/397 
f 397/397/397 398/398/398 397/397/397 
f 397/397/397 398/398/398 399/399/399 
f 398/398/398 400/400/400 399/399/399 
f 399/399/399 400/400/400 401/401/401 
f 400/400/400 401/401/401 401/401/401 
f 401/401/401 401/401/401 397/397/397 
f 401/401/401 397/397/397 397/397/397 
f 397/397/397 397/397/397 402/402/402 
f 397/397/397 399/399/399 402/402/402 
f 402/402/402 399/399/399 403/403/403 
f 399/399/399 404/404/404 403/403/403 
f 403/403/403 404/404/404 404/404/404 
f 404/404/404 402/402/402 404/404/404 
f 404/404/404 402/402/402 402/402/402 
f 402/402/402 403/403/403 402/402/402 
f 402/402/402 403/403/403 405/405/405 
f 403/403/403 406/406/406 405/405/405 
f 405/405/405 406/406/406 407/407/407 
f 406/406/406 408/408/408 407/407/407 
f 407/407/407 408/408/408 409/409/409 
f 408/408/408 408/408/408 409/409/409 
f 409/409/409 408/408/408 410/410/410 
f 408/408/408 411/411/411 410/410/410 
f 410/410/410 411/411/411 410/410/410 
f 411/411/411 412/412/412 410/410/410 
f 410/410/410 412/412/412 413/413/413 
f 412/412/412 414/414/414 413/413/413 
f 413/413/413 414/414/414 415/415/415 
f 414/414/414 414/414/414 415/415/415 
f 415/415/415 414/414/414 416/416/416 
f 414/414/414 417/417/417 416/416/416 
f 416/416/416 417/417/417 418/418/418 
f 417/417/417 419/419/419 418/418/418 
f 418/418/418 419/419/419 418/418/418 
f 419/419/419 420/420/420 418/418/418 
f 418/418/418 420/420/420 421/421/421 
f 420/420/420 420/420/420 421/421/421 
f 421/421/421 420/420/420 422/422/422 
f 420/420/420 423/423/423 422/422/422 
f 422/422/422 423/423/423 424/424/424 
f 423/423/423 425/425/425 424/424/424 
f 424/424/424 425/425/425 401/401/401 
f 425/425/425 425/425/425 401/401/401 
f 401/401/401 425/425/425 399/399/399 
f 425/425/425 404/404/404 399/399/399 
f 399/399/399 404/404/404 404/404/404 
f 404/404/404 383/383/383 404/404/404 
f 404/404/404 383/383/383 383/383/383 
f 383/383/383 384/384/384 383/383/383 
f 383/383/383 384/384/384 426/426/426 
f 384/384/384 427/427/427 426/426/426 
f 426/426/426 427/427/427 428/428/428 
f 427/427/427 429/429/429 428/428/428 
f 428/428/428 429/429/429 428/428/428 
f 429/429/429 430/430/430 428/428/428 
f 428/428/428 430/430/430 431/431/431 
f 430/430/430 431/431/431 431/431/431 
f 431/431/431 431/431/431 432/432/432 
f 431/431/431 432/432/432 432/432/432 
f 432/432/432 432/432/432 433/433/433 
f 432/432/432 434/434/434 433/433/433 
f 433/433/433 434/434/434 435/435/435 
f 434/434/434 436/436/436 435/435/435 
f 435/435/435 436/436/436 437/437/437 
f 436/436/436 436/436/436 437/437/437 
f 437/437/437 436/436/436 438/438/438 
f 436/436/436 439/439/439 438/438/438 
f 438/438/438 439/439/439 438/438/438 
f 439/439/439 440/440/440 438/438/438 
f 438/438/438 440/440/440 441/441/441 
f 440/440/440 442/442/442 441/441/441 
f 441/441/441 442/442/442 442/442/442 
f 442/442/442 433/433/433 442/442/442 
f 442/442/442 433/433/433 433/433/433 
f 433/433/433 435/435/435 433/433/433 
f 433/433/433 435/435/435 443/443/443 
f 435/435/435 437/437/437 443/443/443 
f 443/443/443 437/437/437 444/444/444 
f 437/437/437 437/437/437 444/444/444 
f 444/444/444 437/437/437 445/445/445 
f 437/437/437 438/438/438 445/445/445 
f 445/445/445 438/438/438 441/441/441 
f 438/438/438 441/441/441 441/441/441 
f 441/441/441 441/441/441 439/439/439 
f 441/441/441 439/439/439 439/439/439 
f 439/439/439 439/439/439 446/446/446 
f 439/439/439 436/436/436 446/446/446 
f 446/446/446 436/436/436 447/447/447 
f 436/436/436 434/434/434 447/447/447 
f 447/447/447 434/434/434 434/434/434 
f 434/434/434 443/443/443 434/434/434 
f 434/434/434 443/443/443 443/443/443 
f 443/443/443 444/444/444 443/443/443 
f 443/443/443 444/444/444 448/448/448 
f 444/444/444 444/444/444 448/448/448 
f 448/448/448 444/444/444 449/449/449 
f 444/444/444 444/444/444 449/449/449 
f 449/449/449 444/444/444 450/450/450 
f 444/444/444 444/444/444 450/450/450 
f 450/450/450 444/444/444 451/451/451 
f 444/444/444 444/444/444 451/451/451 
f 451/451/451 444/444/444 452/452/452 
f 444/444/444 445/445/445 452/452/452 
f 452/452/452 445/445/445 452/452/452 
f 445/445/445 441/441/441 452/452/452 
f 452/452/452 441/441/441 453/453/453 
f 441/441/441 442/442/442 453/453/453 
f 453/453/453 442/442/442 453/453/453 
f 442/442/442 454/454/454 453/453/453 
f 453/453/453 454/454/454 453/453/453 
f 454/454/454 455/455/455 453/453/453 
f 453/453/453 455/455/455 456/456/456 
f 455/455/455 457/457/457 456/456/456 
f 456/456/456 457/457/457 458/458/458 
f 457/457/457 459/459/459 458/458/458 
f 458/458/458 459/459/459 459/459/459 
f 459/459/459 453/453/453 459/459/459 
f 459/459/459 453/453/453 453/453/453 
f 453/453/453 456/456/456 453/453/453 
f 453/453/453 456/456/456 452/452/452 
f 456/456/456 460/460/460 452/452/452 
f 452/452/452 460/460/460 452/452/452 
f 460/460/460 461/461/461 452/452/452 
f 452/452/452 461/461/461 451/451/451 
f 461/461/461 461/461/461 451/451/451 
f 451/451/451 461/461/461 450/450/450 
f 461/461/461 461/461/461 450/450/450 
f 450/450/450 461/461/461 462/462/462 
f 461/461/461 461/461/461 462/462/462 
f 462/462/462 461/461/461 463/463/463 
f 461/461/461 461/461/461 463/463/463 
f 463/463/463 461/461/461 464/464/464 
f 461/461/461 461/461/461 464/464/464 
f 464/464/464 461/461/461 465/465/465 
f 461/461/461 460/460/460 465/465/465 
f 465/465/465 460/460/460 458/458/458 
f 460/460/460 456/456/456 458/458/458 
f 458/458/458 456/456/456 456/456/456 
f 456/456/456 465/465/465 456/456/456 
f 456/456/456 465/465/465 465/465/465 
f 465/465/465 458/458/458 465/465/465 
f 465/465/465 458/458/458 466/466/466 
f 458/458/458 459/459/459 466/466/466 
f 466/466/466 459/459/459 466/466/466 
f 459/459/459 467/467/467 466/466/466 
f 466/466/466 467/467/467 468/468/468 
f 467/467/467 469/469/469 468/468/468 
f 468/468/468 469/469/469 470/470/470 
f 469/469/469 471/471/471 470/470/470 
f 470/470/470 471/471/471 471/471/471 
f 471/471/471 470/470/470 471/471/471 
f 471/471/471 470/470/470 470/470/470 
f 470/470/470 472/472/472 470/470/470 
f 470/470/470 472/472/472 468/468/468 
f 472/472/472 472/472/472 468/468/468 
f 468/468/468 472/472/472 466/466/466 
f 472/472/472 473/473/473 466/466/466 
f 466/466/466 473/473/473 465/465/465 
f 473/473/473 473/473/473 465/465/465 
f 465/465/465 473/473/473 464/464/464 
f 473/473/473 473/473/473 464/464/464 
f 464/464/464 473/473/473 474/474/474 
f 473/473/473 472/472/472 474/474/474 
f 474/474/474 472/472/472 475/475/475 
f 472/472/472 476/476/476 475/475/475 
f 475/475/475 476/476/476 477/477/477 
f 476/476/476 476/476/476 477/477/477 
f 477/477/477 476/476/476 478/478/478 
f 476/476/476 476/476/476 478/478/478 
f 478/478/478 476/476/476 479/479/479 
f 476/476/476 476/476/476 479/479/479 
f 479/479/479 476/476/476 480/480/480 
f 476/476/476 470/470/470 480/480/480 
f 480/480/480 470/470/470 480/480/480 
f 470/470/470 471/471/471 480/480/480 
f 480/480/480 471/471/471 481/481/481 
f 471/471/471 482/482/482 481/481/481 
f 481/481/481 482/482/482 447/447/447 
f 482/482/482 446/446/446 447/447/447 
f 447/447/447 446/446/446 446/446/446 
f 446/446/446 472/472/472 446/446/446 
f 446/446/446 472/472/472 472/472/472 
f 472/472/472 470/470/470 472/472/472 
f 472/472/472 470/470/470 476/476/476 
f 470/470/470 476/476/476 476/476/476 
f 476/476/476 476/476/476 447/447/447 
f 476/476/476 447/447/447 447/447/447 
f 447/447/447 447/447/447 481/481/481 
f 447/447/447 434/434/434 481/481/481 
f 481/481/481 434/434/434 483/483/483 
f 434/434/434 432/432/432 483/483/483 
f 483/483/483 432/432/432 483/483/483 
f 432/432/432 484/484/484 483/483/483 
f 483/483/483 484/484/484 483/483/483 
f 484/484/484 478/478/478 483/483/483 
f 483/483/483 478/478/478 483/483/483 
f 478/478/478 479/479/479 483/483/483 
f 483/483/483 479/479/479 483/483/483 
f 479/479/479 480/480/480 483/483/483 
f 483/483/483 480/480/480 481/481/481 
f 480/480/480 481/481/481 481/481/481 
f 481/481/481 481/481/481 485/485/485 
f 481/481/481 485/485/485 485/485/485 
f 485/485/485 485/485/485 486/486/486 
f 485/485/485 487/487/487 486/486/486 
f 486/486/486 487/487/487 488/488/488 
f 487/487/487 489/489/489 488/488/488 
f 488/488/488 489/489/489 490/490/490 
f 489/489/489 491/491/491 490/490/490 
f 490/490/490 491/491/491 491/491/491 
f 491/491/491 485/485/485 491/491/491 
f 491/491/491 485/485/485 485/485/485 
f 485/485/485 486/486/486 485/485/485 
f 485/485/485 486/486/486 492/492/492 
f 486/486/486 493/493/493 492/492/492 
f 492/492/492 493/493/493 494/494/494 
f 493/493/493 495/495/495 494/494/494 
f 494/494/494 495/495/495 496/496/496 
f 495/495/495 497/497/497 496/496/496 
f 496/496/496 497/497/497 498/498/498 
f 497/497/497 499/499/499 498/498/498 
f 498/498/498 499/499/499 500/500/500 
f 499/499/499 501/501/501 500/500/500 
f 500/500/500 501/501/501 500/500/500 
f 501/501/501 502/502/502 500/500/500 
f 500/500/500 502/502/502 503/503/503 
f 502/502/502 503/503/503 503/503/503 
f 503/503/503 503/503/503 490/490/490 
f 503/503/503 490/490/490 490/490/490 
f 490/490/490 490/490/490 504/504/504 
f 490/490/490 491/491/491 504/504/504 
f 504/504/504 491/491/491 504/504/504 
f 491/491/491 505/505/505 504/504/504 
f 504/504/504 505/505/505 506/506/506 
f 505/505/505 507/507/507 506/506/506 
f 506/506/506 507/507/507 508/508/508 
f 507/507/507 507/507/507 508/508/508 
f 508/508/508 507/507/507 509/509/509 
f 507/507/507 510/510/510 509/509/509 
f 509/509/509 510/510/510 510/510/510 
f 510/510/510 511/511/511 510/510/510 
f 510/510/510 511/511/511 511/511/511 
f 511/511/511 512/512/512 511/511/511 
f 511/511/511 512/512/512 513/513/513 
f 512/512/512 512/512/512 513/513/513 
f 513/513/513 512/512/512 514/514/514 
f 512/512/512 512/512/512 514/514/514 
f 514/514/514 512/512/512 515/515/515 
f 512/512/512 516/516/516 515/515/515 
f 515/515/515 516/516/516 517/517/517 
f 516/516/516 518/518/518 517/517/517 
f 517/517/517 518/518/518 519/519/519 
f 518/518/518 520/520/520 519/519/519 
f 519/519/519 520/520/520 521/521/521 
f 520/520/520 520/520/520 521/521/521 
f 521/521/521 520/520/520 522/522/522 
f 520/520/520 523/523/523 522/522/522 
f 522/522/522 523/523/523 522/522/522 
f 523/523/523 524/524/524 522/522/522 
f 522/522/522 524/524/524 525/525/525 
f 524/524/524 526/526/526 525/525/525 
f 525/525/525 526/526/526 527/527/527 
f 526/526/526 526/526/526 527/527/527 
f 527/527/527 526/526/526 528/528/528 
f 526/526/526 529/529/529 528/528/528 
f 528/528/528 529/529/529 530/530/530 
f 529/529/529 531/531/531 530/530/530 
f 530/530/530 531/531/531 530/530/530 
f 531/531/531 532/532/532 530/530/530 
f 530/530/530 532/532/532 533/533/533 
f 532/532/532 532/532/532 533/533/533 
f 533/533/533 532/532/532 534/534/534 
f 532/532/532 535/535/535 534/534/534 
f 534/534/534 535/535/535 536/536/536 
f 535/535/535 537/537/537 536/536/536 
f 536/536/536 537/537/537 538/538/538 
f 537/537/537 512/512/512 538/538/538 
f 538/538/538 512/512/512 511/511/511 
f 512/512/512 511/511/511 511/511/511 
f 511/511/511 511/511/511 516/516/516 
f 511/511/511 516/516/516 516/516/516 
f 516/516/516 516/516/516 539/539/539 
f 516/516/516 512/512/512 539/539/539 
f 539/539/539 512/512/512 537/537/537 
f 512/512/512 537/537/537 537/537/537 
f 537/537/537 537/537/537 540/540/540 
f 537/537/537 540/540/540 540/540/540 
f 540/540/540 540/540/540 541/541/541 
f 540/540/540 542/542/542 541/541/541 
f 541/541/541 542/542/542 543/543/543 
f 542/542/542 543/543/543 543/543/543 
f 543/543/543 543/543/543 541/541/541 
f 543/543/543 541/541/541 541/541/541 
f 541/541/541 541/541/541 540/540/540 
f 541/541/541 544/544/544 540/540/540 
f 540/540/540 544/544/544 540/540/540 
f 544/544/544 545/545/545 540/540/540 
f 540/540/540 545/545/545 540/540/540 
f 545/545/545 546/546/546 540/540/540 
f 540/540/540 546/546/546 542/542/542 
f 546/546/546 547/547/547 542/542/542 
f 542/542/542 547/547/547 548/548/548 
f 547/547/547 549/549/549 548/548/548 
f 548/548/548 549/549/549 550/550/550 
f 549/549/549 550/550/550 550/550/550 
f 550/550/550 550/550/550 549/549/549 
f 550/550/550 549/549/549 549/549/549 
f 549/549/549 549/549/549 551/551/551 
f 549/549/549 547/547/547 551/551/551 
f 551/551/551 547/547/547 546/546/546 
f 547/547/547 546/546/546 546/546/546 
f 546/546/546 546/546/546 548/548/548 
f 546/546/546 548/548/548 548/548/548 
f 548/548/548 548/548/548 542/542/542 
f 548/548/548 552/552/552 542/542/542 
f 542/542/542 552/552/552 543/543/543 
f 552/552/552 552/552/552 543/543/543 
f 543/543/543 552/552/552 553/553/553 
f 552/552/552 552/552/552 553/553/553 
f 553/553/553 552/552/552 554/554/554 
f 552/552/552 552/552/552 554/554/554 
f 554/554/554 552/552/552 555/555/555 
f 552/552/552 552/552/552 555/555/555 
f 555/555/555 552/552/552 556/556/556 
f 552/552/552 548/548/548 556/556/556 
f 556/556/556 548/548/548 556/556/556 
f 548/548/548 550/550/550 556/556/556 
f 556/556/556 550/550/550 557/557/557 
f 550/550/550 558/558/558 557/557/557 
f 557/557/557 558/558/558 559/559/559 
f 558/558/558 560/560/560 559/559/559 
f 559/559/559 560/560/560 561/561/561 
f 560/560/560 562/562/562 561/561/561 
f 561/561/561 562/562/562 563/563/563 
f 562/562/562 564/564/564 563/563/563 
f 563/563/563 564/564/564 565/565/565 
f 564/564/564 566/566/566 565/565/565 
f 565/565/565 566/566/566 567/567/567 
f 566/566/566 568/568/568 567/567/567 
f 567/567/567 568/568/568 567/567/567 
f 568/568/568 569/569/569 567/567/567 
f 567/567/567 569/569/569 570/570/570 
f 569/569/569 571/571/571 570/570/570 
f 570/570/570 571/571/571 572/572/572 
f 571/571/571 573/573/573 572/572/572 
f 572/572/572 573/573/573 546/546/546 
f 573/573/573 551/551/551 546/546/546 
f 546/546/546 551/551/551 551/551/551 
f 551/551/551 546/546/546 551/551/551 
f 551/551/551 546/546/546 546/546/546 
f 546/546/546 545/545/545 546/546/546 
f 546/546/546 545/545/545 572/572/572 
f 545/545/545 574/574/574 572/572/572 
f 572/572/572 574/574/574 570/570/570 
f 574/574/574 570/570/570 570/570/570 
f 570/570/570 570/570/570 574/574/574 
f 570/570/570 574/574/574 574/574/574 
f 574/574/574 574/574/574 575/575/575 
f 574/574/574 545/545/545 575/575/575 
f 575/575/575 545/545/545 575/575/575 
f 545/545/545 544/544/544 575/575/575 
f 575/575/575 544/544/544 575/575/575 
f 544/544/544 576/576/576 575/575/575 
f 575/575/575 576/576/576 575/575/575 
f 576/576/576 577/577/577 575/575/575 
f 575/575/575 577/577/577 575/575/575 
f 577/577/577 578/578/578 575/575/575 
f 575/575/575 578/578/578 575/575/575 
f 578/578/578 579/579/579 575/575/575 
f 575/575/575 579/579/579 575/575/575 
f 579/579/579 580/580/580 575/575/575 
f 575/575/575 580/580/580 574/574/574 
f 580/580/580 580/580/580 574/574/574 
f 574/574/574 580/580/580 570/570/570 
f 580/580/580 580/580/580 570/570/570 
f 570/570/570 580/580/580 567/567/567 
f 580/580/580 580/580/580 567/567/567 
f 567/567/567 580/580/580 565/565/565 
f 580/580/580 581/581/581 565/565/565 
f 565/565/565 581/581/581 563/563/563 
f 581/581/581 582/582/582 563/563/563 
f 563/563/563 582/582/582 561/561/561 
f 582/582/582 561/561/561 561/561/561 
f 561/561/561 561/561/561 582/582/582 
f 561/561/561 582/582/582 582/582/582 
f 582/582/582 582/582/582 583/583/583 
f 582/582/582 581/581/581 583/583/583 
f 583/583/583 581/581/581 583/583/583 
f 581/581/581 580/580/580 583/583/583 
f 583/583/583 580/580/580 583/583/583 
f 580/580/580 579/579/579 583/583/583 
f 583/583/583 579/579/579 583/583/583 
f 579/579/579 578/578/578 583/583/583 
f 583/583/583 578/578/578 583/583/583 
f 578/578/578 584/584/584 583/583/583 
f 583/583/583 584/584/584 583/583/583 
f 584/584/584 585/585/585 583/583/583 
f 583/583/583 585/585/585 583/583/583 
f 585/585/585 586/586/586 583/583/583 
f 583/583/583 586/586/586 582/582/582 
f 586/586/586 587/587/587 582/582/582 
f 582/582/582 587/587/587 561/561/561 
f 587/587/587 588/588/588 561/561/561 
f 561/561/561 588/588/588 559/559/559 
f 588/588/588 588/588/588 559/559/559 
f 559/559/559 588/588/588 557/557/557 
f 588/588/588 589/589/589 557/557/557 
f 557/557/557 589/589/589 556/556/556 
f 589/589/589 589/589/589 556/556/556 
f 556/556/556 589/589/589 555/555/555 
f 589/589/589 589/589/589 555/555/555 
f 555/555/555 589/589/589 554/554/554 
f 589/589/589 589/589/589 554/554/554 
f 554/554/554 589/589/589 590/590/590 
f 589/589/589 589/589/589 590/590/590 
f 590/590/590 589/589/589 591/591/591 
f 589/589/589 588/588/588 591/591/591 
f 591/591/591 588/588/588 592/592/592 
f 588/588/588 587/587/587 592/592/592 
f 592/592/592 587/587/587 586/586/586 
f 587/587/587 586/586/586 586/586/586 
f 586/586/586 586/586/586 593/593/593 
f 586/586/586 593/593/593 593/593/593 
f 593/593/593 593/593/593 594/594/594 
f 593/593/593 595/595/595 594/594/594 
f 594/594/594 595/595/595 596/596/596 
f 595/595/595 597/597/597 596/596/596 
f 596/596/596 597/597/597 598/598/598 
f 597/597/597 599/599/599 598/598/598 
f 598/598/598 599/599/599 600/600/600 
f 599/599/599 601/601/601 600/600/600 
f 600/600/600 601/601/601 602/602/602 
f 601/601/601 603/603/603 602/602/602 
f 602/602/602 603/603/603 604/604/604 
f 603/603/603 605/605/605 604/604/604 
f 604/604/604 605/605/605 606/606/606 
f 605/605/605 607/607/607 606/606/606 
f 606/606/606 607/607/607 606/606/606 
f 607/607/607 593/593/593 606/606/606 
f 606/606/606 593/593/593 608/608/608 
f 593/593/593 594/594/594 608/608/608 
f 608/608/608 594/594/594 609/609/609 
f 594/594/594 596/596/596 609/609/609 
f 609/609/609 596/596/596 609/609/609 
f 596/596/596 598/598/598 609/609/609 
f 609/609/609 598/598/598 609/609/609 
f 598/598/598 600/600/600 609/609/609 
f 609/609/609 600/600/600 609/609/609 
f 600/600/600 602/602/602 609/609/609 
f 609/609/609 602/602/602 609/609/609 
f 602/602/602 604/604/604 609/609/609 
f 609/609/609 604/604/604 609/609/609 
f 604/604/604 606/606/606 609/609/609 
f 609/609/609 606/606/606 608/608/608 
f 606/606/606 608/608/608 608/608/608 
f 608/608/608 608/608/608 610/610/610 
f 608/608/608 610/610/610 610/610/610 
f 610/610/610 610/610/610 611/611/611 
f 610/610/610 612/612/612 611/611/611 
f 611/611/611 612/612/612 613/613/613 
f 612/612/612 613/613/613 613/613/613 
f 613/613/613 613/613/613 610/610/610 
f 613/613/613 610/610/610 610/610/610 
f 610/610/610 610/610/610 614/614/614 
f 610/610/610 611/611/611 614/614/614 
f 614/614/614 611/611/611 614/614/614 
f 611/611/611 615/615/615 614/614/614 
f 614/614/614 615/615/615 616/616/616 
f 615/615/615 617/617/617 616/616/616 
f 616/616/616 617/617/617 616/616/616 
f 617/617/617 618/618/618 616/616/616 
f 616/616/616 618/618/618 619/619/619 
f 618/618/618 620/620/620 619/619/619 
f 619/619/619 620/620/620 621/621/621 
f 620/620/620 620/620/620 621/621/621 
f 621/621/621 620/620/620 622/622/622 
f 620/620/620 623/623/623 622/622/622 
f 622/622/622 623/623/623 624/624/624 
f 623/623/623 625/625/625 624/624/624 
f 624/624/624 625/625/625 624/624/624 
f 625/625/625 613/613/613 624/624/624 
f 624/624/624 613/613/613 612/612/612 
f 613/613/613 612/612/612 612/612/612 
f 612/612/612 612/612/612 626/626/626 
f 612/612/612 626/626/626 626/626/626 
f 626/626/626 626/626/626 627/627/627 
f 626/626/626 628/628/628 627/627/627 
f 627/627/627 628/628/628 629/629/629 
f 628/628/628 630/630/630 629/629/629 
f 629/629/629 630/630/630 631/631/631 
f 630/630/630 632/632/632 631/631/631 
f 631/631/631 632/632/632 632/632/632 
f 632/632/632 626/626/626 632/632/632 
f 632/632/632 626/626/626 626/626/626 
f 626/626/626 627/627/627 626/626/626 
f 626/626/626 627/627/627 633/633/633 
f 627/627/627 634/634/634 633/633/633 
f 633/633/633 634/634/634 635/635/635 
f 634/634/634 636/636/636 635/635/635 
f 635/635/635 636/636/636 637/637/637 
f 636/636/636 636/636/636 637/637/637 
f 637/637/637 636/636/636 638/638/638 
f 636/636/636 639/639/639 638/638/638 
f 638/638/638 639/639/639 640/640/640 
f 639/639/639 640/640/640 640/640/640 
f 640/640/640 640/640/640 636/636/636 
f 640/640/640 636/636/636 636/636/636 
f 636/636/636 636/636/636 639/639/639 
f 636/636/636 634/634/634 639/639/639 
f 639/639/639 634/634/634 641/641/641 
f 634/634/634 627/627/627 641/641/641 
f 641/641/641 627/627/627 642/642/642 
f 627/627/627 627/627/627 642/642/642 
f 642/642/642 627/627/627 643/643/643 
f 627/627/627 629/629/629 643/643/643 
f 643/643/643 629/629/629 644/644/644 
f 629/629/629 631/631/631 644/644/644 
f 644/644/644 631/631/631 645/645/645 
f 631/631/631 631/631/631 645/645/645 
f 645/645/645 631/631/631 646/646/646 
f 631/631/631 632/632/632 646/646/646 
f 646/646/646 632/632/632 646/646/646 
f 632/632/632 647/647/647 646/646/646 
f 646/646/646 647/647/647 648/648/648 
f 647/647/647 649/649/649 648/648/648 
f 648/648/648 649/649/649 648/648/648 
f 649/649/649 650/650/650 648/648/648 
f 648/648/648 650/650/650 648/648/648 
f 650/650/650 651/651/651 648/648/648 
f 648/648/648 651/651/651 646/646/646 
f 651/651/651 645/645/645 646/646/646 
f 646/646/646 645/645/645 645/645/645 
f 645/645/645 649/649/649 645/645/645 
f 645/645/645 649/649/649 649/649/649 
f 649/649/649 647/647/647 649/649/649 
f 649/649/649 647/647/647 652/652/652 
f 647/647/647 652/652/652 652/652/652 
f 652/652/652 652/652/652 653/653/653 
f 652/652/652 653/653/653 653/653/653 
f 653/653/653 653/653/653 654/654/654 
f 653/653/653 655/655/655 654/654/654 
f 654/654/654 655/655/655 654/654/654 
f 655/655/655 656/656/656 654/654/654 
f 654/654/654 656/656/656 657/657/657 
f 656/656/656 658/658/658 657/657/657 
f 657/657/657 658/658/658 659/659/659 
f 658/658/658 660/660/660 659/659/659 
f 659/659/659 660/660/660 661/661/661 
f 660/660/660 662/662/662 661/661/661 
f 661/661/661 662/662/662 663/663/663 
f 662/662/662 664/664/664 663/663/663 
f 663/663/663 664/664/664 665/665/665 
f 664/664/664 666/666/666 665/665/665 
f 665/665/665 666/666/666 667/667/667 
f 666/666/666 666/666/666 667/667/667 
f 667/667/667 666/666/666 653/653/653 
f 666/666/666 668/668/668 653/653/653 
f 653/653/653 668/668/668 655/655/655 
f 668/668/668 669/669/669 655/655/655 
f 655/655/655 669/669/669 656/656/656 
f 669/669/669 669/669/669 656/656/656 
f 656/656/656 669/669/669 658/658/658 
f 669/669/669 669/669/669 658/658/658 
f 658/658/658 669/669/669 660/660/660 
f 669/669/669 669/669/669 660/660/660 
f 660/660/660 669/669/669 662/662/662 
f 669/669/669 669/669/669 662/662/662 
f 662/662/662 669/669/669 664/664/664 
f 669/669/669 669/669/669 664/664/664 
f 664/664/664 669/669/669 666/666/666 
f 669/669/669 668/668/668 666/666/666 
f 666/666/666 668/668/668 668/668/668 
f 668/668/668 670/670/670 668/668/668 
f 668/668/668 670/670/670 670/670/670 
f 670/670/670 671/671/671 670/670/670 
f 670/670/670 671/671/671 672/672/672 
f 671/671/671 673/673/673 672/672/672 
f 672/672/672 673/673/673 674/674/674 
f 673/673/673 675/675/675 674/674/674 
f 674/674/674 675/675/675 676/676/676 
f 675/675/675 675/675/675 676/676/676 
f 676/676/676 675/675/675 677/677/677 
f 675/675/675 678/678/678 677/677/677 
f 677/677/677 678/678/678 679/679/679 
f 678/678/678 680/680/680 679/679/679 
f 679/679/679 680/680/680 679/679/679 
f 680/680/680 681/681/681 679/679/679 
f 679/679/679 681/681/681 682/682/682 
f 681/681/681 683/683/683 682/682/682 
f 682/682/682 683/683/683 684/684/684 
f 683/683/683 683/683/683 684/684/684 
f 684/684/684 683/683/683 685/685/685 
f 683/683/683 670/670/670 685/685/685 
f 685/685/685 670/670/670 672/672/672 
f 670/670/670 672/672/672 672/672/672 
f 672/672/672 672/672/672 686/686/686 
f 672/672/672 686/686/686 686/686/686 
f 686/686/686 686/686/686 687/687/687 
f 686/686/686 688/688/688 687/687/687 
f 687/687/687 688/688/688 687/687/687 
f 688/688/688 689/689/689 687/687/687 
f 687/687/687 689/689/689 687/687/687 
f 689/689/689 690/690/690 687/687/687 
f 687/687/687 690/690/690 691/691/691 
f 690/690/690 692/692/692 691/691/691 
f 691/691/691 692/692/692 693/693/693 
f 692/692/692 694/694/694 693/693/693 
f 693/693/693 694/694/694 695/695/695 
f 694/694/694 696/696/696 695/695/695 
f 695/695/695 696/696/696 696/696/696 
f 696/696/696 686/686/686 696/696/696 
f 696/696/696 686/686/686 686/686/686 
f 686/686/686 687/687/687 686/686/686 
f 686/686/686 687/687/687 697/697/697 
f 687/687/687 691/691/691 697/697/697 
f 697/697/697 691/691/691 698/698/698 
f 691/691/691 693/693/693 698/698/698 
f 698/698/698 693/693/693 699/699/699 
f 693/693/693 695/695/695 699/699/699 
f 699/699/699 695/695/695 700/700/700 
f 695/695/695 701/701/701 700/700/700 
f 700/700/700 701/701/701 702/702/702 
f 701/701/701 701/701/701 702/702/702 
f 702/702/702 701/701/701 703/703/703 
f 701/701/701 704/704/704 703/703/703 
f 703/703/703 704/704/704 705/705/705 
f 704/704/704 705/705/705 705/705/705 
f 705/705/705 705/705/705 695/695/695 
f 705/705/705 695/695/695 695/695/695 
f 695/695/695 695/695/695 701/701/701 
f 695/695/695 696/696/696 701/701/701 
f 701/701/701 696/696/696 704/704/704 
f 696/696/696 704/704/704 704/704/704 
f 704/704/704 704/704/704 690/690/690 
f 704/704/704 690/690/690 690/690/690 
f 690/690/690 690/690/690 706/706/706 
f 690/690/690 689/689/689 706/706/706 
f 706/706/706 689/689/689 707/707/707 
f 689/689/689 708/708/708 707/707/707 
f 707/707/707 708/708/708 709/709/709 
f 708/708/708 710/710/710 709/709/709 
f 709/709/709 710/710/710 710/710/710 
f 710/710/710 706/706/706 710/710/710 
f 710/710/710 706/706/706 706/706/706 
f 706/706/706 707/707/707 706/706/706 
f 706/706/706 707/707/707 711/711/711 
f 707/707/707 707/707/707 711/711/711 
f 711/711/711 707/707/707 712/712/712 
f 707/707/707 709/709/709 712/712/712 
f 712/712/712 709/709/709 709/709/709 
f 709/709/709 708/708/708 709/709/709 
f 709/709/709 708/708/708 708/708/708 
f 708/708/708 689/689/689 708/708/708 
f 708/708/708 689/689/689 688/688/688 

