mtllib model_3.mtl
o model_3
v 26.678770065307617 69.03987121582031 1.1835148334503174 
v 27.051713943481445 68.98043823242188 0.700025200843811 
v 26.945158004760742 69.35685729980469 0.700025200843811 
v 26.9717960357666 69.35685729980469 0.0003410589706618339 
v 27.051713943481445 68.98043823242188 0.0003410589706618339 
v 27.051713943481445 30.169118881225586 0.700025200843811 
v 27.051713943481445 30.169118881225586 0.0003410589706618339 
v 26.9717960357666 29.792694091796875 0.0003410589706618339 
v 26.945158004760742 29.792694091796875 0.700025200843811 
v 26.678770065307617 30.109683990478516 1.1835148334503174 
v 26.758686065673828 30.505918502807617 1.1835148334503174 
v 26.039438247680664 30.822908401489258 1.1913764476776123 
v 26.119354248046875 31.199331283569336 1.1913764476776123 
v 25.693134307861328 31.15970802307129 0.727540910243988 
v 25.77305030822754 31.555944442749023 0.727540910243988 
v 25.693134307861328 31.15970802307129 0.18980608880519867 
v 25.77305030822754 31.555944442749023 0.18980608880519867 
v 25.77305030822754 67.59361267089844 0.727540910243988 
v 25.77305030822754 67.59361267089844 0.18980608880519867 
v 25.693134307861328 67.9898452758789 0.18980608880519867 
v 25.693134307861328 67.9898452758789 0.727540910243988 
v 26.119354248046875 67.95022583007812 1.1913764476776123 
v 26.758686065673828 68.64363861083984 1.1835148334503174 
v 26.039438247680664 68.32664489746094 1.1913764476776123 
v 26.9717960357666 69.35685729980469 0.0003410589706618339 
v 26.758686065673828 69.57479095458984 0.0003410589706618339 
v 26.945158004760742 69.35685729980469 0.700025200843811 
v 26.705408096313477 69.57479095458984 0.700025200843811 
v 26.43902015686035 69.2776107788086 1.1835148334503174 
v 26.678770065307617 69.03987121582031 1.1835148334503174 
v 25.77305030822754 68.60401153564453 1.1913764476776123 
v 26.039438247680664 68.32664489746094 1.1913764476776123 
v 25.426746368408203 68.2672119140625 0.727540910243988 
v 25.693134307861328 67.9898452758789 0.727540910243988 
v 25.693134307861328 67.9898452758789 0.18980608880519867 
v 25.426746368408203 68.2672119140625 0.18980608880519867 
v 25.027164459228516 68.3464584350586 0.727540910243988 
v 25.027164459228516 68.3464584350586 0.18980608880519867 
v 26.35910415649414 69.65403747558594 0.0003410589706618339 
v 25.37346839904785 68.68325805664062 1.1913764476776123 
v 26.039438247680664 69.35685729980469 1.1835148334503174 
v -25.373445510864258 68.68325805664062 1.1913764476776123 
v -25.027141571044922 68.3464584350586 0.727540910243988 
v -25.027141571044922 68.3464584350586 0.18980608880519867 
v -25.42672348022461 68.2672119140625 0.18980608880519867 
v -25.42672348022461 68.2672119140625 0.727540910243988 
v -25.693111419677734 67.9898452758789 0.18980608880519867 
v -25.693111419677734 67.9898452758789 0.727540910243988 
v -26.03941535949707 68.32664489746094 1.1913764476776123 
v -25.773027420043945 68.60401153564453 1.1913764476776123 
v -26.678747177124023 69.03987121582031 1.1835148334503174 
v -26.03941535949707 69.35685729980469 1.1835148334503174 
v 26.35910415649414 69.65403747558594 0.700025200843811 
v -26.359081268310547 69.65403747558594 0.0003410589706618339 
v -26.359081268310547 69.65403747558594 0.700025200843811 
v -26.705385208129883 69.57479095458984 0.700025200843811 
v -26.438997268676758 69.2776107788086 1.1835148334503174 
v -26.94513511657715 69.35685729980469 0.700025200843811 
v -26.758663177490234 69.57479095458984 0.0003410589706618339 
v -26.971773147583008 69.35685729980469 0.0003410589706618339 
v -26.94513511657715 69.35685729980469 0.700025200843811 
v -27.05168914794922 68.98043823242188 0.700025200843811 
v -26.678747177124023 69.03987121582031 1.1835148334503174 
v -26.758663177490234 68.64363861083984 1.1835148334503174 
v -27.05168914794922 30.169118881225586 0.700025200843811 
v -27.05168914794922 68.98043823242188 0.0003410589706618339 
v -27.05168914794922 30.169118881225586 0.0003410589706618339 
v -26.971773147583008 29.792694091796875 0.0003410589706618339 
v -26.94513511657715 29.792694091796875 0.700025200843811 
v -26.678747177124023 30.109683990478516 1.1835148334503174 
v -26.758663177490234 30.505918502807617 1.1835148334503174 
v -26.03941535949707 30.822908401489258 1.1913764476776123 
v -26.11933135986328 31.199331283569336 1.1913764476776123 
v -25.693111419677734 31.15970802307129 0.727540910243988 
v -25.773027420043945 31.555944442749023 0.727540910243988 
v -25.693111419677734 31.15970802307129 0.18980608880519867 
v -25.773027420043945 31.555944442749023 0.18980608880519867 
v -25.773027420043945 67.59361267089844 0.18980608880519867 
v -25.773027420043945 67.59361267089844 0.727540910243988 
v -25.693111419677734 67.9898452758789 0.18980608880519867 
v -25.693111419677734 67.9898452758789 0.727540910243988 
v -26.11933135986328 67.95022583007812 1.1913764476776123 
v -26.971773147583008 69.35685729980469 0.0003410589706618339 
v -26.03941535949707 68.32664489746094 1.1913764476776123 
v 26.758686065673828 69.57479095458984 0.0003410589706618339 
v 26.9717960357666 69.35685729980469 0.0003410589706618339 
v 26.35910415649414 69.65403747558594 0.0003410589706618339 
v 27.051713943481445 68.98043823242188 0.0003410589706618339 
v -26.359081268310547 69.65403747558594 0.0003410589706618339 
v -27.05168914794922 68.98043823242188 0.0003410589706618339 
v -26.971773147583008 69.35685729980469 0.0003410589706618339 
v -26.758663177490234 69.57479095458984 0.0003410589706618339 
v 26.758686065673828 29.574764251708984 0.0003410589706618339 
v 26.9717960357666 29.792694091796875 0.0003410589706618339 
v 26.35910415649414 29.49551773071289 0.0003410589706618339 
v 27.051713943481445 30.169118881225586 0.0003410589706618339 
v -26.359081268310547 29.49551773071289 0.0003410589706618339 
v -27.05168914794922 30.169118881225586 0.0003410589706618339 
v -26.971773147583008 29.792694091796875 0.0003410589706618339 
v -26.758663177490234 29.574764251708984 0.0003410589706618339 
v -26.971773147583008 29.792694091796875 0.0003410589706618339 
v -26.758663177490234 29.574764251708984 0.0003410589706618339 
v -26.94513511657715 29.792694091796875 0.700025200843811 
v -26.705385208129883 29.574764251708984 0.700025200843811 
v -26.438997268676758 29.8719425201416 1.1835148334503174 
v -26.359081268310547 29.49551773071289 0.700025200843811 
v -26.359081268310547 29.49551773071289 0.0003410589706618339 
v 26.35910415649414 29.49551773071289 0.700025200843811 
v 26.35910415649414 29.49551773071289 0.0003410589706618339 
v 26.705408096313477 29.574764251708984 0.700025200843811 
v 26.758686065673828 29.574764251708984 0.0003410589706618339 
v -26.678747177124023 30.109683990478516 1.1835148334503174 
v -25.773027420043945 30.545543670654297 1.1913764476776123 
v -26.03941535949707 29.792694091796875 1.1835148334503174 
v -26.03941535949707 30.822908401489258 1.1913764476776123 
v -25.42672348022461 30.882343292236328 0.727540910243988 
v -25.693111419677734 31.15970802307129 0.727540910243988 
v -25.693111419677734 31.15970802307129 0.18980608880519867 
v -25.42672348022461 30.882343292236328 0.18980608880519867 
v -25.027141571044922 30.803096771240234 0.727540910243988 
v -25.027141571044922 30.803096771240234 0.18980608880519867 
v 25.027164459228516 30.803096771240234 0.18980608880519867 
v 25.027164459228516 30.803096771240234 0.727540910243988 
v 25.426746368408203 30.882343292236328 0.18980608880519867 
v -25.373445510864258 30.46629524230957 1.1913764476776123 
v 26.039438247680664 29.792694091796875 1.1835148334503174 
v 25.37346839904785 30.46629524230957 1.1913764476776123 
v 25.426746368408203 30.882343292236328 0.727540910243988 
v 25.693134307861328 31.15970802307129 0.18980608880519867 
v 25.693134307861328 31.15970802307129 0.727540910243988 
v 26.039438247680664 30.822908401489258 1.1913764476776123 
v 25.77305030822754 30.545543670654297 1.1913764476776123 
v 26.43902015686035 29.8719425201416 1.1835148334503174 
v 26.945158004760742 29.792694091796875 0.700025200843811 
v 26.9717960357666 29.792694091796875 0.0003410589706618339 
v 26.678770065307617 30.109683990478516 1.1835148334503174 
v 25.693134307861328 67.9898452758789 0.18980608880519867 
v 25.426746368408203 68.2672119140625 0.18980608880519867 
v 25.77305030822754 67.59361267089844 0.18980608880519867 
v 25.027164459228516 68.3464584350586 0.18980608880519867 
v -25.773027420043945 67.59361267089844 0.18980608880519867 
v -25.027141571044922 68.3464584350586 0.18980608880519867 
v -25.42672348022461 68.2672119140625 0.18980608880519867 
v -25.693111419677734 67.9898452758789 0.18980608880519867 
v -25.773027420043945 31.555944442749023 0.18980608880519867 
v 25.027164459228516 30.803096771240234 0.18980608880519867 
v -25.027141571044922 30.803096771240234 0.18980608880519867 
v -25.42672348022461 30.882343292236328 0.18980608880519867 
v -25.693111419677734 31.15970802307129 0.18980608880519867 
v 25.77305030822754 31.555944442749023 0.18980608880519867 
v 25.426746368408203 30.882343292236328 0.18980608880519867 
v 25.693134307861328 31.15970802307129 0.18980608880519867 
v 25.559940338134766 60.0255012512207 -0.16711145639419556 
v 25.559940338134766 60.95665740966797 0.41228994727134705 
v 25.559940338134766 60.0255012512207 0.41228994727134705 
v 25.613218307495117 60.95665740966797 0.7424779534339905 
v 25.613218307495117 60.0255012512207 0.7424779534339905 
v 25.719772338867188 60.95665740966797 1.0199931859970093 
v 25.719772338867188 60.0255012512207 1.0199931859970093 
v 25.9062442779541 60.95665740966797 1.2637033462524414 
v 25.9062442779541 60.0255012512207 1.2637033462524414 
v 26.145994186401367 60.95665740966797 1.3997093439102173 
v 26.145994186401367 60.0255012512207 1.3997093439102173 
v 26.412382125854492 60.95665740966797 1.4421621561050415 
v 26.412382125854492 60.0255012512207 1.4421621561050415 
v 26.678770065307617 60.0255012512207 1.3997093439102173 
v 26.678770065307617 60.95665740966797 1.3997093439102173 
v 26.918519973754883 60.0255012512207 1.2637033462524414 
v 26.918519973754883 60.95665740966797 1.2637033462524414 
v 27.104990005493164 60.0255012512207 1.0199931859970093 
v 27.104990005493164 60.95665740966797 1.0199931859970093 
v 27.211545944213867 60.0255012512207 0.7424779534339905 
v 27.211545944213867 60.95665740966797 0.7424779534339905 
v 27.26482391357422 60.0255012512207 0.41228994727134705 
v 27.26482391357422 60.95665740966797 0.41228994727134705 
v 27.26482391357422 60.0255012512207 -0.16711145639419556 
v 27.26482391357422 60.95665740966797 -0.16711145639419556 
v 25.559940338134766 60.0255012512207 -0.16711145639419556 
v 25.559940338134766 60.95665740966797 -0.16711145639419556 
v 25.559940338134766 60.95665740966797 -0.16711145639419556 
v 25.9062442779541 60.0255012512207 1.2637033462524414 
v 26.19927215576172 60.0255012512207 1.2464078664779663 
v 26.145994186401367 60.0255012512207 1.3997093439102173 
v 26.412382125854492 60.0255012512207 1.4421621561050415 
v 26.412382125854492 60.0255012512207 1.2747095823287964 
v 26.625492095947266 60.0255012512207 1.2464078664779663 
v 26.678770065307617 60.0255012512207 1.3997093439102173 
v 26.918519973754883 60.0255012512207 1.2637033462524414 
v 26.81196403503418 60.0255012512207 1.1355589628219604 
v 27.104990005493164 60.0255012512207 1.0199931859970093 
v 26.9717960357666 60.0255012512207 0.9201505780220032 
v 27.211545944213867 60.0255012512207 0.7424779534339905 
v 27.051713943481445 60.0255012512207 0.6638617515563965 
v 27.26482391357422 60.0255012512207 0.41228994727134705 
v 27.104990005493164 60.0255012512207 0.35332781076431274 
v 27.104990005493164 60.0255012512207 -0.0067343986593186855 
v 27.26482391357422 60.0255012512207 -0.16711145639419556 
v 25.719772338867188 60.0255012512207 -0.0067343986593186855 
v 25.559940338134766 60.0255012512207 -0.16711145639419556 
v 25.559940338134766 60.0255012512207 0.41228994727134705 
v 25.719772338867188 60.0255012512207 0.35332781076431274 
v 25.74641227722168 60.0255012512207 0.6638617515563965 
v 25.613218307495117 60.0255012512207 0.7424779534339905 
v 25.85296630859375 60.0255012512207 0.9201505780220032 
v 25.719772338867188 60.0255012512207 1.0199931859970093 
v 25.986160278320312 60.0255012512207 1.1355589628219604 
v 25.719772338867188 60.95665740966797 0.35332781076431274 
v 25.559940338134766 60.95665740966797 0.41228994727134705 
v 25.74641227722168 60.95665740966797 0.6638617515563965 
v 25.613218307495117 60.95665740966797 0.7424779534339905 
v 25.85296630859375 60.95665740966797 0.9201505780220032 
v 25.719772338867188 60.95665740966797 1.0199931859970093 
v 25.986160278320312 60.95665740966797 1.1355589628219604 
v 25.9062442779541 60.95665740966797 1.2637033462524414 
v 25.719772338867188 60.95665740966797 -0.0067343986593186855 
v 25.559940338134766 60.95665740966797 -0.16711145639419556 
v 27.26482391357422 60.95665740966797 -0.16711145639419556 
v 27.104990005493164 60.95665740966797 -0.0067343986593186855 
v 27.26482391357422 60.95665740966797 0.41228994727134705 
v 27.104990005493164 60.95665740966797 0.35332781076431274 
v 27.051713943481445 60.95665740966797 0.6638617515563965 
v 27.211545944213867 60.95665740966797 0.7424779534339905 
v 26.9717960357666 60.95665740966797 0.9201505780220032 
v 27.104990005493164 60.95665740966797 1.0199931859970093 
v 26.81196403503418 60.95665740966797 1.1355589628219604 
v 26.918519973754883 60.95665740966797 1.2637033462524414 
v 26.625492095947266 60.95665740966797 1.2464078664779663 
v 26.678770065307617 60.95665740966797 1.3997093439102173 
v 26.412382125854492 60.95665740966797 1.4421621561050415 
v 26.412382125854492 60.95665740966797 1.2747095823287964 
v 26.19927215576172 60.95665740966797 1.2464078664779663 
v 26.145994186401367 60.95665740966797 1.3997093439102173 
v 26.412382125854492 60.0255012512207 1.2747095823287964 
v 26.19927215576172 60.0255012512207 1.2464078664779663 
v 26.412382125854492 60.95665740966797 1.2747095823287964 
v 26.19927215576172 60.95665740966797 1.2464078664779663 
v 25.986160278320312 60.0255012512207 1.1355589628219604 
v 25.986160278320312 60.95665740966797 1.1355589628219604 
v 25.85296630859375 60.0255012512207 0.9201505780220032 
v 25.85296630859375 60.95665740966797 0.9201505780220032 
v 25.74641227722168 60.0255012512207 0.6638617515563965 
v 26.625492095947266 60.0255012512207 1.2464078664779663 
v 26.625492095947266 60.95665740966797 1.2464078664779663 
v 26.81196403503418 60.0255012512207 1.1355589628219604 
v 26.81196403503418 60.95665740966797 1.1355589628219604 
v 26.9717960357666 60.0255012512207 0.9201505780220032 
v 26.9717960357666 60.95665740966797 0.9201505780220032 
v 27.051713943481445 60.0255012512207 0.6638617515563965 
v 27.051713943481445 60.95665740966797 0.6638617515563965 
v 27.104990005493164 60.0255012512207 0.35332781076431274 
v 27.104990005493164 60.95665740966797 0.35332781076431274 
v 27.104990005493164 60.95665740966797 -0.0067343986593186855 
v 27.104990005493164 60.0255012512207 -0.0067343986593186855 
v 25.719772338867188 60.95665740966797 -0.0067343986593186855 
v 25.719772338867188 60.0255012512207 -0.0067343986593186855 
v 25.74641227722168 60.95665740966797 0.6638617515563965 
v 25.719772338867188 60.0255012512207 0.35332781076431274 
v 25.719772338867188 60.95665740966797 0.35332781076431274 
v 25.719772338867188 60.95665740966797 -0.0067343986593186855 
v 25.719772338867188 60.0255012512207 -0.0067343986593186855 
v -25.559917449951172 60.0255012512207 -0.16711145639419556 
v -25.559917449951172 60.95665740966797 0.41228994727134705 
v -25.559917449951172 60.0255012512207 0.41228994727134705 
v -25.61319351196289 60.95665740966797 0.7424779534339905 
v -25.61319351196289 60.0255012512207 0.7424779534339905 
v -25.719749450683594 60.95665740966797 1.0199931859970093 
v -25.719749450683594 60.0255012512207 1.0199931859970093 
v -25.906221389770508 60.95665740966797 1.2637033462524414 
v -25.906221389770508 60.0255012512207 1.2637033462524414 
v -26.145971298217773 60.95665740966797 1.3997093439102173 
v -26.145971298217773 60.0255012512207 1.3997093439102173 
v -26.4123592376709 60.95665740966797 1.4421621561050415 
v -26.4123592376709 60.0255012512207 1.4421621561050415 
v -26.678747177124023 60.0255012512207 1.3997093439102173 
v -26.678747177124023 60.95665740966797 1.3997093439102173 
v -26.918495178222656 60.0255012512207 1.2637033462524414 
v -26.918495178222656 60.95665740966797 1.2637033462524414 
v -27.10496711730957 60.0255012512207 1.0199931859970093 
v -27.10496711730957 60.95665740966797 1.0199931859970093 
v -27.211523056030273 60.0255012512207 0.7424779534339905 
v -27.211523056030273 60.95665740966797 0.7424779534339905 
v -27.264799118041992 60.0255012512207 0.41228994727134705 
v -27.264799118041992 60.95665740966797 0.41228994727134705 
v -27.264799118041992 60.0255012512207 -0.16711145639419556 
v -27.264799118041992 60.95665740966797 -0.16711145639419556 
v -25.559917449951172 60.0255012512207 -0.16711145639419556 
v -25.559917449951172 60.95665740966797 -0.16711145639419556 
v -25.559917449951172 60.95665740966797 -0.16711145639419556 
v -26.145971298217773 60.0255012512207 1.3997093439102173 
v -25.906221389770508 60.0255012512207 1.2637033462524414 
v -26.199247360229492 60.0255012512207 1.2464078664779663 
v -25.98613739013672 60.0255012512207 1.1355589628219604 
v -25.719749450683594 60.0255012512207 1.0199931859970093 
v -25.852943420410156 60.0255012512207 0.9201505780220032 
v -25.61319351196289 60.0255012512207 0.7424779534339905 
v -25.746387481689453 60.0255012512207 0.6638617515563965 
v -25.559917449951172 60.0255012512207 0.41228994727134705 
v -25.719749450683594 60.0255012512207 0.35332781076431274 
v -25.719749450683594 60.0255012512207 -0.0067343986593186855 
v -25.559917449951172 60.0255012512207 -0.16711145639419556 
v -27.264799118041992 60.0255012512207 -0.16711145639419556 
v -27.10496711730957 60.0255012512207 -0.0067343986593186855 
v -27.264799118041992 60.0255012512207 0.41228994727134705 
v -27.10496711730957 60.0255012512207 0.35332781076431274 
v -27.05168914794922 60.0255012512207 0.6638617515563965 
v -27.211523056030273 60.0255012512207 0.7424779534339905 
v -26.971773147583008 60.0255012512207 0.9201505780220032 
v -27.10496711730957 60.0255012512207 1.0199931859970093 
v -26.811941146850586 60.0255012512207 1.1355589628219604 
v -26.918495178222656 60.0255012512207 1.2637033462524414 
v -26.625469207763672 60.0255012512207 1.2464078664779663 
v -26.678747177124023 60.0255012512207 1.3997093439102173 
v -26.4123592376709 60.0255012512207 1.4421621561050415 
v -26.4123592376709 60.0255012512207 1.2747095823287964 
v -25.719749450683594 60.95665740966797 0.35332781076431274 
v -25.559917449951172 60.95665740966797 0.41228994727134705 
v -25.746387481689453 60.95665740966797 0.6638617515563965 
v -25.61319351196289 60.95665740966797 0.7424779534339905 
v -25.852943420410156 60.95665740966797 0.9201505780220032 
v -25.719749450683594 60.95665740966797 1.0199931859970093 
v -25.98613739013672 60.95665740966797 1.1355589628219604 
v -25.906221389770508 60.95665740966797 1.2637033462524414 
v -25.719749450683594 60.95665740966797 -0.0067343986593186855 
v -25.559917449951172 60.95665740966797 -0.16711145639419556 
v -27.264799118041992 60.95665740966797 -0.16711145639419556 
v -27.10496711730957 60.95665740966797 -0.0067343986593186855 
v -27.264799118041992 60.95665740966797 0.41228994727134705 
v -27.10496711730957 60.95665740966797 0.35332781076431274 
v -27.05168914794922 60.95665740966797 0.6638617515563965 
v -27.211523056030273 60.95665740966797 0.7424779534339905 
v -26.971773147583008 60.95665740966797 0.9201505780220032 
v -27.10496711730957 60.95665740966797 1.0199931859970093 
v -26.811941146850586 60.95665740966797 1.1355589628219604 
v -26.918495178222656 60.95665740966797 1.2637033462524414 
v -26.625469207763672 60.95665740966797 1.2464078664779663 
v -26.678747177124023 60.95665740966797 1.3997093439102173 
v -26.4123592376709 60.95665740966797 1.4421621561050415 
v -26.4123592376709 60.95665740966797 1.2747095823287964 
v -26.199247360229492 60.95665740966797 1.2464078664779663 
v -26.145971298217773 60.95665740966797 1.3997093439102173 
v -25.719749450683594 60.0255012512207 -0.0067343986593186855 
v -25.719749450683594 60.95665740966797 -0.0067343986593186855 
v -25.719749450683594 60.0255012512207 0.35332781076431274 
v -25.719749450683594 60.95665740966797 0.35332781076431274 
v -25.746387481689453 60.95665740966797 0.6638617515563965 
v -25.746387481689453 60.0255012512207 0.6638617515563965 
v -25.852943420410156 60.95665740966797 0.9201505780220032 
v -25.852943420410156 60.0255012512207 0.9201505780220032 
v -25.98613739013672 60.95665740966797 1.1355589628219604 
v -25.98613739013672 60.0255012512207 1.1355589628219604 
v -26.199247360229492 60.95665740966797 1.2464078664779663 
v -26.199247360229492 60.0255012512207 1.2464078664779663 
v -26.4123592376709 60.95665740966797 1.2747095823287964 
v -26.4123592376709 60.0255012512207 1.2747095823287964 
v -26.625469207763672 60.95665740966797 1.2464078664779663 
v -26.625469207763672 60.0255012512207 1.2464078664779663 
v -26.811941146850586 60.95665740966797 1.1355589628219604 
v -26.811941146850586 60.0255012512207 1.1355589628219604 
v -26.971773147583008 60.0255012512207 0.9201505780220032 
v -26.971773147583008 60.95665740966797 0.9201505780220032 
v -27.05168914794922 60.0255012512207 0.6638617515563965 
v -27.05168914794922 60.95665740966797 0.6638617515563965 
v -27.10496711730957 60.0255012512207 0.35332781076431274 
v -27.10496711730957 60.95665740966797 0.35332781076431274 
v -27.10496711730957 60.95665740966797 -0.0067343986593186855 
v -27.10496711730957 60.0255012512207 -0.0067343986593186855 
v -25.719749450683594 60.95665740966797 -0.0067343986593186855 
v -25.719749450683594 60.0255012512207 -0.0067343986593186855 
v 26.145994186401367 39.124053955078125 1.3997093439102173 
v 25.9062442779541 39.124053955078125 1.2637033462524414 
v 26.145994186401367 38.19289779663086 1.3997093439102173 
v 25.9062442779541 38.19289779663086 1.2637033462524414 
v 25.719772338867188 39.124053955078125 1.0199931859970093 
v 25.719772338867188 38.19289779663086 1.0199931859970093 
v 25.613218307495117 39.124053955078125 0.7424779534339905 
v 25.613218307495117 38.19289779663086 0.7424779534339905 
v 25.559940338134766 39.124053955078125 0.41228994727134705 
v 25.559940338134766 38.19289779663086 0.41228994727134705 
v 25.559940338134766 39.124053955078125 -0.16711145639419556 
v 25.559940338134766 38.19289779663086 -0.16711145639419556 
v 26.412382125854492 38.19289779663086 1.4421621561050415 
v 26.412382125854492 39.124053955078125 1.4421621561050415 
v 26.678770065307617 39.124053955078125 1.3997093439102173 
v 26.678770065307617 38.19289779663086 1.3997093439102173 
v 26.918519973754883 39.124053955078125 1.2637033462524414 
v 26.918519973754883 38.19289779663086 1.2637033462524414 
v 27.104990005493164 39.124053955078125 1.0199931859970093 
v 27.104990005493164 38.19289779663086 1.0199931859970093 
v 27.211545944213867 39.124053955078125 0.7424779534339905 
v 27.211545944213867 38.19289779663086 0.7424779534339905 
v 27.26482391357422 39.124053955078125 0.41228994727134705 
v 27.26482391357422 38.19289779663086 0.41228994727134705 
v 27.26482391357422 39.124053955078125 -0.16711145639419556 
v 27.26482391357422 38.19289779663086 -0.16711145639419556 
v 25.559940338134766 39.124053955078125 -0.16711145639419556 
v 25.559940338134766 38.19289779663086 -0.16711145639419556 
v 25.9062442779541 39.124053955078125 1.2637033462524414 
v 26.145994186401367 39.124053955078125 1.3997093439102173 
v 26.19927215576172 39.124053955078125 1.2464078664779663 
v 26.412382125854492 39.124053955078125 1.4421621561050415 
v 26.412382125854492 39.124053955078125 1.2747095823287964 
v 26.625492095947266 39.124053955078125 1.2464078664779663 
v 26.678770065307617 39.124053955078125 1.3997093439102173 
v 26.918519973754883 39.124053955078125 1.2637033462524414 
v 26.81196403503418 39.124053955078125 1.1355589628219604 
v 27.104990005493164 39.124053955078125 1.0199931859970093 
v 26.9717960357666 39.124053955078125 0.9201505780220032 
v 27.211545944213867 39.124053955078125 0.7424779534339905 
v 27.051713943481445 39.124053955078125 0.6638617515563965 
v 27.26482391357422 39.124053955078125 0.41228994727134705 
v 27.104990005493164 39.124053955078125 0.35332781076431274 
v 27.104990005493164 39.124053955078125 -0.0067343986593186855 
v 27.26482391357422 39.124053955078125 -0.16711145639419556 
v 25.719772338867188 39.124053955078125 -0.0067343986593186855 
v 25.559940338134766 39.124053955078125 -0.16711145639419556 
v 25.559940338134766 39.124053955078125 0.41228994727134705 
v 25.719772338867188 39.124053955078125 0.35332781076431274 
v 25.74641227722168 39.124053955078125 0.6638617515563965 
v 25.613218307495117 39.124053955078125 0.7424779534339905 
v 25.85296630859375 39.124053955078125 0.9201505780220032 
v 25.719772338867188 39.124053955078125 1.0199931859970093 
v 25.986160278320312 39.124053955078125 1.1355589628219604 
v 26.145994186401367 38.19289779663086 1.3997093439102173 
v 26.19927215576172 38.19289779663086 1.2464078664779663 
v 25.9062442779541 38.19289779663086 1.2637033462524414 
v 25.986160278320312 38.19289779663086 1.1355589628219604 
v 25.719772338867188 38.19289779663086 1.0199931859970093 
v 25.85296630859375 38.19289779663086 0.9201505780220032 
v 25.613218307495117 38.19289779663086 0.7424779534339905 
v 26.412382125854492 38.19289779663086 1.4421621561050415 
v 26.412382125854492 38.19289779663086 1.2747095823287964 
v 26.625492095947266 38.19289779663086 1.2464078664779663 
v 26.678770065307617 38.19289779663086 1.3997093439102173 
v 26.918519973754883 38.19289779663086 1.2637033462524414 
v 26.81196403503418 38.19289779663086 1.1355589628219604 
v 27.104990005493164 38.19289779663086 1.0199931859970093 
v 26.9717960357666 38.19289779663086 0.9201505780220032 
v 27.211545944213867 38.19289779663086 0.7424779534339905 
v 27.051713943481445 38.19289779663086 0.6638617515563965 
v 27.26482391357422 38.19289779663086 0.41228994727134705 
v 27.104990005493164 38.19289779663086 0.35332781076431274 
v 27.104990005493164 38.19289779663086 -0.0067343986593186855 
v 27.26482391357422 38.19289779663086 -0.16711145639419556 
v 25.719772338867188 38.19289779663086 -0.0067343986593186855 
v 25.559940338134766 38.19289779663086 -0.16711145639419556 
v 25.559940338134766 38.19289779663086 0.41228994727134705 
v 25.719772338867188 38.19289779663086 0.35332781076431274 
v 25.74641227722168 38.19289779663086 0.6638617515563965 
v 26.412382125854492 39.124053955078125 1.2747095823287964 
v 26.412382125854492 38.19289779663086 1.2747095823287964 
v 26.19927215576172 39.124053955078125 1.2464078664779663 
v 26.19927215576172 38.19289779663086 1.2464078664779663 
v 25.986160278320312 39.124053955078125 1.1355589628219604 
v 25.986160278320312 38.19289779663086 1.1355589628219604 
v 25.85296630859375 39.124053955078125 0.9201505780220032 
v 26.625492095947266 39.124053955078125 1.2464078664779663 
v 26.625492095947266 38.19289779663086 1.2464078664779663 
v 26.81196403503418 39.124053955078125 1.1355589628219604 
v 26.81196403503418 38.19289779663086 1.1355589628219604 
v 26.9717960357666 39.124053955078125 0.9201505780220032 
v 26.9717960357666 38.19289779663086 0.9201505780220032 
v 27.051713943481445 39.124053955078125 0.6638617515563965 
v 27.051713943481445 38.19289779663086 0.6638617515563965 
v 27.104990005493164 39.124053955078125 0.35332781076431274 
v 27.104990005493164 38.19289779663086 0.35332781076431274 
v 27.104990005493164 39.124053955078125 -0.0067343986593186855 
v 27.104990005493164 38.19289779663086 -0.0067343986593186855 
v 25.719772338867188 38.19289779663086 -0.0067343986593186855 
v 25.719772338867188 39.124053955078125 -0.0067343986593186855 
v 25.85296630859375 38.19289779663086 0.9201505780220032 
v 25.74641227722168 39.124053955078125 0.6638617515563965 
v 25.74641227722168 38.19289779663086 0.6638617515563965 
v 25.719772338867188 39.124053955078125 0.35332781076431274 
v 25.719772338867188 38.19289779663086 0.35332781076431274 
v 25.719772338867188 39.124053955078125 -0.0067343986593186855 
v 25.719772338867188 38.19289779663086 -0.0067343986593186855 
v -26.145971298217773 39.124053955078125 1.3997093439102173 
v -26.145971298217773 38.19289779663086 1.3997093439102173 
v -25.906221389770508 39.124053955078125 1.2637033462524414 
v -25.906221389770508 38.19289779663086 1.2637033462524414 
v -25.719749450683594 39.124053955078125 1.0199931859970093 
v -25.719749450683594 38.19289779663086 1.0199931859970093 
v -25.61319351196289 39.124053955078125 0.7424779534339905 
v -25.61319351196289 38.19289779663086 0.7424779534339905 
v -25.559917449951172 39.124053955078125 0.41228994727134705 
v -25.559917449951172 38.19289779663086 0.41228994727134705 
v -25.559917449951172 39.124053955078125 -0.16711145639419556 
v -25.559917449951172 38.19289779663086 -0.16711145639419556 
v -26.4123592376709 38.19289779663086 1.4421621561050415 
v -26.4123592376709 39.124053955078125 1.4421621561050415 
v -26.678747177124023 39.124053955078125 1.3997093439102173 
v -26.678747177124023 38.19289779663086 1.3997093439102173 
v -26.918495178222656 39.124053955078125 1.2637033462524414 
v -26.918495178222656 38.19289779663086 1.2637033462524414 
v -27.10496711730957 39.124053955078125 1.0199931859970093 
v -27.10496711730957 38.19289779663086 1.0199931859970093 
v -27.211523056030273 39.124053955078125 0.7424779534339905 
v -27.211523056030273 38.19289779663086 0.7424779534339905 
v -27.264799118041992 39.124053955078125 0.41228994727134705 
v -27.264799118041992 38.19289779663086 0.41228994727134705 
v -27.264799118041992 39.124053955078125 -0.16711145639419556 
v -27.264799118041992 38.19289779663086 -0.16711145639419556 
v -25.559917449951172 39.124053955078125 -0.16711145639419556 
v -25.559917449951172 38.19289779663086 -0.16711145639419556 
v -26.145971298217773 39.124053955078125 1.3997093439102173 
v -26.199247360229492 39.124053955078125 1.2464078664779663 
v -25.906221389770508 39.124053955078125 1.2637033462524414 
v -25.98613739013672 39.124053955078125 1.1355589628219604 
v -25.719749450683594 39.124053955078125 1.0199931859970093 
v -25.852943420410156 39.124053955078125 0.9201505780220032 
v -25.61319351196289 39.124053955078125 0.7424779534339905 
v -25.746387481689453 39.124053955078125 0.6638617515563965 
v -25.559917449951172 39.124053955078125 0.41228994727134705 
v -25.719749450683594 39.124053955078125 0.35332781076431274 
v -25.719749450683594 39.124053955078125 -0.0067343986593186855 
v -25.559917449951172 39.124053955078125 -0.16711145639419556 
v -27.264799118041992 39.124053955078125 -0.16711145639419556 
v -27.10496711730957 39.124053955078125 -0.0067343986593186855 
v -27.264799118041992 39.124053955078125 0.41228994727134705 
v -27.10496711730957 39.124053955078125 0.35332781076431274 
v -27.05168914794922 39.124053955078125 0.6638617515563965 
v -27.211523056030273 39.124053955078125 0.7424779534339905 
v -26.971773147583008 39.124053955078125 0.9201505780220032 
v -27.10496711730957 39.124053955078125 1.0199931859970093 
v -26.811941146850586 39.124053955078125 1.1355589628219604 
v -26.918495178222656 39.124053955078125 1.2637033462524414 
v -26.625469207763672 39.124053955078125 1.2464078664779663 
v -26.678747177124023 39.124053955078125 1.3997093439102173 
v -26.4123592376709 39.124053955078125 1.4421621561050415 
v -26.4123592376709 39.124053955078125 1.2747095823287964 
v -25.719749450683594 38.19289779663086 0.35332781076431274 
v -25.559917449951172 38.19289779663086 0.41228994727134705 
v -25.746387481689453 38.19289779663086 0.6638617515563965 
v -25.61319351196289 38.19289779663086 0.7424779534339905 
v -25.852943420410156 38.19289779663086 0.9201505780220032 
v -25.719749450683594 38.19289779663086 1.0199931859970093 
v -25.98613739013672 38.19289779663086 1.1355589628219604 
v -25.906221389770508 38.19289779663086 1.2637033462524414 
v -25.719749450683594 38.19289779663086 -0.0067343986593186855 
v -25.559917449951172 38.19289779663086 -0.16711145639419556 
v -27.264799118041992 38.19289779663086 -0.16711145639419556 
v -27.10496711730957 38.19289779663086 -0.0067343986593186855 
v -27.264799118041992 38.19289779663086 0.41228994727134705 
v -27.10496711730957 38.19289779663086 0.35332781076431274 
v -27.05168914794922 38.19289779663086 0.6638617515563965 
v -27.211523056030273 38.19289779663086 0.7424779534339905 
v -26.971773147583008 38.19289779663086 0.9201505780220032 
v -27.10496711730957 38.19289779663086 1.0199931859970093 
v -26.811941146850586 38.19289779663086 1.1355589628219604 
v -26.918495178222656 38.19289779663086 1.2637033462524414 
v -26.625469207763672 38.19289779663086 1.2464078664779663 
v -26.678747177124023 38.19289779663086 1.3997093439102173 
v -26.4123592376709 38.19289779663086 1.4421621561050415 
v -26.4123592376709 38.19289779663086 1.2747095823287964 
v -26.199247360229492 38.19289779663086 1.2464078664779663 
v -26.145971298217773 38.19289779663086 1.3997093439102173 
v -25.98613739013672 39.124053955078125 1.1355589628219604 
v -25.852943420410156 39.124053955078125 0.9201505780220032 
v -25.98613739013672 38.19289779663086 1.1355589628219604 
v -25.852943420410156 38.19289779663086 0.9201505780220032 
v -26.199247360229492 38.19289779663086 1.2464078664779663 
v -26.199247360229492 39.124053955078125 1.2464078664779663 
v -26.4123592376709 38.19289779663086 1.2747095823287964 
v -26.4123592376709 39.124053955078125 1.2747095823287964 
v -26.625469207763672 38.19289779663086 1.2464078664779663 
v -26.625469207763672 39.124053955078125 1.2464078664779663 
v -26.811941146850586 38.19289779663086 1.1355589628219604 
v -26.811941146850586 39.124053955078125 1.1355589628219604 
v -26.971773147583008 39.124053955078125 0.9201505780220032 
v -26.971773147583008 38.19289779663086 0.9201505780220032 
v -27.05168914794922 39.124053955078125 0.6638617515563965 
v -27.05168914794922 38.19289779663086 0.6638617515563965 
v -27.10496711730957 39.124053955078125 0.35332781076431274 
v -27.10496711730957 38.19289779663086 0.35332781076431274 
v -27.10496711730957 39.124053955078125 -0.0067343986593186855 
v -27.10496711730957 38.19289779663086 -0.0067343986593186855 
v -25.719749450683594 38.19289779663086 -0.0067343986593186855 
v -25.719749450683594 39.124053955078125 -0.0067343986593186855 
v -25.746387481689453 39.124053955078125 0.6638617515563965 
v -25.746387481689453 38.19289779663086 0.6638617515563965 
v -25.719749450683594 39.124053955078125 0.35332781076431274 
v -25.719749450683594 38.19289779663086 0.35332781076431274 
v -25.719749450683594 39.124053955078125 -0.0067343986593186855 
v -25.719749450683594 38.19289779663086 -0.0067343986593186855 
v -11.840934753417969 68.72288513183594 1.3997093439102173 
v -11.840934753417969 68.48513793945312 1.2637033462524414 
v -12.773292541503906 68.72288513183594 1.3997093439102173 
v -12.773292541503906 68.48513793945312 1.2637033462524414 
v -11.840934753417969 68.28702545166016 1.0199931859970093 
v -12.773292541503906 68.28702545166016 1.0199931859970093 
v -11.840934753417969 68.1879653930664 0.7424779534339905 
v -12.773292541503906 68.1879653930664 0.7424779534339905 
v -11.840934753417969 68.1483383178711 0.41228994727134705 
v -12.773292541503906 68.1483383178711 0.41228994727134705 
v -11.840934753417969 68.1483383178711 -0.16711145639419556 
v -12.773292541503906 68.1483383178711 -0.16711145639419556 
v -12.773292541503906 69.000244140625 1.4421621561050415 
v -11.840934753417969 69.000244140625 1.4421621561050415 
v -11.840934753417969 69.2776107788086 1.3997093439102173 
v -12.773292541503906 69.2776107788086 1.3997093439102173 
v -11.840934753417969 69.5153579711914 1.2637033462524414 
v -12.773292541503906 69.5153579711914 1.2637033462524414 
v -11.840934753417969 69.69365692138672 1.0199931859970093 
v -12.773292541503906 69.69365692138672 1.0199931859970093 
v -11.840934753417969 69.79271697998047 0.7424779534339905 
v -12.773292541503906 69.79271697998047 0.7424779534339905 
v -11.840934753417969 69.85215759277344 0.41228994727134705 
v -12.773292541503906 69.85215759277344 0.41228994727134705 
v -11.840934753417969 69.85215759277344 -0.16711145639419556 
v -12.773292541503906 69.85215759277344 -0.16711145639419556 
v -11.840934753417969 68.1483383178711 -0.16711145639419556 
v -12.773292541503906 68.1483383178711 -0.16711145639419556 
v -11.840934753417969 68.48513793945312 1.2637033462524414 
v -11.840934753417969 68.72288513183594 1.3997093439102173 
v -11.840934753417969 68.78231811523438 1.2464078664779663 
v -11.840934753417969 69.000244140625 1.4421621561050415 
v -11.840934753417969 69.000244140625 1.2747095823287964 
v -11.840934753417969 69.21817779541016 1.2464078664779663 
v -11.840934753417969 69.2776107788086 1.3997093439102173 
v -11.840934753417969 69.5153579711914 1.2637033462524414 
v -11.840934753417969 69.41629791259766 1.1355589628219604 
v -11.840934753417969 69.69365692138672 1.0199931859970093 
v -11.840934753417969 69.55497741699219 0.9201505780220032 
v -11.840934753417969 69.79271697998047 0.7424779534339905 
v -11.840934753417969 69.65403747558594 0.6638617515563965 
v -11.840934753417969 69.85215759277344 0.41228994727134705 
v -11.840934753417969 69.69365692138672 0.35332781076431274 
v -11.840934753417969 69.69365692138672 -0.0067343986593186855 
v -11.840934753417969 69.85215759277344 -0.16711145639419556 
v -11.840934753417969 68.30683135986328 -0.0067343986593186855 
v -11.840934753417969 68.1483383178711 -0.16711145639419556 
v -11.840934753417969 68.1483383178711 0.41228994727134705 
v -11.840934753417969 68.30683135986328 0.35332781076431274 
v -11.840934753417969 68.3464584350586 0.6638617515563965 
v -11.840934753417969 68.1879653930664 0.7424779534339905 
v -11.840934753417969 68.42570495605469 0.9201505780220032 
v -11.840934753417969 68.28702545166016 1.0199931859970093 
v -11.840934753417969 68.58419799804688 1.1355589628219604 
v -12.773292541503906 68.30683135986328 0.35332781076431274 
v -12.773292541503906 68.1483383178711 0.41228994727134705 
v -12.773292541503906 68.3464584350586 0.6638617515563965 
v -12.773292541503906 68.1879653930664 0.7424779534339905 
v -12.773292541503906 68.42570495605469 0.9201505780220032 
v -12.773292541503906 68.28702545166016 1.0199931859970093 
v -12.773292541503906 68.58419799804688 1.1355589628219604 
v -12.773292541503906 68.48513793945312 1.2637033462524414 
v -12.773292541503906 68.30683135986328 -0.0067343986593186855 
v -12.773292541503906 68.1483383178711 -0.16711145639419556 
v -12.773292541503906 69.85215759277344 -0.16711145639419556 
v -12.773292541503906 69.69365692138672 -0.0067343986593186855 
v -12.773292541503906 69.85215759277344 0.41228994727134705 
v -12.773292541503906 69.69365692138672 0.35332781076431274 
v -12.773292541503906 69.65403747558594 0.6638617515563965 
v -12.773292541503906 69.79271697998047 0.7424779534339905 
v -12.773292541503906 69.55497741699219 0.9201505780220032 
v -12.773292541503906 69.69365692138672 1.0199931859970093 
v -12.773292541503906 69.41629791259766 1.1355589628219604 
v -12.773292541503906 69.5153579711914 1.2637033462524414 
v -12.773292541503906 69.21817779541016 1.2464078664779663 
v -12.773292541503906 69.2776107788086 1.3997093439102173 
v -12.773292541503906 69.000244140625 1.4421621561050415 
v -12.773292541503906 69.000244140625 1.2747095823287964 
v -12.773292541503906 68.78231811523438 1.2464078664779663 
v -12.773292541503906 68.72288513183594 1.3997093439102173 
v -12.773292541503906 68.30683135986328 -0.0067343986593186855 
v -12.773292541503906 68.30683135986328 0.35332781076431274 
v -11.840934753417969 68.30683135986328 -0.0067343986593186855 
v -11.840934753417969 68.30683135986328 0.35332781076431274 
v -12.773292541503906 68.3464584350586 0.6638617515563965 
v -11.840934753417969 68.3464584350586 0.6638617515563965 
v -12.773292541503906 68.42570495605469 0.9201505780220032 
v -11.840934753417969 68.42570495605469 0.9201505780220032 
v -12.773292541503906 68.58419799804688 1.1355589628219604 
v -11.840934753417969 68.58419799804688 1.1355589628219604 
v -12.773292541503906 68.78231811523438 1.2464078664779663 
v -11.840934753417969 68.78231811523438 1.2464078664779663 
v -12.773292541503906 69.000244140625 1.2747095823287964 
v -11.840934753417969 69.000244140625 1.2747095823287964 
v -12.773292541503906 69.21817779541016 1.2464078664779663 
v -11.840934753417969 69.21817779541016 1.2464078664779663 
v -12.773292541503906 69.41629791259766 1.1355589628219604 
v -11.840934753417969 69.41629791259766 1.1355589628219604 
v -11.840934753417969 69.55497741699219 0.9201505780220032 
v -12.773292541503906 69.55497741699219 0.9201505780220032 
v -11.840934753417969 69.65403747558594 0.6638617515563965 
v -12.773292541503906 69.65403747558594 0.6638617515563965 
v -11.840934753417969 69.69365692138672 0.35332781076431274 
v -12.773292541503906 69.69365692138672 0.35332781076431274 
v -11.840934753417969 69.69365692138672 -0.0067343986593186855 
v -12.773292541503906 69.69365692138672 -0.0067343986593186855 
v -12.773292541503906 68.30683135986328 -0.0067343986593186855 
v -11.840934753417969 68.30683135986328 -0.0067343986593186855 
v -11.840934753417969 31.0012149810791 -0.16711145639419556 
v -11.840934753417969 31.0012149810791 0.41228994727134705 
v -12.773292541503906 31.0012149810791 0.41228994727134705 
v -12.773292541503906 30.961589813232422 0.7424779534339905 
v -11.840934753417969 30.961589813232422 0.7424779534339905 
v -12.773292541503906 30.862531661987305 1.0199931859970093 
v -11.840934753417969 30.862531661987305 1.0199931859970093 
v -12.773292541503906 30.664413452148438 1.2637033462524414 
v -11.840934753417969 30.664413452148438 1.2637033462524414 
v -12.773292541503906 30.426671981811523 1.3997093439102173 
v -11.840934753417969 30.426671981811523 1.3997093439102173 
v -12.773292541503906 30.149307250976562 1.4421621561050415 
v -11.840934753417969 30.149307250976562 1.4421621561050415 
v -11.840934753417969 29.8719425201416 1.3997093439102173 
v -12.773292541503906 29.8719425201416 1.3997093439102173 
v -11.840934753417969 29.634199142456055 1.2637033462524414 
v -12.773292541503906 29.634199142456055 1.2637033462524414 
v -11.840934753417969 29.455894470214844 1.0199931859970093 
v -12.773292541503906 29.455894470214844 1.0199931859970093 
v -11.840934753417969 29.356834411621094 0.7424779534339905 
v -12.773292541503906 29.356834411621094 0.7424779534339905 
v -11.840934753417969 29.297399520874023 0.41228994727134705 
v -12.773292541503906 29.297399520874023 0.41228994727134705 
v -11.840934753417969 29.297399520874023 -0.16711145639419556 
v -12.773292541503906 29.297399520874023 -0.16711145639419556 
v -11.840934753417969 31.0012149810791 -0.16711145639419556 
v -12.773292541503906 31.0012149810791 -0.16711145639419556 
v -12.773292541503906 31.0012149810791 -0.16711145639419556 
v -11.840934753417969 30.426671981811523 1.3997093439102173 
v -11.840934753417969 30.664413452148438 1.2637033462524414 
v -11.840934753417969 30.367237091064453 1.2464078664779663 
v -11.840934753417969 30.56535530090332 1.1355589628219604 
v -11.840934753417969 30.862531661987305 1.0199931859970093 
v -11.840934753417969 30.723848342895508 0.9201505780220032 
v -11.840934753417969 30.961589813232422 0.7424779534339905 
v -11.840934753417969 30.803096771240234 0.6638617515563965 
v -11.840934753417969 31.0012149810791 0.41228994727134705 
v -11.840934753417969 30.84272003173828 0.35332781076431274 
v -11.840934753417969 30.84272003173828 -0.0067343986593186855 
v -11.840934753417969 31.0012149810791 -0.16711145639419556 
v -11.840934753417969 29.297399520874023 -0.16711145639419556 
v -11.840934753417969 29.455894470214844 -0.0067343986593186855 
v -11.840934753417969 29.297399520874023 0.41228994727134705 
v -11.840934753417969 29.455894470214844 0.35332781076431274 
v -11.840934753417969 29.49551773071289 0.6638617515563965 
v -11.840934753417969 29.356834411621094 0.7424779534339905 
v -11.840934753417969 29.594575881958008 0.9201505780220032 
v -11.840934753417969 29.455894470214844 1.0199931859970093 
v -11.840934753417969 29.733259201049805 1.1355589628219604 
v -11.840934753417969 29.634199142456055 1.2637033462524414 
v -11.840934753417969 29.931377410888672 1.2464078664779663 
v -11.840934753417969 29.8719425201416 1.3997093439102173 
v -11.840934753417969 30.149307250976562 1.4421621561050415 
v -11.840934753417969 30.149307250976562 1.2747095823287964 
v -12.773292541503906 30.84272003173828 0.35332781076431274 
v -12.773292541503906 31.0012149810791 0.41228994727134705 
v -12.773292541503906 30.803096771240234 0.6638617515563965 
v -12.773292541503906 30.961589813232422 0.7424779534339905 
v -12.773292541503906 30.723848342895508 0.9201505780220032 
v -12.773292541503906 30.862531661987305 1.0199931859970093 
v -12.773292541503906 30.56535530090332 1.1355589628219604 
v -12.773292541503906 30.664413452148438 1.2637033462524414 
v -12.773292541503906 30.84272003173828 -0.0067343986593186855 
v -12.773292541503906 31.0012149810791 -0.16711145639419556 
v -12.773292541503906 29.297399520874023 -0.16711145639419556 
v -12.773292541503906 29.455894470214844 -0.0067343986593186855 
v -12.773292541503906 29.297399520874023 0.41228994727134705 
v -12.773292541503906 29.455894470214844 0.35332781076431274 
v -12.773292541503906 29.49551773071289 0.6638617515563965 
v -12.773292541503906 29.356834411621094 0.7424779534339905 
v -12.773292541503906 29.594575881958008 0.9201505780220032 
v -12.773292541503906 29.455894470214844 1.0199931859970093 
v -12.773292541503906 29.733259201049805 1.1355589628219604 
v -12.773292541503906 29.634199142456055 1.2637033462524414 
v -12.773292541503906 29.931377410888672 1.2464078664779663 
v -12.773292541503906 29.8719425201416 1.3997093439102173 
v -12.773292541503906 30.149307250976562 1.4421621561050415 
v -12.773292541503906 30.149307250976562 1.2747095823287964 
v -12.773292541503906 30.367237091064453 1.2464078664779663 
v -12.773292541503906 30.426671981811523 1.3997093439102173 
v -11.840934753417969 30.56535530090332 1.1355589628219604 
v -11.840934753417969 30.723848342895508 0.9201505780220032 
v -12.773292541503906 30.56535530090332 1.1355589628219604 
v -12.773292541503906 30.723848342895508 0.9201505780220032 
v -12.773292541503906 30.367237091064453 1.2464078664779663 
v -11.840934753417969 30.367237091064453 1.2464078664779663 
v -12.773292541503906 30.149307250976562 1.2747095823287964 
v -11.840934753417969 30.149307250976562 1.2747095823287964 
v -12.773292541503906 29.931377410888672 1.2464078664779663 
v -11.840934753417969 29.931377410888672 1.2464078664779663 
v -12.773292541503906 29.733259201049805 1.1355589628219604 
v -11.840934753417969 29.733259201049805 1.1355589628219604 
v -11.840934753417969 29.594575881958008 0.9201505780220032 
v -12.773292541503906 29.594575881958008 0.9201505780220032 
v -11.840934753417969 29.49551773071289 0.6638617515563965 
v -12.773292541503906 29.49551773071289 0.6638617515563965 
v -11.840934753417969 29.455894470214844 0.35332781076431274 
v -12.773292541503906 29.455894470214844 0.35332781076431274 
v -11.840934753417969 29.455894470214844 -0.0067343986593186855 
v -12.773292541503906 29.455894470214844 -0.0067343986593186855 
v -12.773292541503906 30.84272003173828 -0.0067343986593186855 
v -11.840934753417969 30.84272003173828 -0.0067343986593186855 
v -11.840934753417969 30.803096771240234 0.6638617515563965 
v -12.773292541503906 30.803096771240234 0.6638617515563965 
v -11.840934753417969 30.84272003173828 0.35332781076431274 
v -12.773292541503906 30.84272003173828 0.35332781076431274 
v -11.840934753417969 30.84272003173828 -0.0067343986593186855 
v -12.773292541503906 30.84272003173828 -0.0067343986593186855 
v 11.840958595275879 68.72288513183594 1.3997093439102173 
v 11.840958595275879 68.48513793945312 1.2637033462524414 
v 12.773316383361816 68.72288513183594 1.3997093439102173 
v 12.773316383361816 68.48513793945312 1.2637033462524414 
v 11.840958595275879 68.28702545166016 1.0199931859970093 
v 12.773316383361816 68.28702545166016 1.0199931859970093 
v 11.840958595275879 68.1879653930664 0.7424779534339905 
v 12.773316383361816 68.1879653930664 0.7424779534339905 
v 11.840958595275879 68.1483383178711 0.41228994727134705 
v 12.773316383361816 68.1483383178711 0.41228994727134705 
v 11.840958595275879 68.1483383178711 -0.16711145639419556 
v 12.773316383361816 68.1483383178711 -0.16711145639419556 
v 12.773316383361816 69.000244140625 1.4421621561050415 
v 11.840958595275879 69.000244140625 1.4421621561050415 
v 11.840958595275879 69.2776107788086 1.3997093439102173 
v 12.773316383361816 69.2776107788086 1.3997093439102173 
v 11.840958595275879 69.5153579711914 1.2637033462524414 
v 12.773316383361816 69.5153579711914 1.2637033462524414 
v 11.840958595275879 69.69365692138672 1.0199931859970093 
v 12.773316383361816 69.69365692138672 1.0199931859970093 
v 11.840958595275879 69.79271697998047 0.7424779534339905 
v 12.773316383361816 69.79271697998047 0.7424779534339905 
v 11.840958595275879 69.85215759277344 0.41228994727134705 
v 12.773316383361816 69.85215759277344 0.41228994727134705 
v 11.840958595275879 69.85215759277344 -0.16711145639419556 
v 12.773316383361816 69.85215759277344 -0.16711145639419556 
v 11.840958595275879 68.1483383178711 -0.16711145639419556 
v 12.773316383361816 68.1483383178711 -0.16711145639419556 
v 11.840958595275879 68.72288513183594 1.3997093439102173 
v 11.840958595275879 68.78231811523438 1.2464078664779663 
v 11.840958595275879 68.48513793945312 1.2637033462524414 
v 11.840958595275879 68.58419799804688 1.1355589628219604 
v 11.840958595275879 68.28702545166016 1.0199931859970093 
v 11.840958595275879 68.42570495605469 0.9201505780220032 
v 11.840958595275879 68.1879653930664 0.7424779534339905 
v 11.840958595275879 68.3464584350586 0.6638617515563965 
v 11.840958595275879 68.1483383178711 0.41228994727134705 
v 11.840958595275879 68.30683135986328 0.35332781076431274 
v 11.840958595275879 68.30683135986328 -0.0067343986593186855 
v 11.840958595275879 68.1483383178711 -0.16711145639419556 
v 11.840958595275879 69.85215759277344 -0.16711145639419556 
v 11.840958595275879 69.69365692138672 -0.0067343986593186855 
v 11.840958595275879 69.85215759277344 0.41228994727134705 
v 11.840958595275879 69.69365692138672 0.35332781076431274 
v 11.840958595275879 69.65403747558594 0.6638617515563965 
v 11.840958595275879 69.79271697998047 0.7424779534339905 
v 11.840958595275879 69.55497741699219 0.9201505780220032 
v 11.840958595275879 69.69365692138672 1.0199931859970093 
v 11.840958595275879 69.41629791259766 1.1355589628219604 
v 11.840958595275879 69.5153579711914 1.2637033462524414 
v 11.840958595275879 69.21817779541016 1.2464078664779663 
v 11.840958595275879 69.2776107788086 1.3997093439102173 
v 11.840958595275879 69.000244140625 1.4421621561050415 
v 11.840958595275879 69.000244140625 1.2747095823287964 
v 12.773316383361816 68.30683135986328 0.35332781076431274 
v 12.773316383361816 68.1483383178711 0.41228994727134705 
v 12.773316383361816 68.3464584350586 0.6638617515563965 
v 12.773316383361816 68.1879653930664 0.7424779534339905 
v 12.773316383361816 68.42570495605469 0.9201505780220032 
v 12.773316383361816 68.28702545166016 1.0199931859970093 
v 12.773316383361816 68.58419799804688 1.1355589628219604 
v 12.773316383361816 68.48513793945312 1.2637033462524414 
v 12.773316383361816 68.30683135986328 -0.0067343986593186855 
v 12.773316383361816 68.1483383178711 -0.16711145639419556 
v 12.773316383361816 69.85215759277344 -0.16711145639419556 
v 12.773316383361816 69.69365692138672 -0.0067343986593186855 
v 12.773316383361816 69.85215759277344 0.41228994727134705 
v 12.773316383361816 69.69365692138672 0.35332781076431274 
v 12.773316383361816 69.65403747558594 0.6638617515563965 
v 12.773316383361816 69.79271697998047 0.7424779534339905 
v 12.773316383361816 69.55497741699219 0.9201505780220032 
v 12.773316383361816 69.69365692138672 1.0199931859970093 
v 12.773316383361816 69.41629791259766 1.1355589628219604 
v 12.773316383361816 69.5153579711914 1.2637033462524414 
v 12.773316383361816 69.21817779541016 1.2464078664779663 
v 12.773316383361816 69.2776107788086 1.3997093439102173 
v 12.773316383361816 69.000244140625 1.4421621561050415 
v 12.773316383361816 69.000244140625 1.2747095823287964 
v 12.773316383361816 68.78231811523438 1.2464078664779663 
v 12.773316383361816 68.72288513183594 1.3997093439102173 
v 11.840958595275879 68.42570495605469 0.9201505780220032 
v 12.773316383361816 68.58419799804688 1.1355589628219604 
v 11.840958595275879 68.58419799804688 1.1355589628219604 
v 12.773316383361816 68.78231811523438 1.2464078664779663 
v 11.840958595275879 68.78231811523438 1.2464078664779663 
v 12.773316383361816 69.000244140625 1.2747095823287964 
v 11.840958595275879 69.000244140625 1.2747095823287964 
v 12.773316383361816 69.21817779541016 1.2464078664779663 
v 11.840958595275879 69.21817779541016 1.2464078664779663 
v 12.773316383361816 69.41629791259766 1.1355589628219604 
v 11.840958595275879 69.41629791259766 1.1355589628219604 
v 11.840958595275879 69.55497741699219 0.9201505780220032 
v 12.773316383361816 69.55497741699219 0.9201505780220032 
v 11.840958595275879 69.65403747558594 0.6638617515563965 
v 12.773316383361816 69.65403747558594 0.6638617515563965 
v 11.840958595275879 69.69365692138672 0.35332781076431274 
v 12.773316383361816 69.69365692138672 0.35332781076431274 
v 11.840958595275879 69.69365692138672 -0.0067343986593186855 
v 12.773316383361816 69.69365692138672 -0.0067343986593186855 
v 12.773316383361816 68.30683135986328 -0.0067343986593186855 
v 11.840958595275879 68.30683135986328 -0.0067343986593186855 
v 12.773316383361816 68.42570495605469 0.9201505780220032 
v 11.840958595275879 68.3464584350586 0.6638617515563965 
v 12.773316383361816 68.3464584350586 0.6638617515563965 
v 11.840958595275879 68.30683135986328 0.35332781076431274 
v 12.773316383361816 68.30683135986328 0.35332781076431274 
v 11.840958595275879 68.30683135986328 -0.0067343986593186855 
v 12.773316383361816 68.30683135986328 -0.0067343986593186855 
v 11.840958595275879 30.426671981811523 1.3997093439102173 
v 12.773316383361816 30.426671981811523 1.3997093439102173 
v 11.840958595275879 30.664413452148438 1.2637033462524414 
v 12.773316383361816 30.664413452148438 1.2637033462524414 
v 11.840958595275879 30.862531661987305 1.0199931859970093 
v 12.773316383361816 30.862531661987305 1.0199931859970093 
v 11.840958595275879 30.961589813232422 0.7424779534339905 
v 12.773316383361816 30.961589813232422 0.7424779534339905 
v 11.840958595275879 31.0012149810791 0.41228994727134705 
v 12.773316383361816 31.0012149810791 0.41228994727134705 
v 11.840958595275879 31.0012149810791 -0.16711145639419556 
v 12.773316383361816 31.0012149810791 -0.16711145639419556 
v 12.773316383361816 30.149307250976562 1.4421621561050415 
v 11.840958595275879 30.149307250976562 1.4421621561050415 
v 11.840958595275879 29.8719425201416 1.3997093439102173 
v 12.773316383361816 29.8719425201416 1.3997093439102173 
v 11.840958595275879 29.634199142456055 1.2637033462524414 
v 12.773316383361816 29.634199142456055 1.2637033462524414 
v 11.840958595275879 29.455894470214844 1.0199931859970093 
v 12.773316383361816 29.455894470214844 1.0199931859970093 
v 11.840958595275879 29.356834411621094 0.7424779534339905 
v 12.773316383361816 29.356834411621094 0.7424779534339905 
v 11.840958595275879 29.297399520874023 0.41228994727134705 
v 12.773316383361816 29.297399520874023 0.41228994727134705 
v 11.840958595275879 29.297399520874023 -0.16711145639419556 
v 12.773316383361816 29.297399520874023 -0.16711145639419556 
v 11.840958595275879 31.0012149810791 -0.16711145639419556 
v 12.773316383361816 31.0012149810791 -0.16711145639419556 
v 11.840958595275879 30.426671981811523 1.3997093439102173 
v 11.840958595275879 30.367237091064453 1.2464078664779663 
v 11.840958595275879 30.664413452148438 1.2637033462524414 
v 11.840958595275879 30.56535530090332 1.1355589628219604 
v 11.840958595275879 30.862531661987305 1.0199931859970093 
v 11.840958595275879 30.723848342895508 0.9201505780220032 
v 11.840958595275879 30.961589813232422 0.7424779534339905 
v 11.840958595275879 30.803096771240234 0.6638617515563965 
v 11.840958595275879 31.0012149810791 0.41228994727134705 
v 11.840958595275879 30.84272003173828 0.35332781076431274 
v 11.840958595275879 30.84272003173828 -0.0067343986593186855 
v 11.840958595275879 31.0012149810791 -0.16711145639419556 
v 11.840958595275879 29.297399520874023 -0.16711145639419556 
v 11.840958595275879 29.455894470214844 -0.0067343986593186855 
v 11.840958595275879 29.297399520874023 0.41228994727134705 
v 11.840958595275879 29.455894470214844 0.35332781076431274 
v 11.840958595275879 29.49551773071289 0.6638617515563965 
v 11.840958595275879 29.356834411621094 0.7424779534339905 
v 11.840958595275879 29.594575881958008 0.9201505780220032 
v 11.840958595275879 29.455894470214844 1.0199931859970093 
v 11.840958595275879 29.733259201049805 1.1355589628219604 
v 11.840958595275879 29.634199142456055 1.2637033462524414 
v 11.840958595275879 29.931377410888672 1.2464078664779663 
v 11.840958595275879 29.8719425201416 1.3997093439102173 
v 11.840958595275879 30.149307250976562 1.4421621561050415 
v 11.840958595275879 30.149307250976562 1.2747095823287964 
v 12.773316383361816 30.426671981811523 1.3997093439102173 
v 12.773316383361816 30.367237091064453 1.2464078664779663 
v 12.773316383361816 30.664413452148438 1.2637033462524414 
v 12.773316383361816 30.56535530090332 1.1355589628219604 
v 12.773316383361816 30.862531661987305 1.0199931859970093 
v 12.773316383361816 30.723848342895508 0.9201505780220032 
v 12.773316383361816 30.961589813232422 0.7424779534339905 
v 12.773316383361816 30.149307250976562 1.4421621561050415 
v 12.773316383361816 30.149307250976562 1.2747095823287964 
v 12.773316383361816 29.931377410888672 1.2464078664779663 
v 12.773316383361816 29.8719425201416 1.3997093439102173 
v 12.773316383361816 29.634199142456055 1.2637033462524414 
v 12.773316383361816 29.733259201049805 1.1355589628219604 
v 12.773316383361816 29.455894470214844 1.0199931859970093 
v 12.773316383361816 29.594575881958008 0.9201505780220032 
v 12.773316383361816 29.356834411621094 0.7424779534339905 
v 12.773316383361816 29.49551773071289 0.6638617515563965 
v 12.773316383361816 29.297399520874023 0.41228994727134705 
v 12.773316383361816 29.455894470214844 0.35332781076431274 
v 12.773316383361816 29.455894470214844 -0.0067343986593186855 
v 12.773316383361816 29.297399520874023 -0.16711145639419556 
v 12.773316383361816 30.84272003173828 -0.0067343986593186855 
v 12.773316383361816 31.0012149810791 -0.16711145639419556 
v 12.773316383361816 31.0012149810791 0.41228994727134705 
v 12.773316383361816 30.84272003173828 0.35332781076431274 
v 12.773316383361816 30.803096771240234 0.6638617515563965 
v 11.840958595275879 30.84272003173828 -0.0067343986593186855 
v 11.840958595275879 30.84272003173828 0.35332781076431274 
v 12.773316383361816 30.84272003173828 0.35332781076431274 
v 12.773316383361816 30.803096771240234 0.6638617515563965 
v 11.840958595275879 30.803096771240234 0.6638617515563965 
v 12.773316383361816 30.723848342895508 0.9201505780220032 
v 11.840958595275879 30.723848342895508 0.9201505780220032 
v 12.773316383361816 30.56535530090332 1.1355589628219604 
v 11.840958595275879 30.56535530090332 1.1355589628219604 
v 12.773316383361816 30.367237091064453 1.2464078664779663 
v 11.840958595275879 30.367237091064453 1.2464078664779663 
v 12.773316383361816 30.149307250976562 1.2747095823287964 
v 11.840958595275879 30.149307250976562 1.2747095823287964 
v 12.773316383361816 29.931377410888672 1.2464078664779663 
v 11.840958595275879 29.931377410888672 1.2464078664779663 
v 12.773316383361816 29.733259201049805 1.1355589628219604 
v 11.840958595275879 29.733259201049805 1.1355589628219604 
v 11.840958595275879 29.594575881958008 0.9201505780220032 
v 12.773316383361816 29.594575881958008 0.9201505780220032 
v 11.840958595275879 29.49551773071289 0.6638617515563965 
v 12.773316383361816 29.49551773071289 0.6638617515563965 
v 11.840958595275879 29.455894470214844 0.35332781076431274 
v 12.773316383361816 29.455894470214844 0.35332781076431274 
v 11.840958595275879 29.455894470214844 -0.0067343986593186855 
v 12.773316383361816 29.455894470214844 -0.0067343986593186855 
v 11.840958595275879 30.84272003173828 -0.0067343986593186855 
v 12.773316383361816 30.84272003173828 -0.0067343986593186855 
v 12.773316383361816 30.84272003173828 -0.0067343986593186855 
vn 0.44526171684265137 0.21460255980491638 0.8693030476570129 
vn 0.9454966187477112 0.1328723281621933 0.29728949069976807 
vn 0.8005993962287903 0.4949462115764618 0.3377407491207123 
vn 0.8833633661270142 0.46814218163490295 0.022628597915172577 
vn 0.995171308517456 0.0981530249118805 2.1794387689063437e-17 
vn 0.9454966187477112 -0.1328723281621933 0.29728949069976807 
vn 0.995171308517456 -0.0981530249118805 -2.1794387689063437e-17 
vn 0.8833625912666321 -0.46814218163490295 0.022659379988908768 
vn 0.8004128336906433 -0.4949462115764618 0.3381827473640442 
vn 0.44526171684265137 -0.21460255980491638 0.8693030476570129 
vn 0.504082977771759 -0.03276457265019417 0.8630335330963135 
vn -0.2648181915283203 0.15449213981628418 0.9518421292304993 
vn -0.39827463030815125 0.05022686347365379 0.9158900380134583 
vn -0.8142605423927307 0.41324591636657715 0.40768563747406006 
vn -0.9394585490226746 0.08074574917554855 0.33301323652267456 
vn -0.8815992474555969 0.4719987213611603 1.8243989218652557e-13 
vn -0.995171308517456 0.0981530249118805 2.058462178922832e-13 
vn -0.940578281879425 -0.08074574917554855 0.32983720302581787 
vn -0.995171308517456 -0.0981530249118805 2.0580263296494927e-13 
vn -0.8815911412239075 -0.4719987213611603 -0.003778468118980527 
vn -0.8142605423927307 -0.41324591636657715 0.40768563747406006 
vn -0.39827463030815125 -0.05022686347365379 0.9158900380134583 
vn 0.504082977771759 0.03276457265019417 0.8630335330963135 
vn -0.2648181915283203 -0.15449213981628418 0.9518421292304993 
vn 0.8833633661270142 0.46814218163490295 0.022628597915172577 
vn 0.4839654862880707 0.87427818775177 0.03761677443981171 
vn 0.8005993962287903 0.4949462115764618 0.3377407491207123 
vn 0.4599200487136841 0.8211658596992493 0.33787602186203003 
vn 0.218497171998024 0.43697428703308105 0.8725321888923645 
vn 0.44526171684265137 0.21460255980491638 0.8693030476570129 
vn -0.1541765332221985 -0.26549527049064636 0.951704740524292 
vn -0.2648181915283203 -0.15449213981628418 0.9518421292304993 
vn -0.4104458689689636 -0.8136147856712341 0.4117828905582428 
vn -0.8142605423927307 -0.41324591636657715 0.40768563747406006 
vn -0.8815911412239075 -0.4719987213611603 -0.003778468118980527 
vn -0.470056414604187 -0.882628321647644 -0.0037768734619021416 
vn -0.07697726786136627 -0.9364978075027466 0.3421204090118408 
vn -0.1002550795674324 -0.994954526424408 -0.0037965194787830114 
vn 0.10800229012966156 0.9940398335456848 0.014844573102891445 
vn -0.049088966101408005 -0.3892335295677185 0.9198301434516907 
vn 0.035837572067976 0.48733407258987427 0.8724799156188965 
vn 0.049088966101408005 -0.3892335295677185 0.9198301434516907 
vn 0.0806661918759346 -0.9364978075027466 0.34126943349838257 
vn 0.10032693296670914 -0.994954526424408 -2.2092468178497331e-16 
vn 0.47007158398628235 -0.882628321647644 -1.959832010830294e-16 
vn 0.413115531206131 -0.8136147856712341 0.40910452604293823 
vn 0.8815992474555969 -0.4719987213611603 -1.0480495489821598e-16 
vn 0.8142605423927307 -0.41324591636657715 0.40768563747406006 
vn 0.2648181915283203 -0.15449213981628418 0.9518421292304993 
vn 0.1541765332221985 -0.26549527049064636 0.951704740524292 
vn -0.44189924001693726 0.21460255980491638 0.8710170984268188 
vn -0.03206699341535568 0.48733407258987427 0.8726266026496887 
vn 0.13838347792625427 0.9439348578453064 0.2997281849384308 
vn -0.10800229012966156 0.9940398335456848 0.014844573102891445 
vn -0.13838347792625427 0.9439348578453064 0.2997281849384308 
vn -0.4599200487136841 0.8211658596992493 0.33787602186203003 
vn -0.214835524559021 0.43697428703308105 0.8734409809112549 
vn -0.8005993962287903 0.4949462115764618 0.3377407491207123 
vn -0.48365914821624756 0.87427818775177 0.0413697324693203 
vn -0.8833633661270142 0.46814218163490295 0.022628597915172577 
vn -0.8005993962287903 0.4949462115764618 0.3377407491207123 
vn -0.946621835231781 0.1328723281621933 0.2936868965625763 
vn -0.44189924001693726 0.21460255980491638 0.8710170984268188 
vn -0.504082977771759 0.03276457265019417 0.8630335330963135 
vn -0.946621835231781 -0.1328723281621933 0.2936868965625763 
vn -0.995171308517456 0.0981530249118805 2.058462178922832e-13 
vn -0.995171308517456 -0.0981530249118805 2.0580263296494927e-13 
vn -0.8832576870918274 -0.46814218163490295 0.026434896513819695 
vn -0.7989357709884644 -0.4949462115764618 0.34165751934051514 
vn -0.44189924001693726 -0.21460255980491638 0.8710170984268188 
vn -0.504082977771759 -0.03276457265019417 0.8630335330963135 
vn 0.2648181915283203 0.15449213981628418 0.9518421292304993 
vn 0.3948092758655548 0.05022686347365379 0.9173891544342041 
vn 0.8142605423927307 0.41324591636657715 0.40768563747406006 
vn 0.9394585490226746 0.08074574917554855 0.33301323652267456 
vn 0.8815992474555969 0.4719987213611603 1.0480495489821598e-16 
vn 0.995171308517456 0.0981530249118805 2.1794387689063437e-17 
vn 0.995171308517456 -0.0981530249118805 -2.1794387689063437e-17 
vn 0.9393215775489807 -0.08074574917554855 0.33339923620224 
vn 0.8815992474555969 -0.4719987213611603 -1.0480495489821598e-16 
vn 0.8142605423927307 -0.41324591636657715 0.40768563747406006 
vn 0.3948092758655548 -0.05022686347365379 0.9173891544342041 
vn -0.8833633661270142 0.46814218163490295 0.022628597915172577 
vn 0.2648181915283203 -0.15449213981628418 0.9518421292304993 
vn -1.0341130485562108e-13 0.002184694167226553 -0.999997615814209 
vn -1.0341130485562108e-13 0.002184694167226553 -0.999997615814209 
vn -1.0341130485562108e-13 0.002184694167226553 -0.999997615814209 
vn -1.0341130485562108e-13 0.002184694167226553 -0.999997615814209 
vn -1.0341130485562108e-13 0.002184694167226553 -0.999997615814209 
vn -1.0341130485562108e-13 0.002184694167226553 -0.999997615814209 
vn -1.0341130485562108e-13 0.002184694167226553 -0.999997615814209 
vn -1.0341130485562108e-13 0.002184694167226553 -0.999997615814209 
vn -1.0341130485562108e-13 0.002184694167226553 -0.999997615814209 
vn -1.0341130485562108e-13 0.002184694167226553 -0.999997615814209 
vn -1.0341130485562108e-13 0.002184694167226553 -0.999997615814209 
vn -1.0341130485562108e-13 0.002184694167226553 -0.999997615814209 
vn -1.0341130485562108e-13 0.002184694167226553 -0.999997615814209 
vn -1.0341130485562108e-13 0.002184694167226553 -0.999997615814209 
vn -1.0341130485562108e-13 0.002184694167226553 -0.999997615814209 
vn -1.0341130485562108e-13 0.002184694167226553 -0.999997615814209 
vn -0.8832576870918274 -0.46814218163490295 0.026434896513819695 
vn -0.4836415946483612 -0.87427818775177 0.041574541479349136 
vn -0.7989357709884644 -0.4949462115764618 0.34165751934051514 
vn -0.4590151309967041 -0.8211658596992493 0.33910438418388367 
vn -0.21695074439048767 -0.43697428703308105 0.8729180097579956 
vn -0.1358884572982788 -0.9439348578453064 0.30086758732795715 
vn -0.10795673727989197 -0.9940398335456848 0.015172329731285572 
vn 0.1358884572982788 -0.9439348578453064 0.30086758732795715 
vn 0.10795673727989197 -0.9940398335456848 0.015172329731285572 
vn 0.4590151309967041 -0.8211658596992493 0.33910438418388367 
vn 0.48395097255706787 -0.87427818775177 0.037803079932928085 
vn -0.44189924001693726 -0.21460255980491638 0.8710170984268188 
vn 0.15584763884544373 0.26549527049064636 0.951432466506958 
vn -0.03399910405278206 -0.48733407258987427 0.8725534677505493 
vn 0.2648181915283203 0.15449213981628418 0.9518421292304993 
vn 0.414430171251297 0.8136147856712341 0.4077727198600769 
vn 0.8142605423927307 0.41324591636657715 0.40768563747406006 
vn 0.8815992474555969 0.4719987213611603 1.0480495489821598e-16 
vn 0.47007158398628235 0.882628321647644 1.959832010830294e-16 
vn 0.0764603465795517 0.9364978075027466 0.34223631024360657 
vn 0.10032693296670914 0.994954526424408 2.2092468178497331e-16 
vn -0.10025841742753983 0.994954526424408 -0.0037072307895869017 
vn -0.08012539148330688 0.9364978075027466 0.3413968086242676 
vn -0.47007158398628235 0.882628321647644 9.741764551074103e-14 
vn 0.05090871825814247 0.3892335295677185 0.9197312593460083 
vn 0.03399910405278206 -0.48733407258987427 0.8725534677505493 
vn -0.04714113101363182 0.3892335295677185 0.9199320673942566 
vn -0.41178011894226074 0.8136147856712341 0.4104486405849457 
vn -0.8815992474555969 0.4719987213611603 1.8243989218652557e-13 
vn -0.8142605423927307 0.41324591636657715 0.40768563747406006 
vn -0.2648181915283203 0.15449213981628418 0.9518421292304993 
vn -0.15212415158748627 0.26549527049064636 0.9520349502563477 
vn 0.21695074439048767 -0.43697428703308105 0.8729180097579956 
vn 0.8004128336906433 -0.4949462115764618 0.3381827473640442 
vn 0.8833625912666321 -0.46814218163490295 0.022659379988908768 
vn 0.44526171684265137 -0.21460255980491638 0.8693030476570129 
vn 3.097898456858039e-13 -0.002184694167226553 0.999997615814209 
vn 3.097898456858039e-13 -0.002184694167226553 0.999997615814209 
vn 3.097898456858039e-13 -0.002184694167226553 0.999997615814209 
vn 3.097898456858039e-13 -0.002184694167226553 0.999997615814209 
vn 3.097898456858039e-13 -0.002184694167226553 0.999997615814209 
vn 3.097898456858039e-13 -0.002184694167226553 0.999997615814209 
vn 3.097898456858039e-13 -0.002184694167226553 0.999997615814209 
vn 3.097898456858039e-13 -0.002184694167226553 0.999997615814209 
vn 3.097898456858039e-13 0.002184694167226553 0.999997615814209 
vn 3.097898456858039e-13 0.002184694167226553 0.999997615814209 
vn 3.097898456858039e-13 0.002184694167226553 0.999997615814209 
vn 3.097898456858039e-13 0.002184694167226553 0.999997615814209 
vn 3.097898456858039e-13 0.002184694167226553 0.999997615814209 
vn 3.097898456858039e-13 0.002184694167226553 0.999997615814209 
vn 3.097898456858039e-13 0.002184694167226553 0.999997615814209 
vn 3.097898456858039e-13 0.002184694167226553 0.999997615814209 
vn -0.7071051001548767 -0.002184694167226553 -0.7071051001548767 
vn -0.9971474409103394 -0.002184694167226553 0.07544711232185364 
vn -0.9971474409103394 -0.002184694167226553 0.07544711232185364 
vn -0.969104528427124 -0.002184694167226553 0.2466406375169754 
vn -0.969104528427124 -0.002184694167226553 0.2466406375169754 
vn -0.8746989965438843 -0.002184694167226553 0.48466166853904724 
vn -0.8746989965438843 -0.002184694167226553 0.48466166853904724 
vn -0.651740550994873 -0.002184694167226553 0.7584388852119446 
vn -0.651740550994873 -0.002184694167226553 0.7584388852119446 
vn -0.32620200514793396 0.002184694167226553 0.9452975392341614 
vn -0.32620200514793396 0.002184694167226553 0.9452975392341614 
vn 3.097898456858039e-13 0.002184694167226553 0.999997615814209 
vn 3.097898456858039e-13 0.002184694167226553 0.999997615814209 
vn 0.32620200514793396 0.002184694167226553 0.9452975392341614 
vn 0.32620200514793396 0.002184694167226553 0.9452975392341614 
vn 0.651740550994873 -0.002184694167226553 0.7584388852119446 
vn 0.651740550994873 -0.002184694167226553 0.7584388852119446 
vn 0.8746989965438843 -0.002184694167226553 0.48466166853904724 
vn 0.8746989965438843 -0.002184694167226553 0.48466166853904724 
vn 0.969104528427124 -0.002184694167226553 0.2466406375169754 
vn 0.969104528427124 -0.002184694167226553 0.2466406375169754 
vn 0.9971474409103394 -0.002184694167226553 0.07544711232185364 
vn 0.9971474409103394 -0.002184694167226553 0.07544711232185364 
vn 0.7071051001548767 -0.002184694167226553 -0.7071051001548767 
vn 0.7071051001548767 -0.002184694167226553 -0.7071051001548767 
vn -0.7071051001548767 -0.002184694167226553 -0.7071051001548767 
vn -0.7071051001548767 -0.002184694167226553 -0.7071051001548767 
vn -0.7071051001548767 -0.002184694167226553 -0.7071051001548767 
vn -2.0682311115474694e-13 -1 -2.2204500197172533e-16 
vn -2.0682311115474694e-13 -1 -2.2204500197172533e-16 
vn -2.0682311115474694e-13 -1 -2.2204500197172533e-16 
vn -2.0682311115474694e-13 -1 -2.2204500197172533e-16 
vn -2.0682311115474694e-13 -1 -2.2204500197172533e-16 
vn -2.0682311115474694e-13 -1 -2.2204500197172533e-16 
vn -2.0682311115474694e-13 -1 -2.2204500197172533e-16 
vn -2.0682311115474694e-13 -1 -2.2204500197172533e-16 
vn -2.0682311115474694e-13 -1 -2.2204500197172533e-16 
vn 2.0682311115474694e-13 -1 -2.2204500197172533e-16 
vn 2.0682311115474694e-13 -1 -2.2204500197172533e-16 
vn 2.0682311115474694e-13 -1 -2.2204500197172533e-16 
vn 2.0682311115474694e-13 -1 -2.2204500197172533e-16 
vn 2.0682311115474694e-13 -1 -2.2204500197172533e-16 
vn 2.0682311115474694e-13 -1 -2.2204500197172533e-16 
vn 2.0682311115474694e-13 -1 -2.2204500197172533e-16 
vn -2.0682311115474694e-13 -1 -2.2204500197172533e-16 
vn -2.0682311115474694e-13 -1 -2.2204500197172533e-16 
vn -2.0682311115474694e-13 -1 -2.2204500197172533e-16 
vn -2.0682311115474694e-13 -1 -2.2204500197172533e-16 
vn -2.0682311115474694e-13 -1 -2.2204500197172533e-16 
vn -2.0682311115474694e-13 -1 -2.2204500197172533e-16 
vn -2.0682311115474694e-13 -1 -2.2204500197172533e-16 
vn -2.0682311115474694e-13 -1 -2.2204500197172533e-16 
vn -2.0682311115474694e-13 -1 -2.2204500197172533e-16 
vn -2.0682311115474694e-13 -1 -2.2204500197172533e-16 
vn 0 1 2.2204500197172533e-16 
vn 0 1 2.2204500197172533e-16 
vn 0 1 2.2204500197172533e-16 
vn 0 1 2.2204500197172533e-16 
vn 0 1 2.2204500197172533e-16 
vn 0 1 2.2204500197172533e-16 
vn 0 1 2.2204500197172533e-16 
vn 0 1 2.2204500197172533e-16 
vn 0 1 2.2204500197172533e-16 
vn 0 1 2.2204500197172533e-16 
vn 0 1 2.2204500197172533e-16 
vn 0 1 2.2204500197172533e-16 
vn 0 1 2.2204500197172533e-16 
vn 0 1 2.2204500197172533e-16 
vn 0 1 2.2204500197172533e-16 
vn 0 1 2.2204500197172533e-16 
vn 0 1 2.2204500197172533e-16 
vn 0 1 2.2204500197172533e-16 
vn 0 1 2.2204500197172533e-16 
vn 0 1 2.2204500197172533e-16 
vn 0 1 2.2204500197172533e-16 
vn 0 1 2.2204500197172533e-16 
vn 0 1 2.2204500197172533e-16 
vn 0 1 2.2204500197172533e-16 
vn 0 1 2.2204500197172533e-16 
vn 0 1 2.2204500197172533e-16 
vn -1.0341130485562108e-13 -0.002184694167226553 -0.999997615814209 
vn 0.31905397772789 0.002184694167226553 -0.947733998298645 
vn -1.0341130485562108e-13 -0.002184694167226553 -0.999997615814209 
vn 0.31905397772789 0.002184694167226553 -0.947733998298645 
vn 0.6687547564506531 0.002184694167226553 -0.74347984790802 
vn 0.6687547564506531 0.002184694167226553 -0.74347984790802 
vn 0.8889381885528564 0.002184694167226553 -0.45802199840545654 
vn 0.8889381885528564 0.002184694167226553 -0.45802199840545654 
vn 0.9761117100715637 0.002184694167226553 -0.21725822985172272 
vn -0.31905397772789 0.002184694167226553 -0.947733998298645 
vn -0.31905397772789 0.002184694167226553 -0.947733998298645 
vn -0.6687547564506531 0.002184694167226553 -0.74347984790802 
vn -0.6687547564506531 0.002184694167226553 -0.74347984790802 
vn -0.8889381885528564 0.002184694167226553 -0.45802199840545654 
vn -0.8889381885528564 0.002184694167226553 -0.45802199840545654 
vn -0.9761117100715637 0.002184694167226553 -0.21725822985172272 
vn -0.9761117100715637 0.002184694167226553 -0.21725822985172272 
vn -0.998173177242279 0.002184694167226553 -0.06037835404276848 
vn -0.998173177242279 0.002184694167226553 -0.06037835404276848 
vn -0.7124248743057251 0.002184694167226553 0.7017449736595154 
vn -0.7124248743057251 0.002184694167226553 0.7017449736595154 
vn 0.7124248743057251 0.002184694167226553 0.7017449736595154 
vn 0.7124248743057251 0.002184694167226553 0.7017449736595154 
vn 0.9761117100715637 0.002184694167226553 -0.21725822985172272 
vn 0.998173177242279 0.002184694167226553 -0.06037835404276848 
vn 0.998173177242279 0.002184694167226553 -0.06037835404276848 
vn 0.7124248743057251 0.002184694167226553 0.7017449736595154 
vn 0.7124248743057251 0.002184694167226553 0.7017449736595154 
vn 0.7071051001548767 -0.002184694167226553 -0.7071051001548767 
vn 0.9971474409103394 -0.002184694167226553 0.07544711232185364 
vn 0.9971474409103394 -0.002184694167226553 0.07544711232185364 
vn 0.969104528427124 -0.002184694167226553 0.2466406375169754 
vn 0.969104528427124 -0.002184694167226553 0.2466406375169754 
vn 0.8746989965438843 -0.002184694167226553 0.48466166853904724 
vn 0.8746989965438843 -0.002184694167226553 0.48466166853904724 
vn 0.651740550994873 -0.002184694167226553 0.7584388852119446 
vn 0.651740550994873 -0.002184694167226553 0.7584388852119446 
vn 0.32620200514793396 0.002184694167226553 0.9452975392341614 
vn 0.32620200514793396 0.002184694167226553 0.9452975392341614 
vn 3.097898456858039e-13 0.002184694167226553 0.999997615814209 
vn 3.097898456858039e-13 0.002184694167226553 0.999997615814209 
vn -0.32620200514793396 0.002184694167226553 0.9452975392341614 
vn -0.32620200514793396 0.002184694167226553 0.9452975392341614 
vn -0.651740550994873 -0.002184694167226553 0.7584388852119446 
vn -0.651740550994873 -0.002184694167226553 0.7584388852119446 
vn -0.8746989965438843 -0.002184694167226553 0.48466166853904724 
vn -0.8746989965438843 -0.002184694167226553 0.48466166853904724 
vn -0.969104528427124 -0.002184694167226553 0.2466406375169754 
vn -0.969104528427124 -0.002184694167226553 0.2466406375169754 
vn -0.9971474409103394 -0.002184694167226553 0.07544711232185364 
vn -0.9971474409103394 -0.002184694167226553 0.07544711232185364 
vn -0.7071051001548767 -0.002184694167226553 -0.7071051001548767 
vn -0.7071051001548767 0.002184694167226553 -0.7071051001548767 
vn 0.7071051001548767 -0.002184694167226553 -0.7071051001548767 
vn 0.7071051001548767 0.002184694167226553 -0.7071051001548767 
vn 0.7071051001548767 0.002184694167226553 -0.7071051001548767 
vn -2.0682311115474694e-13 -1 -2.2204500197172533e-16 
vn -2.0682311115474694e-13 -1 -2.2204500197172533e-16 
vn -2.0682311115474694e-13 -1 -2.2204500197172533e-16 
vn -2.0682311115474694e-13 -1 -2.2204500197172533e-16 
vn 2.0682311115474694e-13 -1 -2.2204500197172533e-16 
vn 2.0682311115474694e-13 -1 -2.2204500197172533e-16 
vn 2.0682311115474694e-13 -1 -2.2204500197172533e-16 
vn 2.0682311115474694e-13 -1 -2.2204500197172533e-16 
vn 2.0682311115474694e-13 -1 -2.2204500197172533e-16 
vn 2.0682311115474694e-13 -1 -2.2204500197172533e-16 
vn 2.0682311115474694e-13 -1 -2.2204500197172533e-16 
vn -2.0682311115474694e-13 -1 -2.2204500197172533e-16 
vn -2.0682311115474694e-13 -1 -2.2204500197172533e-16 
vn -2.0682311115474694e-13 -1 -2.2204500197172533e-16 
vn -2.0682311115474694e-13 -1 -2.2204500197172533e-16 
vn -2.0682311115474694e-13 -1 -2.2204500197172533e-16 
vn -2.0682311115474694e-13 -1 -2.2204500197172533e-16 
vn -2.0682311115474694e-13 -1 -2.2204500197172533e-16 
vn -2.0682311115474694e-13 -1 -2.2204500197172533e-16 
vn -2.0682311115474694e-13 -1 -2.2204500197172533e-16 
vn -2.0682311115474694e-13 -1 -2.2204500197172533e-16 
vn -2.0682311115474694e-13 -1 -2.2204500197172533e-16 
vn -2.0682311115474694e-13 -1 -2.2204500197172533e-16 
vn -2.0682311115474694e-13 -1 -2.2204500197172533e-16 
vn -2.0682311115474694e-13 -1 -2.2204500197172533e-16 
vn -2.0682311115474694e-13 -1 -2.2204500197172533e-16 
vn 0 1 2.2204500197172533e-16 
vn 0 1 2.2204500197172533e-16 
vn 0 1 2.2204500197172533e-16 
vn 0 1 2.2204500197172533e-16 
vn 0 1 2.2204500197172533e-16 
vn 0 1 2.2204500197172533e-16 
vn 0 1 2.2204500197172533e-16 
vn 0 1 2.2204500197172533e-16 
vn 0 1 2.2204500197172533e-16 
vn 0 1 2.2204500197172533e-16 
vn 0 1 2.2204500197172533e-16 
vn 0 1 2.2204500197172533e-16 
vn 0 1 2.2204500197172533e-16 
vn 0 1 2.2204500197172533e-16 
vn 0 1 2.2204500197172533e-16 
vn 0 1 2.2204500197172533e-16 
vn 0 1 2.2204500197172533e-16 
vn 0 1 2.2204500197172533e-16 
vn 0 1 2.2204500197172533e-16 
vn 0 1 2.2204500197172533e-16 
vn 0 1 2.2204500197172533e-16 
vn 0 1 2.2204500197172533e-16 
vn 0 1 2.2204500197172533e-16 
vn 0 1 2.2204500197172533e-16 
vn 0 1 2.2204500197172533e-16 
vn 0 1 2.2204500197172533e-16 
vn -0.7124248743057251 0.002184694167226553 0.7017449736595154 
vn -0.7124248743057251 0.002184694167226553 0.7017449736595154 
vn -0.998173177242279 0.002184694167226553 -0.06037835404276848 
vn -0.998173177242279 0.002184694167226553 -0.06037835404276848 
vn -0.9761117100715637 0.002184694167226553 -0.21725822985172272 
vn -0.9761117100715637 0.002184694167226553 -0.21725822985172272 
vn -0.8889381885528564 0.002184694167226553 -0.45802199840545654 
vn -0.8889381885528564 0.002184694167226553 -0.45802199840545654 
vn -0.6687547564506531 0.002184694167226553 -0.74347984790802 
vn -0.6687547564506531 -0.002184694167226553 -0.74347984790802 
vn -0.31905397772789 -0.002184694167226553 -0.947733998298645 
vn -0.31905397772789 -0.002184694167226553 -0.947733998298645 
vn -1.0341130485562108e-13 -0.002184694167226553 -0.999997615814209 
vn -1.0341130485562108e-13 -0.002184694167226553 -0.999997615814209 
vn 0.31905397772789 -0.002184694167226553 -0.947733998298645 
vn 0.31905397772789 -0.002184694167226553 -0.947733998298645 
vn 0.6687547564506531 0.002184694167226553 -0.74347984790802 
vn 0.6687547564506531 -0.002184694167226553 -0.74347984790802 
vn 0.8889381885528564 0.002184694167226553 -0.45802199840545654 
vn 0.8889381885528564 0.002184694167226553 -0.45802199840545654 
vn 0.9761117100715637 0.002184694167226553 -0.21725822985172272 
vn 0.9761117100715637 0.002184694167226553 -0.21725822985172272 
vn 0.998173177242279 0.002184694167226553 -0.06037835404276848 
vn 0.998173177242279 0.002184694167226553 -0.06037835404276848 
vn 0.7124248743057251 0.002184694167226553 0.7017449736595154 
vn 0.7124248743057251 0.002184694167226553 0.7017449736595154 
vn -0.7124248743057251 0.002184694167226553 0.7017449736595154 
vn -0.7124248743057251 0.002184694167226553 0.7017449736595154 
vn -0.32620200514793396 -0.002184694167226553 0.9452975392341614 
vn -0.651740550994873 0.002184694167226553 0.7584388852119446 
vn -0.32620200514793396 -0.002184694167226553 0.9452975392341614 
vn -0.651740550994873 0.002184694167226553 0.7584388852119446 
vn -0.8746989965438843 0.002184694167226553 0.48466166853904724 
vn -0.8746989965438843 0.002184694167226553 0.48466166853904724 
vn -0.969104528427124 0.002184694167226553 0.2466406375169754 
vn -0.969104528427124 0.002184694167226553 0.2466406375169754 
vn -0.9971474409103394 0.002184694167226553 0.07544711232185364 
vn -0.9971474409103394 0.002184694167226553 0.07544711232185364 
vn -0.7071051001548767 0.002184694167226553 -0.7071051001548767 
vn -0.7071051001548767 0.002184694167226553 -0.7071051001548767 
vn 3.097898456858039e-13 -0.002184694167226553 0.999997615814209 
vn 3.097898456858039e-13 -0.002184694167226553 0.999997615814209 
vn 0.32620200514793396 -0.002184694167226553 0.9452975392341614 
vn 0.32620200514793396 -0.002184694167226553 0.9452975392341614 
vn 0.651740550994873 0.002184694167226553 0.7584388852119446 
vn 0.651740550994873 0.002184694167226553 0.7584388852119446 
vn 0.8746989965438843 0.002184694167226553 0.48466166853904724 
vn 0.8746989965438843 0.002184694167226553 0.48466166853904724 
vn 0.969104528427124 0.002184694167226553 0.2466406375169754 
vn 0.969104528427124 0.002184694167226553 0.2466406375169754 
vn 0.9971474409103394 0.002184694167226553 0.07544711232185364 
vn 0.9971474409103394 0.002184694167226553 0.07544711232185364 
vn 0.7071051001548767 0.002184694167226553 -0.7071051001548767 
vn 0.7071051001548767 0.002184694167226553 -0.7071051001548767 
vn -0.7071051001548767 0.002184694167226553 -0.7071051001548767 
vn -0.7071051001548767 0.002184694167226553 -0.7071051001548767 
vn 0 1 2.2204500197172533e-16 
vn 0 1 2.2204500197172533e-16 
vn 0 1 2.2204500197172533e-16 
vn 0 1 2.2204500197172533e-16 
vn 0 1 2.2204500197172533e-16 
vn 0 1 2.2204500197172533e-16 
vn 0 1 2.2204500197172533e-16 
vn 0 1 2.2204500197172533e-16 
vn 0 1 2.2204500197172533e-16 
vn 0 1 2.2204500197172533e-16 
vn 0 1 2.2204500197172533e-16 
vn 0 1 2.2204500197172533e-16 
vn 0 1 2.2204500197172533e-16 
vn 0 1 2.2204500197172533e-16 
vn 0 1 2.2204500197172533e-16 
vn 0 1 2.2204500197172533e-16 
vn 0 1 2.2204500197172533e-16 
vn 0 1 2.2204500197172533e-16 
vn 0 1 2.2204500197172533e-16 
vn 0 1 2.2204500197172533e-16 
vn 0 1 2.2204500197172533e-16 
vn 0 1 2.2204500197172533e-16 
vn 0 1 2.2204500197172533e-16 
vn 0 1 2.2204500197172533e-16 
vn 0 1 2.2204500197172533e-16 
vn 0 1 2.2204500197172533e-16 
vn -2.0682311115474694e-13 -1 -2.2204500197172533e-16 
vn -2.0682311115474694e-13 -1 -2.2204500197172533e-16 
vn -2.0682311115474694e-13 -1 -2.2204500197172533e-16 
vn -2.0682311115474694e-13 -1 -2.2204500197172533e-16 
vn -2.0682311115474694e-13 -1 -2.2204500197172533e-16 
vn -2.0682311115474694e-13 -1 -2.2204500197172533e-16 
vn -2.0682311115474694e-13 -1 -2.2204500197172533e-16 
vn -2.0682311115474694e-13 -1 -2.2204500197172533e-16 
vn -2.0682311115474694e-13 -1 -2.2204500197172533e-16 
vn -2.0682311115474694e-13 -1 -2.2204500197172533e-16 
vn -2.0682311115474694e-13 -1 -2.2204500197172533e-16 
vn -2.0682311115474694e-13 -1 -2.2204500197172533e-16 
vn -2.0682311115474694e-13 -1 -2.2204500197172533e-16 
vn -2.0682311115474694e-13 -1 -2.2204500197172533e-16 
vn -2.0682311115474694e-13 -1 -2.2204500197172533e-16 
vn -2.0682311115474694e-13 -1 -2.2204500197172533e-16 
vn -2.0682311115474694e-13 -1 -2.2204500197172533e-16 
vn -2.0682311115474694e-13 -1 -2.2204500197172533e-16 
vn -2.0682311115474694e-13 -1 -2.2204500197172533e-16 
vn -2.0682311115474694e-13 -1 -2.2204500197172533e-16 
vn -2.0682311115474694e-13 -1 -2.2204500197172533e-16 
vn -2.0682311115474694e-13 -1 -2.2204500197172533e-16 
vn -2.0682311115474694e-13 -1 -2.2204500197172533e-16 
vn -2.0682311115474694e-13 -1 -2.2204500197172533e-16 
vn -2.0682311115474694e-13 -1 -2.2204500197172533e-16 
vn -2.0682311115474694e-13 -1 -2.2204500197172533e-16 
vn -1.0341130485562108e-13 0.002184694167226553 -0.999997615814209 
vn -1.0341130485562108e-13 0.002184694167226553 -0.999997615814209 
vn 0.31905397772789 -0.002184694167226553 -0.947733998298645 
vn 0.31905397772789 -0.002184694167226553 -0.947733998298645 
vn 0.6687547564506531 -0.002184694167226553 -0.74347984790802 
vn 0.6687547564506531 -0.002184694167226553 -0.74347984790802 
vn 0.8889381885528564 -0.002184694167226553 -0.45802199840545654 
vn -0.31905397772789 -0.002184694167226553 -0.947733998298645 
vn -0.31905397772789 -0.002184694167226553 -0.947733998298645 
vn -0.6687547564506531 -0.002184694167226553 -0.74347984790802 
vn -0.6687547564506531 -0.002184694167226553 -0.74347984790802 
vn -0.8889381885528564 -0.002184694167226553 -0.45802199840545654 
vn -0.8889381885528564 -0.002184694167226553 -0.45802199840545654 
vn -0.9761117100715637 -0.002184694167226553 -0.21725822985172272 
vn -0.9761117100715637 -0.002184694167226553 -0.21725822985172272 
vn -0.998173177242279 -0.002184694167226553 -0.06037835404276848 
vn -0.998173177242279 -0.002184694167226553 -0.06037835404276848 
vn -0.7124248743057251 -0.002184694167226553 0.7017449736595154 
vn -0.7124248743057251 -0.002184694167226553 0.7017449736595154 
vn 0.7124248743057251 -0.002184694167226553 0.7017449736595154 
vn 0.7124248743057251 -0.002184694167226553 0.7017449736595154 
vn 0.8889381885528564 -0.002184694167226553 -0.45802199840545654 
vn 0.9761117100715637 -0.002184694167226553 -0.21725822985172272 
vn 0.9761117100715637 -0.002184694167226553 -0.21725822985172272 
vn 0.998173177242279 -0.002184694167226553 -0.06037835404276848 
vn 0.998173177242279 -0.002184694167226553 -0.06037835404276848 
vn 0.7124248743057251 -0.002184694167226553 0.7017449736595154 
vn 0.7124248743057251 -0.002184694167226553 0.7017449736595154 
vn 0.32620200514793396 -0.002184694167226553 0.9452975392341614 
vn 0.32620200514793396 -0.002184694167226553 0.9452975392341614 
vn 0.651740550994873 0.002184694167226553 0.7584388852119446 
vn 0.651740550994873 0.002184694167226553 0.7584388852119446 
vn 0.8746989965438843 0.002184694167226553 0.48466166853904724 
vn 0.8746989965438843 0.002184694167226553 0.48466166853904724 
vn 0.969104528427124 0.002184694167226553 0.2466406375169754 
vn 0.969104528427124 0.002184694167226553 0.2466406375169754 
vn 0.9971474409103394 0.002184694167226553 0.07544711232185364 
vn 0.9971474409103394 0.002184694167226553 0.07544711232185364 
vn 0.7071051001548767 0.002184694167226553 -0.7071051001548767 
vn 0.7071051001548767 0.002184694167226553 -0.7071051001548767 
vn 3.097898456858039e-13 -0.002184694167226553 0.999997615814209 
vn 3.097898456858039e-13 -0.002184694167226553 0.999997615814209 
vn -0.32620200514793396 -0.002184694167226553 0.9452975392341614 
vn -0.32620200514793396 -0.002184694167226553 0.9452975392341614 
vn -0.651740550994873 0.002184694167226553 0.7584388852119446 
vn -0.651740550994873 0.002184694167226553 0.7584388852119446 
vn -0.8746989965438843 0.002184694167226553 0.48466166853904724 
vn -0.8746989965438843 0.002184694167226553 0.48466166853904724 
vn -0.969104528427124 0.002184694167226553 0.2466406375169754 
vn -0.969104528427124 0.002184694167226553 0.2466406375169754 
vn -0.9971474409103394 0.002184694167226553 0.07544711232185364 
vn -0.9971474409103394 0.002184694167226553 0.07544711232185364 
vn -0.7071051001548767 0.002184694167226553 -0.7071051001548767 
vn -0.7071051001548767 0.002184694167226553 -0.7071051001548767 
vn 0.7071051001548767 0.002184694167226553 -0.7071051001548767 
vn 0.7071051001548767 0.002184694167226553 -0.7071051001548767 
vn 0 1 2.2204500197172533e-16 
vn 0 1 2.2204500197172533e-16 
vn 0 1 2.2204500197172533e-16 
vn 0 1 2.2204500197172533e-16 
vn 0 1 2.2204500197172533e-16 
vn 0 1 2.2204500197172533e-16 
vn 0 1 2.2204500197172533e-16 
vn 0 1 2.2204500197172533e-16 
vn 0 1 2.2204500197172533e-16 
vn 0 1 2.2204500197172533e-16 
vn 0 1 2.2204500197172533e-16 
vn 0 1 2.2204500197172533e-16 
vn 0 1 2.2204500197172533e-16 
vn 0 1 2.2204500197172533e-16 
vn 0 1 2.2204500197172533e-16 
vn 0 1 2.2204500197172533e-16 
vn 0 1 2.2204500197172533e-16 
vn 0 1 2.2204500197172533e-16 
vn 0 1 2.2204500197172533e-16 
vn 0 1 2.2204500197172533e-16 
vn 0 1 2.2204500197172533e-16 
vn 0 1 2.2204500197172533e-16 
vn 0 1 2.2204500197172533e-16 
vn 0 1 2.2204500197172533e-16 
vn 0 1 2.2204500197172533e-16 
vn 0 1 2.2204500197172533e-16 
vn -2.0682311115474694e-13 -1 -2.2204500197172533e-16 
vn -2.0682311115474694e-13 -1 -2.2204500197172533e-16 
vn -2.0682311115474694e-13 -1 -2.2204500197172533e-16 
vn -2.0682311115474694e-13 -1 -2.2204500197172533e-16 
vn -2.0682311115474694e-13 -1 -2.2204500197172533e-16 
vn -2.0682311115474694e-13 -1 -2.2204500197172533e-16 
vn -2.0682311115474694e-13 -1 -2.2204500197172533e-16 
vn -2.0682311115474694e-13 -1 -2.2204500197172533e-16 
vn -2.0682311115474694e-13 -1 -2.2204500197172533e-16 
vn -2.0682311115474694e-13 -1 -2.2204500197172533e-16 
vn -2.0682311115474694e-13 -1 -2.2204500197172533e-16 
vn -2.0682311115474694e-13 -1 -2.2204500197172533e-16 
vn -2.0682311115474694e-13 -1 -2.2204500197172533e-16 
vn -2.0682311115474694e-13 -1 -2.2204500197172533e-16 
vn -2.0682311115474694e-13 -1 -2.2204500197172533e-16 
vn -2.0682311115474694e-13 -1 -2.2204500197172533e-16 
vn -2.0682311115474694e-13 -1 -2.2204500197172533e-16 
vn -2.0682311115474694e-13 -1 -2.2204500197172533e-16 
vn -2.0682311115474694e-13 -1 -2.2204500197172533e-16 
vn -2.0682311115474694e-13 -1 -2.2204500197172533e-16 
vn -2.0682311115474694e-13 -1 -2.2204500197172533e-16 
vn -2.0682311115474694e-13 -1 -2.2204500197172533e-16 
vn -2.0682311115474694e-13 -1 -2.2204500197172533e-16 
vn -2.0682311115474694e-13 -1 -2.2204500197172533e-16 
vn -2.0682311115474694e-13 -1 -2.2204500197172533e-16 
vn -2.0682311115474694e-13 -1 -2.2204500197172533e-16 
vn -0.6687547564506531 0.002184694167226553 -0.74347984790802 
vn -0.8889381885528564 -0.002184694167226553 -0.45802199840545654 
vn -0.6687547564506531 -0.002184694167226553 -0.74347984790802 
vn -0.8889381885528564 -0.002184694167226553 -0.45802199840545654 
vn -0.31905397772789 0.002184694167226553 -0.947733998298645 
vn -0.31905397772789 0.002184694167226553 -0.947733998298645 
vn -1.0341130485562108e-13 0.002184694167226553 -0.999997615814209 
vn -1.0341130485562108e-13 0.002184694167226553 -0.999997615814209 
vn 0.31905397772789 0.002184694167226553 -0.947733998298645 
vn 0.31905397772789 0.002184694167226553 -0.947733998298645 
vn 0.6687547564506531 -0.002184694167226553 -0.74347984790802 
vn 0.6687547564506531 0.002184694167226553 -0.74347984790802 
vn 0.8889381885528564 -0.002184694167226553 -0.45802199840545654 
vn 0.8889381885528564 -0.002184694167226553 -0.45802199840545654 
vn 0.9761117100715637 -0.002184694167226553 -0.21725822985172272 
vn 0.9761117100715637 -0.002184694167226553 -0.21725822985172272 
vn 0.998173177242279 -0.002184694167226553 -0.06037835404276848 
vn 0.998173177242279 -0.002184694167226553 -0.06037835404276848 
vn 0.7124248743057251 -0.002184694167226553 0.7017449736595154 
vn 0.7124248743057251 0.002184694167226553 0.7017449736595154 
vn -0.7124248743057251 0.002184694167226553 0.7017449736595154 
vn -0.7124248743057251 -0.002184694167226553 0.7017449736595154 
vn -0.9761117100715637 -0.002184694167226553 -0.21725822985172272 
vn -0.9761117100715637 -0.002184694167226553 -0.21725822985172272 
vn -0.998173177242279 -0.002184694167226553 -0.06037835404276848 
vn -0.998173177242279 -0.002184694167226553 -0.06037835404276848 
vn -0.7124248743057251 -0.002184694167226553 0.7017449736595154 
vn -0.7124248743057251 0.002184694167226553 0.7017449736595154 
vn -0.003775712102651596 -0.3280687630176544 0.9446462988853455 
vn -0.001887803548015654 -0.651853621006012 0.7583425045013428 
vn -0.003775712102651596 -0.3280687630176544 0.9446462988853455 
vn -0.001887803548015654 -0.651853621006012 0.7583425045013428 
vn -0.001892064930871129 -0.87427818775177 0.4854215085506439 
vn -0.001892064930871129 -0.87427818775177 0.4854215085506439 
vn 0.0018886805046349764 -0.9691457152366638 0.24648131430149078 
vn 0.0018886805046349764 -0.9691457152366638 0.24648131430149078 
vn 0.001910788007080555 -0.9972425103187561 0.074186772108078 
vn 0.001910788007080555 -0.9972425103187561 0.074186772108078 
vn 0.0037783945444971323 -0.7094202041625977 -0.7047756314277649 
vn 0.0037783945444971323 -0.7094202041625977 -0.7047756314277649 
vn 3.097898456858039e-13 0.002184694167226553 0.999997615814209 
vn 3.097898456858039e-13 0.002184694167226553 0.999997615814209 
vn -0.0018854610389098525 0.3280687630176544 0.9446519613265991 
vn -0.0018854610389098525 0.3280687630176544 0.9446519613265991 
vn 2.3560163152011593e-13 0.651853621006012 0.758344829082489 
vn 2.3560163152011593e-13 0.651853621006012 0.758344829082489 
vn 0.0018827214371412992 0.87427818775177 0.4854215383529663 
vn 0.0018827214371412992 0.87427818775177 0.4854215383529663 
vn 0.0037589154671877623 0.9691457152366638 0.24645988643169403 
vn 0.0037589154671877623 0.9691457152366638 0.24645988643169403 
vn -0.0018501408630982041 0.9972425103187561 0.07418830692768097 
vn -0.0018501408630982041 0.9972425103187561 0.07418830692768097 
vn -0.0018859856063500047 0.7094202041625977 -0.7047832608222961 
vn -0.0018859856063500047 0.7094202041625977 -0.7047832608222961 
vn 0.0037783945444971323 -0.7094202041625977 -0.7047756314277649 
vn 0.0037783945444971323 -0.7094202041625977 -0.7047756314277649 
vn 0.999997615814209 0.002184694167226553 4.851004321232411e-19 
vn 0.999997615814209 0.002184694167226553 4.851004321232411e-19 
vn 0.999997615814209 0.002184694167226553 4.851004321232411e-19 
vn 0.999997615814209 0.002184694167226553 4.851004321232411e-19 
vn 0.999997615814209 0.002184694167226553 4.851004321232411e-19 
vn 0.999997615814209 0.002184694167226553 4.851004321232411e-19 
vn 0.999997615814209 0.002184694167226553 4.851004321232411e-19 
vn 0.999997615814209 0.002184694167226553 4.851004321232411e-19 
vn 0.999997615814209 0.002184694167226553 4.851004321232411e-19 
vn 0.999997615814209 0.002184694167226553 4.851004321232411e-19 
vn 0.999997615814209 0.002184694167226553 4.851004321232411e-19 
vn 0.999997615814209 0.002184694167226553 4.851004321232411e-19 
vn 0.999997615814209 0.002184694167226553 4.851004321232411e-19 
vn 0.999997615814209 0.002184694167226553 4.851004321232411e-19 
vn 0.999997615814209 0.002184694167226553 4.851004321232411e-19 
vn 0.999997615814209 0.002184694167226553 4.851004321232411e-19 
vn 0.999997615814209 0.002184694167226553 4.851004321232411e-19 
vn 0.999997615814209 0.002184694167226553 4.851004321232411e-19 
vn 0.999997615814209 0.002184694167226553 4.851004321232411e-19 
vn 0.999997615814209 0.002184694167226553 4.851004321232411e-19 
vn 0.999997615814209 0.002184694167226553 4.851004321232411e-19 
vn 0.999997615814209 0.002184694167226553 4.851004321232411e-19 
vn 0.999997615814209 0.002184694167226553 4.851004321232411e-19 
vn 0.999997615814209 0.002184694167226553 4.851004321232411e-19 
vn 0.999997615814209 0.002184694167226553 4.851004321232411e-19 
vn 0.999997615814209 0.002184694167226553 4.851004321232411e-19 
vn -0.999997615814209 0.002184694167226553 2.0682309760221979e-13 
vn -0.999997615814209 0.002184694167226553 2.0682309760221979e-13 
vn -0.999997615814209 0.002184694167226553 2.0682309760221979e-13 
vn -0.999997615814209 0.002184694167226553 2.0682309760221979e-13 
vn -0.999997615814209 0.002184694167226553 2.0682309760221979e-13 
vn -0.999997615814209 0.002184694167226553 2.0682309760221979e-13 
vn -0.999997615814209 0.002184694167226553 2.0682309760221979e-13 
vn -0.999997615814209 0.002184694167226553 2.0682309760221979e-13 
vn -0.999997615814209 0.002184694167226553 2.0682309760221979e-13 
vn -0.999997615814209 0.002184694167226553 2.0682309760221979e-13 
vn -0.999997615814209 0.002184694167226553 2.0682309760221979e-13 
vn -0.999997615814209 0.002184694167226553 2.0682309760221979e-13 
vn -0.999997615814209 0.002184694167226553 2.0682309760221979e-13 
vn -0.999997615814209 0.002184694167226553 2.0682309760221979e-13 
vn -0.999997615814209 0.002184694167226553 2.0682309760221979e-13 
vn -0.999997615814209 0.002184694167226553 2.0682309760221979e-13 
vn -0.999997615814209 0.002184694167226553 2.0682309760221979e-13 
vn -0.999997615814209 0.002184694167226553 2.0682309760221979e-13 
vn -0.999997615814209 0.002184694167226553 2.0682309760221979e-13 
vn -0.999997615814209 0.002184694167226553 2.0682309760221979e-13 
vn -0.999997615814209 0.002184694167226553 2.0682309760221979e-13 
vn -0.999997615814209 0.002184694167226553 2.0682309760221979e-13 
vn -0.999997615814209 0.002184694167226553 2.0682309760221979e-13 
vn -0.999997615814209 0.002184694167226553 2.0682309760221979e-13 
vn -0.999997615814209 0.002184694167226553 2.0682309760221979e-13 
vn -0.999997615814209 0.002184694167226553 2.0682309760221979e-13 
vn 0.0018840922275558114 0.7124928832054138 0.7016767859458923 
vn -6.772832671081549e-15 0.9978529810905457 -0.06549396365880966 
vn 0.0018840922275558114 0.7124928832054138 0.7016767859458923 
vn -6.772832671081549e-15 0.9978529810905457 -0.06549396365880966 
vn -0.0037497419398278 0.9771679639816284 -0.21243515610694885 
vn -0.0037497419398278 0.9771679639816284 -0.21243515610694885 
vn -0.0018840150441974401 0.8907088041305542 -0.454570472240448 
vn -0.0018840150441974401 0.8907088041305542 -0.454570472240448 
vn -7.693033086649329e-14 0.6682642698287964 -0.7439239621162415 
vn -7.693033086649329e-14 0.6682642698287964 -0.7439239621162415 
vn 0.0018863173900172114 0.3198012113571167 -0.9474827647209167 
vn 0.0018863173900172114 0.3198012113571167 -0.9474827647209167 
vn -1.0341130485562108e-13 0.002184694167226553 -0.999997615814209 
vn -1.0341130485562108e-13 -0.002184694167226553 -0.999997615814209 
vn -9.798086143429294e-14 -0.3198012113571167 -0.9474846720695496 
vn -9.798086143429294e-14 -0.3198012113571167 -0.9474846720695496 
vn -0.0018878057599067688 -0.6682642698287964 -0.7439215779304504 
vn -0.0018878057599067688 -0.6682642698287964 -0.7439215779304504 
vn -0.0037779659032821655 -0.8907088041305542 -0.45455867052078247 
vn -0.0037779659032821655 -0.8907088041305542 -0.45455867052078247 
vn -2.1971672121675126e-14 -0.9771679639816284 -0.2124682515859604 
vn -2.1971672121675126e-14 -0.9771679639816284 -0.2124682515859604 
vn -0.0038081351667642593 -0.9978529810905457 -0.06538315862417221 
vn -0.0038081351667642593 -0.9978529810905457 -0.06538315862417221 
vn -0.0018905557226389647 -0.7124928832054138 0.7016767859458923 
vn -0.0018905557226389647 -0.7124928832054138 0.7016767859458923 
vn 0.0018840922275558114 0.7124928832054138 0.7016767859458923 
vn 0.0018840922275558114 0.7124928832054138 0.7016767859458923 
vn -0.0018859856063500047 0.7094202041625977 -0.7047832608222961 
vn -0.0018501408630982041 0.9972425103187561 0.07418830692768097 
vn -0.0018501408630982041 0.9972425103187561 0.07418830692768097 
vn 0.0037589154671877623 0.9691457152366638 0.24645988643169403 
vn 0.0037589154671877623 0.9691457152366638 0.24645988643169403 
vn 0.0018827214371412992 0.87427818775177 0.4854215383529663 
vn 0.0018827214371412992 0.87427818775177 0.4854215383529663 
vn 2.3560163152011593e-13 0.651853621006012 0.758344829082489 
vn 2.3560163152011593e-13 0.651853621006012 0.758344829082489 
vn -0.0018854610389098525 0.3280687630176544 0.9446519613265991 
vn -0.0018854610389098525 0.3280687630176544 0.9446519613265991 
vn 3.097898456858039e-13 0.002184694167226553 0.999997615814209 
vn 3.097898456858039e-13 0.002184694167226553 0.999997615814209 
vn -0.003775712102651596 -0.3280687630176544 0.9446462988853455 
vn -0.003775712102651596 -0.3280687630176544 0.9446462988853455 
vn -0.001887803548015654 -0.651853621006012 0.7583425045013428 
vn -0.001887803548015654 -0.651853621006012 0.7583425045013428 
vn -0.001892064930871129 -0.87427818775177 0.4854215085506439 
vn -0.001892064930871129 -0.87427818775177 0.4854215085506439 
vn 0.0018886805046349764 -0.9691457152366638 0.24648131430149078 
vn 0.0018886805046349764 -0.9691457152366638 0.24648131430149078 
vn 0.001910788007080555 -0.9972425103187561 0.074186772108078 
vn 0.001910788007080555 -0.9972425103187561 0.074186772108078 
vn 0.0037783945444971323 -0.7094202041625977 -0.7047756314277649 
vn 0.0037783945444971323 -0.7094202041625977 -0.7047756314277649 
vn -0.0018859856063500047 0.7094202041625977 -0.7047832608222961 
vn -0.0018859856063500047 0.7094202041625977 -0.7047832608222961 
vn -0.0018859856063500047 0.7094202041625977 -0.7047832608222961 
vn 0.999997615814209 0.002184694167226553 4.851004321232411e-19 
vn 0.999997615814209 0.002184694167226553 4.851004321232411e-19 
vn 0.999997615814209 0.002184694167226553 4.851004321232411e-19 
vn 0.999997615814209 0.002184694167226553 4.851004321232411e-19 
vn 0.999997615814209 0.002184694167226553 4.851004321232411e-19 
vn 0.999997615814209 0.002184694167226553 4.851004321232411e-19 
vn 0.999997615814209 0.002184694167226553 4.851004321232411e-19 
vn 0.999997615814209 0.002184694167226553 4.851004321232411e-19 
vn 0.999997615814209 0.002184694167226553 4.851004321232411e-19 
vn 0.999997615814209 0.002184694167226553 4.851004321232411e-19 
vn 0.999997615814209 0.002184694167226553 4.851004321232411e-19 
vn 0.999997615814209 0.002184694167226553 4.851004321232411e-19 
vn 0.999997615814209 0.002184694167226553 4.851004321232411e-19 
vn 0.999997615814209 0.002184694167226553 4.851004321232411e-19 
vn 0.999997615814209 0.002184694167226553 4.851004321232411e-19 
vn 0.999997615814209 0.002184694167226553 4.851004321232411e-19 
vn 0.999997615814209 0.002184694167226553 4.851004321232411e-19 
vn 0.999997615814209 0.002184694167226553 4.851004321232411e-19 
vn 0.999997615814209 0.002184694167226553 4.851004321232411e-19 
vn 0.999997615814209 0.002184694167226553 4.851004321232411e-19 
vn 0.999997615814209 0.002184694167226553 4.851004321232411e-19 
vn 0.999997615814209 0.002184694167226553 4.851004321232411e-19 
vn 0.999997615814209 0.002184694167226553 4.851004321232411e-19 
vn 0.999997615814209 0.002184694167226553 4.851004321232411e-19 
vn 0.999997615814209 0.002184694167226553 4.851004321232411e-19 
vn 0.999997615814209 0.002184694167226553 4.851004321232411e-19 
vn -0.999997615814209 0.002184694167226553 2.0682309760221979e-13 
vn -0.999997615814209 0.002184694167226553 2.0682309760221979e-13 
vn -0.999997615814209 0.002184694167226553 2.0682309760221979e-13 
vn -0.999997615814209 0.002184694167226553 2.0682309760221979e-13 
vn -0.999997615814209 0.002184694167226553 2.0682309760221979e-13 
vn -0.999997615814209 0.002184694167226553 2.0682309760221979e-13 
vn -0.999997615814209 0.002184694167226553 2.0682309760221979e-13 
vn -0.999997615814209 0.002184694167226553 2.0682309760221979e-13 
vn -0.999997615814209 0.002184694167226553 2.0682309760221979e-13 
vn -0.999997615814209 0.002184694167226553 2.0682309760221979e-13 
vn -0.999997615814209 0.002184694167226553 2.0682309760221979e-13 
vn -0.999997615814209 0.002184694167226553 2.0682309760221979e-13 
vn -0.999997615814209 0.002184694167226553 2.0682309760221979e-13 
vn -0.999997615814209 0.002184694167226553 2.0682309760221979e-13 
vn -0.999997615814209 0.002184694167226553 2.0682309760221979e-13 
vn -0.999997615814209 0.002184694167226553 2.0682309760221979e-13 
vn -0.999997615814209 0.002184694167226553 2.0682309760221979e-13 
vn -0.999997615814209 0.002184694167226553 2.0682309760221979e-13 
vn -0.999997615814209 0.002184694167226553 2.0682309760221979e-13 
vn -0.999997615814209 0.002184694167226553 2.0682309760221979e-13 
vn -0.999997615814209 0.002184694167226553 2.0682309760221979e-13 
vn -0.999997615814209 0.002184694167226553 2.0682309760221979e-13 
vn -0.999997615814209 0.002184694167226553 2.0682309760221979e-13 
vn -0.999997615814209 0.002184694167226553 2.0682309760221979e-13 
vn -0.999997615814209 0.002184694167226553 2.0682309760221979e-13 
vn -0.999997615814209 0.002184694167226553 2.0682309760221979e-13 
vn -0.0018878057599067688 -0.6682642698287964 -0.7439215779304504 
vn -0.0037779659032821655 -0.8907088041305542 -0.45455867052078247 
vn -0.0018878057599067688 -0.6682642698287964 -0.7439215779304504 
vn -0.0037779659032821655 -0.8907088041305542 -0.45455867052078247 
vn -9.798086143429294e-14 -0.3198012113571167 -0.9474846720695496 
vn -9.798086143429294e-14 -0.3198012113571167 -0.9474846720695496 
vn -1.0341130485562108e-13 0.002184694167226553 -0.999997615814209 
vn -1.0341130485562108e-13 -0.002184694167226553 -0.999997615814209 
vn 0.0018863173900172114 0.3198012113571167 -0.9474827647209167 
vn 0.0018863173900172114 0.3198012113571167 -0.9474827647209167 
vn -7.693033086649329e-14 0.6682642698287964 -0.7439239621162415 
vn -7.693033086649329e-14 0.6682642698287964 -0.7439239621162415 
vn -0.0018840150441974401 0.8907088041305542 -0.454570472240448 
vn -0.0018840150441974401 0.8907088041305542 -0.454570472240448 
vn -0.0037497419398278 0.9771679639816284 -0.21243515610694885 
vn -0.0037497419398278 0.9771679639816284 -0.21243515610694885 
vn -6.772832671081549e-15 0.9978529810905457 -0.06549396365880966 
vn -6.772832671081549e-15 0.9978529810905457 -0.06549396365880966 
vn 0.0018840922275558114 0.7124928832054138 0.7016767859458923 
vn 0.0018840922275558114 0.7124928832054138 0.7016767859458923 
vn -0.0018905557226389647 -0.7124928832054138 0.7016767859458923 
vn -0.0018905557226389647 -0.7124928832054138 0.7016767859458923 
vn -2.1971672121675126e-14 -0.9771679639816284 -0.2124682515859604 
vn -2.1971672121675126e-14 -0.9771679639816284 -0.2124682515859604 
vn -0.0038081351667642593 -0.9978529810905457 -0.06538315862417221 
vn -0.0038081351667642593 -0.9978529810905457 -0.06538315862417221 
vn -0.0018905557226389647 -0.7124928832054138 0.7016767859458923 
vn -0.0018905557226389647 -0.7124928832054138 0.7016767859458923 
vn 0.003775712102651596 -0.3280687630176544 0.9446462988853455 
vn -0.001887803548015654 -0.651853621006012 0.7583425045013428 
vn 0.003775712102651596 -0.3280687630176544 0.9446462988853455 
vn -0.001887803548015654 -0.651853621006012 0.7583425045013428 
vn -0.001892064930871129 -0.87427818775177 0.4854215085506439 
vn -0.001892064930871129 -0.87427818775177 0.4854215085506439 
vn 0.0018886805046349764 -0.9691457152366638 0.24648131430149078 
vn 0.0018886805046349764 -0.9691457152366638 0.24648131430149078 
vn 0.001910788007080555 -0.9972425103187561 0.074186772108078 
vn 0.001910788007080555 -0.9972425103187561 0.074186772108078 
vn -0.0037783945444971323 -0.7094202041625977 -0.7047756314277649 
vn 0.0037783945444971323 -0.7094202041625977 -0.7047756314277649 
vn 3.097898456858039e-13 -0.002184694167226553 0.999997615814209 
vn 3.097898456858039e-13 0.002184694167226553 0.999997615814209 
vn -0.0018854610389098525 0.3280687630176544 0.9446519613265991 
vn -0.0018854610389098525 0.3280687630176544 0.9446519613265991 
vn 2.3560163152011593e-13 0.651853621006012 0.758344829082489 
vn 2.3560163152011593e-13 0.651853621006012 0.758344829082489 
vn 0.0018827214371412992 0.87427818775177 0.4854215383529663 
vn 0.0018827214371412992 0.87427818775177 0.4854215383529663 
vn -0.0037589154671877623 0.9691457152366638 0.24645988643169403 
vn -0.0037589154671877623 0.9691457152366638 0.24645988643169403 
vn -0.0018501408630982041 0.9972425103187561 0.07418830692768097 
vn -0.0018501408630982041 0.9972425103187561 0.07418830692768097 
vn -0.0018859856063500047 0.7094202041625977 -0.7047832608222961 
vn -0.0018859856063500047 0.7094202041625977 -0.7047832608222961 
vn -0.0037783945444971323 -0.7094202041625977 -0.7047756314277649 
vn 0.0037783945444971323 -0.7094202041625977 -0.7047756314277649 
vn -0.999997615814209 0.002184694167226553 2.0682309760221979e-13 
vn -0.999997615814209 0.002184694167226553 2.0682309760221979e-13 
vn -0.999997615814209 0.002184694167226553 2.0682309760221979e-13 
vn -0.999997615814209 0.002184694167226553 2.0682309760221979e-13 
vn -0.999997615814209 0.002184694167226553 2.0682309760221979e-13 
vn -0.999997615814209 0.002184694167226553 2.0682309760221979e-13 
vn -0.999997615814209 0.002184694167226553 2.0682309760221979e-13 
vn -0.999997615814209 0.002184694167226553 2.0682309760221979e-13 
vn -0.999997615814209 0.002184694167226553 2.0682309760221979e-13 
vn -0.999997615814209 0.002184694167226553 2.0682309760221979e-13 
vn -0.999997615814209 0.002184694167226553 2.0682309760221979e-13 
vn -0.999997615814209 0.002184694167226553 2.0682309760221979e-13 
vn -0.999997615814209 0.002184694167226553 2.0682309760221979e-13 
vn -0.999997615814209 0.002184694167226553 2.0682309760221979e-13 
vn -0.999997615814209 0.002184694167226553 2.0682309760221979e-13 
vn -0.999997615814209 0.002184694167226553 2.0682309760221979e-13 
vn -0.999997615814209 0.002184694167226553 2.0682309760221979e-13 
vn -0.999997615814209 0.002184694167226553 2.0682309760221979e-13 
vn -0.999997615814209 0.002184694167226553 2.0682309760221979e-13 
vn -0.999997615814209 0.002184694167226553 2.0682309760221979e-13 
vn -0.999997615814209 0.002184694167226553 2.0682309760221979e-13 
vn -0.999997615814209 0.002184694167226553 2.0682309760221979e-13 
vn -0.999997615814209 0.002184694167226553 2.0682309760221979e-13 
vn -0.999997615814209 0.002184694167226553 2.0682309760221979e-13 
vn -0.999997615814209 0.002184694167226553 2.0682309760221979e-13 
vn -0.999997615814209 0.002184694167226553 2.0682309760221979e-13 
vn 0.999997615814209 0.002184694167226553 4.851004321232411e-19 
vn 0.999997615814209 0.002184694167226553 4.851004321232411e-19 
vn 0.999997615814209 0.002184694167226553 4.851004321232411e-19 
vn 0.999997615814209 0.002184694167226553 4.851004321232411e-19 
vn 0.999997615814209 0.002184694167226553 4.851004321232411e-19 
vn 0.999997615814209 0.002184694167226553 4.851004321232411e-19 
vn 0.999997615814209 0.002184694167226553 4.851004321232411e-19 
vn 0.999997615814209 0.002184694167226553 4.851004321232411e-19 
vn 0.999997615814209 0.002184694167226553 4.851004321232411e-19 
vn 0.999997615814209 0.002184694167226553 4.851004321232411e-19 
vn 0.999997615814209 0.002184694167226553 4.851004321232411e-19 
vn 0.999997615814209 0.002184694167226553 4.851004321232411e-19 
vn 0.999997615814209 0.002184694167226553 4.851004321232411e-19 
vn 0.999997615814209 0.002184694167226553 4.851004321232411e-19 
vn 0.999997615814209 0.002184694167226553 4.851004321232411e-19 
vn 0.999997615814209 0.002184694167226553 4.851004321232411e-19 
vn 0.999997615814209 0.002184694167226553 4.851004321232411e-19 
vn 0.999997615814209 0.002184694167226553 4.851004321232411e-19 
vn 0.999997615814209 0.002184694167226553 4.851004321232411e-19 
vn 0.999997615814209 0.002184694167226553 4.851004321232411e-19 
vn 0.999997615814209 0.002184694167226553 4.851004321232411e-19 
vn 0.999997615814209 0.002184694167226553 4.851004321232411e-19 
vn 0.999997615814209 0.002184694167226553 4.851004321232411e-19 
vn 0.999997615814209 0.002184694167226553 4.851004321232411e-19 
vn 0.999997615814209 0.002184694167226553 4.851004321232411e-19 
vn 0.999997615814209 0.002184694167226553 4.851004321232411e-19 
vn -0.0018840150441974401 0.8907088041305542 -0.454570472240448 
vn -7.693033086649329e-14 0.6682642698287964 -0.7439239621162415 
vn -7.693033086649329e-14 0.6682642698287964 -0.7439239621162415 
vn 0.0018863173900172114 0.3198012113571167 -0.9474827647209167 
vn 0.0018863173900172114 0.3198012113571167 -0.9474827647209167 
vn -1.0341130485562108e-13 -0.002184694167226553 -0.999997615814209 
vn -1.0341130485562108e-13 0.002184694167226553 -0.999997615814209 
vn -9.798086143429294e-14 -0.3198012113571167 -0.9474846720695496 
vn -9.798086143429294e-14 -0.3198012113571167 -0.9474846720695496 
vn -0.0018878057599067688 -0.6682642698287964 -0.7439215779304504 
vn -0.0018878057599067688 -0.6682642698287964 -0.7439215779304504 
vn 0.0037779659032821655 -0.8907088041305542 -0.45455867052078247 
vn 0.0037779659032821655 -0.8907088041305542 -0.45455867052078247 
vn -2.1971672121675126e-14 -0.9771679639816284 -0.2124682515859604 
vn -2.1971672121675126e-14 -0.9771679639816284 -0.2124682515859604 
vn 0.0038081351667642593 -0.9978529810905457 -0.06538315862417221 
vn 0.0038081351667642593 -0.9978529810905457 -0.06538315862417221 
vn -0.0018905557226389647 -0.7124928832054138 0.7016767859458923 
vn -0.0018905557226389647 -0.7124928832054138 0.7016767859458923 
vn 0.0018840922275558114 0.7124928832054138 0.7016767859458923 
vn 0.0018840922275558114 0.7124928832054138 0.7016767859458923 
vn -0.0018840150441974401 0.8907088041305542 -0.454570472240448 
vn 0.0037497419398278 0.9771679639816284 -0.21243515610694885 
vn 0.0037497419398278 0.9771679639816284 -0.21243515610694885 
vn -6.772832671081549e-15 0.9978529810905457 -0.06549396365880966 
vn -6.772832671081549e-15 0.9978529810905457 -0.06549396365880966 
vn 0.0018840922275558114 0.7124928832054138 0.7016767859458923 
vn 0.0018840922275558114 0.7124928832054138 0.7016767859458923 
vn -0.0018854610389098525 0.3280687630176544 0.9446519613265991 
vn -0.0018854610389098525 0.3280687630176544 0.9446519613265991 
vn 2.3560163152011593e-13 0.651853621006012 0.758344829082489 
vn 2.3560163152011593e-13 0.651853621006012 0.758344829082489 
vn 0.0018827214371412992 0.87427818775177 0.4854215383529663 
vn 0.0018827214371412992 0.87427818775177 0.4854215383529663 
vn -0.0037589154671877623 0.9691457152366638 0.24645988643169403 
vn -0.0037589154671877623 0.9691457152366638 0.24645988643169403 
vn -0.0018501408630982041 0.9972425103187561 0.07418830692768097 
vn -0.0018501408630982041 0.9972425103187561 0.07418830692768097 
vn -0.0018859856063500047 0.7094202041625977 -0.7047832608222961 
vn -0.0018859856063500047 0.7094202041625977 -0.7047832608222961 
vn 3.097898456858039e-13 0.002184694167226553 0.999997615814209 
vn 3.097898456858039e-13 0.002184694167226553 0.999997615814209 
vn 0.003775712102651596 -0.3280687630176544 0.9446462988853455 
vn 0.003775712102651596 -0.3280687630176544 0.9446462988853455 
vn -0.001887803548015654 -0.651853621006012 0.7583425045013428 
vn -0.001887803548015654 -0.651853621006012 0.7583425045013428 
vn -0.001892064930871129 -0.87427818775177 0.4854215085506439 
vn -0.001892064930871129 -0.87427818775177 0.4854215085506439 
vn 0.0018886805046349764 -0.9691457152366638 0.24648131430149078 
vn 0.0018886805046349764 -0.9691457152366638 0.24648131430149078 
vn 0.001910788007080555 -0.9972425103187561 0.074186772108078 
vn 0.001910788007080555 -0.9972425103187561 0.074186772108078 
vn -0.0037783945444971323 -0.7094202041625977 -0.7047756314277649 
vn 0.0037783945444971323 -0.7094202041625977 -0.7047756314277649 
vn -0.0018859856063500047 0.7094202041625977 -0.7047832608222961 
vn -0.0018859856063500047 0.7094202041625977 -0.7047832608222961 
vn -0.999997615814209 0.002184694167226553 2.0682309760221979e-13 
vn -0.999997615814209 0.002184694167226553 2.0682309760221979e-13 
vn -0.999997615814209 0.002184694167226553 2.0682309760221979e-13 
vn -0.999997615814209 0.002184694167226553 2.0682309760221979e-13 
vn -0.999997615814209 0.002184694167226553 2.0682309760221979e-13 
vn -0.999997615814209 0.002184694167226553 2.0682309760221979e-13 
vn -0.999997615814209 0.002184694167226553 2.0682309760221979e-13 
vn -0.999997615814209 0.002184694167226553 2.0682309760221979e-13 
vn -0.999997615814209 0.002184694167226553 2.0682309760221979e-13 
vn -0.999997615814209 0.002184694167226553 2.0682309760221979e-13 
vn -0.999997615814209 0.002184694167226553 2.0682309760221979e-13 
vn -0.999997615814209 0.002184694167226553 2.0682309760221979e-13 
vn -0.999997615814209 0.002184694167226553 2.0682309760221979e-13 
vn -0.999997615814209 0.002184694167226553 2.0682309760221979e-13 
vn -0.999997615814209 0.002184694167226553 2.0682309760221979e-13 
vn -0.999997615814209 0.002184694167226553 2.0682309760221979e-13 
vn -0.999997615814209 0.002184694167226553 2.0682309760221979e-13 
vn -0.999997615814209 0.002184694167226553 2.0682309760221979e-13 
vn -0.999997615814209 0.002184694167226553 2.0682309760221979e-13 
vn -0.999997615814209 0.002184694167226553 2.0682309760221979e-13 
vn -0.999997615814209 0.002184694167226553 2.0682309760221979e-13 
vn -0.999997615814209 0.002184694167226553 2.0682309760221979e-13 
vn -0.999997615814209 0.002184694167226553 2.0682309760221979e-13 
vn -0.999997615814209 0.002184694167226553 2.0682309760221979e-13 
vn -0.999997615814209 0.002184694167226553 2.0682309760221979e-13 
vn -0.999997615814209 0.002184694167226553 2.0682309760221979e-13 
vn 0.999997615814209 0.002184694167226553 4.851004321232411e-19 
vn 0.999997615814209 0.002184694167226553 4.851004321232411e-19 
vn 0.999997615814209 0.002184694167226553 4.851004321232411e-19 
vn 0.999997615814209 0.002184694167226553 4.851004321232411e-19 
vn 0.999997615814209 0.002184694167226553 4.851004321232411e-19 
vn 0.999997615814209 0.002184694167226553 4.851004321232411e-19 
vn 0.999997615814209 0.002184694167226553 4.851004321232411e-19 
vn 0.999997615814209 0.002184694167226553 4.851004321232411e-19 
vn 0.999997615814209 0.002184694167226553 4.851004321232411e-19 
vn 0.999997615814209 -0.002184694167226553 -4.851004321232411e-19 
vn 0.999997615814209 -0.002184694167226553 -4.851004321232411e-19 
vn 0.999997615814209 -0.002184694167226553 -4.851004321232411e-19 
vn 0.999997615814209 -0.002184694167226553 -4.851004321232411e-19 
vn 0.999997615814209 0.002184694167226553 4.851004321232411e-19 
vn 0.999997615814209 0.002184694167226553 4.851004321232411e-19 
vn 0.999997615814209 0.002184694167226553 4.851004321232411e-19 
vn 0.999997615814209 0.002184694167226553 4.851004321232411e-19 
vn 0.999997615814209 0.002184694167226553 4.851004321232411e-19 
vn 0.999997615814209 0.002184694167226553 4.851004321232411e-19 
vn 0.999997615814209 -0.002184694167226553 -4.851004321232411e-19 
vn 0.999997615814209 -0.002184694167226553 -4.851004321232411e-19 
vn 0.999997615814209 -0.002184694167226553 -4.851004321232411e-19 
vn 0.999997615814209 -0.002184694167226553 -4.851004321232411e-19 
vn 0.999997615814209 0.002184694167226553 4.851004321232411e-19 
vn 0.999997615814209 0.002184694167226553 4.851004321232411e-19 
vn 0.999997615814209 0.002184694167226553 4.851004321232411e-19 
vn -0.0018905557226389647 -0.7124928832054138 0.7016767859458923 
vn 0.0038081351667642593 -0.9978529810905457 -0.06538315862417221 
vn 0.0038081351667642593 -0.9978529810905457 -0.06538315862417221 
vn -2.1971672121675126e-14 -0.9771679639816284 -0.2124682515859604 
vn -2.1971672121675126e-14 -0.9771679639816284 -0.2124682515859604 
vn 0.0037779659032821655 -0.8907088041305542 -0.45455867052078247 
vn 0.0037779659032821655 -0.8907088041305542 -0.45455867052078247 
vn -0.0018878057599067688 -0.6682642698287964 -0.7439215779304504 
vn -0.0018878057599067688 -0.6682642698287964 -0.7439215779304504 
vn -9.798086143429294e-14 -0.3198012113571167 -0.9474846720695496 
vn -9.798086143429294e-14 -0.3198012113571167 -0.9474846720695496 
vn -1.0341130485562108e-13 0.002184694167226553 -0.999997615814209 
vn -1.0341130485562108e-13 -0.002184694167226553 -0.999997615814209 
vn 0.0018863173900172114 0.3198012113571167 -0.9474827647209167 
vn 0.0018863173900172114 0.3198012113571167 -0.9474827647209167 
vn -7.693033086649329e-14 0.6682642698287964 -0.7439239621162415 
vn -7.693033086649329e-14 0.6682642698287964 -0.7439239621162415 
vn -0.0018840150441974401 0.8907088041305542 -0.454570472240448 
vn -0.0018840150441974401 0.8907088041305542 -0.454570472240448 
vn 0.0037497419398278 0.9771679639816284 -0.21243515610694885 
vn 0.0037497419398278 0.9771679639816284 -0.21243515610694885 
vn -6.772832671081549e-15 0.9978529810905457 -0.06549396365880966 
vn -6.772832671081549e-15 0.9978529810905457 -0.06549396365880966 
vn 0.0018840922275558114 0.7124928832054138 0.7016767859458923 
vn 0.0018840922275558114 0.7124928832054138 0.7016767859458923 
vn -0.0018905557226389647 -0.7124928832054138 0.7016767859458923 
vn -0.0018905557226389647 -0.7124928832054138 0.7016767859458923 
vn -0.0018905557226389647 -0.7124928832054138 0.7016767859458923 
vt 0.6704726815223694 0.9227681159973145 
vt 0.6774142980575562 0.9220443367958069 
vt 0.6770552396774292 0.9266281127929688 
vt 0.6851937174797058 0.9267486929893494 
vt 0.6854330897331238 0.9221649765968323 
vt 0.6774142980575562 0.47621434926986694 
vt 0.6854330897331238 0.47609370946884155 
vt 0.6851937174797058 0.4715099632740021 
vt 0.6770552396774292 0.47163060307502747 
vt 0.6704726815223694 0.47549059987068176 
vt 0.6710711121559143 0.47995370626449585 
vt 0.6630523800849915 0.48345184326171875 
vt 0.6637704372406006 0.4879149794578552 
vt 0.6567091345787048 0.48743247985839844 
vt 0.6570681929588318 0.4920162260532379 
vt 0.650605320930481 0.48767372965812683 
vt 0.6508446931838989 0.4921368360519409 
vt 0.6570681929588318 0.9062424898147583 
vt 0.6508446931838989 0.9061218500137329 
vt 0.650605320930481 0.9105849862098694 
vt 0.6567091345787048 0.9108262062072754 
vt 0.6637704372406006 0.9103437066078186 
vt 0.6710711121559143 0.918304979801178 
vt 0.6630523800849915 0.9148068428039551 
vt 0.6297804713249207 0.9938161969184875 
vt 0.6261900067329407 0.9945399761199951 
vt 0.6281049251556396 0.9857343435287476 
vt 0.6249931454658508 0.9866993427276611 
vt 0.6218814253807068 0.9804268479347229 
vt 0.6249931454658508 0.9784968495368958 
vt 0.6145807504653931 0.9723449945449829 
vt 0.618410587310791 0.969932496547699 
vt 0.6108705401420593 0.9653487205505371 
vt 0.615059494972229 0.963659942150116 
vt 0.6136232614517212 0.9579905867576599 
vt 0.6095540523529053 0.9591968655586243 
vt 0.6060832738876343 0.9660724997520447 
vt 0.6056045293807983 0.9599205851554871 
vt 0.6214026808738708 0.9951431155204773 
vt 0.6099131107330322 0.9729480743408203 
vt 0.6174531579017639 0.9806680679321289 
vt 0.028852136805653572 0.9729480743408203 
vt 0.03268199414014816 0.9660724997520447 
vt 0.033160723745822906 0.9599205851554871 
vt 0.02921118587255478 0.9591968655586243 
vt 0.027894673869013786 0.9653487205505371 
vt 0.025141963735222816 0.9579905867576599 
vt 0.02370576746761799 0.963659942150116 
vt 0.02035464346408844 0.969932496547699 
vt 0.024064816534519196 0.9723449945449829 
vt 0.013772078789770603 0.9784968495368958 
vt 0.021312108263373375 0.9806680679321289 
vt 0.6210436224937439 0.9871818423271179 
vt 0.0173625685274601 0.9951431155204773 
vt 0.017721617594361305 0.9871818423271179 
vt 0.013772078789770603 0.9866993427276611 
vt 0.016883837059140205 0.9804268479347229 
vt 0.010660321451723576 0.9857343435287476 
vt 0.012575249187648296 0.9945399761199951 
vt 0.008984759449958801 0.9938161969184875 
vt 0.7160719037055969 0.9262661933898926 
vt 0.7155932188034058 0.9216824769973755 
vt 0.7226544618606567 0.9224061965942383 
vt 0.7219364047050476 0.9179431200027466 
vt 0.7155932188034058 0.47573184967041016 
vt 0.7076941132545471 0.9218031167984009 
vt 0.7076941132545471 0.47561120986938477 
vt 0.7078137993812561 0.4710274636745453 
vt 0.7160719037055969 0.4711481034755707 
vt 0.7226544618606567 0.475008100271225 
vt 0.7219364047050476 0.47947120666503906 
vt 0.7299551367759705 0.48296934366226196 
vt 0.7292370796203613 0.48755308985710144 
vt 0.7364180088043213 0.48694998025894165 
vt 0.7359393239021301 0.49153372645378113 
vt 0.742402195930481 0.48719123005867004 
vt 0.742162823677063 0.49165433645248413 
vt 0.742162823677063 0.9057599902153015 
vt 0.7359393239021301 0.9058805704116821 
vt 0.742402195930481 0.9102230668067932 
vt 0.7364180088043213 0.9103437066078186 
vt 0.7292370796203613 0.9098612070083618 
vt 0.7078137993812561 0.926386833190918 
vt 0.7299551367759705 0.9144449830055237 
vt 0.010660321451723576 0.4674087166786194 
vt 0.008266661316156387 0.46487560868263245 
vt 0.015208275057375431 0.46837371587753296 
vt 0.007428879849612713 0.46041247248649597 
vt 0.620564877986908 0.46837371587753296 
vt 0.6283442974090576 0.46041247248649597 
vt 0.6273868083953857 0.46487560868263245 
vt 0.6249931454658508 0.4674087166786194 
vt 0.010660321451723576 0.007948094978928566 
vt 0.008266661316156387 0.010481219738721848 
vt 0.015208275057375431 0.007103720214217901 
vt 0.007428879849612713 0.014944344758987427 
vt 0.620564877986908 0.007103720214217901 
vt 0.6283442974090576 0.014944344758987427 
vt 0.6273868083953857 0.010481219738721848 
vt 0.6249931454658508 0.007948094978928566 
vt 0.008146977983415127 0.9175812005996704 
vt 0.011617785319685936 0.9168574810028076 
vt 0.009822539985179901 0.9256631135940552 
vt 0.012934298254549503 0.9246981143951416 
vt 0.016046056523919106 0.9309706091880798 
vt 0.01676415465772152 0.9242156147956848 
vt 0.016524787992239 0.9162543416023254 
vt 0.620205819606781 0.9242156147956848 
vt 0.620564877986908 0.9162543416023254 
vt 0.6240357160568237 0.9246981143951416 
vt 0.6253522038459778 0.9168574810028076 
vt 0.012934298254549503 0.932900607585907 
vt 0.023227035999298096 0.9390524625778198 
vt 0.02035464346408844 0.930729329586029 
vt 0.01951686292886734 0.9414649605751038 
vt 0.027056891471147537 0.9460487365722656 
vt 0.02286798693239689 0.947737455368042 
vt 0.024304183200001717 0.9534068703651428 
vt 0.02837340533733368 0.9522005915641785 
vt 0.03184421360492706 0.9453249573707581 
vt 0.03232294321060181 0.9514768719673157 
vt 0.6047667264938354 0.9514768719673157 
vt 0.6052454710006714 0.9453249573707581 
vt 0.6087162494659424 0.9522005915641785 
vt 0.028014356270432472 0.9384493231773376 
vt 0.616615355014801 0.930729329586029 
vt 0.6090753078460693 0.9384493231773376 
vt 0.6099131107330322 0.9460487365722656 
vt 0.6126658320426941 0.9534068703651428 
vt 0.6142216920852661 0.947737455368042 
vt 0.6175727844238281 0.9414649605751038 
vt 0.6137429475784302 0.9390524625778198 
vt 0.6210436224937439 0.9309706091880798 
vt 0.6271474361419678 0.9256631135940552 
vt 0.6288230419158936 0.9175812005996704 
vt 0.6241554021835327 0.932900607585907 
vt 0.6002187728881836 0.9064837098121643 
vt 0.5969873666763306 0.9097405672073364 
vt 0.6010565757751465 0.9020205736160278 
vt 0.5925590395927429 0.9105849862098694 
vt 0.009343807585537434 0.9020205736160278 
vt 0.01784130185842514 0.9105849862098694 
vt 0.01329334732145071 0.9097405672073364 
vt 0.010181589052081108 0.9064837098121643 
vt 0.009343807585537434 0.4882768392562866 
vt 0.5925590395927429 0.47971245646476746 
vt 0.01784130185842514 0.47971245646476746 
vt 0.01329334732145071 0.48067745566368103 
vt 0.010181589052081108 0.48381373286247253 
vt 0.6010565757751465 0.4882768392562866 
vt 0.5969873666763306 0.48067745566368103 
vt 0.6002187728881836 0.48381373286247253 
vt 0.6435440182685852 0.12772871553897858 
vt 0.6568288207054138 0.1489587128162384 
vt 0.6568288207054138 0.12772871553897858 
vt 0.6644885540008545 0.1489587128162384 
vt 0.6644885540008545 0.12772871553897858 
vt 0.6711907982826233 0.1489587128162384 
vt 0.6711907982826233 0.12772871553897858 
vt 0.678371787071228 0.1489587128162384 
vt 0.678371787071228 0.12772871553897858 
vt 0.6847149729728699 0.1489587128162384 
vt 0.6847149729728699 0.12772871553897858 
vt 0.6909384727478027 0.1489587128162384 
vt 0.6909384727478027 0.12772871553897858 
vt 0.6972817182540894 0.12772871553897858 
vt 0.6972817182540894 0.1489587128162384 
vt 0.7036249041557312 0.12772871553897858 
vt 0.7036249041557312 0.1489587128162384 
vt 0.710686206817627 0.12772871553897858 
vt 0.710686206817627 0.1489587128162384 
vt 0.7175081372261047 0.12772871553897858 
vt 0.7175081372261047 0.1489587128162384 
vt 0.7251678109169006 0.12772871553897858 
vt 0.7251678109169006 0.1489587128162384 
vt 0.738452672958374 0.12772871553897858 
vt 0.738452672958374 0.1489587128162384 
vt 0.7777086496353149 0.12772871553897858 
vt 0.7777086496353149 0.1489587128162384 
vt 0.6435440182685852 0.1489587128162384 
vt 0.8158875703811646 0.3376162052154541 
vt 0.8163662552833557 0.3444918394088745 
vt 0.8127757906913757 0.34328559041023254 
vt 0.8119379878044128 0.3494374752044678 
vt 0.8157678842544556 0.3494374752044678 
vt 0.8164859414100647 0.35438308119773865 
vt 0.8130151629447937 0.355709969997406 
vt 0.8162465691566467 0.36113810539245605 
vt 0.8191189765930176 0.3588462173938751 
vt 0.8218716979026794 0.36548060178756714 
vt 0.8241456747055054 0.362344354391098 
vt 0.8282148838043213 0.3676518499851227 
vt 0.8300101161003113 0.3641537129878998 
vt 0.835874617099762 0.36861684918403625 
vt 0.837191104888916 0.36487746238708496 
vt 0.8454492688179016 0.36487746238708496 
vt 0.8491594195365906 0.36849620938301086 
vt 0.8449705243110657 0.33315309882164 
vt 0.8485609889030457 0.3292931020259857 
vt 0.835276186466217 0.3295343518257141 
vt 0.8367123603820801 0.3333943486213684 
vt 0.8295314311981201 0.3342387080192566 
vt 0.8277361392974854 0.3307406008243561 
vt 0.8236669301986694 0.33628934621810913 
vt 0.8213929533958435 0.333273708820343 
vt 0.8188796043395996 0.33990809321403503 
vt 0.8662740588188171 0.3897262215614319 
vt 0.867590606212616 0.3858662247657776 
vt 0.8733353614807129 0.3903293311595917 
vt 0.8751306533813477 0.38683122396469116 
vt 0.8793195486068726 0.3922593593597412 
vt 0.8814738392829895 0.3891230821609497 
vt 0.8842265605926514 0.3957574665546417 
vt 0.8872185945510864 0.3933449685573578 
vt 0.8580159544944763 0.3897262215614319 
vt 0.8541861176490784 0.3859868347644806 
vt 0.8547845482826233 0.4251899719238281 
vt 0.8583750128746033 0.42145058512687683 
vt 0.8680693507194519 0.42494872212409973 
vt 0.8666331171989441 0.42120933532714844 
vt 0.8738141059875488 0.42036497592926025 
vt 0.8756093382835388 0.42374247312545776 
vt 0.8796786069869995 0.4183143377304077 
vt 0.8819525837898254 0.42132997512817383 
vt 0.8845855593681335 0.4145749807357788 
vt 0.8875776529312134 0.41686683893203735 
vt 0.8869792222976685 0.41011184453964233 
vt 0.8905697464942932 0.4113180935382843 
vt 0.8914074897766113 0.40504559874534607 
vt 0.8875776529312134 0.4051662087440491 
vt 0.8868595361709595 0.4002206027507782 
vt 0.8903303742408752 0.39889371395111084 
vt 0.8303691744804382 0.2378593385219574 
vt 0.835395872592926 0.2378593385219574 
vt 0.8303691744804382 0.2592099606990814 
vt 0.835395872592926 0.2592099606990814 
vt 0.8405422568321228 0.2378593385219574 
vt 0.8405422568321228 0.2592099606990814 
vt 0.8466460704803467 0.2378593385219574 
vt 0.8466460704803467 0.2592099606990814 
vt 0.8528695702552795 0.2378593385219574 
vt 0.8253424763679504 0.2378593385219574 
vt 0.8253424763679504 0.2592099606990814 
vt 0.8201961517333984 0.2378593385219574 
vt 0.8201961517333984 0.2592099606990814 
vt 0.8140922784805298 0.2378593385219574 
vt 0.8140922784805298 0.2592099606990814 
vt 0.8078687787055969 0.2378593385219574 
vt 0.8078687787055969 0.2592099606990814 
vt 0.8008074760437012 0.2378593385219574 
vt 0.8008074760437012 0.2592099606990814 
vt 0.7925493717193604 0.2592099606990814 
vt 0.7925493717193604 0.2378593385219574 
vt 0.7607136964797974 0.2592099606990814 
vt 0.7607136964797974 0.2378593385219574 
vt 0.8528695702552795 0.2592099606990814 
vt 0.8600505590438843 0.2378593385219574 
vt 0.8600505590438843 0.2592099606990814 
vt 0.8683087229728699 0.2592099606990814 
vt 0.8683087229728699 0.2378593385219574 
vt 0.6435440182685852 0.08912871778011322 
vt 0.6568288207054138 0.11047934740781784 
vt 0.6568288207054138 0.08912871778011322 
vt 0.6644885540008545 0.11047934740781784 
vt 0.6644885540008545 0.08912871778011322 
vt 0.6711907982826233 0.11047934740781784 
vt 0.6711907982826233 0.08912871778011322 
vt 0.678371787071228 0.11047934740781784 
vt 0.678371787071228 0.08912871778011322 
vt 0.6847149729728699 0.11047934740781784 
vt 0.6847149729728699 0.08912871778011322 
vt 0.6909384727478027 0.11047934740781784 
vt 0.6909384727478027 0.08912871778011322 
vt 0.6972817182540894 0.08912871778011322 
vt 0.6972817182540894 0.11047934740781784 
vt 0.7036249041557312 0.08912871778011322 
vt 0.7036249041557312 0.11047934740781784 
vt 0.710686206817627 0.08912871778011322 
vt 0.710686206817627 0.11047934740781784 
vt 0.7175081372261047 0.08912871778011322 
vt 0.7175081372261047 0.11047934740781784 
vt 0.7251678109169006 0.08912871778011322 
vt 0.7251678109169006 0.11047934740781784 
vt 0.738452672958374 0.08912871778011322 
vt 0.738452672958374 0.11047934740781784 
vt 0.7777086496353149 0.08912871778011322 
vt 0.7777086496353149 0.11047934740781784 
vt 0.6435440182685852 0.11047934740781784 
vt 0.7282795906066895 0.3998587131500244 
vt 0.7312716841697693 0.39418935775756836 
vt 0.7317503690719604 0.4010649621486664 
vt 0.7342637181282043 0.3964812159538269 
vt 0.7367770671844482 0.3898468315601349 
vt 0.7391707301139832 0.392862468957901 
vt 0.7431202530860901 0.38731372356414795 
vt 0.7450352311134338 0.39081183075904846 
vt 0.7506603002548218 0.386107474565506 
vt 0.7520965337753296 0.3898468315601349 
vt 0.7603546380996704 0.3896055817604065 
vt 0.7639451026916504 0.3858662247657776 
vt 0.7645435333251953 0.42506933212280273 
vt 0.7608333826065063 0.42145058512687683 
vt 0.7512587308883667 0.4251899719238281 
vt 0.7525752186775208 0.42145058512687683 
vt 0.745394229888916 0.42072683572769165 
vt 0.743718683719635 0.42422497272491455 
vt 0.7395297884941101 0.4189174771308899 
vt 0.7372558116912842 0.422053724527359 
vt 0.7345030903816223 0.415419340133667 
vt 0.7316307425498962 0.4177112281322479 
vt 0.7318700551986694 0.4109562337398529 
vt 0.7283992767333984 0.4122830927371979 
vt 0.7273221015930176 0.40601059794425964 
vt 0.7311519980430603 0.40601059794425964 
vt 0.7816582322120667 0.33315309882164 
vt 0.7829747200012207 0.3292931020259857 
vt 0.7887194752693176 0.3337562084197998 
vt 0.7905147671699524 0.3302581012248993 
vt 0.7947036623954773 0.33568620681762695 
vt 0.7969776391983032 0.33254995942115784 
vt 0.7997303605079651 0.33918434381484985 
vt 0.8026027083396912 0.3367718458175659 
vt 0.773400068283081 0.33315309882164 
vt 0.7696899175643921 0.3294137120246887 
vt 0.770168662071228 0.36861684918403625 
vt 0.773878812789917 0.36487746238708496 
vt 0.7834534645080566 0.36837559938430786 
vt 0.7821369171142578 0.36463621258735657 
vt 0.7891982197761536 0.3637918531894684 
vt 0.7911131381988525 0.3671693503856659 
vt 0.7950627207756042 0.36174121499061584 
vt 0.7974563837051392 0.36475685238838196 
vt 0.7999697327613831 0.35800185799598694 
vt 0.8029617667198181 0.3602937161922455 
vt 0.8024830222129822 0.35353872179985046 
vt 0.805953860282898 0.35474497079849243 
vt 0.8069113492965698 0.3484724760055542 
vt 0.8029617667198181 0.3485930860042572 
vt 0.802243709564209 0.34364748001098633 
vt 0.805834174156189 0.34232059121131897 
vt 0.8683087229728699 0.2009480893611908 
vt 0.8683087229728699 0.22217810153961182 
vt 0.8600505590438843 0.2009480893611908 
vt 0.8600505590438843 0.22217810153961182 
vt 0.8528695702552795 0.22217810153961182 
vt 0.8528695702552795 0.2009480893611908 
vt 0.8466460704803467 0.22217810153961182 
vt 0.8466460704803467 0.2009480893611908 
vt 0.8405422568321228 0.22217810153961182 
vt 0.8405422568321228 0.2009480893611908 
vt 0.835395872592926 0.22217810153961182 
vt 0.835395872592926 0.2009480893611908 
vt 0.8303691744804382 0.22217810153961182 
vt 0.8303691744804382 0.2009480893611908 
vt 0.8253424763679504 0.22217810153961182 
vt 0.8253424763679504 0.2009480893611908 
vt 0.8201961517333984 0.22217810153961182 
vt 0.8201961517333984 0.2009480893611908 
vt 0.8140922784805298 0.2009480893611908 
vt 0.8140922784805298 0.22217810153961182 
vt 0.8078687787055969 0.2009480893611908 
vt 0.8078687787055969 0.22217810153961182 
vt 0.8008074760437012 0.2009480893611908 
vt 0.8008074760437012 0.22217810153961182 
vt 0.7925493717193604 0.22217810153961182 
vt 0.7925493717193604 0.2009480893611908 
vt 0.7607136964797974 0.22217810153961182 
vt 0.7607136964797974 0.2009480893611908 
vt 0.6847149729728699 0.013617469929158688 
vt 0.678371787071228 0.013617469929158688 
vt 0.6847149729728699 0.034968096762895584 
vt 0.678371787071228 0.034968096762895584 
vt 0.6711907982826233 0.013617469929158688 
vt 0.6711907982826233 0.034968096762895584 
vt 0.6644885540008545 0.013617469929158688 
vt 0.6644885540008545 0.034968096762895584 
vt 0.6568288207054138 0.013617469929158688 
vt 0.6568288207054138 0.034968096762895584 
vt 0.6435440182685852 0.013617469929158688 
vt 0.6435440182685852 0.034968096762895584 
vt 0.6909384727478027 0.034968096762895584 
vt 0.6909384727478027 0.013617469929158688 
vt 0.6972817182540894 0.013617469929158688 
vt 0.6972817182540894 0.034968096762895584 
vt 0.7036249041557312 0.013617469929158688 
vt 0.7036249041557312 0.034968096762895584 
vt 0.710686206817627 0.013617469929158688 
vt 0.710686206817627 0.034968096762895584 
vt 0.7175081372261047 0.013617469929158688 
vt 0.7175081372261047 0.034968096762895584 
vt 0.7251678109169006 0.013617469929158688 
vt 0.7251678109169006 0.034968096762895584 
vt 0.738452672958374 0.013617469929158688 
vt 0.738452672958374 0.034968096762895584 
vt 0.7777086496353149 0.013617469929158688 
vt 0.7777086496353149 0.034968096762895584 
vt 0.646655797958374 0.3376162052154541 
vt 0.6436637043952942 0.34328559041023254 
vt 0.64713454246521 0.3444918394088745 
vt 0.6427062153816223 0.3494374752044678 
vt 0.646536111831665 0.3494374752044678 
vt 0.6472541689872742 0.35438308119773865 
vt 0.6437833905220032 0.355709969997406 
vt 0.647014856338501 0.36113810539245605 
vt 0.649887204170227 0.3588462173938751 
vt 0.6526399254798889 0.36548060178756714 
vt 0.6549139022827148 0.362344354391098 
vt 0.6591027975082397 0.3676518499851227 
vt 0.6607784032821655 0.3641537129878998 
vt 0.6666428446769714 0.36861684918403625 
vt 0.6679593324661255 0.36487746238708496 
vt 0.6762174963951111 0.36487746238708496 
vt 0.6799276471138 0.36849620938301086 
vt 0.6757387518882751 0.33315309882164 
vt 0.6794489026069641 0.3292931020259857 
vt 0.6660444140434265 0.3295343518257141 
vt 0.6674806475639343 0.3333943486213684 
vt 0.6604193449020386 0.3342387080192566 
vt 0.6585044264793396 0.3307406008243561 
vt 0.6545548439025879 0.33628934621810913 
vt 0.652161180973053 0.333273708820343 
vt 0.6496478319168091 0.33990809321403503 
vt 0.7212182879447937 0.39889371395111084 
vt 0.7177475094795227 0.4002206027507782 
vt 0.7179868221282959 0.3933449685573578 
vt 0.7151144742965698 0.3957574665546417 
vt 0.712361752986908 0.3891230821609497 
vt 0.710087776184082 0.3922593593597412 
vt 0.7058988809585571 0.38683122396469116 
vt 0.7222954630851746 0.40504559874534607 
vt 0.7184655666351318 0.4051662087440491 
vt 0.7178671956062317 0.41011184453964233 
vt 0.7213379740715027 0.4113180935382843 
vt 0.7183458805084229 0.41686683893203735 
vt 0.7153538465499878 0.4145749807357788 
vt 0.7128404974937439 0.42132997512817383 
vt 0.710446834564209 0.4183143377304077 
vt 0.706497311592102 0.42374247312545776 
vt 0.7045823335647583 0.42036497592926025 
vt 0.6989572644233704 0.42494872212409973 
vt 0.6975210309028625 0.42120933532714844 
vt 0.6892629265785217 0.42145058512687683 
vt 0.6856724619865417 0.4251899719238281 
vt 0.6887841820716858 0.3897262215614319 
vt 0.6850740313529968 0.3859868347644806 
vt 0.6983588337898254 0.3858662247657776 
vt 0.6970423460006714 0.3897262215614319 
vt 0.7042233347892761 0.3903293311595917 
vt 0.8570585250854492 0.12772871553897858 
vt 0.8570585250854492 0.1489587128162384 
vt 0.8619654774665833 0.12772871553897858 
vt 0.8619654774665833 0.1489587128162384 
vt 0.86711186170578 0.12772871553897858 
vt 0.86711186170578 0.1489587128162384 
vt 0.8732156753540039 0.12772871553897858 
vt 0.8520318269729614 0.12772871553897858 
vt 0.8520318269729614 0.1489587128162384 
vt 0.8468854427337646 0.12772871553897858 
vt 0.8468854427337646 0.1489587128162384 
vt 0.8407816290855408 0.12772871553897858 
vt 0.8407816290855408 0.1489587128162384 
vt 0.8345580697059631 0.12772871553897858 
vt 0.8345580697059631 0.1489587128162384 
vt 0.8273771405220032 0.12772871553897858 
vt 0.8273771405220032 0.1489587128162384 
vt 0.8191189765930176 0.12772871553897858 
vt 0.8191189765930176 0.1489587128162384 
vt 0.7872833013534546 0.1489587128162384 
vt 0.7872833013534546 0.12772871553897858 
vt 0.8732156753540039 0.1489587128162384 
vt 0.8794392347335815 0.12772871553897858 
vt 0.8794392347335815 0.1489587128162384 
vt 0.8866202235221863 0.12772871553897858 
vt 0.8866202235221863 0.1489587128162384 
vt 0.8948783278465271 0.12772871553897858 
vt 0.8948783278465271 0.1489587128162384 
vt 0.8285739421844482 0.08912871778011322 
vt 0.8285739421844482 0.11047934740781784 
vt 0.8221110701560974 0.08912871778011322 
vt 0.8221110701560974 0.11047934740781784 
vt 0.8150497674942017 0.08912871778011322 
vt 0.8150497674942017 0.11047934740781784 
vt 0.8082278370857239 0.08912871778011322 
vt 0.8082278370857239 0.11047934740781784 
vt 0.8006877899169922 0.08912871778011322 
vt 0.8006877899169922 0.11047934740781784 
vt 0.7872833013534546 0.08912871778011322 
vt 0.7872833013534546 0.11047934740781784 
vt 0.8347974419593811 0.11047934740781784 
vt 0.8347974419593811 0.08912871778011322 
vt 0.8411406874656677 0.08912871778011322 
vt 0.8411406874656677 0.11047934740781784 
vt 0.8474838733673096 0.08912871778011322 
vt 0.8474838733673096 0.11047934740781784 
vt 0.8545451760292053 0.08912871778011322 
vt 0.8545451760292053 0.11047934740781784 
vt 0.8613671064376831 0.08912871778011322 
vt 0.8613671064376831 0.11047934740781784 
vt 0.869026780128479 0.08912871778011322 
vt 0.869026780128479 0.11047934740781784 
vt 0.8823115825653076 0.08912871778011322 
vt 0.8823115825653076 0.11047934740781784 
vt 0.9215676188468933 0.08912871778011322 
vt 0.9215676188468933 0.11047934740781784 
vt 0.8127757906913757 0.3998587131500244 
vt 0.8163662552833557 0.4010649621486664 
vt 0.8158875703811646 0.39418935775756836 
vt 0.8188796043395996 0.3964812159538269 
vt 0.8213929533958435 0.3898468315601349 
vt 0.8236669301986694 0.392862468957901 
vt 0.8277361392974854 0.38731372356414795 
vt 0.8295314311981201 0.39081183075904846 
vt 0.835276186466217 0.386107474565506 
vt 0.8367123603820801 0.3898468315601349 
vt 0.8449705243110657 0.3896055817604065 
vt 0.8485609889030457 0.3858662247657776 
vt 0.8491594195365906 0.42506933212280273 
vt 0.8454492688179016 0.42145058512687683 
vt 0.835874617099762 0.4251899719238281 
vt 0.837191104888916 0.42145058512687683 
vt 0.8300101161003113 0.42072683572769165 
vt 0.8282148838043213 0.42422497272491455 
vt 0.8241456747055054 0.4189174771308899 
vt 0.8218716979026794 0.422053724527359 
vt 0.8191189765930176 0.415419340133667 
vt 0.8162465691566467 0.4177112281322479 
vt 0.8164859414100647 0.4109562337398529 
vt 0.8130151629447937 0.4122830927371979 
vt 0.8119379878044128 0.40601059794425964 
vt 0.8157678842544556 0.40601059794425964 
vt 0.9508899450302124 0.3897262215614319 
vt 0.9520868062973022 0.3858662247657776 
vt 0.9579512476921082 0.3903293311595917 
vt 0.9597465395927429 0.38683122396469116 
vt 0.9639354348182678 0.3922593593597412 
vt 0.9660897254943848 0.3891230821609497 
vt 0.9688424468040466 0.3957574665546417 
vt 0.9718344807624817 0.3933449685573578 
vt 0.9425121545791626 0.3897262215614319 
vt 0.9388020038604736 0.3859868347644806 
vt 0.9394003748893738 0.4251899719238281 
vt 0.9429908990859985 0.42145058512687683 
vt 0.9526852369308472 0.42494872212409973 
vt 0.9512490034103394 0.42120933532714844 
vt 0.9584299921989441 0.42036497592926025 
vt 0.9602252244949341 0.42374247312545776 
vt 0.9642944931983948 0.4183143377304077 
vt 0.9665684700012207 0.42132997512817383 
vt 0.9692014455795288 0.4145749807357788 
vt 0.9720738530158997 0.41686683893203735 
vt 0.9715951085090637 0.41011184453964233 
vt 0.9751856327056885 0.4113180935382843 
vt 0.9760233759880066 0.40504559874534607 
vt 0.9721935391426086 0.4051662087440491 
vt 0.9714754223823547 0.4002206027507782 
vt 0.9749462604522705 0.39889371395111084 
vt 0.9599858522415161 0.2009480893611908 
vt 0.9660897254943848 0.2009480893611908 
vt 0.9599858522415161 0.22217810153961182 
vt 0.9660897254943848 0.22217810153961182 
vt 0.9548395276069641 0.22217810153961182 
vt 0.9548395276069641 0.2009480893611908 
vt 0.9498128294944763 0.22217810153961182 
vt 0.9498128294944763 0.2009480893611908 
vt 0.9449058175086975 0.22217810153961182 
vt 0.9449058175086975 0.2009480893611908 
vt 0.9397594332695007 0.22217810153961182 
vt 0.9397594332695007 0.2009480893611908 
vt 0.9336556196212769 0.2009480893611908 
vt 0.9336556196212769 0.22217810153961182 
vt 0.927432119846344 0.2009480893611908 
vt 0.927432119846344 0.22217810153961182 
vt 0.9202511310577393 0.2009480893611908 
vt 0.9202511310577393 0.22217810153961182 
vt 0.9119929671287537 0.2009480893611908 
vt 0.9119929671287537 0.22217810153961182 
vt 0.8801572918891907 0.22217810153961182 
vt 0.8801572918891907 0.2009480893611908 
vt 0.9723132252693176 0.2009480893611908 
vt 0.9723132252693176 0.22217810153961182 
vt 0.9794942140579224 0.2009480893611908 
vt 0.9794942140579224 0.22217810153961182 
vt 0.9877523183822632 0.2009480893611908 
vt 0.9877523183822632 0.22217810153961182 
vt 0.6847149729728699 0.16391621530056 
vt 0.678371787071228 0.16391621530056 
vt 0.6847149729728699 0.18514621257781982 
vt 0.678371787071228 0.18514621257781982 
vt 0.6711907982826233 0.16391621530056 
vt 0.6711907982826233 0.18514621257781982 
vt 0.6644885540008545 0.16391621530056 
vt 0.6644885540008545 0.18514621257781982 
vt 0.6568288207054138 0.16391621530056 
vt 0.6568288207054138 0.18514621257781982 
vt 0.6435440182685852 0.16391621530056 
vt 0.6435440182685852 0.18514621257781982 
vt 0.6909384727478027 0.18514621257781982 
vt 0.6909384727478027 0.16391621530056 
vt 0.6972817182540894 0.16391621530056 
vt 0.6972817182540894 0.18514621257781982 
vt 0.7036249041557312 0.16391621530056 
vt 0.7036249041557312 0.18514621257781982 
vt 0.710686206817627 0.16391621530056 
vt 0.710686206817627 0.18514621257781982 
vt 0.7175081372261047 0.16391621530056 
vt 0.7175081372261047 0.18514621257781982 
vt 0.7251678109169006 0.16391621530056 
vt 0.7251678109169006 0.18514621257781982 
vt 0.738452672958374 0.16391621530056 
vt 0.738452672958374 0.18514621257781982 
vt 0.7777086496353149 0.16391621530056 
vt 0.7777086496353149 0.18514621257781982 
vt 0.77351975440979 0.39418935775756836 
vt 0.7705276608467102 0.3998587131500244 
vt 0.774118185043335 0.4010649621486664 
vt 0.7696899175643921 0.40601059794425964 
vt 0.77351975440979 0.40601059794425964 
vt 0.774237871170044 0.4109562337398529 
vt 0.7707670331001282 0.4122830927371979 
vt 0.773878812789917 0.4177112281322479 
vt 0.7768709063529968 0.415419340133667 
vt 0.7796235680580139 0.422053724527359 
vt 0.7817779183387756 0.4189174771308899 
vt 0.7859668135643005 0.42422497272491455 
vt 0.7877620458602905 0.42072683572769165 
vt 0.7935068011283875 0.4251899719238281 
vt 0.7948233485221863 0.42145058512687683 
vt 0.8030814528465271 0.42145058512687683 
vt 0.8069113492965698 0.42506933212280273 
vt 0.8026027083396912 0.3896055817604065 
vt 0.8063129186630249 0.3858662247657776 
vt 0.7930281162261963 0.386107474565506 
vt 0.7943446040153503 0.3898468315601349 
vt 0.7872833013534546 0.39081183075904846 
vt 0.7854880690574646 0.38731372356414795 
vt 0.7814188599586487 0.392862468957901 
vt 0.7791448831558228 0.3898468315601349 
vt 0.7765118479728699 0.3964812159538269 
vt 0.6970423460006714 0.33315309882164 
vt 0.6983588337898254 0.3292931020259857 
vt 0.7042233347892761 0.3337562084197998 
vt 0.7058988809585571 0.3302581012248993 
vt 0.710087776184082 0.33568620681762695 
vt 0.712361752986908 0.33254995942115784 
vt 0.7151144742965698 0.33918434381484985 
vt 0.7179868221282959 0.3367718458175659 
vt 0.6887841820716858 0.33315309882164 
vt 0.6850740313529968 0.3294137120246887 
vt 0.6856724619865417 0.36861684918403625 
vt 0.6892629265785217 0.36487746238708496 
vt 0.6989572644233704 0.36837559938430786 
vt 0.6975210309028625 0.36463621258735657 
vt 0.7045823335647583 0.3637918531894684 
vt 0.706497311592102 0.3671693503856659 
vt 0.710446834564209 0.36174121499061584 
vt 0.7128404974937439 0.36475685238838196 
vt 0.7153538465499878 0.35800185799598694 
vt 0.7183458805084229 0.3602937161922455 
vt 0.7178671956062317 0.35353872179985046 
vt 0.7213379740715027 0.35474497079849243 
vt 0.7222954630851746 0.3484724760055542 
vt 0.7184655666351318 0.3485930860042572 
vt 0.7177475094795227 0.34364748001098633 
vt 0.7212182879447937 0.34232059121131897 
vt 0.8948783278465271 0.18514621257781982 
vt 0.8866202235221863 0.18514621257781982 
vt 0.8948783278465271 0.16391621530056 
vt 0.8866202235221863 0.16391621530056 
vt 0.8794392347335815 0.18514621257781982 
vt 0.8794392347335815 0.16391621530056 
vt 0.8732156753540039 0.18514621257781982 
vt 0.8732156753540039 0.16391621530056 
vt 0.86711186170578 0.18514621257781982 
vt 0.86711186170578 0.16391621530056 
vt 0.8619654774665833 0.18514621257781982 
vt 0.8619654774665833 0.16391621530056 
vt 0.8570585250854492 0.18514621257781982 
vt 0.8570585250854492 0.16391621530056 
vt 0.8520318269729614 0.18514621257781982 
vt 0.8520318269729614 0.16391621530056 
vt 0.8468854427337646 0.18514621257781982 
vt 0.8468854427337646 0.16391621530056 
vt 0.8407816290855408 0.16391621530056 
vt 0.8407816290855408 0.18514621257781982 
vt 0.8345580697059631 0.16391621530056 
vt 0.8345580697059631 0.18514621257781982 
vt 0.8273771405220032 0.16391621530056 
vt 0.8273771405220032 0.18514621257781982 
vt 0.8191189765930176 0.16391621530056 
vt 0.8191189765930176 0.18514621257781982 
vt 0.7872833013534546 0.18514621257781982 
vt 0.7872833013534546 0.16391621530056 
vt 0.7872833013534546 0.04992559552192688 
vt 0.8006877899169922 0.04992559552192688 
vt 0.8006877899169922 0.0711555927991867 
vt 0.8082278370857239 0.0711555927991867 
vt 0.8082278370857239 0.04992559552192688 
vt 0.8150497674942017 0.0711555927991867 
vt 0.8150497674942017 0.04992559552192688 
vt 0.8221110701560974 0.0711555927991867 
vt 0.8221110701560974 0.04992559552192688 
vt 0.8285739421844482 0.0711555927991867 
vt 0.8285739421844482 0.04992559552192688 
vt 0.8347974419593811 0.0711555927991867 
vt 0.8347974419593811 0.04992559552192688 
vt 0.8411406874656677 0.04992559552192688 
vt 0.8411406874656677 0.0711555927991867 
vt 0.8474838733673096 0.04992559552192688 
vt 0.8474838733673096 0.0711555927991867 
vt 0.8545451760292053 0.04992559552192688 
vt 0.8545451760292053 0.0711555927991867 
vt 0.8613671064376831 0.04992559552192688 
vt 0.8613671064376831 0.0711555927991867 
vt 0.869026780128479 0.04992559552192688 
vt 0.869026780128479 0.0711555927991867 
vt 0.8823115825653076 0.04992559552192688 
vt 0.8823115825653076 0.0711555927991867 
vt 0.9215676188468933 0.04992559552192688 
vt 0.9215676188468933 0.0711555927991867 
vt 0.7872833013534546 0.0711555927991867 
vt 0.9397594332695007 0.34328559041023254 
vt 0.9427515268325806 0.3376162052154541 
vt 0.9432302713394165 0.3444918394088745 
vt 0.9457436203956604 0.33990809321403503 
vt 0.9482569694519043 0.333273708820343 
vt 0.9506506323814392 0.33628934621810913 
vt 0.9546001553535461 0.3307406008243561 
vt 0.9565150737762451 0.3342387080192566 
vt 0.9621401429176331 0.3295343518257141 
vt 0.9635763764381409 0.3333943486213684 
vt 0.9718344807624817 0.33315309882164 
vt 0.9754250049591064 0.3292931020259857 
vt 0.9760233759880066 0.36849620938301086 
vt 0.9723132252693176 0.36487746238708496 
vt 0.962738573551178 0.36861684918403625 
vt 0.9640551209449768 0.36487746238708496 
vt 0.9568741321563721 0.3641537129878998 
vt 0.9551985859870911 0.3676518499851227 
vt 0.9510096311569214 0.362344354391098 
vt 0.9487356543540955 0.36548060178756714 
vt 0.9459829926490784 0.3588462173938751 
vt 0.9431105852127075 0.36113810539245605 
vt 0.9433499574661255 0.35438308119773865 
vt 0.9398791193962097 0.355709969997406 
vt 0.9388020038604736 0.3494374752044678 
vt 0.9426318407058716 0.3494374752044678 
vt 0.9085221886634827 0.33315309882164 
vt 0.9098386764526367 0.3292931020259857 
vt 0.9157031774520874 0.3337562084197998 
vt 0.9173787236213684 0.3302581012248993 
vt 0.9215676188468933 0.33568620681762695 
vt 0.9238415956497192 0.33254995942115784 
vt 0.9265943169593811 0.33918434381484985 
vt 0.929466724395752 0.3367718458175659 
vt 0.9002640843391418 0.33315309882164 
vt 0.8965538740158081 0.3294137120246887 
vt 0.897152304649353 0.36861684918403625 
vt 0.900742769241333 0.36487746238708496 
vt 0.9104371070861816 0.36837559938430786 
vt 0.9090009331703186 0.36463621258735657 
vt 0.9160622358322144 0.3637918531894684 
vt 0.9179771542549133 0.3671693503856659 
vt 0.9219266772270203 0.36174121499061584 
vt 0.9243203401565552 0.36475685238838196 
vt 0.9268336892127991 0.35800185799598694 
vt 0.9298257827758789 0.3602937161922455 
vt 0.929347038269043 0.35353872179985046 
vt 0.932817816734314 0.35474497079849243 
vt 0.9337753057479858 0.3484724760055542 
vt 0.9299454689025879 0.3485930860042572 
vt 0.929227352142334 0.34364748001098633 
vt 0.932698130607605 0.34232059121131897 
vt 0.7233725786209106 0.2378593385219574 
vt 0.7294763922691345 0.2378593385219574 
vt 0.7233725786209106 0.2592099606990814 
vt 0.7294763922691345 0.2592099606990814 
vt 0.7182261943817139 0.2592099606990814 
vt 0.7182261943817139 0.2378593385219574 
vt 0.7131995558738708 0.2592099606990814 
vt 0.7131995558738708 0.2378593385219574 
vt 0.7081728577613831 0.2592099606990814 
vt 0.7081728577613831 0.2378593385219574 
vt 0.7030264735221863 0.2592099606990814 
vt 0.7030264735221863 0.2378593385219574 
vt 0.6969226598739624 0.2378593385219574 
vt 0.6969226598739624 0.2592099606990814 
vt 0.6906991004943848 0.2378593385219574 
vt 0.6906991004943848 0.2592099606990814 
vt 0.6835181713104248 0.2378593385219574 
vt 0.6835181713104248 0.2592099606990814 
vt 0.6752600073814392 0.2378593385219574 
vt 0.6752600073814392 0.2592099606990814 
vt 0.6435440182685852 0.2592099606990814 
vt 0.6435440182685852 0.2378593385219574 
vt 0.7356999516487122 0.2378593385219574 
vt 0.7356999516487122 0.2592099606990814 
vt 0.7427612543106079 0.2378593385219574 
vt 0.7427612543106079 0.2592099606990814 
vt 0.7510193586349487 0.2378593385219574 
vt 0.7510193586349487 0.2592099606990814 
vt 0.8285739421844482 0.013617469929158688 
vt 0.8221110701560974 0.013617469929158688 
vt 0.8285739421844482 0.034968096762895584 
vt 0.8221110701560974 0.034968096762895584 
vt 0.8150497674942017 0.013617469929158688 
vt 0.8150497674942017 0.034968096762895584 
vt 0.8082278370857239 0.013617469929158688 
vt 0.8082278370857239 0.034968096762895584 
vt 0.8006877899169922 0.013617469929158688 
vt 0.8006877899169922 0.034968096762895584 
vt 0.7872833013534546 0.013617469929158688 
vt 0.7872833013534546 0.034968096762895584 
vt 0.8347974419593811 0.034968096762895584 
vt 0.8347974419593811 0.013617469929158688 
vt 0.8411406874656677 0.013617469929158688 
vt 0.8411406874656677 0.034968096762895584 
vt 0.8474838733673096 0.013617469929158688 
vt 0.8474838733673096 0.034968096762895584 
vt 0.8545451760292053 0.013617469929158688 
vt 0.8545451760292053 0.034968096762895584 
vt 0.8613671064376831 0.013617469929158688 
vt 0.8613671064376831 0.034968096762895584 
vt 0.869026780128479 0.013617469929158688 
vt 0.869026780128479 0.034968096762895584 
vt 0.8823115825653076 0.013617469929158688 
vt 0.8823115825653076 0.034968096762895584 
vt 0.9215676188468933 0.013617469929158688 
vt 0.9215676188468933 0.034968096762895584 
vt 0.7282795906066895 0.34328559041023254 
vt 0.7317503690719604 0.3444918394088745 
vt 0.7312716841697693 0.3376162052154541 
vt 0.7342637181282043 0.33990809321403503 
vt 0.7367770671844482 0.333273708820343 
vt 0.7391707301139832 0.33628934621810913 
vt 0.7431202530860901 0.3307406008243561 
vt 0.7450352311134338 0.3342387080192566 
vt 0.7506603002548218 0.3295343518257141 
vt 0.7520965337753296 0.3333943486213684 
vt 0.7603546380996704 0.33315309882164 
vt 0.7639451026916504 0.3292931020259857 
vt 0.7645435333251953 0.36849620938301086 
vt 0.7608333826065063 0.36487746238708496 
vt 0.7512587308883667 0.36861684918403625 
vt 0.7525752186775208 0.36487746238708496 
vt 0.745394229888916 0.3641537129878998 
vt 0.743718683719635 0.3676518499851227 
vt 0.7395297884941101 0.362344354391098 
vt 0.7372558116912842 0.36548060178756714 
vt 0.7345030903816223 0.3588462173938751 
vt 0.7316307425498962 0.36113810539245605 
vt 0.7318700551986694 0.35438308119773865 
vt 0.7283992767333984 0.355709969997406 
vt 0.7273221015930176 0.3494374752044678 
vt 0.7311519980430603 0.3494374752044678 
vt 0.8662740588188171 0.33315309882164 
vt 0.867590606212616 0.3292931020259857 
vt 0.8733353614807129 0.3337562084197998 
vt 0.8751306533813477 0.3302581012248993 
vt 0.8793195486068726 0.33568620681762695 
vt 0.8814738392829895 0.33254995942115784 
vt 0.8842265605926514 0.33918434381484985 
vt 0.8872185945510864 0.3367718458175659 
vt 0.8580159544944763 0.33315309882164 
vt 0.8541861176490784 0.3294137120246887 
vt 0.8547845482826233 0.36861684918403625 
vt 0.8583750128746033 0.36487746238708496 
vt 0.8680693507194519 0.36837559938430786 
vt 0.8666331171989441 0.36463621258735657 
vt 0.8738141059875488 0.3637918531894684 
vt 0.8756093382835388 0.3671693503856659 
vt 0.8796786069869995 0.36174121499061584 
vt 0.8819525837898254 0.36475685238838196 
vt 0.8845855593681335 0.35800185799598694 
vt 0.8875776529312134 0.3602937161922455 
vt 0.8869792222976685 0.35353872179985046 
vt 0.8905697464942932 0.35474497079849243 
vt 0.8914074897766113 0.3484724760055542 
vt 0.8875776529312134 0.3485930860042572 
vt 0.8868595361709595 0.34364748001098633 
vt 0.8903303742408752 0.34232059121131897 
vt 0.7294763922691345 0.27645933628082275 
vt 0.7233725786209106 0.2976893484592438 
vt 0.7233725786209106 0.27645933628082275 
vt 0.7182261943817139 0.2976893484592438 
vt 0.7182261943817139 0.27645933628082275 
vt 0.7131995558738708 0.2976893484592438 
vt 0.7131995558738708 0.27645933628082275 
vt 0.7081728577613831 0.2976893484592438 
vt 0.7081728577613831 0.27645933628082275 
vt 0.7030264735221863 0.2976893484592438 
vt 0.7030264735221863 0.27645933628082275 
vt 0.6969226598739624 0.27645933628082275 
vt 0.6969226598739624 0.2976893484592438 
vt 0.6906991004943848 0.27645933628082275 
vt 0.6906991004943848 0.2976893484592438 
vt 0.6835181713104248 0.27645933628082275 
vt 0.6835181713104248 0.2976893484592438 
vt 0.6752600073814392 0.27645933628082275 
vt 0.6752600073814392 0.2976893484592438 
vt 0.6435440182685852 0.2976893484592438 
vt 0.6435440182685852 0.27645933628082275 
vt 0.7294763922691345 0.2976893484592438 
vt 0.7356999516487122 0.27645933628082275 
vt 0.7356999516487122 0.2976893484592438 
vt 0.7427612543106079 0.27645933628082275 
vt 0.7427612543106079 0.2976893484592438 
vt 0.7510193586349487 0.27645933628082275 
vt 0.7510193586349487 0.2976893484592438 
vt 0.6847149729728699 0.04992559552192688 
vt 0.6847149729728699 0.0711555927991867 
vt 0.678371787071228 0.04992559552192688 
vt 0.678371787071228 0.0711555927991867 
vt 0.6711907982826233 0.04992559552192688 
vt 0.6711907982826233 0.0711555927991867 
vt 0.6644885540008545 0.04992559552192688 
vt 0.6644885540008545 0.0711555927991867 
vt 0.6568288207054138 0.04992559552192688 
vt 0.6568288207054138 0.0711555927991867 
vt 0.6435440182685852 0.04992559552192688 
vt 0.6435440182685852 0.0711555927991867 
vt 0.6909384727478027 0.0711555927991867 
vt 0.6909384727478027 0.04992559552192688 
vt 0.6972817182540894 0.04992559552192688 
vt 0.6972817182540894 0.0711555927991867 
vt 0.7036249041557312 0.04992559552192688 
vt 0.7036249041557312 0.0711555927991867 
vt 0.710686206817627 0.04992559552192688 
vt 0.710686206817627 0.0711555927991867 
vt 0.7175081372261047 0.04992559552192688 
vt 0.7175081372261047 0.0711555927991867 
vt 0.7251678109169006 0.04992559552192688 
vt 0.7251678109169006 0.0711555927991867 
vt 0.738452672958374 0.04992559552192688 
vt 0.738452672958374 0.0711555927991867 
vt 0.7777086496353149 0.04992559552192688 
vt 0.7777086496353149 0.0711555927991867 
vt 0.6436637043952942 0.3998587131500244 
vt 0.64713454246521 0.4010649621486664 
vt 0.646655797958374 0.39418935775756836 
vt 0.6496478319168091 0.3964812159538269 
vt 0.652161180973053 0.3898468315601349 
vt 0.6545548439025879 0.392862468957901 
vt 0.6585044264793396 0.38731372356414795 
vt 0.6604193449020386 0.39081183075904846 
vt 0.6660444140434265 0.386107474565506 
vt 0.6674806475639343 0.3898468315601349 
vt 0.6757387518882751 0.3897262215614319 
vt 0.6794489026069641 0.3858662247657776 
vt 0.6799276471138 0.42506933212280273 
vt 0.6762174963951111 0.42145058512687683 
vt 0.6666428446769714 0.4251899719238281 
vt 0.6679593324661255 0.42145058512687683 
vt 0.6607784032821655 0.42072683572769165 
vt 0.6591027975082397 0.42422497272491455 
vt 0.6549139022827148 0.4189174771308899 
vt 0.6526399254798889 0.422053724527359 
vt 0.649887204170227 0.415419340133667 
vt 0.647014856338501 0.4177112281322479 
vt 0.6472541689872742 0.4109562337398529 
vt 0.6437833905220032 0.4122830927371979 
vt 0.6427062153816223 0.40601059794425964 
vt 0.646536111831665 0.40601059794425964 
vt 0.932698130607605 0.39889371395111084 
vt 0.929227352142334 0.4002206027507782 
vt 0.929466724395752 0.3933449685573578 
vt 0.9265943169593811 0.3957574665546417 
vt 0.9238415956497192 0.3891230821609497 
vt 0.9215676188468933 0.3922593593597412 
vt 0.9173787236213684 0.38683122396469116 
vt 0.9337753057479858 0.40504559874534607 
vt 0.9299454689025879 0.4051662087440491 
vt 0.929347038269043 0.41011184453964233 
vt 0.932817816734314 0.4113180935382843 
vt 0.9298257827758789 0.41686683893203735 
vt 0.9268336892127991 0.4145749807357788 
vt 0.9243203401565552 0.42132997512817383 
vt 0.9219266772270203 0.4183143377304077 
vt 0.9179771542549133 0.42374247312545776 
vt 0.9160622358322144 0.42036497592926025 
vt 0.9104371070861816 0.42494872212409973 
vt 0.9090009331703186 0.42120933532714844 
vt 0.900742769241333 0.42145058512687683 
vt 0.897152304649353 0.4251899719238281 
vt 0.9002640843391418 0.3897262215614319 
vt 0.8965538740158081 0.3859868347644806 
vt 0.9098386764526367 0.3858662247657776 
vt 0.9085221886634827 0.3897262215614319 
vt 0.9157031774520874 0.3903293311595917 
vt 0.7510193586349487 0.2009480893611908 
vt 0.7427612543106079 0.2009480893611908 
vt 0.7427612543106079 0.22217810153961182 
vt 0.7356999516487122 0.22217810153961182 
vt 0.7356999516487122 0.2009480893611908 
vt 0.7294763922691345 0.22217810153961182 
vt 0.7294763922691345 0.2009480893611908 
vt 0.7233725786209106 0.22217810153961182 
vt 0.7233725786209106 0.2009480893611908 
vt 0.7182261943817139 0.22217810153961182 
vt 0.7182261943817139 0.2009480893611908 
vt 0.7131995558738708 0.22217810153961182 
vt 0.7131995558738708 0.2009480893611908 
vt 0.7081728577613831 0.22217810153961182 
vt 0.7081728577613831 0.2009480893611908 
vt 0.7030264735221863 0.22217810153961182 
vt 0.7030264735221863 0.2009480893611908 
vt 0.6969226598739624 0.2009480893611908 
vt 0.6969226598739624 0.22217810153961182 
vt 0.6906991004943848 0.2009480893611908 
vt 0.6906991004943848 0.22217810153961182 
vt 0.6835181713104248 0.2009480893611908 
vt 0.6835181713104248 0.22217810153961182 
vt 0.6752600073814392 0.2009480893611908 
vt 0.6752600073814392 0.22217810153961182 
vt 0.6435440182685852 0.2009480893611908 
vt 0.6435440182685852 0.22217810153961182 
vt 0.7510193586349487 0.22217810153961182 
s on 
f 1/1/1 2/2/2 3/3/3 
f 2/2/2 2/2/2 3/3/3 
f 3/3/3 2/2/2 4/4/4 
f 2/2/2 2/2/2 4/4/4 
f 4/4/4 2/2/2 5/5/5 
f 2/2/2 6/6/6 5/5/5 
f 5/5/5 6/6/6 7/7/7 
f 6/6/6 6/6/6 7/7/7 
f 7/7/7 6/6/6 8/8/8 
f 6/6/6 6/6/6 8/8/8 
f 8/8/8 6/6/6 9/9/9 
f 6/6/6 6/6/6 9/9/9 
f 9/9/9 6/6/6 10/10/10 
f 6/6/6 11/11/11 10/10/10 
f 10/10/10 11/11/11 12/12/12 
f 11/11/11 13/13/13 12/12/12 
f 12/12/12 13/13/13 14/14/14 
f 13/13/13 15/15/15 14/14/14 
f 14/14/14 15/15/15 16/16/16 
f 15/15/15 15/15/15 16/16/16 
f 16/16/16 15/15/15 17/17/17 
f 15/15/15 18/18/18 17/17/17 
f 17/17/17 18/18/18 19/19/19 
f 18/18/18 18/18/18 19/19/19 
f 19/19/19 18/18/18 20/20/20 
f 18/18/18 18/18/18 20/20/20 
f 20/20/20 18/18/18 21/21/21 
f 18/18/18 18/18/18 21/21/21 
f 21/21/21 18/18/18 22/22/22 
f 18/18/18 15/15/15 22/22/22 
f 22/22/22 15/15/15 22/22/22 
f 15/15/15 13/13/13 22/22/22 
f 22/22/22 13/13/13 23/23/23 
f 13/13/13 11/11/11 23/23/23 
f 23/23/23 11/11/11 23/23/23 
f 11/11/11 6/6/6 23/23/23 
f 23/23/23 6/6/6 23/23/23 
f 6/6/6 2/2/2 23/23/23 
f 23/23/23 2/2/2 23/23/23 
f 2/2/2 1/1/1 23/23/23 
f 23/23/23 1/1/1 23/23/23 
f 1/1/1 24/24/24 23/23/23 
f 23/23/23 24/24/24 22/22/22 
f 24/24/24 21/21/21 22/22/22 
f 22/22/22 21/21/21 21/21/21 
f 21/21/21 25/25/25 21/21/21 
f 21/21/21 25/25/25 25/25/25 
f 25/25/25 26/26/26 25/25/25 
f 25/25/25 26/26/26 27/27/27 
f 26/26/26 28/28/28 27/27/27 
f 27/27/27 28/28/28 27/27/27 
f 28/28/28 29/29/29 27/27/27 
f 27/27/27 29/29/29 30/30/30 
f 29/29/29 31/31/31 30/30/30 
f 30/30/30 31/31/31 32/32/32 
f 31/31/31 33/33/33 32/32/32 
f 32/32/32 33/33/33 34/34/34 
f 33/33/33 33/33/33 34/34/34 
f 34/34/34 33/33/33 35/35/35 
f 33/33/33 33/33/33 35/35/35 
f 35/35/35 33/33/33 36/36/36 
f 33/33/33 37/37/37 36/36/36 
f 36/36/36 37/37/37 38/38/38 
f 37/37/37 38/38/38 38/38/38 
f 38/38/38 38/38/38 39/39/39 
f 38/38/38 39/39/39 39/39/39 
f 39/39/39 39/39/39 26/26/26 
f 39/39/39 28/28/28 26/26/26 
f 26/26/26 28/28/28 28/28/28 
f 28/28/28 37/37/37 28/28/28 
f 28/28/28 37/37/37 37/37/37 
f 37/37/37 33/33/33 37/37/37 
f 37/37/37 33/33/33 40/40/40 
f 33/33/33 31/31/31 40/40/40 
f 40/40/40 31/31/31 41/41/41 
f 31/31/31 29/29/29 41/41/41 
f 41/41/41 29/29/29 29/29/29 
f 29/29/29 41/41/41 29/29/29 
f 29/29/29 41/41/41 41/41/41 
f 41/41/41 42/42/42 41/41/41 
f 41/41/41 42/42/42 40/40/40 
f 42/42/42 42/42/42 40/40/40 
f 40/40/40 42/42/42 37/37/37 
f 42/42/42 43/43/43 37/37/37 
f 37/37/37 43/43/43 38/38/38 
f 43/43/43 43/43/43 38/38/38 
f 38/38/38 43/43/43 44/44/44 
f 43/43/43 43/43/43 44/44/44 
f 44/44/44 43/43/43 45/45/45 
f 43/43/43 46/46/46 45/45/45 
f 45/45/45 46/46/46 47/47/47 
f 46/46/46 46/46/46 47/47/47 
f 47/47/47 46/46/46 48/48/48 
f 46/46/46 46/46/46 48/48/48 
f 48/48/48 46/46/46 49/49/49 
f 46/46/46 50/50/50 49/49/49 
f 49/49/49 50/50/50 51/51/51 
f 50/50/50 51/51/51 51/51/51 
f 51/51/51 51/51/51 43/43/43 
f 51/51/51 43/43/43 43/43/43 
f 43/43/43 43/43/43 46/46/46 
f 43/43/43 42/42/42 46/46/46 
f 46/46/46 42/42/42 50/50/50 
f 42/42/42 42/42/42 50/50/50 
f 50/50/50 42/42/42 52/52/52 
f 42/42/42 41/41/41 52/52/52 
f 52/52/52 41/41/41 53/53/53 
f 41/41/41 29/29/29 53/53/53 
f 53/53/53 29/29/29 53/53/53 
f 29/29/29 28/28/28 53/53/53 
f 53/53/53 28/28/28 53/53/53 
f 28/28/28 39/39/39 53/53/53 
f 53/53/53 39/39/39 53/53/53 
f 39/39/39 54/54/54 53/53/53 
f 53/53/53 54/54/54 55/55/55 
f 54/54/54 56/56/56 55/55/55 
f 55/55/55 56/56/56 57/57/57 
f 56/56/56 58/58/58 57/57/57 
f 57/57/57 58/58/58 57/57/57 
f 58/58/58 51/51/51 57/57/57 
f 57/57/57 51/51/51 57/57/57 
f 51/51/51 50/50/50 57/57/57 
f 57/57/57 50/50/50 57/57/57 
f 50/50/50 52/52/52 57/57/57 
f 57/57/57 52/52/52 55/55/55 
f 52/52/52 53/53/53 55/55/55 
f 55/55/55 53/53/53 53/53/53 
f 53/53/53 54/54/54 53/53/53 
f 53/53/53 54/54/54 54/54/54 
f 54/54/54 59/59/59 54/54/54 
f 54/54/54 59/59/59 56/56/56 
f 59/59/59 59/59/59 56/56/56 
f 56/56/56 59/59/59 58/58/58 
f 59/59/59 60/60/60 58/58/58 
f 58/58/58 60/60/60 60/60/60 
f 60/60/60 61/61/61 60/60/60 
f 60/60/60 61/61/61 61/61/61 
f 61/61/61 62/62/62 61/61/61 
f 61/61/61 62/62/62 63/63/63 
f 62/62/62 62/62/62 63/63/63 
f 63/63/63 62/62/62 64/64/64 
f 62/62/62 62/62/62 64/64/64 
f 64/64/64 62/62/62 65/65/65 
f 62/62/62 66/66/66 65/65/65 
f 65/65/65 66/66/66 65/65/65 
f 66/66/66 67/67/67 65/65/65 
f 65/65/65 67/67/67 65/65/65 
f 67/67/67 68/68/68 65/65/65 
f 65/65/65 68/68/68 65/65/65 
f 68/68/68 69/69/69 65/65/65 
f 65/65/65 69/69/69 65/65/65 
f 69/69/69 70/70/70 65/65/65 
f 65/65/65 70/70/70 71/71/71 
f 70/70/70 72/72/72 71/71/71 
f 71/71/71 72/72/72 73/73/73 
f 72/72/72 74/74/74 73/73/73 
f 73/73/73 74/74/74 75/75/75 
f 74/74/74 76/76/76 75/75/75 
f 75/75/75 76/76/76 75/75/75 
f 76/76/76 77/77/77 75/75/75 
f 75/75/75 77/77/77 75/75/75 
f 77/77/77 78/78/78 75/75/75 
f 75/75/75 78/78/78 79/79/79 
f 78/78/78 80/80/80 79/79/79 
f 79/79/79 80/80/80 79/79/79 
f 80/80/80 81/81/81 79/79/79 
f 79/79/79 81/81/81 79/79/79 
f 81/81/81 82/82/82 79/79/79 
f 79/79/79 82/82/82 73/73/73 
f 82/82/82 64/64/64 73/73/73 
f 73/73/73 64/64/64 71/71/71 
f 64/64/64 65/65/65 71/71/71 
f 71/71/71 65/65/65 65/65/65 
f 65/65/65 61/61/61 65/65/65 
f 65/65/65 61/61/61 61/61/61 
f 61/61/61 83/83/83 61/61/61 
f 61/61/61 83/83/83 62/62/62 
f 83/83/83 66/66/66 62/62/62 
f 62/62/62 66/66/66 66/66/66 
f 66/66/66 79/79/79 66/66/66 
f 66/66/66 79/79/79 79/79/79 
f 79/79/79 73/73/73 79/79/79 
f 79/79/79 73/73/73 75/75/75 
f 73/73/73 75/75/75 75/75/75 
f 75/75/75 75/75/75 81/81/81 
f 75/75/75 81/81/81 81/81/81 
f 81/81/81 81/81/81 82/82/82 
f 81/81/81 84/84/84 82/82/82 
f 82/82/82 84/84/84 64/64/64 
f 84/84/84 63/63/63 64/64/64 
f 64/64/64 63/63/63 63/63/63 
f 63/63/63 85/85/85 63/63/63 
f 63/63/63 85/85/85 85/85/85 
f 85/85/85 86/86/86 85/85/85 
f 85/85/85 86/86/86 87/87/87 
f 86/86/86 88/88/88 87/87/87 
f 87/87/87 88/88/88 89/89/89 
f 88/88/88 90/90/90 89/89/89 
f 89/89/89 90/90/90 89/89/89 
f 90/90/90 91/91/91 89/89/89 
f 89/89/89 91/91/91 92/92/92 
f 91/91/91 92/92/92 92/92/92 
f 92/92/92 92/92/92 93/93/93 
f 92/92/92 93/93/93 93/93/93 
f 93/93/93 93/93/93 94/94/94 
f 93/93/93 95/95/95 94/94/94 
f 94/94/94 95/95/95 96/96/96 
f 95/95/95 95/95/95 96/96/96 
f 96/96/96 95/95/95 88/88/88 
f 95/95/95 95/95/95 88/88/88 
f 88/88/88 95/95/95 90/90/90 
f 95/95/95 97/97/97 90/90/90 
f 90/90/90 97/97/97 98/98/98 
f 97/97/97 97/97/97 98/98/98 
f 98/98/98 97/97/97 99/99/99 
f 97/97/97 100/100/100 99/99/99 
f 99/99/99 100/100/100 100/100/100 
f 100/100/100 101/101/101 100/100/100 
f 100/100/100 101/101/101 101/101/101 
f 101/101/101 102/102/102 101/101/101 
f 101/101/101 102/102/102 103/103/103 
f 102/102/102 104/104/104 103/103/103 
f 103/103/103 104/104/104 105/105/105 
f 104/104/104 104/104/104 105/105/105 
f 105/105/105 104/104/104 106/106/106 
f 104/104/104 107/107/107 106/106/106 
f 106/106/106 107/107/107 108/108/108 
f 107/107/107 109/109/109 108/108/108 
f 108/108/108 109/109/109 110/110/110 
f 109/109/109 111/111/111 110/110/110 
f 110/110/110 111/111/111 111/111/111 
f 111/111/111 107/107/107 111/111/111 
f 111/111/111 107/107/107 107/107/107 
f 107/107/107 104/104/104 107/107/107 
f 107/107/107 104/104/104 102/102/102 
f 104/104/104 102/102/102 102/102/102 
f 102/102/102 102/102/102 103/103/103 
f 102/102/102 103/103/103 103/103/103 
f 103/103/103 103/103/103 112/112/112 
f 103/103/103 105/105/105 112/112/112 
f 112/112/112 105/105/105 113/113/113 
f 105/105/105 105/105/105 113/113/113 
f 113/113/113 105/105/105 114/114/114 
f 105/105/105 106/106/106 114/114/114 
f 114/114/114 106/106/106 108/108/108 
f 106/106/106 108/108/108 108/108/108 
f 108/108/108 108/108/108 112/112/112 
f 108/108/108 112/112/112 112/112/112 
f 112/112/112 112/112/112 115/115/115 
f 112/112/112 113/113/113 115/115/115 
f 115/115/115 113/113/113 115/115/115 
f 113/113/113 116/116/116 115/115/115 
f 115/115/115 116/116/116 117/117/117 
f 116/116/116 116/116/116 117/117/117 
f 117/117/117 116/116/116 118/118/118 
f 116/116/116 116/116/116 118/118/118 
f 118/118/118 116/116/116 119/119/119 
f 116/116/116 120/120/120 119/119/119 
f 119/119/119 120/120/120 121/121/121 
f 120/120/120 120/120/120 121/121/121 
f 121/121/121 120/120/120 122/122/122 
f 120/120/120 123/123/123 122/122/122 
f 122/122/122 123/123/123 124/124/124 
f 123/123/123 124/124/124 124/124/124 
f 124/124/124 124/124/124 123/123/123 
f 124/124/124 123/123/123 123/123/123 
f 123/123/123 123/123/123 125/125/125 
f 123/123/123 120/120/120 125/125/125 
f 125/125/125 120/120/120 125/125/125 
f 120/120/120 116/116/116 125/125/125 
f 125/125/125 116/116/116 125/125/125 
f 116/116/116 113/113/113 125/125/125 
f 125/125/125 113/113/113 125/125/125 
f 113/113/113 114/114/114 125/125/125 
f 125/125/125 114/114/114 126/126/126 
f 114/114/114 108/108/108 126/126/126 
f 126/126/126 108/108/108 108/108/108 
f 108/108/108 126/126/126 108/108/108 
f 108/108/108 126/126/126 126/126/126 
f 126/126/126 127/127/127 126/126/126 
f 126/126/126 127/127/127 125/125/125 
f 127/127/127 127/127/127 125/125/125 
f 125/125/125 127/127/127 123/123/123 
f 127/127/127 128/128/128 123/123/123 
f 123/123/123 128/128/128 124/124/124 
f 128/128/128 128/128/128 124/124/124 
f 124/124/124 128/128/128 129/129/129 
f 128/128/128 128/128/128 129/129/129 
f 129/129/129 128/128/128 130/130/130 
f 128/128/128 128/128/128 130/130/130 
f 130/130/130 128/128/128 131/131/131 
f 128/128/128 128/128/128 131/131/131 
f 131/131/131 128/128/128 132/132/132 
f 128/128/128 127/127/127 132/132/132 
f 132/132/132 127/127/127 132/132/132 
f 127/127/127 126/126/126 132/132/132 
f 132/132/132 126/126/126 133/133/133 
f 126/126/126 108/108/108 133/133/133 
f 133/133/133 108/108/108 133/133/133 
f 108/108/108 110/110/110 133/133/133 
f 133/133/133 110/110/110 134/134/134 
f 110/110/110 111/111/111 134/134/134 
f 134/134/134 111/111/111 135/135/135 
f 111/111/111 135/135/135 135/135/135 
f 135/135/135 135/135/135 134/134/134 
f 135/135/135 134/134/134 134/134/134 
f 134/134/134 134/134/134 133/133/133 
f 134/134/134 136/136/136 133/133/133 
f 133/133/133 136/136/136 132/132/132 
f 136/136/136 131/131/131 132/132/132 
f 132/132/132 131/131/131 131/131/131 
f 131/131/131 137/137/137 131/131/131 
f 131/131/131 137/137/137 137/137/137 
f 137/137/137 138/138/138 137/137/137 
f 137/137/137 138/138/138 139/139/139 
f 138/138/138 140/140/140 139/139/139 
f 139/139/139 140/140/140 141/141/141 
f 140/140/140 142/142/142 141/141/141 
f 141/141/141 142/142/142 141/141/141 
f 142/142/142 143/143/143 141/141/141 
f 141/141/141 143/143/143 144/144/144 
f 143/143/143 144/144/144 144/144/144 
f 144/144/144 144/144/144 141/141/141 
f 144/144/144 141/141/141 141/141/141 
f 141/141/141 141/141/141 139/139/139 
f 141/141/141 145/145/145 139/139/139 
f 139/139/139 145/145/145 146/146/146 
f 145/145/145 145/145/145 146/146/146 
f 146/146/146 145/145/145 147/147/147 
f 145/145/145 145/145/145 147/147/147 
f 147/147/147 145/145/145 148/148/148 
f 145/145/145 149/149/149 148/148/148 
f 148/148/148 149/149/149 149/149/149 
f 149/149/149 139/139/139 149/149/149 
f 149/149/149 139/139/139 139/139/139 
f 139/139/139 146/146/146 139/139/139 
f 139/139/139 146/146/146 150/150/150 
f 146/146/146 151/151/151 150/150/150 
f 150/150/150 151/151/151 152/152/152 
f 151/151/151 152/152/152 152/152/152 
f 152/152/152 152/152/152 153/153/153 
f 152/152/152 153/153/153 153/153/153 
f 153/153/153 153/153/153 154/154/154 
f 153/153/153 155/155/155 154/154/154 
f 154/154/154 155/155/155 156/156/156 
f 155/155/155 157/157/157 156/156/156 
f 156/156/156 157/157/157 158/158/158 
f 157/157/157 159/159/159 158/158/158 
f 158/158/158 159/159/159 160/160/160 
f 159/159/159 161/161/161 160/160/160 
f 160/160/160 161/161/161 162/162/162 
f 161/161/161 163/163/163 162/162/162 
f 162/162/162 163/163/163 164/164/164 
f 163/163/163 165/165/165 164/164/164 
f 164/164/164 165/165/165 164/164/164 
f 165/165/165 166/166/166 164/164/164 
f 164/164/164 166/166/166 167/167/167 
f 166/166/166 168/168/168 167/167/167 
f 167/167/167 168/168/168 169/169/169 
f 168/168/168 170/170/170 169/169/169 
f 169/169/169 170/170/170 171/171/171 
f 170/170/170 172/172/172 171/171/171 
f 171/171/171 172/172/172 173/173/173 
f 172/172/172 174/174/174 173/173/173 
f 173/173/173 174/174/174 175/175/175 
f 174/174/174 176/176/176 175/175/175 
f 175/175/175 176/176/176 177/177/177 
f 176/176/176 178/178/178 177/177/177 
f 177/177/177 178/178/178 179/179/179 
f 178/178/178 179/179/179 179/179/179 
f 179/179/179 179/179/179 153/153/153 
f 179/179/179 153/153/153 153/153/153 
f 153/153/153 153/153/153 180/180/180 
f 153/153/153 154/154/154 180/180/180 
f 180/180/180 154/154/154 154/154/154 
f 154/154/154 181/181/181 154/154/154 
f 154/154/154 181/181/181 181/181/181 
f 181/181/181 182/182/182 181/181/181 
f 181/181/181 182/182/182 183/183/183 
f 182/182/182 182/182/182 183/183/183 
f 183/183/183 182/182/182 184/184/184 
f 182/182/182 185/185/185 184/184/184 
f 184/184/184 185/185/185 184/184/184 
f 185/185/185 186/186/186 184/184/184 
f 184/184/184 186/186/186 187/187/187 
f 186/186/186 186/186/186 187/187/187 
f 187/187/187 186/186/186 188/188/188 
f 186/186/186 189/189/189 188/188/188 
f 188/188/188 189/189/189 190/190/190 
f 189/189/189 191/191/191 190/190/190 
f 190/190/190 191/191/191 192/192/192 
f 191/191/191 193/193/193 192/192/192 
f 192/192/192 193/193/193 194/194/194 
f 193/193/193 195/195/195 194/194/194 
f 194/194/194 195/195/195 194/194/194 
f 195/195/195 196/196/196 194/194/194 
f 194/194/194 196/196/196 197/197/197 
f 196/196/196 198/198/198 197/197/197 
f 197/197/197 198/198/198 199/199/199 
f 198/198/198 198/198/198 199/199/199 
f 199/199/199 198/198/198 200/200/200 
f 198/198/198 201/201/201 200/200/200 
f 200/200/200 201/201/201 200/200/200 
f 201/201/201 202/202/202 200/200/200 
f 200/200/200 202/202/202 203/203/203 
f 202/202/202 204/204/204 203/203/203 
f 203/203/203 204/204/204 205/205/205 
f 204/204/204 206/206/206 205/205/205 
f 205/205/205 206/206/206 181/181/181 
f 206/206/206 182/182/182 181/181/181 
f 181/181/181 182/182/182 182/182/182 
f 182/182/182 207/207/207 182/182/182 
f 182/182/182 207/207/207 207/207/207 
f 207/207/207 208/208/208 207/207/207 
f 207/207/207 208/208/208 209/209/209 
f 208/208/208 210/210/210 209/209/209 
f 209/209/209 210/210/210 211/211/211 
f 210/210/210 212/212/212 211/211/211 
f 211/211/211 212/212/212 213/213/213 
f 212/212/212 214/214/214 213/213/213 
f 213/213/213 214/214/214 214/214/214 
f 214/214/214 207/207/207 214/214/214 
f 214/214/214 207/207/207 207/207/207 
f 207/207/207 215/215/215 207/207/207 
f 207/207/207 215/215/215 208/208/208 
f 215/215/215 215/215/215 208/208/208 
f 208/208/208 215/215/215 216/216/216 
f 215/215/215 215/215/215 216/216/216 
f 216/216/216 215/215/215 217/217/217 
f 215/215/215 218/218/218 217/217/217 
f 217/217/217 218/218/218 219/219/219 
f 218/218/218 220/220/220 219/219/219 
f 219/219/219 220/220/220 219/219/219 
f 220/220/220 221/221/221 219/219/219 
f 219/219/219 221/221/221 222/222/222 
f 221/221/221 223/223/223 222/222/222 
f 222/222/222 223/223/223 224/224/224 
f 223/223/223 225/225/225 224/224/224 
f 224/224/224 225/225/225 226/226/226 
f 225/225/225 227/227/227 226/226/226 
f 226/226/226 227/227/227 228/228/228 
f 227/227/227 227/227/227 228/228/228 
f 228/228/228 227/227/227 229/229/229 
f 227/227/227 230/230/230 229/229/229 
f 229/229/229 230/230/230 229/229/229 
f 230/230/230 231/231/231 229/229/229 
f 229/229/229 231/231/231 232/232/232 
f 231/231/231 231/231/231 232/232/232 
f 232/232/232 231/231/231 214/214/214 
f 231/231/231 213/213/213 214/214/214 
f 214/214/214 213/213/213 213/213/213 
f 213/213/213 233/233/233 213/213/213 
f 213/213/213 233/233/233 233/233/233 
f 233/233/233 234/234/234 233/233/233 
f 233/233/233 234/234/234 235/235/235 
f 234/234/234 234/234/234 235/235/235 
f 235/235/235 234/234/234 236/236/236 
f 234/234/234 237/237/237 236/236/236 
f 236/236/236 237/237/237 238/238/238 
f 237/237/237 239/239/239 238/238/238 
f 238/238/238 239/239/239 240/240/240 
f 239/239/239 241/241/241 240/240/240 
f 240/240/240 241/241/241 241/241/241 
f 241/241/241 233/233/233 241/241/241 
f 241/241/241 233/233/233 233/233/233 
f 233/233/233 235/235/235 233/233/233 
f 233/233/233 235/235/235 242/242/242 
f 235/235/235 243/243/243 242/242/242 
f 242/242/242 243/243/243 244/244/244 
f 243/243/243 245/245/245 244/244/244 
f 244/244/244 245/245/245 246/246/246 
f 245/245/245 247/247/247 246/246/246 
f 246/246/246 247/247/247 248/248/248 
f 247/247/247 249/249/249 248/248/248 
f 248/248/248 249/249/249 250/250/250 
f 249/249/249 251/251/251 250/250/250 
f 250/250/250 251/251/251 250/250/250 
f 251/251/251 252/252/252 250/250/250 
f 250/250/250 252/252/252 253/253/253 
f 252/252/252 254/254/254 253/253/253 
f 253/253/253 254/254/254 255/255/255 
f 254/254/254 255/255/255 255/255/255 
f 255/255/255 255/255/255 240/240/240 
f 255/255/255 240/240/240 240/240/240 
f 240/240/240 240/240/240 256/256/256 
f 240/240/240 241/241/241 256/256/256 
f 256/256/256 241/241/241 256/256/256 
f 241/241/241 257/257/257 256/256/256 
f 256/256/256 257/257/257 258/258/258 
f 257/257/257 257/257/257 258/258/258 
f 258/258/258 257/257/257 259/259/259 
f 257/257/257 260/260/260 259/259/259 
f 259/259/259 260/260/260 260/260/260 
f 260/260/260 261/261/261 260/260/260 
f 260/260/260 261/261/261 261/261/261 
f 261/261/261 262/262/262 261/261/261 
f 261/261/261 262/262/262 263/263/263 
f 262/262/262 264/264/264 263/263/263 
f 263/263/263 264/264/264 265/265/265 
f 264/264/264 266/266/266 265/265/265 
f 265/265/265 266/266/266 267/267/267 
f 266/266/266 268/268/268 267/267/267 
f 267/267/267 268/268/268 269/269/269 
f 268/268/268 270/270/270 269/269/269 
f 269/269/269 270/270/270 271/271/271 
f 270/270/270 272/272/272 271/271/271 
f 271/271/271 272/272/272 273/273/273 
f 272/272/272 272/272/272 273/273/273 
f 273/273/273 272/272/272 274/274/274 
f 272/272/272 275/275/275 274/274/274 
f 274/274/274 275/275/275 276/276/276 
f 275/275/275 277/277/277 276/276/276 
f 276/276/276 277/277/277 278/278/278 
f 277/277/277 279/279/279 278/278/278 
f 278/278/278 279/279/279 280/280/280 
f 279/279/279 281/281/281 280/280/280 
f 280/280/280 281/281/281 282/282/282 
f 281/281/281 283/283/283 282/282/282 
f 282/282/282 283/283/283 284/284/284 
f 283/283/283 285/285/285 284/284/284 
f 284/284/284 285/285/285 286/286/286 
f 285/285/285 287/287/287 286/286/286 
f 286/286/286 287/287/287 287/287/287 
f 287/287/287 262/262/262 287/287/287 
f 287/287/287 262/262/262 262/262/262 
f 262/262/262 261/261/261 262/262/262 
f 262/262/262 261/261/261 288/288/288 
f 261/261/261 288/288/288 288/288/288 
f 288/288/288 288/288/288 289/289/289 
f 288/288/288 289/289/289 289/289/289 
f 289/289/289 289/289/289 290/290/290 
f 289/289/289 291/291/291 290/290/290 
f 290/290/290 291/291/291 290/290/290 
f 291/291/291 292/292/292 290/290/290 
f 290/290/290 292/292/292 293/293/293 
f 292/292/292 294/294/294 293/293/293 
f 293/293/293 294/294/294 295/295/295 
f 294/294/294 296/296/296 295/295/295 
f 295/295/295 296/296/296 297/297/297 
f 296/296/296 298/298/298 297/297/297 
f 297/297/297 298/298/298 297/297/297 
f 298/298/298 299/299/299 297/297/297 
f 297/297/297 299/299/299 300/300/300 
f 299/299/299 299/299/299 300/300/300 
f 300/300/300 299/299/299 301/301/301 
f 299/299/299 302/302/302 301/301/301 
f 301/301/301 302/302/302 303/303/303 
f 302/302/302 304/304/304 303/303/303 
f 303/303/303 304/304/304 303/303/303 
f 304/304/304 305/305/305 303/303/303 
f 303/303/303 305/305/305 306/306/306 
f 305/305/305 307/307/307 306/306/306 
f 306/306/306 307/307/307 308/308/308 
f 307/307/307 309/309/309 308/308/308 
f 308/308/308 309/309/309 310/310/310 
f 309/309/309 311/311/311 310/310/310 
f 310/310/310 311/311/311 312/312/312 
f 311/311/311 311/311/311 312/312/312 
f 312/312/312 311/311/311 313/313/313 
f 311/311/311 314/314/314 313/313/313 
f 313/313/313 314/314/314 313/313/313 
f 314/314/314 291/291/291 313/313/313 
f 313/313/313 291/291/291 289/289/289 
f 291/291/291 289/289/289 289/289/289 
f 289/289/289 289/289/289 315/315/315 
f 289/289/289 315/315/315 315/315/315 
f 315/315/315 315/315/315 316/316/316 
f 315/315/315 317/317/317 316/316/316 
f 316/316/316 317/317/317 318/318/318 
f 317/317/317 319/319/319 318/318/318 
f 318/318/318 319/319/319 320/320/320 
f 319/319/319 321/321/321 320/320/320 
f 320/320/320 321/321/321 322/322/322 
f 321/321/321 322/322/322 322/322/322 
f 322/322/322 322/322/322 315/315/315 
f 322/322/322 315/315/315 315/315/315 
f 315/315/315 315/315/315 323/323/323 
f 315/315/315 316/316/316 323/323/323 
f 323/323/323 316/316/316 323/323/323 
f 316/316/316 324/324/324 323/323/323 
f 323/323/323 324/324/324 323/323/323 
f 324/324/324 325/325/325 323/323/323 
f 323/323/323 325/325/325 326/326/326 
f 325/325/325 327/327/327 326/326/326 
f 326/326/326 327/327/327 328/328/328 
f 327/327/327 327/327/327 328/328/328 
f 328/328/328 327/327/327 329/329/329 
f 327/327/327 330/330/330 329/329/329 
f 329/329/329 330/330/330 331/331/331 
f 330/330/330 332/332/332 331/331/331 
f 331/331/331 332/332/332 333/333/333 
f 332/332/332 334/334/334 333/333/333 
f 333/333/333 334/334/334 335/335/335 
f 334/334/334 336/336/336 335/335/335 
f 335/335/335 336/336/336 335/335/335 
f 336/336/336 337/337/337 335/335/335 
f 335/335/335 337/337/337 338/338/338 
f 337/337/337 337/337/337 338/338/338 
f 338/338/338 337/337/337 339/339/339 
f 337/337/337 340/340/340 339/339/339 
f 339/339/339 340/340/340 339/339/339 
f 340/340/340 322/322/322 339/339/339 
f 339/339/339 322/322/322 321/321/321 
f 322/322/322 321/321/321 321/321/321 
f 321/321/321 321/321/321 341/341/341 
f 321/321/321 341/341/341 341/341/341 
f 341/341/341 341/341/341 342/342/342 
f 341/341/341 343/343/343 342/342/342 
f 342/342/342 343/343/343 344/344/344 
f 343/343/343 343/343/343 344/344/344 
f 344/344/344 343/343/343 345/345/345 
f 343/343/343 346/346/346 345/345/345 
f 345/345/345 346/346/346 347/347/347 
f 346/346/346 348/348/348 347/347/347 
f 347/347/347 348/348/348 349/349/349 
f 348/348/348 350/350/350 349/349/349 
f 349/349/349 350/350/350 351/351/351 
f 350/350/350 352/352/352 351/351/351 
f 351/351/351 352/352/352 353/353/353 
f 352/352/352 354/354/354 353/353/353 
f 353/353/353 354/354/354 355/355/355 
f 354/354/354 356/356/356 355/355/355 
f 355/355/355 356/356/356 357/357/357 
f 356/356/356 358/358/358 357/357/357 
f 357/357/357 358/358/358 357/357/357 
f 358/358/358 359/359/359 357/357/357 
f 357/357/357 359/359/359 360/360/360 
f 359/359/359 361/361/361 360/360/360 
f 360/360/360 361/361/361 362/362/362 
f 361/361/361 363/363/363 362/362/362 
f 362/362/362 363/363/363 364/364/364 
f 363/363/363 363/363/363 364/364/364 
f 364/364/364 363/363/363 365/365/365 
f 363/363/363 366/366/366 365/365/365 
f 365/365/365 366/366/366 367/367/367 
f 366/366/366 368/368/368 367/367/367 
f 367/367/367 368/368/368 368/368/368 
f 368/368/368 369/369/369 368/368/368 
f 368/368/368 369/369/369 369/369/369 
f 369/369/369 370/370/370 369/369/369 
f 369/369/369 370/370/370 371/371/371 
f 370/370/370 370/370/370 371/371/371 
f 371/371/371 370/370/370 372/372/372 
f 370/370/370 373/373/373 372/372/372 
f 372/372/372 373/373/373 374/374/374 
f 373/373/373 375/375/375 374/374/374 
f 374/374/374 375/375/375 376/376/376 
f 375/375/375 377/377/377 376/376/376 
f 376/376/376 377/377/377 378/378/378 
f 377/377/377 379/379/379 378/378/378 
f 378/378/378 379/379/379 380/380/380 
f 379/379/379 380/380/380 380/380/380 
f 380/380/380 380/380/380 371/371/371 
f 380/380/380 371/371/371 371/371/371 
f 371/371/371 371/371/371 369/369/369 
f 371/371/371 381/381/381 369/369/369 
f 369/369/369 381/381/381 382/382/382 
f 381/381/381 381/381/381 382/382/382 
f 382/382/382 381/381/381 383/383/383 
f 381/381/381 384/384/384 383/383/383 
f 383/383/383 384/384/384 385/385/385 
f 384/384/384 386/386/386 385/385/385 
f 385/385/385 386/386/386 387/387/387 
f 386/386/386 388/388/388 387/387/387 
f 387/387/387 388/388/388 389/389/389 
f 388/388/388 390/390/390 389/389/389 
f 389/389/389 390/390/390 391/391/391 
f 390/390/390 392/392/392 391/391/391 
f 391/391/391 392/392/392 393/393/393 
f 392/392/392 394/394/394 393/393/393 
f 393/393/393 394/394/394 395/395/395 
f 394/394/394 396/396/396 395/395/395 
f 395/395/395 396/396/396 396/396/396 
f 396/396/396 397/397/397 396/396/396 
f 396/396/396 397/397/397 397/397/397 
f 397/397/397 398/398/398 397/397/397 
f 397/397/397 398/398/398 399/399/399 
f 398/398/398 400/400/400 399/399/399 
f 399/399/399 400/400/400 401/401/401 
f 400/400/400 400/400/400 401/401/401 
f 401/401/401 400/400/400 402/402/402 
f 400/400/400 403/403/403 402/402/402 
f 402/402/402 403/403/403 402/402/402 
f 403/403/403 404/404/404 402/402/402 
f 402/402/402 404/404/404 405/405/405 
f 404/404/404 406/406/406 405/405/405 
f 405/405/405 406/406/406 407/407/407 
f 406/406/406 408/408/408 407/407/407 
f 407/407/407 408/408/408 409/409/409 
f 408/408/408 410/410/410 409/409/409 
f 409/409/409 410/410/410 411/411/411 
f 410/410/410 410/410/410 411/411/411 
f 411/411/411 410/410/410 412/412/412 
f 410/410/410 413/413/413 412/412/412 
f 412/412/412 413/413/413 414/414/414 
f 413/413/413 415/415/415 414/414/414 
f 414/414/414 415/415/415 414/414/414 
f 415/415/415 416/416/416 414/414/414 
f 414/414/414 416/416/416 417/417/417 
f 416/416/416 416/416/416 417/417/417 
f 417/417/417 416/416/416 418/418/418 
f 416/416/416 419/419/419 418/418/418 
f 418/418/418 419/419/419 420/420/420 
f 419/419/419 421/421/421 420/420/420 
f 420/420/420 421/421/421 422/422/422 
f 421/421/421 397/397/397 422/422/422 
f 422/422/422 397/397/397 399/399/399 
f 397/397/397 399/399/399 399/399/399 
f 399/399/399 399/399/399 423/423/423 
f 399/399/399 423/423/423 423/423/423 
f 423/423/423 423/423/423 424/424/424 
f 423/423/423 425/425/425 424/424/424 
f 424/424/424 425/425/425 426/426/426 
f 425/425/425 427/427/427 426/426/426 
f 426/426/426 427/427/427 428/428/428 
f 427/427/427 429/429/429 428/428/428 
f 428/428/428 429/429/429 429/429/429 
f 429/429/429 423/423/423 429/429/429 
f 429/429/429 423/423/423 423/423/423 
f 423/423/423 424/424/424 423/423/423 
f 423/423/423 424/424/424 430/430/430 
f 424/424/424 431/431/431 430/430/430 
f 430/430/430 431/431/431 430/430/430 
f 431/431/431 432/432/432 430/430/430 
f 430/430/430 432/432/432 433/433/433 
f 432/432/432 432/432/432 433/433/433 
f 433/433/433 432/432/432 434/434/434 
f 432/432/432 435/435/435 434/434/434 
f 434/434/434 435/435/435 436/436/436 
f 435/435/435 437/437/437 436/436/436 
f 436/436/436 437/437/437 438/438/438 
f 437/437/437 439/439/439 438/438/438 
f 438/438/438 439/439/439 440/440/440 
f 439/439/439 441/441/441 440/440/440 
f 440/440/440 441/441/441 440/440/440 
f 441/441/441 442/442/442 440/440/440 
f 440/440/440 442/442/442 443/443/443 
f 442/442/442 444/444/444 443/443/443 
f 443/443/443 444/444/444 445/445/445 
f 444/444/444 444/444/444 445/445/445 
f 445/445/445 444/444/444 446/446/446 
f 444/444/444 447/447/447 446/446/446 
f 446/446/446 447/447/447 446/446/446 
f 447/447/447 448/448/448 446/446/446 
f 446/446/446 448/448/448 429/429/429 
f 448/448/448 428/428/428 429/429/429 
f 429/429/429 428/428/428 428/428/428 
f 428/428/428 449/449/449 428/428/428 
f 428/428/428 449/449/449 449/449/449 
f 449/449/449 450/450/450 449/449/449 
f 449/449/449 450/450/450 451/451/451 
f 450/450/450 452/452/452 451/451/451 
f 451/451/451 452/452/452 453/453/453 
f 452/452/452 454/454/454 453/453/453 
f 453/453/453 454/454/454 455/455/455 
f 454/454/454 455/455/455 455/455/455 
f 455/455/455 455/455/455 449/449/449 
f 455/455/455 449/449/449 449/449/449 
f 449/449/449 449/449/449 450/450/450 
f 449/449/449 456/456/456 450/450/450 
f 450/450/450 456/456/456 457/457/457 
f 456/456/456 458/458/458 457/457/457 
f 457/457/457 458/458/458 459/459/459 
f 458/458/458 460/460/460 459/459/459 
f 459/459/459 460/460/460 461/461/461 
f 460/460/460 462/462/462 461/461/461 
f 461/461/461 462/462/462 463/463/463 
f 462/462/462 464/464/464 463/463/463 
f 463/463/463 464/464/464 465/465/465 
f 464/464/464 466/466/466 465/465/465 
f 465/465/465 466/466/466 467/467/467 
f 466/466/466 466/466/466 467/467/467 
f 467/467/467 466/466/466 468/468/468 
f 466/466/466 469/469/469 468/468/468 
f 468/468/468 469/469/469 469/469/469 
f 469/469/469 454/454/454 469/469/469 
f 469/469/469 454/454/454 454/454/454 
f 454/454/454 470/470/470 454/454/454 
f 454/454/454 470/470/470 455/455/455 
f 470/470/470 470/470/470 455/455/455 
f 455/455/455 470/470/470 471/471/471 
f 470/470/470 472/472/472 471/471/471 
f 471/471/471 472/472/472 473/473/473 
f 472/472/472 474/474/474 473/473/473 
f 473/473/473 474/474/474 475/475/475 
f 474/474/474 476/476/476 475/475/475 
f 475/475/475 476/476/476 476/476/476 
f 476/476/476 477/477/477 476/476/476 
f 476/476/476 477/477/477 477/477/477 
f 477/477/477 478/478/478 477/477/477 
f 477/477/477 478/478/478 479/479/479 
f 478/478/478 480/480/480 479/479/479 
f 479/479/479 480/480/480 481/481/481 
f 480/480/480 482/482/482 481/481/481 
f 481/481/481 482/482/482 483/483/483 
f 482/482/482 484/484/484 483/483/483 
f 483/483/483 484/484/484 485/485/485 
f 484/484/484 486/486/486 485/485/485 
f 485/485/485 486/486/486 487/487/487 
f 486/486/486 488/488/488 487/487/487 
f 487/487/487 488/488/488 488/488/488 
f 488/488/488 478/478/478 488/488/488 
f 488/488/488 478/478/478 478/478/478 
f 478/478/478 477/477/477 478/478/478 
f 478/478/478 477/477/477 489/489/489 
f 477/477/477 490/490/490 489/489/489 
f 489/489/489 490/490/490 489/489/489 
f 490/490/490 491/491/491 489/489/489 
f 489/489/489 491/491/491 492/492/492 
f 491/491/491 493/493/493 492/492/492 
f 492/492/492 493/493/493 494/494/494 
f 493/493/493 495/495/495 494/494/494 
f 494/494/494 495/495/495 496/496/496 
f 495/495/495 497/497/497 496/496/496 
f 496/496/496 497/497/497 498/498/498 
f 497/497/497 499/499/499 498/498/498 
f 498/498/498 499/499/499 500/500/500 
f 499/499/499 501/501/501 500/500/500 
f 500/500/500 501/501/501 502/502/502 
f 501/501/501 503/503/503 502/502/502 
f 502/502/502 503/503/503 504/504/504 
f 503/503/503 504/504/504 504/504/504 
f 504/504/504 504/504/504 505/505/505 
f 504/504/504 505/505/505 505/505/505 
f 505/505/505 505/505/505 506/506/506 
f 505/505/505 507/507/507 506/506/506 
f 506/506/506 507/507/507 508/508/508 
f 507/507/507 509/509/509 508/508/508 
f 508/508/508 509/509/509 510/510/510 
f 509/509/509 511/511/511 510/510/510 
f 510/510/510 511/511/511 512/512/512 
f 511/511/511 513/513/513 512/512/512 
f 512/512/512 513/513/513 514/514/514 
f 513/513/513 513/513/513 514/514/514 
f 514/514/514 513/513/513 515/515/515 
f 513/513/513 516/516/516 515/515/515 
f 515/515/515 516/516/516 515/515/515 
f 516/516/516 517/517/517 515/515/515 
f 515/515/515 517/517/517 518/518/518 
f 517/517/517 519/519/519 518/518/518 
f 518/518/518 519/519/519 520/520/520 
f 519/519/519 519/519/519 520/520/520 
f 520/520/520 519/519/519 521/521/521 
f 519/519/519 522/522/522 521/521/521 
f 521/521/521 522/522/522 523/523/523 
f 522/522/522 524/524/524 523/523/523 
f 523/523/523 524/524/524 525/525/525 
f 524/524/524 526/526/526 525/525/525 
f 525/525/525 526/526/526 527/527/527 
f 526/526/526 528/528/528 527/527/527 
f 527/527/527 528/528/528 527/527/527 
f 528/528/528 529/529/529 527/527/527 
f 527/527/527 529/529/529 530/530/530 
f 529/529/529 529/529/529 530/530/530 
f 530/530/530 529/529/529 506/506/506 
f 529/529/529 505/505/505 506/506/506 
f 506/506/506 505/505/505 505/505/505 
f 505/505/505 531/531/531 505/505/505 
f 505/505/505 531/531/531 531/531/531 
f 531/531/531 532/532/532 531/531/531 
f 531/531/531 532/532/532 533/533/533 
f 532/532/532 534/534/534 533/533/533 
f 533/533/533 534/534/534 535/535/535 
f 534/534/534 536/536/536 535/535/535 
f 535/535/535 536/536/536 537/537/537 
f 536/536/536 538/538/538 537/537/537 
f 537/537/537 538/538/538 538/538/538 
f 538/538/538 531/531/531 538/538/538 
f 538/538/538 531/531/531 531/531/531 
f 531/531/531 539/539/539 531/531/531 
f 531/531/531 539/539/539 532/532/532 
f 539/539/539 539/539/539 532/532/532 
f 532/532/532 539/539/539 540/540/540 
f 539/539/539 539/539/539 540/540/540 
f 540/540/540 539/539/539 541/541/541 
f 539/539/539 542/542/542 541/541/541 
f 541/541/541 542/542/542 543/543/543 
f 542/542/542 544/544/544 543/543/543 
f 543/543/543 544/544/544 543/543/543 
f 544/544/544 545/545/545 543/543/543 
f 543/543/543 545/545/545 546/546/546 
f 545/545/545 547/547/547 546/546/546 
f 546/546/546 547/547/547 548/548/548 
f 547/547/547 549/549/549 548/548/548 
f 548/548/548 549/549/549 550/550/550 
f 549/549/549 551/551/551 550/550/550 
f 550/550/550 551/551/551 552/552/552 
f 551/551/551 551/551/551 552/552/552 
f 552/552/552 551/551/551 553/553/553 
f 551/551/551 554/554/554 553/553/553 
f 553/553/553 554/554/554 553/553/553 
f 554/554/554 555/555/555 553/553/553 
f 553/553/553 555/555/555 556/556/556 
f 555/555/555 555/555/555 556/556/556 
f 556/556/556 555/555/555 538/538/538 
f 555/555/555 537/537/537 538/538/538 
f 538/538/538 537/537/537 537/537/537 
f 537/537/537 557/557/557 537/537/537 
f 537/537/537 557/557/557 557/557/557 
f 557/557/557 558/558/558 557/557/557 
f 557/557/557 558/558/558 559/559/559 
f 558/558/558 560/560/560 559/559/559 
f 559/559/559 560/560/560 560/560/560 
f 560/560/560 559/559/559 560/560/560 
f 560/560/560 559/559/559 559/559/559 
f 559/559/559 561/561/561 559/559/559 
f 559/559/559 561/561/561 557/557/557 
f 561/561/561 561/561/561 557/557/557 
f 557/557/557 561/561/561 562/562/562 
f 561/561/561 563/563/563 562/562/562 
f 562/562/562 563/563/563 564/564/564 
f 563/563/563 565/565/565 564/564/564 
f 564/564/564 565/565/565 566/566/566 
f 565/565/565 567/567/567 566/566/566 
f 566/566/566 567/567/567 568/568/568 
f 567/567/567 567/567/567 568/568/568 
f 568/568/568 567/567/567 569/569/569 
f 567/567/567 570/570/570 569/569/569 
f 569/569/569 570/570/570 571/571/571 
f 570/570/570 572/572/572 571/571/571 
f 571/571/571 572/572/572 573/573/573 
f 572/572/572 574/574/574 573/573/573 
f 573/573/573 574/574/574 575/575/575 
f 574/574/574 576/576/576 575/575/575 
f 575/575/575 576/576/576 575/575/575 
f 576/576/576 577/577/577 575/575/575 
f 575/575/575 577/577/577 578/578/578 
f 577/577/577 578/578/578 578/578/578 
f 578/578/578 578/578/578 558/558/558 
f 578/578/578 558/558/558 558/558/558 
f 558/558/558 558/558/558 560/560/560 
f 558/558/558 579/579/579 560/560/560 
f 560/560/560 579/579/579 580/580/580 
f 579/579/579 581/581/581 580/580/580 
f 580/580/580 581/581/581 582/582/582 
f 581/581/581 583/583/583 582/582/582 
f 582/582/582 583/583/583 584/584/584 
f 583/583/583 584/584/584 584/584/584 
f 584/584/584 584/584/584 585/585/585 
f 584/584/584 585/585/585 585/585/585 
f 585/585/585 585/585/585 586/586/586 
f 585/585/585 587/587/587 586/586/586 
f 586/586/586 587/587/587 586/586/586 
f 587/587/587 588/588/588 586/586/586 
f 586/586/586 588/588/588 589/589/589 
f 588/588/588 590/590/590 589/589/589 
f 589/589/589 590/590/590 591/591/591 
f 590/590/590 592/592/592 591/591/591 
f 591/591/591 592/592/592 593/593/593 
f 592/592/592 594/594/594 593/593/593 
f 593/593/593 594/594/594 595/595/595 
f 594/594/594 596/596/596 595/595/595 
f 595/595/595 596/596/596 596/596/596 
f 596/596/596 587/587/587 596/596/596 
f 596/596/596 587/587/587 587/587/587 
f 587/587/587 585/585/585 587/587/587 
f 587/587/587 585/585/585 597/597/597 
f 585/585/585 598/598/598 597/597/597 
f 597/597/597 598/598/598 597/597/597 
f 598/598/598 599/599/599 597/597/597 
f 597/597/597 599/599/599 600/600/600 
f 599/599/599 601/601/601 600/600/600 
f 600/600/600 601/601/601 602/602/602 
f 601/601/601 603/603/603 602/602/602 
f 602/602/602 603/603/603 604/604/604 
f 603/603/603 605/605/605 604/604/604 
f 604/604/604 605/605/605 606/606/606 
f 605/605/605 607/607/607 606/606/606 
f 606/606/606 607/607/607 608/608/608 
f 607/607/607 609/609/609 608/608/608 
f 608/608/608 609/609/609 610/610/610 
f 609/609/609 611/611/611 610/610/610 
f 610/610/610 611/611/611 612/612/612 
f 611/611/611 612/612/612 612/612/612 
f 612/612/612 612/612/612 613/613/613 
f 612/612/612 613/613/613 613/613/613 
f 613/613/613 613/613/613 614/614/614 
f 613/613/613 615/615/615 614/614/614 
f 614/614/614 615/615/615 616/616/616 
f 615/615/615 617/617/617 616/616/616 
f 616/616/616 617/617/617 616/616/616 
f 617/617/617 618/618/618 616/616/616 
f 616/616/616 618/618/618 619/619/619 
f 618/618/618 618/618/618 619/619/619 
f 619/619/619 618/618/618 620/620/620 
f 618/618/618 621/621/621 620/620/620 
f 620/620/620 621/621/621 622/622/622 
f 621/621/621 623/623/623 622/622/622 
f 622/622/622 623/623/623 624/624/624 
f 623/623/623 625/625/625 624/624/624 
f 624/624/624 625/625/625 626/626/626 
f 625/625/625 627/627/627 626/626/626 
f 626/626/626 627/627/627 626/626/626 
f 627/627/627 628/628/628 626/626/626 
f 626/626/626 628/628/628 629/629/629 
f 628/628/628 630/630/630 629/629/629 
f 629/629/629 630/630/630 631/631/631 
f 630/630/630 630/630/630 631/631/631 
f 631/631/631 630/630/630 632/632/632 
f 630/630/630 633/633/633 632/632/632 
f 632/632/632 633/633/633 632/632/632 
f 633/633/633 634/634/634 632/632/632 
f 632/632/632 634/634/634 635/635/635 
f 634/634/634 636/636/636 635/635/635 
f 635/635/635 636/636/636 637/637/637 
f 636/636/636 638/638/638 637/637/637 
f 637/637/637 638/638/638 613/613/613 
f 638/638/638 615/615/615 613/613/613 
f 613/613/613 615/615/615 615/615/615 
f 615/615/615 639/639/639 615/615/615 
f 615/615/615 639/639/639 639/639/639 
f 639/639/639 640/640/640 639/639/639 
f 639/639/639 640/640/640 641/641/641 
f 640/640/640 642/642/642 641/641/641 
f 641/641/641 642/642/642 643/643/643 
f 642/642/642 644/644/644 643/643/643 
f 643/643/643 644/644/644 645/645/645 
f 644/644/644 646/646/646 645/645/645 
f 645/645/645 646/646/646 646/646/646 
f 646/646/646 639/639/639 646/646/646 
f 646/646/646 639/639/639 639/639/639 
f 639/639/639 647/647/647 639/639/639 
f 639/639/639 647/647/647 640/640/640 
f 647/647/647 647/647/647 640/640/640 
f 640/640/640 647/647/647 648/648/648 
f 647/647/647 647/647/647 648/648/648 
f 648/648/648 647/647/647 649/649/649 
f 647/647/647 650/650/650 649/649/649 
f 649/649/649 650/650/650 651/651/651 
f 650/650/650 652/652/652 651/651/651 
f 651/651/651 652/652/652 651/651/651 
f 652/652/652 653/653/653 651/651/651 
f 651/651/651 653/653/653 654/654/654 
f 653/653/653 655/655/655 654/654/654 
f 654/654/654 655/655/655 656/656/656 
f 655/655/655 657/657/657 656/656/656 
f 656/656/656 657/657/657 658/658/658 
f 657/657/657 659/659/659 658/658/658 
f 658/658/658 659/659/659 660/660/660 
f 659/659/659 659/659/659 660/660/660 
f 660/660/660 659/659/659 661/661/661 
f 659/659/659 662/662/662 661/661/661 
f 661/661/661 662/662/662 661/661/661 
f 662/662/662 663/663/663 661/661/661 
f 661/661/661 663/663/663 664/664/664 
f 663/663/663 663/663/663 664/664/664 
f 664/664/664 663/663/663 646/646/646 
f 663/663/663 645/645/645 646/646/646 
f 646/646/646 645/645/645 645/645/645 
f 645/645/645 665/665/665 645/645/645 
f 645/645/645 665/665/665 665/665/665 
f 665/665/665 666/666/666 665/665/665 
f 665/665/665 666/666/666 667/667/667 
f 666/666/666 666/666/666 667/667/667 
f 667/667/667 666/666/666 668/668/668 
f 666/666/666 669/669/669 668/668/668 
f 668/668/668 669/669/669 670/670/670 
f 669/669/669 671/671/671 670/670/670 
f 670/670/670 671/671/671 672/672/672 
f 671/671/671 673/673/673 672/672/672 
f 672/672/672 673/673/673 674/674/674 
f 673/673/673 675/675/675 674/674/674 
f 674/674/674 675/675/675 676/676/676 
f 675/675/675 677/677/677 676/676/676 
f 676/676/676 677/677/677 678/678/678 
f 677/677/677 679/679/679 678/678/678 
f 678/678/678 679/679/679 680/680/680 
f 679/679/679 681/681/681 680/680/680 
f 680/680/680 681/681/681 682/682/682 
f 681/681/681 681/681/681 682/682/682 
f 682/682/682 681/681/681 683/683/683 
f 681/681/681 684/684/684 683/683/683 
f 683/683/683 684/684/684 685/685/685 
f 684/684/684 686/686/686 685/685/685 
f 685/685/685 686/686/686 687/687/687 
f 686/686/686 688/688/688 687/687/687 
f 687/687/687 688/688/688 689/689/689 
f 688/688/688 690/690/690 689/689/689 
f 689/689/689 690/690/690 689/689/689 
f 690/690/690 691/691/691 689/689/689 
f 689/689/689 691/691/691 692/692/692 
f 691/691/691 692/692/692 692/692/692 
f 692/692/692 692/692/692 693/693/693 
f 692/692/692 693/693/693 693/693/693 
f 693/693/693 693/693/693 694/694/694 
f 693/693/693 695/695/695 694/694/694 
f 694/694/694 695/695/695 694/694/694 
f 695/695/695 696/696/696 694/694/694 
f 694/694/694 696/696/696 697/697/697 
f 696/696/696 698/698/698 697/697/697 
f 697/697/697 698/698/698 699/699/699 
f 698/698/698 700/700/700 699/699/699 
f 699/699/699 700/700/700 701/701/701 
f 700/700/700 702/702/702 701/701/701 
f 701/701/701 702/702/702 703/703/703 
f 702/702/702 704/704/704 703/703/703 
f 703/703/703 704/704/704 705/705/705 
f 704/704/704 704/704/704 705/705/705 
f 705/705/705 704/704/704 706/706/706 
f 704/704/704 707/707/707 706/706/706 
f 706/706/706 707/707/707 708/708/708 
f 707/707/707 709/709/709 708/708/708 
f 708/708/708 709/709/709 710/710/710 
f 709/709/709 711/711/711 710/710/710 
f 710/710/710 711/711/711 712/712/712 
f 711/711/711 713/713/713 712/712/712 
f 712/712/712 713/713/713 714/714/714 
f 713/713/713 715/715/715 714/714/714 
f 714/714/714 715/715/715 716/716/716 
f 715/715/715 717/717/717 716/716/716 
f 716/716/716 717/717/717 718/718/718 
f 717/717/717 719/719/719 718/718/718 
f 718/718/718 719/719/719 719/719/719 
f 719/719/719 695/695/695 719/719/719 
f 719/719/719 695/695/695 695/695/695 
f 695/695/695 693/693/693 695/695/695 
f 695/695/695 693/693/693 720/720/720 
f 693/693/693 720/720/720 720/720/720 
f 720/720/720 720/720/720 721/721/721 
f 720/720/720 721/721/721 721/721/721 
f 721/721/721 721/721/721 722/722/722 
f 721/721/721 723/723/723 722/722/722 
f 722/722/722 723/723/723 722/722/722 
f 723/723/723 724/724/724 722/722/722 
f 722/722/722 724/724/724 725/725/725 
f 724/724/724 726/726/726 725/725/725 
f 725/725/725 726/726/726 727/727/727 
f 726/726/726 728/728/728 727/727/727 
f 727/727/727 728/728/728 729/729/729 
f 728/728/728 730/730/730 729/729/729 
f 729/729/729 730/730/730 729/729/729 
f 730/730/730 731/731/731 729/729/729 
f 729/729/729 731/731/731 732/732/732 
f 731/731/731 731/731/731 732/732/732 
f 732/732/732 731/731/731 733/733/733 
f 731/731/731 734/734/734 733/733/733 
f 733/733/733 734/734/734 735/735/735 
f 734/734/734 736/736/736 735/735/735 
f 735/735/735 736/736/736 735/735/735 
f 736/736/736 737/737/737 735/735/735 
f 735/735/735 737/737/737 738/738/738 
f 737/737/737 739/739/739 738/738/738 
f 738/738/738 739/739/739 740/740/740 
f 739/739/739 741/741/741 740/740/740 
f 740/740/740 741/741/741 742/742/742 
f 741/741/741 743/743/743 742/742/742 
f 742/742/742 743/743/743 744/744/744 
f 743/743/743 743/743/743 744/744/744 
f 744/744/744 743/743/743 745/745/745 
f 743/743/743 746/746/746 745/745/745 
f 745/745/745 746/746/746 745/745/745 
f 746/746/746 723/723/723 745/745/745 
f 745/745/745 723/723/723 721/721/721 
f 723/723/723 721/721/721 721/721/721 
f 721/721/721 721/721/721 747/747/747 
f 721/721/721 747/747/747 747/747/747 
f 747/747/747 747/747/747 748/748/748 
f 747/747/747 749/749/749 748/748/748 
f 748/748/748 749/749/749 750/750/750 
f 749/749/749 751/751/751 750/750/750 
f 750/750/750 751/751/751 752/752/752 
f 751/751/751 753/753/753 752/752/752 
f 752/752/752 753/753/753 754/754/754 
f 753/753/753 754/754/754 754/754/754 
f 754/754/754 754/754/754 747/747/747 
f 754/754/754 747/747/747 747/747/747 
f 747/747/747 747/747/747 755/755/755 
f 747/747/747 748/748/748 755/755/755 
f 755/755/755 748/748/748 755/755/755 
f 748/748/748 756/756/756 755/755/755 
f 755/755/755 756/756/756 755/755/755 
f 756/756/756 757/757/757 755/755/755 
f 755/755/755 757/757/757 758/758/758 
f 757/757/757 759/759/759 758/758/758 
f 758/758/758 759/759/759 760/760/760 
f 759/759/759 759/759/759 760/760/760 
f 760/760/760 759/759/759 761/761/761 
f 759/759/759 762/762/762 761/761/761 
f 761/761/761 762/762/762 763/763/763 
f 762/762/762 764/764/764 763/763/763 
f 763/763/763 764/764/764 765/765/765 
f 764/764/764 766/766/766 765/765/765 
f 765/765/765 766/766/766 767/767/767 
f 766/766/766 768/768/768 767/767/767 
f 767/767/767 768/768/768 767/767/767 
f 768/768/768 769/769/769 767/767/767 
f 767/767/767 769/769/769 770/770/770 
f 769/769/769 769/769/769 770/770/770 
f 770/770/770 769/769/769 771/771/771 
f 769/769/769 772/772/772 771/771/771 
f 771/771/771 772/772/772 771/771/771 
f 772/772/772 754/754/754 771/771/771 
f 771/771/771 754/754/754 753/753/753 
f 754/754/754 753/753/753 753/753/753 
f 753/753/753 753/753/753 773/773/773 
f 753/753/753 773/773/773 773/773/773 
f 773/773/773 773/773/773 774/774/774 
f 773/773/773 775/775/775 774/774/774 
f 774/774/774 775/775/775 776/776/776 
f 775/775/775 776/776/776 776/776/776 
f 776/776/776 776/776/776 775/775/775 
f 776/776/776 775/775/775 775/775/775 
f 775/775/775 775/775/775 777/777/777 
f 775/775/775 773/773/773 777/777/777 
f 777/777/777 773/773/773 777/777/777 
f 773/773/773 778/778/778 777/777/777 
f 777/777/777 778/778/778 779/779/779 
f 778/778/778 780/780/780 779/779/779 
f 779/779/779 780/780/780 781/781/781 
f 780/780/780 782/782/782 781/781/781 
f 781/781/781 782/782/782 783/783/783 
f 782/782/782 784/784/784 783/783/783 
f 783/783/783 784/784/784 783/783/783 
f 784/784/784 785/785/785 783/783/783 
f 783/783/783 785/785/785 786/786/786 
f 785/785/785 787/787/787 786/786/786 
f 786/786/786 787/787/787 788/788/788 
f 787/787/787 789/789/789 788/788/788 
f 788/788/788 789/789/789 790/790/790 
f 789/789/789 791/791/791 790/790/790 
f 790/790/790 791/791/791 792/792/792 
f 791/791/791 791/791/791 792/792/792 
f 792/792/792 791/791/791 793/793/793 
f 791/791/791 794/794/794 793/793/793 
f 793/793/793 794/794/794 794/794/794 
f 794/794/794 774/774/774 794/794/794 
f 794/794/794 774/774/774 774/774/774 
f 774/774/774 776/776/776 774/774/774 
f 774/774/774 776/776/776 795/795/795 
f 776/776/776 796/796/796 795/795/795 
f 795/795/795 796/796/796 797/797/797 
f 796/796/796 798/798/798 797/797/797 
f 797/797/797 798/798/798 799/799/799 
f 798/798/798 800/800/800 799/799/799 
f 799/799/799 800/800/800 800/800/800 
f 800/800/800 801/801/801 800/800/800 
f 800/800/800 801/801/801 801/801/801 
f 801/801/801 802/802/802 801/801/801 
f 801/801/801 802/802/802 803/803/803 
f 802/802/802 802/802/802 803/803/803 
f 803/803/803 802/802/802 804/804/804 
f 802/802/802 805/805/805 804/804/804 
f 804/804/804 805/805/805 806/806/806 
f 805/805/805 807/807/807 806/806/806 
f 806/806/806 807/807/807 808/808/808 
f 807/807/807 809/809/809 808/808/808 
f 808/808/808 809/809/809 810/810/810 
f 809/809/809 811/811/811 810/810/810 
f 810/810/810 811/811/811 812/812/812 
f 811/811/811 812/812/812 812/812/812 
f 812/812/812 812/812/812 803/803/803 
f 812/812/812 803/803/803 803/803/803 
f 803/803/803 803/803/803 801/801/801 
f 803/803/803 813/813/813 801/801/801 
f 801/801/801 813/813/813 814/814/814 
f 813/813/813 813/813/813 814/814/814 
f 814/814/814 813/813/813 815/815/815 
f 813/813/813 816/816/816 815/815/815 
f 815/815/815 816/816/816 817/817/817 
f 816/816/816 818/818/818 817/817/817 
f 817/817/817 818/818/818 819/819/819 
f 818/818/818 820/820/820 819/819/819 
f 819/819/819 820/820/820 821/821/821 
f 820/820/820 822/822/822 821/821/821 
f 821/821/821 822/822/822 823/823/823 
f 822/822/822 824/824/824 823/823/823 
f 823/823/823 824/824/824 825/825/825 
f 824/824/824 826/826/826 825/825/825 
f 825/825/825 826/826/826 827/827/827 
f 826/826/826 828/828/828 827/827/827 
f 827/827/827 828/828/828 828/828/828 
f 828/828/828 829/829/829 828/828/828 
f 828/828/828 829/829/829 829/829/829 
f 829/829/829 830/830/830 829/829/829 
f 829/829/829 830/830/830 831/831/831 
f 830/830/830 832/832/832 831/831/831 
f 831/831/831 832/832/832 833/833/833 
f 832/832/832 834/834/834 833/833/833 
f 833/833/833 834/834/834 835/835/835 
f 834/834/834 836/836/836 835/835/835 
f 835/835/835 836/836/836 837/837/837 
f 836/836/836 838/838/838 837/837/837 
f 837/837/837 838/838/838 837/837/837 
f 838/838/838 839/839/839 837/837/837 
f 837/837/837 839/839/839 840/840/840 
f 839/839/839 839/839/839 840/840/840 
f 840/840/840 839/839/839 841/841/841 
f 839/839/839 842/842/842 841/841/841 
f 841/841/841 842/842/842 843/843/843 
f 842/842/842 844/844/844 843/843/843 
f 843/843/843 844/844/844 843/843/843 
f 844/844/844 845/845/845 843/843/843 
f 843/843/843 845/845/845 846/846/846 
f 845/845/845 847/847/847 846/846/846 
f 846/846/846 847/847/847 848/848/848 
f 847/847/847 849/849/849 848/848/848 
f 848/848/848 849/849/849 850/850/850 
f 849/849/849 851/851/851 850/850/850 
f 850/850/850 851/851/851 852/852/852 
f 851/851/851 851/851/851 852/852/852 
f 852/852/852 851/851/851 853/853/853 
f 851/851/851 854/854/854 853/853/853 
f 853/853/853 854/854/854 853/853/853 
f 854/854/854 830/830/830 853/853/853 
f 853/853/853 830/830/830 829/829/829 
f 830/830/830 829/829/829 829/829/829 
f 829/829/829 829/829/829 855/855/855 
f 829/829/829 855/855/855 855/855/855 
f 855/855/855 855/855/855 856/856/856 
f 855/855/855 857/857/857 856/856/856 
f 856/856/856 857/857/857 858/858/858 
f 857/857/857 859/859/859 858/858/858 
f 858/858/858 859/859/859 860/860/860 
f 859/859/859 861/861/861 860/860/860 
f 860/860/860 861/861/861 862/862/862 
f 861/861/861 862/862/862 862/862/862 
f 862/862/862 862/862/862 855/855/855 
f 862/862/862 855/855/855 855/855/855 
f 855/855/855 855/855/855 863/863/863 
f 855/855/855 856/856/856 863/863/863 
f 863/863/863 856/856/856 863/863/863 
f 856/856/856 864/864/864 863/863/863 
f 863/863/863 864/864/864 863/863/863 
f 864/864/864 865/865/865 863/863/863 
f 863/863/863 865/865/865 866/866/866 
f 865/865/865 867/867/867 866/866/866 
f 866/866/866 867/867/867 868/868/868 
f 867/867/867 867/867/867 868/868/868 
f 868/868/868 867/867/867 869/869/869 
f 867/867/867 870/870/870 869/869/869 
f 869/869/869 870/870/870 871/871/871 
f 870/870/870 872/872/872 871/871/871 
f 871/871/871 872/872/872 873/873/873 
f 872/872/872 874/874/874 873/873/873 
f 873/873/873 874/874/874 875/875/875 
f 874/874/874 876/876/876 875/875/875 
f 875/875/875 876/876/876 875/875/875 
f 876/876/876 877/877/877 875/875/875 
f 875/875/875 877/877/877 878/878/878 
f 877/877/877 877/877/877 878/878/878 
f 878/878/878 877/877/877 879/879/879 
f 877/877/877 880/880/880 879/879/879 
f 879/879/879 880/880/880 879/879/879 
f 880/880/880 862/862/862 879/879/879 
f 879/879/879 862/862/862 861/861/861 
f 862/862/862 861/861/861 861/861/861 
f 861/861/861 861/861/861 881/881/881 
f 861/861/861 881/881/881 881/881/881 
f 881/881/881 881/881/881 882/882/882 
f 881/881/881 883/883/883 882/882/882 
f 882/882/882 883/883/883 884/884/884 
f 883/883/883 885/885/885 884/884/884 
f 884/884/884 885/885/885 886/886/886 
f 885/885/885 887/887/887 886/886/886 
f 886/886/886 887/887/887 888/888/888 
f 887/887/887 889/889/889 888/888/888 
f 888/888/888 889/889/889 890/890/890 
f 889/889/889 891/891/891 890/890/890 
f 890/890/890 891/891/891 890/890/890 
f 891/891/891 892/892/892 890/890/890 
f 890/890/890 892/892/892 893/893/893 
f 892/892/892 894/894/894 893/893/893 
f 893/893/893 894/894/894 895/895/895 
f 894/894/894 896/896/896 895/895/895 
f 895/895/895 896/896/896 897/897/897 
f 896/896/896 898/898/898 897/897/897 
f 897/897/897 898/898/898 899/899/899 
f 898/898/898 898/898/898 899/899/899 
f 899/899/899 898/898/898 900/900/900 
f 898/898/898 901/901/901 900/900/900 
f 900/900/900 901/901/901 901/901/901 
f 901/901/901 882/882/882 901/901/901 
f 901/901/901 882/882/882 882/882/882 
f 882/882/882 902/902/902 882/882/882 
f 882/882/882 902/902/902 881/881/881 
f 902/902/902 902/902/902 881/881/881 
f 881/881/881 902/902/902 903/903/903 
f 902/902/902 904/904/904 903/903/903 
f 903/903/903 904/904/904 905/905/905 
f 904/904/904 906/906/906 905/905/905 
f 905/905/905 906/906/906 907/907/907 
f 906/906/906 908/908/908 907/907/907 
f 907/907/907 908/908/908 908/908/908 
f 908/908/908 909/909/909 908/908/908 
f 908/908/908 909/909/909 909/909/909 
f 909/909/909 910/910/910 909/909/909 
f 909/909/909 910/910/910 911/911/911 
f 910/910/910 912/912/912 911/911/911 
f 911/911/911 912/912/912 913/913/913 
f 912/912/912 914/914/914 913/913/913 
f 913/913/913 914/914/914 915/915/915 
f 914/914/914 916/916/916 915/915/915 
f 915/915/915 916/916/916 917/917/917 
f 916/916/916 918/918/918 917/917/917 
f 917/917/917 918/918/918 919/919/919 
f 918/918/918 920/920/920 919/919/919 
f 919/919/919 920/920/920 920/920/920 
f 920/920/920 910/910/910 920/920/920 
f 920/920/920 910/910/910 910/910/910 
f 910/910/910 909/909/909 910/910/910 
f 910/910/910 909/909/909 921/921/921 
f 909/909/909 922/922/922 921/921/921 
f 921/921/921 922/922/922 921/921/921 
f 922/922/922 923/923/923 921/921/921 
f 921/921/921 923/923/923 924/924/924 
f 923/923/923 925/925/925 924/924/924 
f 924/924/924 925/925/925 926/926/926 
f 925/925/925 927/927/927 926/926/926 
f 926/926/926 927/927/927 928/928/928 
f 927/927/927 929/929/929 928/928/928 
f 928/928/928 929/929/929 930/930/930 
f 929/929/929 931/931/931 930/930/930 
f 930/930/930 931/931/931 932/932/932 
f 931/931/931 933/933/933 932/932/932 
f 932/932/932 933/933/933 934/934/934 
f 933/933/933 935/935/935 934/934/934 
f 934/934/934 935/935/935 936/936/936 
f 935/935/935 936/936/936 936/936/936 
f 936/936/936 936/936/936 937/937/937 
f 936/936/936 937/937/937 937/937/937 
f 937/937/937 937/937/937 938/938/938 
f 937/937/937 939/939/939 938/938/938 
f 938/938/938 939/939/939 940/940/940 
f 939/939/939 941/941/941 940/940/940 
f 940/940/940 941/941/941 942/942/942 
f 941/941/941 943/943/943 942/942/942 
f 942/942/942 943/943/943 944/944/944 
f 943/943/943 945/945/945 944/944/944 
f 944/944/944 945/945/945 946/946/946 
f 945/945/945 945/945/945 946/946/946 
f 946/946/946 945/945/945 947/947/947 
f 945/945/945 948/948/948 947/947/947 
f 947/947/947 948/948/948 947/947/947 
f 948/948/948 949/949/949 947/947/947 
f 947/947/947 949/949/949 950/950/950 
f 949/949/949 951/951/951 950/950/950 
f 950/950/950 951/951/951 952/952/952 
f 951/951/951 951/951/951 952/952/952 
f 952/952/952 951/951/951 953/953/953 
f 951/951/951 954/954/954 953/953/953 
f 953/953/953 954/954/954 955/955/955 
f 954/954/954 956/956/956 955/955/955 
f 955/955/955 956/956/956 957/957/957 
f 956/956/956 958/958/958 957/957/957 
f 957/957/957 958/958/958 959/959/959 
f 958/958/958 960/960/960 959/959/959 
f 959/959/959 960/960/960 959/959/959 
f 960/960/960 961/961/961 959/959/959 
f 959/959/959 961/961/961 962/962/962 
f 961/961/961 961/961/961 962/962/962 
f 962/962/962 961/961/961 938/938/938 
f 961/961/961 937/937/937 938/938/938 
f 938/938/938 937/937/937 937/937/937 
f 937/937/937 963/963/963 937/937/937 
f 937/937/937 963/963/963 963/963/963 
f 963/963/963 964/964/964 963/963/963 
f 963/963/963 964/964/964 965/965/965 
f 964/964/964 966/966/966 965/965/965 
f 965/965/965 966/966/966 967/967/967 
f 966/966/966 968/968/968 967/967/967 
f 967/967/967 968/968/968 969/969/969 
f 968/968/968 969/969/969 969/969/969 
f 969/969/969 969/969/969 963/963/963 
f 969/969/969 963/963/963 963/963/963 
f 963/963/963 963/963/963 964/964/964 
f 963/963/963 970/970/970 964/964/964 
f 964/964/964 970/970/970 971/971/971 
f 970/970/970 970/970/970 971/971/971 
f 971/971/971 970/970/970 972/972/972 
f 970/970/970 973/973/973 972/972/972 
f 972/972/972 973/973/973 972/972/972 
f 973/973/973 974/974/974 972/972/972 
f 972/972/972 974/974/974 975/975/975 
f 974/974/974 976/976/976 975/975/975 
f 975/975/975 976/976/976 977/977/977 
f 976/976/976 978/978/978 977/977/977 
f 977/977/977 978/978/978 979/979/979 
f 978/978/978 980/980/980 979/979/979 
f 979/979/979 980/980/980 981/981/981 
f 980/980/980 980/980/980 981/981/981 
f 981/981/981 980/980/980 982/982/982 
f 980/980/980 983/983/983 982/982/982 
f 982/982/982 983/983/983 984/984/984 
f 983/983/983 985/985/985 984/984/984 
f 984/984/984 985/985/985 984/984/984 
f 985/985/985 986/986/986 984/984/984 
f 984/984/984 986/986/986 987/987/987 
f 986/986/986 986/986/986 987/987/987 
f 987/987/987 986/986/986 988/988/988 
f 986/986/986 969/969/969 988/988/988 
f 988/988/988 969/969/969 968/968/968 
f 969/969/969 968/968/968 968/968/968 
f 968/968/968 968/968/968 989/989/989 
f 968/968/968 989/989/989 989/989/989 
f 989/989/989 989/989/989 990/990/990 
f 989/989/989 991/991/991 990/990/990 
f 990/990/990 991/991/991 990/990/990 
f 991/991/991 992/992/992 990/990/990 
f 990/990/990 992/992/992 993/993/993 
f 992/992/992 994/994/994 993/993/993 
f 993/993/993 994/994/994 995/995/995 
f 994/994/994 996/996/996 995/995/995 
f 995/995/995 996/996/996 997/997/997 
f 996/996/996 998/998/998 997/997/997 
f 997/997/997 998/998/998 999/999/999 
f 998/998/998 1000/1000/1000 999/999/999 
f 999/999/999 1000/1000/1000 1001/1001/1001 
f 1000/1000/1000 1002/1002/1002 1001/1001/1001 
f 1001/1001/1001 1002/1002/1002 1003/1003/1003 
f 1002/1002/1002 1004/1004/1004 1003/1003/1003 
f 1003/1003/1003 1004/1004/1004 1005/1005/1005 
f 1004/1004/1004 1004/1004/1004 1005/1005/1005 
f 1005/1005/1005 1004/1004/1004 1006/1006/1006 
f 1004/1004/1004 1007/1007/1007 1006/1006/1006 
f 1006/1006/1006 1007/1007/1007 1008/1008/1008 
f 1007/1007/1007 1009/1009/1009 1008/1008/1008 
f 1008/1008/1008 1009/1009/1009 1010/1010/1010 
f 1009/1009/1009 1011/1011/1011 1010/1010/1010 
f 1010/1010/1010 1011/1011/1011 1012/1012/1012 
f 1011/1011/1011 1013/1013/1013 1012/1012/1012 
f 1012/1012/1012 1013/1013/1013 1014/1014/1014 
f 1013/1013/1013 1015/1015/1015 1014/1014/1014 
f 1014/1014/1014 1015/1015/1015 1015/1015/1015 
f 1015/1015/1015 991/991/991 1015/1015/1015 
f 1015/1015/1015 991/991/991 991/991/991 
f 991/991/991 989/989/989 991/991/991 
f 991/991/991 989/989/989 1016/1016/1016 

